[{"blockchain": "ETH", "sender": {"address": "0xf5b9d00f6184954d6e725215d9cab5f5698e8bb3", "ens": null, "is_whale": false, "blockchain": "ETH", "is_contract": false, "is_blue_chip_holder": false, "is_super_blue_chip_holder": false, "is_multi_sign_wallet": false, "das": null, "alias": null}, "receiver": {"address": "0x8177e9fa379b85e01b2b30140ddc446b9875106a", "ens": null, "is_whale": false, "blockchain": "ETH", "is_contract": true, "is_blue_chip_holder": false, "is_super_blue_chip_holder": false, "is_multi_sign_wallet": false, "das": null, "alias": null}, "event": "transfer", "quantity": 1, "tx_hash": "0x81fdc6c0038d09cef514b7022d91e91ae375a1fcd130bbf1162809655cd15bba", "time": 1711794299, "nft": {"contract_address": "0xc274a97f1691ef390f662067e95a6eff1f99b504", "token_id": "6447", "name": "TinFun #6447", "blockchain": "ETH", "image": "https://lh3.googleusercontent.com/rc4nWI2XRL5pz_ZmDBMZ1PErHj7JqVSuoMaKn93QV7Xb08Orpcnws4ZwS8HiOgabc1QiDvvQhA0LwveEYT5C-xSeLmbwr5SAWjo", "contract_type": "ERC721"}, "collection": {"collection_id": "65a13036c284b18008bd25b7", "name": "TinFun", "logo": "https://i.seadn.io/s/raw/files/a531bedf317b5ffe5a35d559b5c94cd9.jpg?w=500&auto=format", "slug": "tin-fun"}, "gas_fee": {"value": 0.0158, "raw_value": 15800000000000002, "usd": 55.4405, "payment_token": {"address": "0x0000000000000000000000000000000000000000", "symbol": "ETH", "decimals": 18}}, "price": null, "marketplace_path": [], "fees": [], "trait_offer_target": null}, {"blockchain": "ETH", "sender": {"address": "0xdc508483957b2657487711f3e1f19894bac58154", "ens": null, "is_whale": false, "blockchain": "ETH", "is_contract": false, "is_blue_chip_holder": false, "is_super_blue_chip_holder": false, "is_multi_sign_wallet": false, "das": null, "alias": null}, "receiver": {"address": "0xf5b9d00f6184954d6e725215d9cab5f5698e8bb3", "ens": null, "is_whale": false, "blockchain": "ETH", "is_contract": false, "is_blue_chip_holder": false, "is_super_blue_chip_holder": false, "is_multi_sign_wallet": false, "das": null, "alias": null}, "event": "sale", "quantity": 1, "tx_hash": "0xaad0e8e4b021ab13bc51ae3c41bea81759db668c02df6ec8fb5de2732f5ab320", "time": 1709018699, "nft": {"contract_address": "0xc274a97f1691ef390f662067e95a6eff1f99b504", "token_id": "6447", "name": "TinFun #6447", "blockchain": "ETH", "image": "https://lh3.googleusercontent.com/rc4nWI2XRL5pz_ZmDBMZ1PErHj7JqVSuoMaKn93QV7Xb08Orpcnws4ZwS8HiOgabc1QiDvvQhA0LwveEYT5C-xSeLmbwr5SAWjo", "contract_type": "ERC721"}, "collection": {"collection_id": "65a13036c284b18008bd25b7", "name": "TinFun", "logo": "https://i.seadn.io/s/raw/files/a531bedf317b5ffe5a35d559b5c94cd9.jpg?w=500&auto=format", "slug": "tin-fun"}, "gas_fee": {"value": 0.0127, "raw_value": 12700000000000000, "usd": 41.18, "payment_token": {"address": "0x0000000000000000000000000000000000000000", "symbol": "ETH", "decimals": 18}}, "price": {"value": 0.31, "raw_value": 310000000000000000, "usd": 1002.0833478935433, "payment_token": {"address": "0x0000000000000000000000000000000000000000", "symbol": "ETH", "decimals": 18}}, "marketplace_path": ["blur"], "fees": [{"fee_type": "royalty", "recipient": "0x6650dc11f439f14d4dfbea75233bd9b0099a0647", "bps": 50, "price": {"value": 0.00155, "raw_value": 1550000000000000, "usd": 4.978385, "payment_token": {"address": "0x0000000000a39bb272e79075ade125fd351887ac", "symbol": "BETH", "decimals": 18}}}], "trait_offer_target": null}, {"blockchain": "ETH", "sender": {"address": "0x1bf0573ad88305e6d1615a3ccaf65181cdfa8a20", "ens": null, "is_whale": false, "blockchain": "ETH", "is_contract": false, "is_blue_chip_holder": false, "is_super_blue_chip_holder": false, "is_multi_sign_wallet": false, "das": null, "alias": null}, "receiver": {"address": "0xdc508483957b2657487711f3e1f19894bac58154", "ens": null, "is_whale": false, "blockchain": "ETH", "is_contract": false, "is_blue_chip_holder": false, "is_super_blue_chip_holder": false, "is_multi_sign_wallet": false, "das": null, "alias": null}, "event": "sale", "quantity": 1, "tx_hash": "0xe47429acfff6888c8b11a04ca72e5d2cfb3365b88b848ce575dfd96458a05f13", "time": 1708974383, "nft": {"contract_address": "0xc274a97f1691ef390f662067e95a6eff1f99b504", "token_id": "6447", "name": "TinFun #6447", "blockchain": "ETH", "image": "https://lh3.googleusercontent.com/rc4nWI2XRL5pz_ZmDBMZ1PErHj7JqVSuoMaKn93QV7Xb08Orpcnws4ZwS8HiOgabc1QiDvvQhA0LwveEYT5C-xSeLmbwr5SAWjo", "contract_type": "ERC721"}, "collection": {"collection_id": "65a13036c284b18008bd25b7", "name": "TinFun", "logo": "https://i.seadn.io/s/raw/files/a531bedf317b5ffe5a35d559b5c94cd9.jpg?w=500&auto=format", "slug": "tin-fun"}, "gas_fee": {"value": 0.0394, "raw_value": 39400000000000000, "usd": 123.677, "payment_token": {"address": "0x0000000000000000000000000000000000000000", "symbol": "ETH", "decimals": 18}}, "price": {"value": 0.3, "raw_value": 300000000000000000, "usd": 941.3743113179108, "payment_token": {"address": "0x0000000000000000000000000000000000000000", "symbol": "ETH", "decimals": 18}}, "marketplace_path": ["blur-aggregator", "blur"], "fees": [{"fee_type": "royalty", "recipient": "0x6650dc11f439f14d4dfbea75233bd9b0099a0647", "bps": 500, "price": {"value": 0.015, "raw_value": 15000000000000000, "usd": 47.31752, "payment_token": {"address": "0x0000000000000000000000000000000000000000", "symbol": "ETH", "decimals": 18}}}], "trait_offer_target": null}, {"blockchain": "ETH", "sender": {"address": "0x21f5b2caf945c3c1571c606c1f101462903f0cb1", "ens": "necro0.eth", "is_whale": false, "blockchain": "ETH", "is_contract": false, "is_blue_chip_holder": false, "is_super_blue_chip_holder": false, "is_multi_sign_wallet": false, "das": null, "alias": "necro0.eth"}, "receiver": {"address": "0x1bf0573ad88305e6d1615a3ccaf65181cdfa8a20", "ens": null, "is_whale": false, "blockchain": "ETH", "is_contract": false, "is_blue_chip_holder": false, "is_super_blue_chip_holder": false, "is_multi_sign_wallet": false, "das": null, "alias": null}, "event": "sale", "quantity": 1, "tx_hash": "0x6189f21bf3e1c09b44d0ccf5043a3b8c3bfb308f4751397fe17b808655a888f6", "time": 1708926119, "nft": {"contract_address": "0xc274a97f1691ef390f662067e95a6eff1f99b504", "token_id": "6447", "name": "TinFun #6447", "blockchain": "ETH", "image": "https://lh3.googleusercontent.com/rc4nWI2XRL5pz_ZmDBMZ1PErHj7JqVSuoMaKn93QV7Xb08Orpcnws4ZwS8HiOgabc1QiDvvQhA0LwveEYT5C-xSeLmbwr5SAWjo", "contract_type": "ERC721"}, "collection": {"collection_id": "65a13036c284b18008bd25b7", "name": "TinFun", "logo": "https://i.seadn.io/s/raw/files/a531bedf317b5ffe5a35d559b5c94cd9.jpg?w=500&auto=format", "slug": "tin-fun"}, "gas_fee": {"value": 0.0113, "raw_value": 11300000000000000, "usd": 35.2078, "payment_token": {"address": "0x0000000000000000000000000000000000000000", "symbol": "ETH", "decimals": 18}}, "price": {"value": 0.28, "raw_value": 280000000000000000, "usd": 868.9837340722177, "payment_token": {"address": "0x0000000000000000000000000000000000000000", "symbol": "ETH", "decimals": 18}}, "marketplace_path": ["blur"], "fees": [{"fee_type": "royalty", "recipient": "0x6650dc11f439f14d4dfbea75233bd9b0099a0647", "bps": 50, "price": {"value": 0.0014, "raw_value": 1400000000000000, "usd": 4.331537, "payment_token": {"address": "0x0000000000a39bb272e79075ade125fd351887ac", "symbol": "BETH", "decimals": 18}}}], "trait_offer_target": null}, {"blockchain": "ETH", "sender": {"address": "0x17c5a2eda3382949ea50d4e8f03a087d66105f68", "ens": null, "is_whale": false, "blockchain": "ETH", "is_contract": false, "is_blue_chip_holder": false, "is_super_blue_chip_holder": false, "is_multi_sign_wallet": false, "das": null, "alias": null}, "receiver": {"address": "0x21f5b2caf945c3c1571c606c1f101462903f0cb1", "ens": "necro0.eth", "is_whale": false, "blockchain": "ETH", "is_contract": false, "is_blue_chip_holder": false, "is_super_blue_chip_holder": false, "is_multi_sign_wallet": false, "das": null, "alias": "necro0.eth"}, "event": "transfer", "quantity": 1, "tx_hash": "0xeaead07abb9d9aef6fbda76d190ae05a9f8440d8484d17afd6f588615302b505", "time": 1705132235, "nft": {"contract_address": "0xc274a97f1691ef390f662067e95a6eff1f99b504", "token_id": "6447", "name": "TinFun #6447", "blockchain": "ETH", "image": "https://lh3.googleusercontent.com/rc4nWI2XRL5pz_ZmDBMZ1PErHj7JqVSuoMaKn93QV7Xb08Orpcnws4ZwS8HiOgabc1QiDvvQhA0LwveEYT5C-xSeLmbwr5SAWjo", "contract_type": "ERC721"}, "collection": {"collection_id": "65a13036c284b18008bd25b7", "name": "TinFun", "logo": "https://i.seadn.io/s/raw/files/a531bedf317b5ffe5a35d559b5c94cd9.jpg?w=500&auto=format", "slug": "tin-fun"}, "gas_fee": {"value": 0.0009, "raw_value": 900000000000000, "usd": 2.2718, "payment_token": {"address": "0x0000000000000000000000000000000000000000", "symbol": "ETH", "decimals": 18}}, "price": null, "marketplace_path": [], "fees": [], "trait_offer_target": null}]