[{"blockchain": "ETH", "sender": {"address": "0x0a4a562e1d786dba307c1c0cb7cccc3383915118", "ens": null, "is_whale": false, "blockchain": "ETH", "is_contract": false, "is_blue_chip_holder": false, "is_super_blue_chip_holder": false, "is_multi_sign_wallet": false, "das": null, "alias": null}, "receiver": {"address": "0x9c4c6f8587be241cb0aad903578c0d5d3146fb53", "ens": null, "is_whale": false, "blockchain": "ETH", "is_contract": false, "is_blue_chip_holder": false, "is_super_blue_chip_holder": false, "is_multi_sign_wallet": false, "das": null, "alias": null}, "event": "sale", "quantity": 1, "tx_hash": "0x70071f4b1e2e8a509448e240517ed477c470ecda394b8abeec0fc9d66c3692c6", "time": 1705076171, "nft": {"contract_address": "0xc274a97f1691ef390f662067e95a6eff1f99b504", "token_id": "7779", "name": "TinFun #7779", "blockchain": "ETH", "image": "https://lh3.googleusercontent.com/l5BHviparABazuvlOycTrDOT4ApgMneOrUXyr_XsW6YeN-6LgiMLBUKIkhw8OvCFLhLcpQBsHJGQa6KxlPwZKWAcYTKAFsL1iIU", "contract_type": "ERC721"}, "collection": {"collection_id": "65a13036c284b18008bd25b7", "name": "TinFun", "logo": "https://i.seadn.io/s/raw/files/a531bedf317b5ffe5a35d559b5c94cd9.jpg?w=500&auto=format", "slug": "tin-fun"}, "gas_fee": {"value": 0.016, "raw_value": 16000000000000000, "usd": 42.2123, "payment_token": {"address": "0x0000000000000000000000000000000000000000", "symbol": "ETH", "decimals": 18}}, "price": {"value": 0.88, "raw_value": 880000000000000000, "usd": 2328.879671269916, "payment_token": {"address": "0x0000000000000000000000000000000000000000", "symbol": "ETH", "decimals": 18}}, "marketplace_path": ["blur-aggregator", "opensea"], "fees": [{"fee_type": "marketplace", "recipient": "0x0000a26b00c1f0df003000390027140000faa719", "bps": 50, "price": {"value": 0.0044, "raw_value": 4400000000000000, "usd": 11.764116, "payment_token": {"address": "0x0000000000000000000000000000000000000000", "symbol": "ETH", "decimals": 18}}}], "trait_offer_target": null}, {"blockchain": "ETH", "sender": {"address": "0x3eb879cc9a0ef4c6f1d870a40ae187768c278da2", "ens": "floorprotocol.eth", "is_whale": false, "blockchain": "ETH", "is_contract": true, "is_blue_chip_holder": true, "is_super_blue_chip_holder": true, "is_multi_sign_wallet": false, "das": null, "alias": "floorprotocol.eth"}, "receiver": {"address": "0x0a4a562e1d786dba307c1c0cb7cccc3383915118", "ens": null, "is_whale": false, "blockchain": "ETH", "is_contract": false, "is_blue_chip_holder": false, "is_super_blue_chip_holder": true, "is_multi_sign_wallet": false, "das": null, "alias": null}, "event": "sale", "quantity": 1, "tx_hash": "0xe197606e77747d3aa4e26155ec8d65828f3761bd9049e84483e5a2963444e20d", "time": 1705076015, "nft": {"contract_address": "0xc274a97f1691ef390f662067e95a6eff1f99b504", "token_id": "7779", "name": "TinFun #7779", "blockchain": "ETH", "image": "https://lh3.googleusercontent.com/l5BHviparABazuvlOycTrDOT4ApgMneOrUXyr_XsW6YeN-6LgiMLBUKIkhw8OvCFLhLcpQBsHJGQa6KxlPwZKWAcYTKAFsL1iIU", "contract_type": "ERC721"}, "collection": {"collection_id": "65a13036c284b18008bd25b7", "name": "TinFun", "logo": "https://i.seadn.io/s/raw/files/a531bedf317b5ffe5a35d559b5c94cd9.jpg?w=500&auto=format", "slug": "tin-fun"}, "gas_fee": {"value": 0.0145, "raw_value": 14500000000000000, "usd": 38.4499, "payment_token": {"address": "0x0000000000000000000000000000000000000000", "symbol": "ETH", "decimals": 18}}, "price": {"value": 0.8572118138801356, "raw_value": 857211813880135550, "usd": 2279.9874822665142, "payment_token": {"address": "0xc02aaa39b223fe8d0a0e5c4f27ead9083c756cc2", "symbol": "WETH", "decimals": 18}}, "marketplace_path": ["floor"], "fees": [], "trait_offer_target": null}, {"blockchain": "ETH", "sender": {"address": "0x66666f58de1bcd762a5e5c5aff9cc3c906d66666", "ens": null, "is_whale": true, "blockchain": "ETH", "is_contract": false, "is_blue_chip_holder": true, "is_super_blue_chip_holder": true, "is_multi_sign_wallet": false, "das": null, "alias": null}, "receiver": {"address": "0x3eb879cc9a0ef4c6f1d870a40ae187768c278da2", "ens": "floorprotocol.eth", "is_whale": false, "blockchain": "ETH", "is_contract": true, "is_blue_chip_holder": true, "is_super_blue_chip_holder": true, "is_multi_sign_wallet": false, "das": null, "alias": "floorprotocol.eth"}, "event": "transfer", "quantity": 1, "tx_hash": "0xa35e940c2de9a85897e45d13a7f3c9d42c9871a503fabac02fd340fb47ba7b70", "time": 1705071095, "nft": {"contract_address": "0xc274a97f1691ef390f662067e95a6eff1f99b504", "token_id": "7779", "name": "TinFun #7779", "blockchain": "ETH", "image": "https://lh3.googleusercontent.com/l5BHviparABazuvlOycTrDOT4ApgMneOrUXyr_XsW6YeN-6LgiMLBUKIkhw8OvCFLhLcpQBsHJGQa6KxlPwZKWAcYTKAFsL1iIU", "contract_type": "ERC721"}, "collection": {"collection_id": "65a13036c284b18008bd25b7", "name": "TinFun", "logo": "https://i.seadn.io/s/raw/files/a531bedf317b5ffe5a35d559b5c94cd9.jpg?w=500&auto=format", "slug": "tin-fun"}, "gas_fee": {"value": 0.0685, "raw_value": 68500000000000008, "usd": 183.2501, "payment_token": {"address": "0x0000000000000000000000000000000000000000", "symbol": "ETH", "decimals": 18}}, "price": null, "marketplace_path": ["floor"], "fees": [], "trait_offer_target": null}, {"blockchain": "ETH", "sender": {"address": "0xb068a48ddc08fe1e5aaa103a25167672e18ce90a", "ens": null, "is_whale": false, "blockchain": "ETH", "is_contract": false, "is_blue_chip_holder": false, "is_super_blue_chip_holder": false, "is_multi_sign_wallet": false, "das": null, "alias": null}, "receiver": {"address": "0x66666f58de1bcd762a5e5c5aff9cc3c906d66666", "ens": null, "is_whale": true, "blockchain": "ETH", "is_contract": false, "is_blue_chip_holder": true, "is_super_blue_chip_holder": false, "is_multi_sign_wallet": false, "das": null, "alias": null}, "event": "sale", "quantity": 1, "tx_hash": "0x046d111f12e57533e75dc6f80ee3db3033be8238cdbc55c6208370df2f2ba47f", "time": 1705071011, "nft": {"contract_address": "0xc274a97f1691ef390f662067e95a6eff1f99b504", "token_id": "7779", "name": "TinFun #7779", "blockchain": "ETH", "image": "https://lh3.googleusercontent.com/l5BHviparABazuvlOycTrDOT4ApgMneOrUXyr_XsW6YeN-6LgiMLBUKIkhw8OvCFLhLcpQBsHJGQa6KxlPwZKWAcYTKAFsL1iIU", "contract_type": "ERC721"}, "collection": {"collection_id": "65a13036c284b18008bd25b7", "name": "TinFun", "logo": "https://i.seadn.io/s/raw/files/a531bedf317b5ffe5a35d559b5c94cd9.jpg?w=500&auto=format", "slug": "tin-fun"}, "gas_fee": {"value": 0.1299, "raw_value": 129899999999999984, "usd": 347.2003, "payment_token": {"address": "0x0000000000000000000000000000000000000000", "symbol": "ETH", "decimals": 18}}, "price": {"value": 0.88, "raw_value": 880000000000000000, "usd": 2352.8232296929555, "payment_token": {"address": "0x0000000000000000000000000000000000000000", "symbol": "ETH", "decimals": 18}}, "marketplace_path": ["blur-aggregator", "opensea"], "fees": [{"fee_type": "marketplace", "recipient": "0x0000a26b00c1f0df003000390027140000faa719", "bps": 250, "price": {"value": 0.022, "raw_value": 22000000000000000, "usd": 58.249346, "payment_token": {"address": "0x0000000000000000000000000000000000000000", "symbol": "ETH", "decimals": 18}}}], "trait_offer_target": null}]