[{"blockchain": "ETH", "sender": {"address": "0x3d8fc26f260550b2ddc4a3d54abbb89b43705ced", "ens": null, "is_whale": false, "blockchain": "ETH", "is_contract": false, "is_blue_chip_holder": false, "is_super_blue_chip_holder": false, "is_multi_sign_wallet": false, "das": null, "alias": null}, "receiver": {"address": "0x1634ca655f647b72ca370efd3ea2abdc762c7441", "ens": "wilsonyj.eth", "is_whale": false, "blockchain": "ETH", "is_contract": false, "is_blue_chip_holder": false, "is_super_blue_chip_holder": false, "is_multi_sign_wallet": false, "das": null, "alias": "wilsonyj.eth"}, "event": "sale", "quantity": 1, "tx_hash": "0xbaaaf6516532114d9243e951452cfe37904ad7fc65d00de5838e8c9e90613458", "time": 1705134983, "nft": {"contract_address": "0xc274a97f1691ef390f662067e95a6eff1f99b504", "token_id": "6646", "name": "TinFun #6646", "blockchain": "ETH", "image": "https://lh3.googleusercontent.com/gumQ1h9m5G3YALrq4NfIxNXJ5_UixnQd1cFKcAmpW8KlkuTH0wBJJDgSN77boUrtEV36nmzw8i7HC7MVMDMaEZRfrfrNluJRwow", "contract_type": "ERC721"}, "collection": {"collection_id": "65a13036c284b18008bd25b7", "name": "TinFun", "logo": "https://i.seadn.io/s/raw/files/a531bedf317b5ffe5a35d559b5c94cd9.jpg?w=500&auto=format", "slug": "tin-fun"}, "gas_fee": {"value": 0.0051, "raw_value": 5100000000000000, "usd": 12.9913, "payment_token": {"address": "0x0000000000000000000000000000000000000000", "symbol": "ETH", "decimals": 18}}, "price": {"value": 0.88, "raw_value": 880000000000000000, "usd": 2244.6020615477487, "payment_token": {"address": "0x0000000000000000000000000000000000000000", "symbol": "ETH", "decimals": 18}}, "marketplace_path": ["opensea"], "fees": [{"fee_type": "marketplace", "recipient": "0x0000a26b00c1f0df003000390027140000faa719", "bps": 250, "price": {"value": 0.022, "raw_value": 22000000000000000, "usd": 56.154608, "payment_token": {"address": "0x0000000000000000000000000000000000000000", "symbol": "ETH", "decimals": 18}}}], "trait_offer_target": null}]