[{"blockchain": "ETH", "sender": {"address": "0x1a2205230f03a3b7dc65e7b129b68ab1d2ea246c", "ens": null, "is_whale": false, "blockchain": "ETH", "is_contract": false, "is_blue_chip_holder": false, "is_super_blue_chip_holder": false, "is_multi_sign_wallet": false, "das": null, "alias": null}, "receiver": {"address": "0x6ae6d97189db23613a966f97e9d9f1aa62c2a165", "ens": null, "is_whale": false, "blockchain": "ETH", "is_contract": false, "is_blue_chip_holder": false, "is_super_blue_chip_holder": false, "is_multi_sign_wallet": false, "das": null, "alias": null}, "event": "sale", "quantity": 1, "tx_hash": "0x9103b4c9994fc933843577293d0080c18fbed2074ad9165de97b92bc9570890f", "time": 1709312135, "nft": {"contract_address": "0xc274a97f1691ef390f662067e95a6eff1f99b504", "token_id": "8232", "name": "TinFun #8232", "blockchain": "ETH", "image": "https://lh3.googleusercontent.com/yiN_yydV0TP-oGJUoXVof_y7Roq-wsu2IVX6huDo21sFD81aUNP9FhC87o6RbeDaTSJBd3NDAbQqyAoNsyE4GVxaO3_Kg2e2xA", "contract_type": "ERC721"}, "collection": {"collection_id": "65a13036c284b18008bd25b7", "name": "TinFun", "logo": "https://i.seadn.io/s/raw/files/a531bedf317b5ffe5a35d559b5c94cd9.jpg?w=500&auto=format", "slug": "tin-fun"}, "gas_fee": {"value": 0.0119, "raw_value": 11900000000000000, "usd": 40.4543, "payment_token": {"address": "0x0000000000000000000000000000000000000000", "symbol": "ETH", "decimals": 18}}, "price": {"value": 1.88, "raw_value": 1880000000000000000, "usd": 6375.197493827308, "payment_token": {"address": "0x0000000000000000000000000000000000000000", "symbol": "ETH", "decimals": 18}}, "marketplace_path": ["blur"], "fees": [{"fee_type": "royalty", "recipient": "0x6650dc11f439f14d4dfbea75233bd9b0099a0647", "bps": 500, "price": {"value": 0.094, "raw_value": 94000000000000000, "usd": 323.288078, "payment_token": {"address": "0x0000000000000000000000000000000000000000", "symbol": "ETH", "decimals": 18}}}], "trait_offer_target": null}, {"blockchain": "ETH", "sender": {"address": "0xb1d994ab9c9fa4b156ae5e676579d185c8d08916", "ens": null, "is_whale": false, "blockchain": "ETH", "is_contract": false, "is_blue_chip_holder": false, "is_super_blue_chip_holder": false, "is_multi_sign_wallet": false, "das": null, "alias": null}, "receiver": {"address": "0x1a2205230f03a3b7dc65e7b129b68ab1d2ea246c", "ens": null, "is_whale": false, "blockchain": "ETH", "is_contract": false, "is_blue_chip_holder": false, "is_super_blue_chip_holder": false, "is_multi_sign_wallet": false, "das": null, "alias": null}, "event": "sale", "quantity": 1, "tx_hash": "0xaa57873e288fd8a774a070e1ce881ace0cda638ff48e365ebdd5914910971e16", "time": 1706035931, "nft": {"contract_address": "0xc274a97f1691ef390f662067e95a6eff1f99b504", "token_id": "8232", "name": "TinFun #8232", "blockchain": "ETH", "image": "https://lh3.googleusercontent.com/yiN_yydV0TP-oGJUoXVof_y7Roq-wsu2IVX6huDo21sFD81aUNP9FhC87o6RbeDaTSJBd3NDAbQqyAoNsyE4GVxaO3_Kg2e2xA", "contract_type": "ERC721"}, "collection": {"collection_id": "65a13036c284b18008bd25b7", "name": "TinFun", "logo": "https://i.seadn.io/s/raw/files/a531bedf317b5ffe5a35d559b5c94cd9.jpg?w=500&auto=format", "slug": "tin-fun"}, "gas_fee": {"value": 0.0057, "raw_value": 5700000000000000, "usd": 12.5006, "payment_token": {"address": "0x0000000000000000000000000000000000000000", "symbol": "ETH", "decimals": 18}}, "price": {"value": 0.567, "raw_value": 567000000000000000, "usd": 1251.077931702382, "payment_token": {"address": "0x0000000000000000000000000000000000000000", "symbol": "ETH", "decimals": 18}}, "marketplace_path": ["blur-aggregator", "blur"], "fees": [{"fee_type": "royalty", "recipient": "0x6650dc11f439f14d4dfbea75233bd9b0099a0647", "bps": 50, "price": {"value": 0.002835, "raw_value": 2835000000000000, "usd": 6.283999, "payment_token": {"address": "0x0000000000000000000000000000000000000000", "symbol": "ETH", "decimals": 18}}}], "trait_offer_target": null}]