[{"blockchain": "ETH", "sender": {"address": "0x7b7733d46e3582e9af0c6418be532af5a21a812b", "ens": null, "is_whale": false, "blockchain": "ETH", "is_contract": false, "is_blue_chip_holder": false, "is_super_blue_chip_holder": false, "is_multi_sign_wallet": false, "das": null, "alias": null}, "receiver": {"address": "0x8177e9fa379b85e01b2b30140ddc446b9875106a", "ens": null, "is_whale": false, "blockchain": "ETH", "is_contract": true, "is_blue_chip_holder": false, "is_super_blue_chip_holder": false, "is_multi_sign_wallet": false, "das": null, "alias": null}, "event": "transfer", "quantity": 1, "tx_hash": "0xec1413995fa98d9405638139e9cc1d997d0ebd4f219c2204da8327053a540ad9", "time": 1711974743, "nft": {"contract_address": "0xc274a97f1691ef390f662067e95a6eff1f99b504", "token_id": "4378", "name": "TinFun #4378", "blockchain": "ETH", "image": "https://lh3.googleusercontent.com/P8eKuImyHFyz3LXBYG_dNBViIndQS8jyBH7QNvAfqdAjUchHOnFvbe2AWETk1sGO__Zb-mAvbUkT1sW-ew8AOmCTeDeIrLuzPX8", "contract_type": "ERC721"}, "collection": {"collection_id": "65a13036c284b18008bd25b7", "name": "TinFun", "logo": "https://i.seadn.io/s/raw/files/a531bedf317b5ffe5a35d559b5c94cd9.jpg?w=500&auto=format", "slug": "tin-fun"}, "gas_fee": {"value": 0.002, "raw_value": 2000000000000000, "usd": 7.1078, "payment_token": {"address": "0x0000000000000000000000000000000000000000", "symbol": "ETH", "decimals": 18}}, "price": null, "marketplace_path": [], "fees": [], "trait_offer_target": null}]