[{"blockchain": "ETH", "sender": {"address": "0x22b2559969f8ebb30703d8e15ae956c1e890d5cf", "ens": null, "is_whale": false, "blockchain": "ETH", "is_contract": false, "is_blue_chip_holder": false, "is_super_blue_chip_holder": false, "is_multi_sign_wallet": false, "das": null, "alias": null}, "receiver": {"address": "0xf4d07eebedeb564850646b1d9c5d09d1df2aec0a", "ens": null, "is_whale": false, "blockchain": "ETH", "is_contract": false, "is_blue_chip_holder": false, "is_super_blue_chip_holder": false, "is_multi_sign_wallet": false, "das": null, "alias": null}, "event": "sale", "quantity": 1, "tx_hash": "0x9d4dba9c607114f14b4eba972aafdd81cc59c5e0b840044812b4203b21511b90", "time": 1707664619, "nft": {"contract_address": "0xc274a97f1691ef390f662067e95a6eff1f99b504", "token_id": "3110", "name": "TinFun #3110", "blockchain": "ETH", "image": "https://lh3.googleusercontent.com/bjfMv_lhZurarU9taylH8TJE_II83u6p7NLQQfhCLVSEy232xl6YcfjgqM0IucFlY9kA6lEqRe9RBqDcDRzcnzk_Wq5A6ctlbCo", "contract_type": "ERC721"}, "collection": {"collection_id": "65a13036c284b18008bd25b7", "name": "TinFun", "logo": "https://i.seadn.io/s/raw/files/a531bedf317b5ffe5a35d559b5c94cd9.jpg?w=500&auto=format", "slug": "tin-fun"}, "gas_fee": {"value": 0.0081, "raw_value": 8100000000000000, "usd": 20.4242, "payment_token": {"address": "0x0000000000000000000000000000000000000000", "symbol": "ETH", "decimals": 18}}, "price": {"value": 0.527, "raw_value": 527000000000000000, "usd": 1325.6013167015667, "payment_token": {"address": "0x0000000000000000000000000000000000000000", "symbol": "ETH", "decimals": 18}}, "marketplace_path": ["opensea"], "fees": [{"fee_type": "marketplace", "recipient": "0x0000a26b00c1f0df003000390027140000faa719", "bps": 250, "price": {"value": 0.013175, "raw_value": 13175000000000000, "usd": 33.257969, "payment_token": {"address": "0x0000000000000000000000000000000000000000", "symbol": "ETH", "decimals": 18}}}], "trait_offer_target": null}]