[{"blockchain": "ETH", "sender": {"address": "0xf0ec52da1867a1e5a20cde6a4e890d10bbcdd4d7", "ens": null, "is_whale": false, "blockchain": "ETH", "is_contract": false, "is_blue_chip_holder": false, "is_super_blue_chip_holder": false, "is_multi_sign_wallet": false, "das": null, "alias": null}, "receiver": {"address": "0xf1f79aca91b20cdf8784c66f4ee086259f110bd2", "ens": null, "is_whale": false, "blockchain": "ETH", "is_contract": false, "is_blue_chip_holder": false, "is_super_blue_chip_holder": false, "is_multi_sign_wallet": false, "das": null, "alias": null}, "event": "sale", "quantity": 1, "tx_hash": "0xc064ccd93e81ce1b30f3a0fdb19c702d1249add66b02a36598451f87ddd363ab", "time": 1709556923, "nft": {"contract_address": "0xc274a97f1691ef390f662067e95a6eff1f99b504", "token_id": "6257", "name": "TinFun #6257", "blockchain": "ETH", "image": "https://lh3.googleusercontent.com/yg05oChRPHTIC8P-0_IV0w12GOvDeWuRy3kmRi3VoKSdzsPfmCpVwylghBQ-mC0RXj9yEpUPpSDO1yTj_t4Tq0T3Kxysp9m6f88", "contract_type": "ERC721"}, "collection": {"collection_id": "65a13036c284b18008bd25b7", "name": "TinFun", "logo": "https://i.seadn.io/s/raw/files/a531bedf317b5ffe5a35d559b5c94cd9.jpg?w=500&auto=format", "slug": "tin-fun"}, "gas_fee": {"value": 0.0687, "raw_value": 68700000000000000, "usd": 241.1262, "payment_token": {"address": "0x0000000000000000000000000000000000000000", "symbol": "ETH", "decimals": 18}}, "price": {"value": 0.2285, "raw_value": 228500000000000000, "usd": 801.5212037687002, "payment_token": {"address": "0x0000000000000000000000000000000000000000", "symbol": "ETH", "decimals": 18}}, "marketplace_path": ["blur-aggregator", "blur"], "fees": [{"fee_type": "royalty", "recipient": "0x6650dc11f439f14d4dfbea75233bd9b0099a0647", "bps": 50, "price": {"value": 0.001143, "raw_value": 1142500000000000, "usd": 4.028039, "payment_token": {"address": "0x0000000000000000000000000000000000000000", "symbol": "ETH", "decimals": 18}}}], "trait_offer_target": null}, {"blockchain": "ETH", "sender": {"address": "0xb5b8c2b70ea3c3db05cdfb7737d2735fa5134a3c", "ens": null, "is_whale": false, "blockchain": "ETH", "is_contract": false, "is_blue_chip_holder": false, "is_super_blue_chip_holder": false, "is_multi_sign_wallet": false, "das": null, "alias": null}, "receiver": {"address": "0xf0ec52da1867a1e5a20cde6a4e890d10bbcdd4d7", "ens": null, "is_whale": false, "blockchain": "ETH", "is_contract": false, "is_blue_chip_holder": false, "is_super_blue_chip_holder": false, "is_multi_sign_wallet": false, "das": null, "alias": null}, "event": "sale", "quantity": 1, "tx_hash": "0xe5cc099384228bbca88ef6b1586af9d2e71a522585b5d9d7ddc6ccc6fc419381", "time": 1708846727, "nft": {"contract_address": "0xc274a97f1691ef390f662067e95a6eff1f99b504", "token_id": "6257", "name": "TinFun #6257", "blockchain": "ETH", "image": "https://lh3.googleusercontent.com/yg05oChRPHTIC8P-0_IV0w12GOvDeWuRy3kmRi3VoKSdzsPfmCpVwylghBQ-mC0RXj9yEpUPpSDO1yTj_t4Tq0T3Kxysp9m6f88", "contract_type": "ERC721"}, "collection": {"collection_id": "65a13036c284b18008bd25b7", "name": "TinFun", "logo": "https://i.seadn.io/s/raw/files/a531bedf317b5ffe5a35d559b5c94cd9.jpg?w=500&auto=format", "slug": "tin-fun"}, "gas_fee": {"value": 0.0049, "raw_value": 4900000000000000, "usd": 14.8562, "payment_token": {"address": "0x0000000000000000000000000000000000000000", "symbol": "ETH", "decimals": 18}}, "price": {"value": 0.337, "raw_value": 337000000000000000, "usd": 1022.9047603481519, "payment_token": {"address": "0x0000000000000000000000000000000000000000", "symbol": "ETH", "decimals": 18}}, "marketplace_path": ["blur-aggregator", "blur"], "fees": [{"fee_type": "royalty", "recipient": "0x6650dc11f439f14d4dfbea75233bd9b0099a0647", "bps": 50, "price": {"value": 0.001685, "raw_value": 1685000000000000, "usd": 5.09257, "payment_token": {"address": "0x0000000000000000000000000000000000000000", "symbol": "ETH", "decimals": 18}}}], "trait_offer_target": null}]