[{"blockchain": "ETH", "sender": {"address": "0xf5988f07a6d319379982dff70712bf7236876796", "ens": null, "is_whale": false, "blockchain": "ETH", "is_contract": false, "is_blue_chip_holder": false, "is_super_blue_chip_holder": false, "is_multi_sign_wallet": false, "das": null, "alias": null}, "receiver": {"address": "0x8177e9fa379b85e01b2b30140ddc446b9875106a", "ens": null, "is_whale": false, "blockchain": "ETH", "is_contract": true, "is_blue_chip_holder": false, "is_super_blue_chip_holder": false, "is_multi_sign_wallet": false, "das": null, "alias": null}, "event": "transfer", "quantity": 1, "tx_hash": "0xde0b50e94344989ee8046fd42cf511defd169370e494cad510b276b585ff83ab", "time": 1711808507, "nft": {"contract_address": "0xc274a97f1691ef390f662067e95a6eff1f99b504", "token_id": "4724", "name": "TinFun #4724", "blockchain": "ETH", "image": "https://lh3.googleusercontent.com/Zvg8jjRDTnGmfuZIvSEb83aVvm6dAAboXlhLvky7Q1y9lvQEmCd-f4ZjDs0qgv3diNILbUK1PM0BAx0WcLgEWD9fVYiQD_utSH8", "contract_type": "ERC721"}, "collection": {"collection_id": "65a13036c284b18008bd25b7", "name": "TinFun", "logo": "https://i.seadn.io/s/raw/files/a531bedf317b5ffe5a35d559b5c94cd9.jpg?w=500&auto=format", "slug": "tin-fun"}, "gas_fee": {"value": 0.0162, "raw_value": 16200000000000000, "usd": 57.2583, "payment_token": {"address": "0x0000000000000000000000000000000000000000", "symbol": "ETH", "decimals": 18}}, "price": null, "marketplace_path": [], "fees": [], "trait_offer_target": null}, {"blockchain": "ETH", "sender": {"address": "0xdd0e3dc9c1a76263a775a16b22dc56d475b0b61a", "ens": null, "is_whale": false, "blockchain": "ETH", "is_contract": false, "is_blue_chip_holder": false, "is_super_blue_chip_holder": false, "is_multi_sign_wallet": false, "das": null, "alias": null}, "receiver": {"address": "0xf5988f07a6d319379982dff70712bf7236876796", "ens": null, "is_whale": false, "blockchain": "ETH", "is_contract": false, "is_blue_chip_holder": false, "is_super_blue_chip_holder": false, "is_multi_sign_wallet": false, "das": null, "alias": null}, "event": "transfer", "quantity": 1, "tx_hash": "0x24772ac3f2d7a2fe7338abf9012e7cbfe7b5ad9bb2e3cb967e36ae1c490db448", "time": 1711808075, "nft": {"contract_address": "0xc274a97f1691ef390f662067e95a6eff1f99b504", "token_id": "4724", "name": "TinFun #4724", "blockchain": "ETH", "image": "https://lh3.googleusercontent.com/Zvg8jjRDTnGmfuZIvSEb83aVvm6dAAboXlhLvky7Q1y9lvQEmCd-f4ZjDs0qgv3diNILbUK1PM0BAx0WcLgEWD9fVYiQD_utSH8", "contract_type": "ERC721"}, "collection": {"collection_id": "65a13036c284b18008bd25b7", "name": "TinFun", "logo": "https://i.seadn.io/s/raw/files/a531bedf317b5ffe5a35d559b5c94cd9.jpg?w=500&auto=format", "slug": "tin-fun"}, "gas_fee": {"value": 0.0022, "raw_value": 2200000000000000, "usd": 7.8396, "payment_token": {"address": "0x0000000000000000000000000000000000000000", "symbol": "ETH", "decimals": 18}}, "price": null, "marketplace_path": [], "fees": [], "trait_offer_target": null}, {"blockchain": "ETH", "sender": {"address": "0xc0c27d29ac68df3675ed3e5e24acc571e0dcc710", "ens": null, "is_whale": false, "blockchain": "ETH", "is_contract": false, "is_blue_chip_holder": false, "is_super_blue_chip_holder": false, "is_multi_sign_wallet": false, "das": null, "alias": null}, "receiver": {"address": "0xdd0e3dc9c1a76263a775a16b22dc56d475b0b61a", "ens": null, "is_whale": false, "blockchain": "ETH", "is_contract": false, "is_blue_chip_holder": false, "is_super_blue_chip_holder": false, "is_multi_sign_wallet": false, "das": null, "alias": null}, "event": "sale", "quantity": 1, "tx_hash": "0x0509fbba291cfada3c03375588f24e2c737534bb19adf803087d8be8d6e2efcd", "time": 1709376251, "nft": {"contract_address": "0xc274a97f1691ef390f662067e95a6eff1f99b504", "token_id": "4724", "name": "TinFun #4724", "blockchain": "ETH", "image": "https://lh3.googleusercontent.com/Zvg8jjRDTnGmfuZIvSEb83aVvm6dAAboXlhLvky7Q1y9lvQEmCd-f4ZjDs0qgv3diNILbUK1PM0BAx0WcLgEWD9fVYiQD_utSH8", "contract_type": "ERC721"}, "collection": {"collection_id": "65a13036c284b18008bd25b7", "name": "TinFun", "logo": "https://i.seadn.io/s/raw/files/a531bedf317b5ffe5a35d559b5c94cd9.jpg?w=500&auto=format", "slug": "tin-fun"}, "gas_fee": {"value": 0.0062, "raw_value": 6200000000000000, "usd": 21.2162, "payment_token": {"address": "0x0000000000000000000000000000000000000000", "symbol": "ETH", "decimals": 18}}, "price": {"value": 0.254999, "raw_value": 254999000000000000, "usd": 868.9113092216198, "payment_token": {"address": "0x0000000000000000000000000000000000000000", "symbol": "ETH", "decimals": 18}}, "marketplace_path": ["opensea"], "fees": [{"fee_type": "marketplace", "recipient": "0x0000a26b00c1f0df003000390027140000faa719", "bps": 50, "price": {"value": 0.001275, "raw_value": 1274995000000000, "usd": 4.379131, "payment_token": {"address": "0x0000000000000000000000000000000000000000", "symbol": "ETH", "decimals": 18}}}], "trait_offer_target": null}, {"blockchain": "ETH", "sender": {"address": "0x02f3ce56dbe9c605c06a0192e0b00d579fd7ac88", "ens": null, "is_whale": false, "blockchain": "ETH", "is_contract": false, "is_blue_chip_holder": true, "is_super_blue_chip_holder": false, "is_multi_sign_wallet": false, "das": null, "alias": null}, "receiver": {"address": "0xc0c27d29ac68df3675ed3e5e24acc571e0dcc710", "ens": null, "is_whale": false, "blockchain": "ETH", "is_contract": false, "is_blue_chip_holder": false, "is_super_blue_chip_holder": false, "is_multi_sign_wallet": false, "das": null, "alias": null}, "event": "sale", "quantity": 1, "tx_hash": "0xe3baabf3b84f7f25d54461b59400f1cd615285cebe3574dc7a0c058d43902a49", "time": 1709297459, "nft": {"contract_address": "0xc274a97f1691ef390f662067e95a6eff1f99b504", "token_id": "4724", "name": "TinFun #4724", "blockchain": "ETH", "image": "https://lh3.googleusercontent.com/Zvg8jjRDTnGmfuZIvSEb83aVvm6dAAboXlhLvky7Q1y9lvQEmCd-f4ZjDs0qgv3diNILbUK1PM0BAx0WcLgEWD9fVYiQD_utSH8", "contract_type": "ERC721"}, "collection": {"collection_id": "65a13036c284b18008bd25b7", "name": "TinFun", "logo": "https://i.seadn.io/s/raw/files/a531bedf317b5ffe5a35d559b5c94cd9.jpg?w=500&auto=format", "slug": "tin-fun"}, "gas_fee": {"value": 0.0126, "raw_value": 12600000000000000, "usd": 43.1526, "payment_token": {"address": "0x0000000000000000000000000000000000000000", "symbol": "ETH", "decimals": 18}}, "price": {"value": 0.245, "raw_value": 245000000000000000, "usd": 836.2157167026974, "payment_token": {"address": "0xc02aaa39b223fe8d0a0e5c4f27ead9083c756cc2", "symbol": "WETH", "decimals": 18}}, "marketplace_path": ["opensea"], "fees": [{"fee_type": "marketplace", "recipient": "0x0000a26b00c1f0df003000390027140000faa719", "bps": 250, "price": {"value": 0.006125, "raw_value": 6125000000000000, "usd": 21.016184, "payment_token": {"address": "0xc02aaa39b223fe8d0a0e5c4f27ead9083c756cc2", "symbol": "WETH", "decimals": 18}}}], "trait_offer_target": null}, {"blockchain": "ETH", "sender": {"address": "0xbbdd1b3c87c211e482cda98ea14fa8bf50022ca0", "ens": "ronniedcky.eth", "is_whale": false, "blockchain": "ETH", "is_contract": false, "is_blue_chip_holder": true, "is_super_blue_chip_holder": false, "is_multi_sign_wallet": false, "das": null, "alias": "ronniedcky.eth"}, "receiver": {"address": "0x02f3ce56dbe9c605c06a0192e0b00d579fd7ac88", "ens": null, "is_whale": false, "blockchain": "ETH", "is_contract": false, "is_blue_chip_holder": true, "is_super_blue_chip_holder": false, "is_multi_sign_wallet": false, "das": null, "alias": null}, "event": "sale", "quantity": 1, "tx_hash": "0x0fca538f7ec38c6199190696f87555f41019f743d8628f81636d0c6b98ccab12", "time": 1708785995, "nft": {"contract_address": "0xc274a97f1691ef390f662067e95a6eff1f99b504", "token_id": "4724", "name": "TinFun #4724", "blockchain": "ETH", "image": "https://lh3.googleusercontent.com/Zvg8jjRDTnGmfuZIvSEb83aVvm6dAAboXlhLvky7Q1y9lvQEmCd-f4ZjDs0qgv3diNILbUK1PM0BAx0WcLgEWD9fVYiQD_utSH8", "contract_type": "ERC721"}, "collection": {"collection_id": "65a13036c284b18008bd25b7", "name": "TinFun", "logo": "https://i.seadn.io/s/raw/files/a531bedf317b5ffe5a35d559b5c94cd9.jpg?w=500&auto=format", "slug": "tin-fun"}, "gas_fee": {"value": 0.0052, "raw_value": 5200000000000000, "usd": 15.4807, "payment_token": {"address": "0x0000000000000000000000000000000000000000", "symbol": "ETH", "decimals": 18}}, "price": {"value": 0.448, "raw_value": 448000000000000000, "usd": 1328.6161636342913, "payment_token": {"address": "0x0000000000000000000000000000000000000000", "symbol": "ETH", "decimals": 18}}, "marketplace_path": ["blur-aggregator", "blur"], "fees": [{"fee_type": "royalty", "recipient": "0x6650dc11f439f14d4dfbea75233bd9b0099a0647", "bps": 50, "price": {"value": 0.00224, "raw_value": 2240000000000000, "usd": 6.633014, "payment_token": {"address": "0x0000000000000000000000000000000000000000", "symbol": "ETH", "decimals": 18}}}], "trait_offer_target": null}, {"blockchain": "ETH", "sender": {"address": "0x4b052b7c7fabf44bedd42b1a06ee2a81057448dc", "ens": null, "is_whale": false, "blockchain": "ETH", "is_contract": false, "is_blue_chip_holder": false, "is_super_blue_chip_holder": false, "is_multi_sign_wallet": false, "das": null, "alias": null}, "receiver": {"address": "0xbbdd1b3c87c211e482cda98ea14fa8bf50022ca0", "ens": "ronniedcky.eth", "is_whale": false, "blockchain": "ETH", "is_contract": false, "is_blue_chip_holder": true, "is_super_blue_chip_holder": false, "is_multi_sign_wallet": false, "das": null, "alias": "ronniedcky.eth"}, "event": "sale", "quantity": 1, "tx_hash": "0x4180435412b8832d1cc55c54f5fbc994c7b6492dc885d96cbce949f18be4de98", "time": 1708784243, "nft": {"contract_address": "0xc274a97f1691ef390f662067e95a6eff1f99b504", "token_id": "4724", "name": "TinFun #4724", "blockchain": "ETH", "image": "https://lh3.googleusercontent.com/Zvg8jjRDTnGmfuZIvSEb83aVvm6dAAboXlhLvky7Q1y9lvQEmCd-f4ZjDs0qgv3diNILbUK1PM0BAx0WcLgEWD9fVYiQD_utSH8", "contract_type": "ERC721"}, "collection": {"collection_id": "65a13036c284b18008bd25b7", "name": "TinFun", "logo": "https://i.seadn.io/s/raw/files/a531bedf317b5ffe5a35d559b5c94cd9.jpg?w=500&auto=format", "slug": "tin-fun"}, "gas_fee": {"value": 0.007, "raw_value": 7000000000000000, "usd": 20.6916, "payment_token": {"address": "0x0000000000000000000000000000000000000000", "symbol": "ETH", "decimals": 18}}, "price": {"value": 0.43, "raw_value": 430000000000000000, "usd": 1275.2342642025565, "payment_token": {"address": "0x0000000000000000000000000000000000000000", "symbol": "ETH", "decimals": 18}}, "marketplace_path": ["blur"], "fees": [{"fee_type": "royalty", "recipient": "0x6650dc11f439f14d4dfbea75233bd9b0099a0647", "bps": 50, "price": {"value": 0.00215, "raw_value": 2150000000000000, "usd": 6.366509, "payment_token": {"address": "0x0000000000a39bb272e79075ade125fd351887ac", "symbol": "BETH", "decimals": 18}}}], "trait_offer_target": null}, {"blockchain": "ETH", "sender": {"address": "0x0a4a562e1d786dba307c1c0cb7cccc3383915118", "ens": null, "is_whale": false, "blockchain": "ETH", "is_contract": false, "is_blue_chip_holder": false, "is_super_blue_chip_holder": false, "is_multi_sign_wallet": false, "das": null, "alias": null}, "receiver": {"address": "0x4b052b7c7fabf44bedd42b1a06ee2a81057448dc", "ens": null, "is_whale": false, "blockchain": "ETH", "is_contract": false, "is_blue_chip_holder": false, "is_super_blue_chip_holder": false, "is_multi_sign_wallet": false, "das": null, "alias": null}, "event": "sale", "quantity": 1, "tx_hash": "0x8545584a7c5a735a9c913f5e895b4fddb1710ca54d19ac8cf29795ed5490dbe6", "time": 1705236383, "nft": {"contract_address": "0xc274a97f1691ef390f662067e95a6eff1f99b504", "token_id": "4724", "name": "TinFun #4724", "blockchain": "ETH", "image": "https://lh3.googleusercontent.com/Zvg8jjRDTnGmfuZIvSEb83aVvm6dAAboXlhLvky7Q1y9lvQEmCd-f4ZjDs0qgv3diNILbUK1PM0BAx0WcLgEWD9fVYiQD_utSH8", "contract_type": "ERC721"}, "collection": {"collection_id": "65a13036c284b18008bd25b7", "name": "TinFun", "logo": "https://i.seadn.io/s/raw/files/a531bedf317b5ffe5a35d559b5c94cd9.jpg?w=500&auto=format", "slug": "tin-fun"}, "gas_fee": {"value": 0.008, "raw_value": 8000000000000000, "usd": 20.3859, "payment_token": {"address": "0x0000000000000000000000000000000000000000", "symbol": "ETH", "decimals": 18}}, "price": {"value": 0.76899, "raw_value": 768990000000000000, "usd": 1951.3848166627918, "payment_token": {"address": "0x0000000000000000000000000000000000000000", "symbol": "ETH", "decimals": 18}}, "marketplace_path": ["blur"], "fees": [{"fee_type": "royalty", "recipient": "0x6650dc11f439f14d4dfbea75233bd9b0099a0647", "bps": 50, "price": {"value": 0.003845, "raw_value": 3844950000000000, "usd": 9.814388, "payment_token": {"address": "0x0000000000000000000000000000000000000000", "symbol": "ETH", "decimals": 18}}}], "trait_offer_target": null}, {"blockchain": "ETH", "sender": {"address": "0x3eb879cc9a0ef4c6f1d870a40ae187768c278da2", "ens": "floorprotocol.eth", "is_whale": false, "blockchain": "ETH", "is_contract": true, "is_blue_chip_holder": true, "is_super_blue_chip_holder": true, "is_multi_sign_wallet": false, "das": null, "alias": "floorprotocol.eth"}, "receiver": {"address": "0x0a4a562e1d786dba307c1c0cb7cccc3383915118", "ens": null, "is_whale": false, "blockchain": "ETH", "is_contract": false, "is_blue_chip_holder": false, "is_super_blue_chip_holder": true, "is_multi_sign_wallet": false, "das": null, "alias": null}, "event": "transfer", "quantity": 1, "tx_hash": "0x629015be16fc253306b3a0a3450944cf75cff760a8904d9b2c738e4e1c9eba94", "time": 1705236131, "nft": {"contract_address": "0xc274a97f1691ef390f662067e95a6eff1f99b504", "token_id": "4724", "name": "TinFun #4724", "blockchain": "ETH", "image": "https://lh3.googleusercontent.com/Zvg8jjRDTnGmfuZIvSEb83aVvm6dAAboXlhLvky7Q1y9lvQEmCd-f4ZjDs0qgv3diNILbUK1PM0BAx0WcLgEWD9fVYiQD_utSH8", "contract_type": "ERC721"}, "collection": {"collection_id": "65a13036c284b18008bd25b7", "name": "TinFun", "logo": "https://i.seadn.io/s/raw/files/a531bedf317b5ffe5a35d559b5c94cd9.jpg?w=500&auto=format", "slug": "tin-fun"}, "gas_fee": {"value": 0.0068, "raw_value": 6800000000000000, "usd": 17.3313, "payment_token": {"address": "0x0000000000000000000000000000000000000000", "symbol": "ETH", "decimals": 18}}, "price": null, "marketplace_path": ["floor"], "fees": [], "trait_offer_target": null}, {"blockchain": "ETH", "sender": {"address": "0x66666f58de1bcd762a5e5c5aff9cc3c906d66666", "ens": null, "is_whale": true, "blockchain": "ETH", "is_contract": false, "is_blue_chip_holder": true, "is_super_blue_chip_holder": true, "is_multi_sign_wallet": false, "das": null, "alias": null}, "receiver": {"address": "0x3eb879cc9a0ef4c6f1d870a40ae187768c278da2", "ens": "floorprotocol.eth", "is_whale": false, "blockchain": "ETH", "is_contract": true, "is_blue_chip_holder": true, "is_super_blue_chip_holder": true, "is_multi_sign_wallet": false, "das": null, "alias": "floorprotocol.eth"}, "event": "transfer", "quantity": 1, "tx_hash": "0x13d06c9e529d4dd22c8e0c086bac6635b7f8153deb18f135ea6852c50195a604", "time": 1705069235, "nft": {"contract_address": "0xc274a97f1691ef390f662067e95a6eff1f99b504", "token_id": "4724", "name": "TinFun #4724", "blockchain": "ETH", "image": "https://lh3.googleusercontent.com/Zvg8jjRDTnGmfuZIvSEb83aVvm6dAAboXlhLvky7Q1y9lvQEmCd-f4ZjDs0qgv3diNILbUK1PM0BAx0WcLgEWD9fVYiQD_utSH8", "contract_type": "ERC721"}, "collection": {"collection_id": "65a13036c284b18008bd25b7", "name": "TinFun", "logo": "https://i.seadn.io/s/raw/files/a531bedf317b5ffe5a35d559b5c94cd9.jpg?w=500&auto=format", "slug": "tin-fun"}, "gas_fee": {"value": 0.0682, "raw_value": 68200000000000000, "usd": 182.3846, "payment_token": {"address": "0x0000000000000000000000000000000000000000", "symbol": "ETH", "decimals": 18}}, "price": null, "marketplace_path": ["floor"], "fees": [], "trait_offer_target": null}, {"blockchain": "ETH", "sender": {"address": "0x31c81f11744cfe522ee164fa8c3b51f99e72bf62", "ens": null, "is_whale": false, "blockchain": "ETH", "is_contract": false, "is_blue_chip_holder": false, "is_super_blue_chip_holder": false, "is_multi_sign_wallet": false, "das": null, "alias": null}, "receiver": {"address": "0x66666f58de1bcd762a5e5c5aff9cc3c906d66666", "ens": null, "is_whale": true, "blockchain": "ETH", "is_contract": false, "is_blue_chip_holder": true, "is_super_blue_chip_holder": false, "is_multi_sign_wallet": false, "das": null, "alias": null}, "event": "sale", "quantity": 1, "tx_hash": "0x912b04a322ed64d974555386ccf16a0fa560a0e7add233b8b7b95ec99860fca4", "time": 1705069163, "nft": {"contract_address": "0xc274a97f1691ef390f662067e95a6eff1f99b504", "token_id": "4724", "name": "TinFun #4724", "blockchain": "ETH", "image": "https://lh3.googleusercontent.com/Zvg8jjRDTnGmfuZIvSEb83aVvm6dAAboXlhLvky7Q1y9lvQEmCd-f4ZjDs0qgv3diNILbUK1PM0BAx0WcLgEWD9fVYiQD_utSH8", "contract_type": "ERC721"}, "collection": {"collection_id": "65a13036c284b18008bd25b7", "name": "TinFun", "logo": "https://i.seadn.io/s/raw/files/a531bedf317b5ffe5a35d559b5c94cd9.jpg?w=500&auto=format", "slug": "tin-fun"}, "gas_fee": {"value": 0.1038, "raw_value": 103800000000000000, "usd": 277.4677, "payment_token": {"address": "0x0000000000000000000000000000000000000000", "symbol": "ETH", "decimals": 18}}, "price": {"value": 0.8, "raw_value": 800000000000000000, "usd": 2138.9302088117774, "payment_token": {"address": "0x0000000000000000000000000000000000000000", "symbol": "ETH", "decimals": 18}}, "marketplace_path": ["openseapro", "opensea"], "fees": [{"fee_type": "royalty", "recipient": "0x6650dc11f439f14d4dfbea75233bd9b0099a0647", "bps": 500, "price": {"value": 0.04, "raw_value": 40000000000000000, "usd": 105.907901, "payment_token": {"address": "0x0000000000000000000000000000000000000000", "symbol": "ETH", "decimals": 18}}}, {"fee_type": "marketplace", "recipient": "0x0000a26b00c1f0df003000390027140000faa719", "bps": 250, "price": {"value": 0.02, "raw_value": 20000000000000000, "usd": 52.953951, "payment_token": {"address": "0x0000000000000000000000000000000000000000", "symbol": "ETH", "decimals": 18}}}], "trait_offer_target": null}]