[{"blockchain": "ETH", "sender": {"address": "0x73d30ba3dc4ffd17c28cc2d75d12e50df98f29cf", "ens": "nakiri.eth", "is_whale": false, "blockchain": "ETH", "is_contract": false, "is_blue_chip_holder": false, "is_super_blue_chip_holder": false, "is_multi_sign_wallet": false, "das": null, "alias": "nakiri.eth"}, "receiver": {"address": "0x8177e9fa379b85e01b2b30140ddc446b9875106a", "ens": null, "is_whale": false, "blockchain": "ETH", "is_contract": true, "is_blue_chip_holder": false, "is_super_blue_chip_holder": false, "is_multi_sign_wallet": false, "das": null, "alias": null}, "event": "transfer", "quantity": 1, "tx_hash": "0x2ee35e5bd039d2787121c760c4b0084f437416161e46a2ab30749fb5c8cb6033", "time": 1712988383, "nft": {"contract_address": "0xc274a97f1691ef390f662067e95a6eff1f99b504", "token_id": "4773", "name": "TinFun #4773", "blockchain": "ETH", "image": "https://lh3.googleusercontent.com/TH-NdWsoylKRvBlOj_6X7boRGC6Ox1OQP46NIJycSF4RA6ABYYxAPjRaaFsE2FiK0MtnBpPbbN5YMieasoRvWoMAf0XsojzFjC6m", "contract_type": "ERC721"}, "collection": {"collection_id": "65a13036c284b18008bd25b7", "name": "TinFun", "logo": "https://i.seadn.io/s/raw/files/a531bedf317b5ffe5a35d559b5c94cd9.jpg?w=500&auto=format", "slug": "tin-fun"}, "gas_fee": {"value": 0.0268, "raw_value": 26800000000000000, "usd": 86.9533, "payment_token": {"address": "0x0000000000000000000000000000000000000000", "symbol": "ETH", "decimals": 18}}, "price": null, "marketplace_path": [], "fees": [], "trait_offer_target": null}, {"blockchain": "ETH", "sender": {"address": "0xbd60e325b35436c36fe49b90e30ff4b0470e28b8", "ens": "\u0e01\u0e01\u0e01\u0e01\u0e01.eth", "is_whale": false, "blockchain": "ETH", "is_contract": false, "is_blue_chip_holder": false, "is_super_blue_chip_holder": false, "is_multi_sign_wallet": false, "das": null, "alias": "\u0e01\u0e01\u0e01\u0e01\u0e01.eth"}, "receiver": {"address": "0x73d30ba3dc4ffd17c28cc2d75d12e50df98f29cf", "ens": "nakiri.eth", "is_whale": false, "blockchain": "ETH", "is_contract": false, "is_blue_chip_holder": false, "is_super_blue_chip_holder": false, "is_multi_sign_wallet": false, "das": null, "alias": "nakiri.eth"}, "event": "sale", "quantity": 1, "tx_hash": "0xce1a727908d323c0f575e0be144c67b360114e3171d9f0ad4fb15a6a3189356e", "time": 1712145059, "nft": {"contract_address": "0xc274a97f1691ef390f662067e95a6eff1f99b504", "token_id": "4773", "name": "TinFun #4773", "blockchain": "ETH", "image": "https://lh3.googleusercontent.com/TH-NdWsoylKRvBlOj_6X7boRGC6Ox1OQP46NIJycSF4RA6ABYYxAPjRaaFsE2FiK0MtnBpPbbN5YMieasoRvWoMAf0XsojzFjC6m", "contract_type": "ERC721"}, "collection": {"collection_id": "65a13036c284b18008bd25b7", "name": "TinFun", "logo": "https://i.seadn.io/s/raw/files/a531bedf317b5ffe5a35d559b5c94cd9.jpg?w=500&auto=format", "slug": "tin-fun"}, "gas_fee": {"value": 0.0032, "raw_value": 3200000000000000, "usd": 10.4624, "payment_token": {"address": "0x0000000000000000000000000000000000000000", "symbol": "ETH", "decimals": 18}}, "price": {"value": 0.21, "raw_value": 210000000000000000, "usd": 697.2173838734262, "payment_token": {"address": "0x0000000000000000000000000000000000000000", "symbol": "ETH", "decimals": 18}}, "marketplace_path": ["blur"], "fees": [{"fee_type": "royalty", "recipient": "0x6650dc11f439f14d4dfbea75233bd9b0099a0647", "bps": 50, "price": {"value": 0.00105, "raw_value": 1050000000000000, "usd": 3.515674, "payment_token": {"address": "0x0000000000a39bb272e79075ade125fd351887ac", "symbol": "BETH", "decimals": 18}}}], "trait_offer_target": null}, {"blockchain": "ETH", "sender": {"address": "0x32faffe343e77811adc892c38b000154f631e5aa", "ens": null, "is_whale": false, "blockchain": "ETH", "is_contract": false, "is_blue_chip_holder": false, "is_super_blue_chip_holder": false, "is_multi_sign_wallet": false, "das": null, "alias": null}, "receiver": {"address": "0xbd60e325b35436c36fe49b90e30ff4b0470e28b8", "ens": "\u0e01\u0e01\u0e01\u0e01\u0e01.eth", "is_whale": false, "blockchain": "ETH", "is_contract": false, "is_blue_chip_holder": false, "is_super_blue_chip_holder": false, "is_multi_sign_wallet": false, "das": null, "alias": "\u0e01\u0e01\u0e01\u0e01\u0e01.eth"}, "event": "sale", "quantity": 1, "tx_hash": "0x2d9822800691e1163aff7089fb24afeb7218772872f8b7601ca44f925c82d6e7", "time": 1708783163, "nft": {"contract_address": "0xc274a97f1691ef390f662067e95a6eff1f99b504", "token_id": "4773", "name": "TinFun #4773", "blockchain": "ETH", "image": "https://lh3.googleusercontent.com/TH-NdWsoylKRvBlOj_6X7boRGC6Ox1OQP46NIJycSF4RA6ABYYxAPjRaaFsE2FiK0MtnBpPbbN5YMieasoRvWoMAf0XsojzFjC6m", "contract_type": "ERC721"}, "collection": {"collection_id": "65a13036c284b18008bd25b7", "name": "TinFun", "logo": "https://i.seadn.io/s/raw/files/a531bedf317b5ffe5a35d559b5c94cd9.jpg?w=500&auto=format", "slug": "tin-fun"}, "gas_fee": {"value": 0.0041, "raw_value": 4100000000000000, "usd": 12.1758, "payment_token": {"address": "0x0000000000000000000000000000000000000000", "symbol": "ETH", "decimals": 18}}, "price": {"value": 0.58, "raw_value": 580000000000000000, "usd": 1715.0203944648617, "payment_token": {"address": "0x0000000000000000000000000000000000000000", "symbol": "ETH", "decimals": 18}}, "marketplace_path": ["opensea"], "fees": [{"fee_type": "marketplace", "recipient": "0x0000a26b00c1f0df003000390027140000faa719", "bps": 250, "price": {"value": 0.0145, "raw_value": 14500000000000000, "usd": 42.895704, "payment_token": {"address": "0x0000000000000000000000000000000000000000", "symbol": "ETH", "decimals": 18}}}], "trait_offer_target": null}]