[{"blockchain": "ETH", "sender": {"address": "0xa09b4cfffd06cc1435e6df2097545f7faf5ce967", "ens": null, "is_whale": false, "blockchain": "ETH", "is_contract": false, "is_blue_chip_holder": false, "is_super_blue_chip_holder": false, "is_multi_sign_wallet": false, "das": null, "alias": null}, "receiver": {"address": "0x3eb879cc9a0ef4c6f1d870a40ae187768c278da2", "ens": "floorprotocol.eth", "is_whale": false, "blockchain": "ETH", "is_contract": true, "is_blue_chip_holder": true, "is_super_blue_chip_holder": false, "is_multi_sign_wallet": false, "das": null, "alias": "floorprotocol.eth"}, "event": "transfer", "quantity": 1, "tx_hash": "0xddebe8af9aa6ed825f85511e16808998769cb717d005879d1d94ba08a0931c21", "time": 1707217907, "nft": {"contract_address": "0xc274a97f1691ef390f662067e95a6eff1f99b504", "token_id": "2900", "name": "TinFun #2900", "blockchain": "ETH", "image": "https://lh3.googleusercontent.com/H4uolorq8T9MhGFUACOAWR2mCmbkRT3ZK9qGiFJR6PrnsN1hfCiihYYHVrtsxdMU3eKY52BOfGKfV1r5yegxRKiAp30rZdAFP1E", "contract_type": "ERC721"}, "collection": {"collection_id": "65a13036c284b18008bd25b7", "name": "TinFun", "logo": "https://i.seadn.io/s/raw/files/a531bedf317b5ffe5a35d559b5c94cd9.jpg?w=500&auto=format", "slug": "tin-fun"}, "gas_fee": {"value": 0.0113, "raw_value": 11300000000000000, "usd": 26.2439, "payment_token": {"address": "0x0000000000000000000000000000000000000000", "symbol": "ETH", "decimals": 18}}, "price": null, "marketplace_path": ["floor"], "fees": [], "trait_offer_target": null}, {"blockchain": "ETH", "sender": {"address": "0x6ae6d97189db23613a966f97e9d9f1aa62c2a165", "ens": null, "is_whale": false, "blockchain": "ETH", "is_contract": false, "is_blue_chip_holder": false, "is_super_blue_chip_holder": false, "is_multi_sign_wallet": false, "das": null, "alias": null}, "receiver": {"address": "0xa09b4cfffd06cc1435e6df2097545f7faf5ce967", "ens": null, "is_whale": false, "blockchain": "ETH", "is_contract": false, "is_blue_chip_holder": false, "is_super_blue_chip_holder": false, "is_multi_sign_wallet": false, "das": null, "alias": null}, "event": "sale", "quantity": 1, "tx_hash": "0x16f798429533d2db83d85fa1a69a32c73576cea6821ca2f41f04193e5416c64a", "time": 1707217871, "nft": {"contract_address": "0xc274a97f1691ef390f662067e95a6eff1f99b504", "token_id": "2900", "name": "TinFun #2900", "blockchain": "ETH", "image": "https://lh3.googleusercontent.com/H4uolorq8T9MhGFUACOAWR2mCmbkRT3ZK9qGiFJR6PrnsN1hfCiihYYHVrtsxdMU3eKY52BOfGKfV1r5yegxRKiAp30rZdAFP1E", "contract_type": "ERC721"}, "collection": {"collection_id": "65a13036c284b18008bd25b7", "name": "TinFun", "logo": "https://i.seadn.io/s/raw/files/a531bedf317b5ffe5a35d559b5c94cd9.jpg?w=500&auto=format", "slug": "tin-fun"}, "gas_fee": {"value": 0.0083, "raw_value": 8300000000000000, "usd": 19.2644, "payment_token": {"address": "0x0000000000000000000000000000000000000000", "symbol": "ETH", "decimals": 18}}, "price": {"value": 0.603, "raw_value": 603000000000000000, "usd": 1401.418853262332, "payment_token": {"address": "0x0000000000000000000000000000000000000000", "symbol": "ETH", "decimals": 18}}, "marketplace_path": ["blur-aggregator", "blur"], "fees": [{"fee_type": "royalty", "recipient": "0x6650dc11f439f14d4dfbea75233bd9b0099a0647", "bps": 50, "price": {"value": 0.003015, "raw_value": 3015000000000000, "usd": 7.037029, "payment_token": {"address": "0x0000000000000000000000000000000000000000", "symbol": "ETH", "decimals": 18}}}], "trait_offer_target": null}, {"blockchain": "ETH", "sender": {"address": "0x9fe670ccd3a7a9f8152c1b090f8097f6fa1e5e03", "ens": "bayc1333.eth", "is_whale": false, "blockchain": "ETH", "is_contract": false, "is_blue_chip_holder": false, "is_super_blue_chip_holder": false, "is_multi_sign_wallet": false, "das": null, "alias": "bayc1333.eth"}, "receiver": {"address": "0x6ae6d97189db23613a966f97e9d9f1aa62c2a165", "ens": null, "is_whale": false, "blockchain": "ETH", "is_contract": false, "is_blue_chip_holder": false, "is_super_blue_chip_holder": false, "is_multi_sign_wallet": false, "das": null, "alias": null}, "event": "sale", "quantity": 1, "tx_hash": "0xf8c64e481afe5aae5ce709cdd8197821ffae91882b19c8c8c88b609e2fd9461c", "time": 1706720039, "nft": {"contract_address": "0xc274a97f1691ef390f662067e95a6eff1f99b504", "token_id": "2900", "name": "TinFun #2900", "blockchain": "ETH", "image": "https://lh3.googleusercontent.com/H4uolorq8T9MhGFUACOAWR2mCmbkRT3ZK9qGiFJR6PrnsN1hfCiihYYHVrtsxdMU3eKY52BOfGKfV1r5yegxRKiAp30rZdAFP1E", "contract_type": "ERC721"}, "collection": {"collection_id": "65a13036c284b18008bd25b7", "name": "TinFun", "logo": "https://i.seadn.io/s/raw/files/a531bedf317b5ffe5a35d559b5c94cd9.jpg?w=500&auto=format", "slug": "tin-fun"}, "gas_fee": {"value": 0.0102, "raw_value": 10200000000000000, "usd": 23.6818, "payment_token": {"address": "0x0000000000000000000000000000000000000000", "symbol": "ETH", "decimals": 18}}, "price": {"value": 0.5616, "raw_value": 561600000000000000, "usd": 1307.9074456367232, "payment_token": {"address": "0x0000000000000000000000000000000000000000", "symbol": "ETH", "decimals": 18}}, "marketplace_path": ["blur"], "fees": [{"fee_type": "royalty", "recipient": "0x6650dc11f439f14d4dfbea75233bd9b0099a0647", "bps": 50, "price": {"value": 0.002808, "raw_value": 2808000000000000, "usd": 6.490223, "payment_token": {"address": "0x0000000000000000000000000000000000000000", "symbol": "ETH", "decimals": 18}}}], "trait_offer_target": null}]