[{"blockchain": "ETH", "sender": {"address": "0x6ddb074b0b2b2fbb5417e49ab4f52d268a21a3af", "ens": "btcus.eth", "is_whale": false, "blockchain": "ETH", "is_contract": false, "is_blue_chip_holder": false, "is_super_blue_chip_holder": false, "is_multi_sign_wallet": false, "das": "cryptomakerich.bit", "alias": "btcus.eth"}, "receiver": {"address": "0x8177e9fa379b85e01b2b30140ddc446b9875106a", "ens": null, "is_whale": false, "blockchain": "ETH", "is_contract": true, "is_blue_chip_holder": false, "is_super_blue_chip_holder": false, "is_multi_sign_wallet": false, "das": null, "alias": null}, "event": "transfer", "quantity": 1, "tx_hash": "0xd9afeb814fc485d6cff14b982144e28eee07ffa3f1c575ec10624cad63c63fe6", "time": 1711715447, "nft": {"contract_address": "0xc274a97f1691ef390f662067e95a6eff1f99b504", "token_id": "4047", "name": "TinFun #4047", "blockchain": "ETH", "image": "https://lh3.googleusercontent.com/oYZ-auno_cCI6LNkG4LZm6_O0ddRjB6mFYXCvt2rfpjpeSKYcg7jDjVfKPwlMaAlHzF3_z1jhNW5ZfgixjSUkzGVfUqX5Vi9B4_e", "contract_type": "ERC721"}, "collection": {"collection_id": "65a13036c284b18008bd25b7", "name": "TinFun", "logo": "https://i.seadn.io/s/raw/files/a531bedf317b5ffe5a35d559b5c94cd9.jpg?w=500&auto=format", "slug": "tin-fun"}, "gas_fee": {"value": 0.0116, "raw_value": 11600000000000000, "usd": 41.1861, "payment_token": {"address": "0x0000000000000000000000000000000000000000", "symbol": "ETH", "decimals": 18}}, "price": null, "marketplace_path": [], "fees": [], "trait_offer_target": null}, {"blockchain": "ETH", "sender": {"address": "0x5ef7231a742a9da3b7151c274099f7a4814a0df3", "ens": null, "is_whale": false, "blockchain": "ETH", "is_contract": false, "is_blue_chip_holder": false, "is_super_blue_chip_holder": false, "is_multi_sign_wallet": false, "das": null, "alias": null}, "receiver": {"address": "0x6ddb074b0b2b2fbb5417e49ab4f52d268a21a3af", "ens": "btcus.eth", "is_whale": false, "blockchain": "ETH", "is_contract": false, "is_blue_chip_holder": false, "is_super_blue_chip_holder": false, "is_multi_sign_wallet": false, "das": "cryptomakerich.bit", "alias": "btcus.eth"}, "event": "sale", "quantity": 1, "tx_hash": "0xa2186feb1fb1ea327b1621f0d65e4d2a5d0f26107cf8a23d0feec07d501ab5ab", "time": 1705827767, "nft": {"contract_address": "0xc274a97f1691ef390f662067e95a6eff1f99b504", "token_id": "4047", "name": "TinFun #4047", "blockchain": "ETH", "image": "https://lh3.googleusercontent.com/oYZ-auno_cCI6LNkG4LZm6_O0ddRjB6mFYXCvt2rfpjpeSKYcg7jDjVfKPwlMaAlHzF3_z1jhNW5ZfgixjSUkzGVfUqX5Vi9B4_e", "contract_type": "ERC721"}, "collection": {"collection_id": "65a13036c284b18008bd25b7", "name": "TinFun", "logo": "https://i.seadn.io/s/raw/files/a531bedf317b5ffe5a35d559b5c94cd9.jpg?w=500&auto=format", "slug": "tin-fun"}, "gas_fee": {"value": 0.0017, "raw_value": 1700000000000000, "usd": 4.1254, "payment_token": {"address": "0x0000000000000000000000000000000000000000", "symbol": "ETH", "decimals": 18}}, "price": {"value": 0.59, "raw_value": 590000000000000000, "usd": 1458.996601034269, "payment_token": {"address": "0x0000000000000000000000000000000000000000", "symbol": "ETH", "decimals": 18}}, "marketplace_path": ["blur"], "fees": [{"fee_type": "royalty", "recipient": "0x6650dc11f439f14d4dfbea75233bd9b0099a0647", "bps": 50, "price": {"value": 0.00295, "raw_value": 2950000000000000, "usd": 7.28315, "payment_token": {"address": "0x0000000000a39bb272e79075ade125fd351887ac", "symbol": "BETH", "decimals": 18}}}], "trait_offer_target": null}, {"blockchain": "ETH", "sender": {"address": "0x62bd6a5377ea92b4030e1239cc02b28abb9976f4", "ens": null, "is_whale": false, "blockchain": "ETH", "is_contract": false, "is_blue_chip_holder": false, "is_super_blue_chip_holder": false, "is_multi_sign_wallet": false, "das": null, "alias": null}, "receiver": {"address": "0x5ef7231a742a9da3b7151c274099f7a4814a0df3", "ens": null, "is_whale": false, "blockchain": "ETH", "is_contract": false, "is_blue_chip_holder": false, "is_super_blue_chip_holder": false, "is_multi_sign_wallet": false, "das": null, "alias": null}, "event": "sale", "quantity": 1, "tx_hash": "0x95cb6d222ad50684c141aa89e34314e63111ce07172452dc97b8d6251b461005", "time": 1705824827, "nft": {"contract_address": "0xc274a97f1691ef390f662067e95a6eff1f99b504", "token_id": "4047", "name": "TinFun #4047", "blockchain": "ETH", "image": "https://lh3.googleusercontent.com/oYZ-auno_cCI6LNkG4LZm6_O0ddRjB6mFYXCvt2rfpjpeSKYcg7jDjVfKPwlMaAlHzF3_z1jhNW5ZfgixjSUkzGVfUqX5Vi9B4_e", "contract_type": "ERC721"}, "collection": {"collection_id": "65a13036c284b18008bd25b7", "name": "TinFun", "logo": "https://i.seadn.io/s/raw/files/a531bedf317b5ffe5a35d559b5c94cd9.jpg?w=500&auto=format", "slug": "tin-fun"}, "gas_fee": {"value": 0.0023, "raw_value": 2300000000000000, "usd": 5.7466, "payment_token": {"address": "0x0000000000000000000000000000000000000000", "symbol": "ETH", "decimals": 18}}, "price": {"value": 0.59, "raw_value": 590000000000000000, "usd": 1459.3436344463137, "payment_token": {"address": "0x0000000000000000000000000000000000000000", "symbol": "ETH", "decimals": 18}}, "marketplace_path": ["blur"], "fees": [{"fee_type": "royalty", "recipient": "0x6650dc11f439f14d4dfbea75233bd9b0099a0647", "bps": 50, "price": {"value": 0.00295, "raw_value": 2950000000000000, "usd": 7.291205, "payment_token": {"address": "0x0000000000a39bb272e79075ade125fd351887ac", "symbol": "BETH", "decimals": 18}}}], "trait_offer_target": null}, {"blockchain": "ETH", "sender": {"address": "0x1ab1c070c7f1958dbfc5537340cd8056580c43fc", "ens": "\u8054\u5408\u56fd\u94f6\u884c.eth", "is_whale": false, "blockchain": "ETH", "is_contract": false, "is_blue_chip_holder": false, "is_super_blue_chip_holder": false, "is_multi_sign_wallet": false, "das": null, "alias": "\u8054\u5408\u56fd\u94f6\u884c.eth"}, "receiver": {"address": "0x62bd6a5377ea92b4030e1239cc02b28abb9976f4", "ens": null, "is_whale": false, "blockchain": "ETH", "is_contract": false, "is_blue_chip_holder": false, "is_super_blue_chip_holder": false, "is_multi_sign_wallet": false, "das": null, "alias": null}, "event": "sale", "quantity": 1, "tx_hash": "0x4ed452ec6c97ec9c5ebc92c7ada9f820e9d27324bf19b70b18c1ee29bb92015a", "time": 1705498079, "nft": {"contract_address": "0xc274a97f1691ef390f662067e95a6eff1f99b504", "token_id": "4047", "name": "TinFun #4047", "blockchain": "ETH", "image": "https://lh3.googleusercontent.com/oYZ-auno_cCI6LNkG4LZm6_O0ddRjB6mFYXCvt2rfpjpeSKYcg7jDjVfKPwlMaAlHzF3_z1jhNW5ZfgixjSUkzGVfUqX5Vi9B4_e", "contract_type": "ERC721"}, "collection": {"collection_id": "65a13036c284b18008bd25b7", "name": "TinFun", "logo": "https://i.seadn.io/s/raw/files/a531bedf317b5ffe5a35d559b5c94cd9.jpg?w=500&auto=format", "slug": "tin-fun"}, "gas_fee": {"value": 0.007, "raw_value": 7000000000000000, "usd": 17.7695, "payment_token": {"address": "0x0000000000000000000000000000000000000000", "symbol": "ETH", "decimals": 18}}, "price": {"value": 0.759, "raw_value": 759000000000000000, "usd": 1935.9729811791, "payment_token": {"address": "0x0000000000000000000000000000000000000000", "symbol": "ETH", "decimals": 18}}, "marketplace_path": ["blur"], "fees": [{"fee_type": "royalty", "recipient": "0x6650dc11f439f14d4dfbea75233bd9b0099a0647", "bps": 50, "price": {"value": 0.003795, "raw_value": 3795000000000000, "usd": 9.681295, "payment_token": {"address": "0x0000000000000000000000000000000000000000", "symbol": "ETH", "decimals": 18}}}], "trait_offer_target": null}, {"blockchain": "ETH", "sender": {"address": "0x3eb879cc9a0ef4c6f1d870a40ae187768c278da2", "ens": "floorprotocol.eth", "is_whale": false, "blockchain": "ETH", "is_contract": true, "is_blue_chip_holder": true, "is_super_blue_chip_holder": true, "is_multi_sign_wallet": false, "das": null, "alias": "floorprotocol.eth"}, "receiver": {"address": "0x1ab1c070c7f1958dbfc5537340cd8056580c43fc", "ens": "\u8054\u5408\u56fd\u94f6\u884c.eth", "is_whale": false, "blockchain": "ETH", "is_contract": false, "is_blue_chip_holder": false, "is_super_blue_chip_holder": true, "is_multi_sign_wallet": false, "das": null, "alias": "\u8054\u5408\u56fd\u94f6\u884c.eth"}, "event": "transfer", "quantity": 1, "tx_hash": "0x6ed8791a8e8a26b95c8928e6f1e215d304795322d5e6195d1b4b76dd4d75ba34", "time": 1705495355, "nft": {"contract_address": "0xc274a97f1691ef390f662067e95a6eff1f99b504", "token_id": "4047", "name": "TinFun #4047", "blockchain": "ETH", "image": "https://lh3.googleusercontent.com/oYZ-auno_cCI6LNkG4LZm6_O0ddRjB6mFYXCvt2rfpjpeSKYcg7jDjVfKPwlMaAlHzF3_z1jhNW5ZfgixjSUkzGVfUqX5Vi9B4_e", "contract_type": "ERC721"}, "collection": {"collection_id": "65a13036c284b18008bd25b7", "name": "TinFun", "logo": "https://i.seadn.io/s/raw/files/a531bedf317b5ffe5a35d559b5c94cd9.jpg?w=500&auto=format", "slug": "tin-fun"}, "gas_fee": {"value": 0.005, "raw_value": 5000000000000000, "usd": 12.7697, "payment_token": {"address": "0x0000000000000000000000000000000000000000", "symbol": "ETH", "decimals": 18}}, "price": null, "marketplace_path": ["floor"], "fees": [], "trait_offer_target": null}, {"blockchain": "ETH", "sender": {"address": "0x7c7c9ce081becb5f44ef9eed3a90d99057d2eb53", "ens": "blockmemory.eth", "is_whale": false, "blockchain": "ETH", "is_contract": false, "is_blue_chip_holder": false, "is_super_blue_chip_holder": false, "is_multi_sign_wallet": false, "das": null, "alias": "blockmemory.eth"}, "receiver": {"address": "0x3eb879cc9a0ef4c6f1d870a40ae187768c278da2", "ens": "floorprotocol.eth", "is_whale": false, "blockchain": "ETH", "is_contract": true, "is_blue_chip_holder": true, "is_super_blue_chip_holder": false, "is_multi_sign_wallet": false, "das": null, "alias": "floorprotocol.eth"}, "event": "sale", "quantity": 1, "tx_hash": "0xf54be0c98606125525621a5c1fdd3344ff4f8b3a69543e04cc77e307aaabf23b", "time": 1705194863, "nft": {"contract_address": "0xc274a97f1691ef390f662067e95a6eff1f99b504", "token_id": "4047", "name": "TinFun #4047", "blockchain": "ETH", "image": "https://lh3.googleusercontent.com/oYZ-auno_cCI6LNkG4LZm6_O0ddRjB6mFYXCvt2rfpjpeSKYcg7jDjVfKPwlMaAlHzF3_z1jhNW5ZfgixjSUkzGVfUqX5Vi9B4_e", "contract_type": "ERC721"}, "collection": {"collection_id": "65a13036c284b18008bd25b7", "name": "TinFun", "logo": "https://i.seadn.io/s/raw/files/a531bedf317b5ffe5a35d559b5c94cd9.jpg?w=500&auto=format", "slug": "tin-fun"}, "gas_fee": {"value": 0.0053, "raw_value": 5300000000000000, "usd": 13.5484, "payment_token": {"address": "0x0000000000000000000000000000000000000000", "symbol": "ETH", "decimals": 18}}, "price": {"value": 0.8096013867482788, "raw_value": 809601386748278782, "usd": 2080.04718743386, "payment_token": {"address": "0xc02aaa39b223fe8d0a0e5c4f27ead9083c756cc2", "symbol": "WETH", "decimals": 18}}, "marketplace_path": ["floor"], "fees": [], "trait_offer_target": null}, {"blockchain": "ETH", "sender": {"address": "0x48c1d08d75e43eaab8597a52c2befd280c1c11d3", "ens": null, "is_whale": false, "blockchain": "ETH", "is_contract": false, "is_blue_chip_holder": false, "is_super_blue_chip_holder": false, "is_multi_sign_wallet": false, "das": null, "alias": null}, "receiver": {"address": "0x7c7c9ce081becb5f44ef9eed3a90d99057d2eb53", "ens": "blockmemory.eth", "is_whale": false, "blockchain": "ETH", "is_contract": false, "is_blue_chip_holder": false, "is_super_blue_chip_holder": false, "is_multi_sign_wallet": false, "das": null, "alias": "blockmemory.eth"}, "event": "sale", "quantity": 1, "tx_hash": "0x61d54f6c464f4c331f3d4f4563e5affc2d2d8565796c509f767b85ca07dfc4c1", "time": 1705194743, "nft": {"contract_address": "0xc274a97f1691ef390f662067e95a6eff1f99b504", "token_id": "4047", "name": "TinFun #4047", "blockchain": "ETH", "image": "https://lh3.googleusercontent.com/oYZ-auno_cCI6LNkG4LZm6_O0ddRjB6mFYXCvt2rfpjpeSKYcg7jDjVfKPwlMaAlHzF3_z1jhNW5ZfgixjSUkzGVfUqX5Vi9B4_e", "contract_type": "ERC721"}, "collection": {"collection_id": "65a13036c284b18008bd25b7", "name": "TinFun", "logo": "https://i.seadn.io/s/raw/files/a531bedf317b5ffe5a35d559b5c94cd9.jpg?w=500&auto=format", "slug": "tin-fun"}, "gas_fee": {"value": 0.0032, "raw_value": 3200000000000000, "usd": 8.0956, "payment_token": {"address": "0x0000000000000000000000000000000000000000", "symbol": "ETH", "decimals": 18}}, "price": {"value": 0.804, "raw_value": 804000000000000000, "usd": 2061.755387052746, "payment_token": {"address": "0x0000000000000000000000000000000000000000", "symbol": "ETH", "decimals": 18}}, "marketplace_path": ["blur-aggregator", "blur"], "fees": [{"fee_type": "royalty", "recipient": "0x6650dc11f439f14d4dfbea75233bd9b0099a0647", "bps": 50, "price": {"value": 0.00402, "raw_value": 4020000000000000, "usd": 10.359452, "payment_token": {"address": "0x0000000000000000000000000000000000000000", "symbol": "ETH", "decimals": 18}}}], "trait_offer_target": null}, {"blockchain": "ETH", "sender": {"address": "0xb037e6ec508991fa68777ae940109095a179cd1f", "ens": null, "is_whale": false, "blockchain": "ETH", "is_contract": false, "is_blue_chip_holder": false, "is_super_blue_chip_holder": false, "is_multi_sign_wallet": false, "das": null, "alias": null}, "receiver": {"address": "0x48c1d08d75e43eaab8597a52c2befd280c1c11d3", "ens": null, "is_whale": false, "blockchain": "ETH", "is_contract": false, "is_blue_chip_holder": false, "is_super_blue_chip_holder": false, "is_multi_sign_wallet": false, "das": null, "alias": null}, "event": "sale", "quantity": 1, "tx_hash": "0x1fd6050dddd25983fcfb99ea9cc57d051b63137eb9e9749b1e8c4033fa434de5", "time": 1705194443, "nft": {"contract_address": "0xc274a97f1691ef390f662067e95a6eff1f99b504", "token_id": "4047", "name": "TinFun #4047", "blockchain": "ETH", "image": "https://lh3.googleusercontent.com/oYZ-auno_cCI6LNkG4LZm6_O0ddRjB6mFYXCvt2rfpjpeSKYcg7jDjVfKPwlMaAlHzF3_z1jhNW5ZfgixjSUkzGVfUqX5Vi9B4_e", "contract_type": "ERC721"}, "collection": {"collection_id": "65a13036c284b18008bd25b7", "name": "TinFun", "logo": "https://i.seadn.io/s/raw/files/a531bedf317b5ffe5a35d559b5c94cd9.jpg?w=500&auto=format", "slug": "tin-fun"}, "gas_fee": {"value": 0.0029, "raw_value": 2900000000000000, "usd": 7.3399, "payment_token": {"address": "0x0000000000000000000000000000000000000000", "symbol": "ETH", "decimals": 18}}, "price": {"value": 0.8, "raw_value": 800000000000000000, "usd": 2051.497897564921, "payment_token": {"address": "0x0000000000000000000000000000000000000000", "symbol": "ETH", "decimals": 18}}, "marketplace_path": ["blur"], "fees": [{"fee_type": "royalty", "recipient": "0x6650dc11f439f14d4dfbea75233bd9b0099a0647", "bps": 50, "price": {"value": 0.004, "raw_value": 4000000000000000, "usd": 10.307912, "payment_token": {"address": "0x0000000000a39bb272e79075ade125fd351887ac", "symbol": "BETH", "decimals": 18}}}], "trait_offer_target": null}, {"blockchain": "ETH", "sender": {"address": "0x73d30ba3dc4ffd17c28cc2d75d12e50df98f29cf", "ens": "nakiri.eth", "is_whale": false, "blockchain": "ETH", "is_contract": false, "is_blue_chip_holder": false, "is_super_blue_chip_holder": false, "is_multi_sign_wallet": false, "das": null, "alias": "nakiri.eth"}, "receiver": {"address": "0xb037e6ec508991fa68777ae940109095a179cd1f", "ens": null, "is_whale": false, "blockchain": "ETH", "is_contract": false, "is_blue_chip_holder": false, "is_super_blue_chip_holder": false, "is_multi_sign_wallet": false, "das": null, "alias": null}, "event": "sale", "quantity": 1, "tx_hash": "0x90686b0f5496d42feb236836352a6d6ba7f392473a690b31f1f6fee5976de7ea", "time": 1705192583, "nft": {"contract_address": "0xc274a97f1691ef390f662067e95a6eff1f99b504", "token_id": "4047", "name": "TinFun #4047", "blockchain": "ETH", "image": "https://lh3.googleusercontent.com/oYZ-auno_cCI6LNkG4LZm6_O0ddRjB6mFYXCvt2rfpjpeSKYcg7jDjVfKPwlMaAlHzF3_z1jhNW5ZfgixjSUkzGVfUqX5Vi9B4_e", "contract_type": "ERC721"}, "collection": {"collection_id": "65a13036c284b18008bd25b7", "name": "TinFun", "logo": "https://i.seadn.io/s/raw/files/a531bedf317b5ffe5a35d559b5c94cd9.jpg?w=500&auto=format", "slug": "tin-fun"}, "gas_fee": {"value": 0.0123, "raw_value": 12300000000000000, "usd": 31.6869, "payment_token": {"address": "0x0000000000000000000000000000000000000000", "symbol": "ETH", "decimals": 18}}, "price": {"value": 0.82, "raw_value": 820000000000000000, "usd": 2113.963066814458, "payment_token": {"address": "0x0000000000000000000000000000000000000000", "symbol": "ETH", "decimals": 18}}, "marketplace_path": ["blur"], "fees": [{"fee_type": "royalty", "recipient": "0x6650dc11f439f14d4dfbea75233bd9b0099a0647", "bps": 50, "price": {"value": 0.0041, "raw_value": 4100000000000000, "usd": 10.54925, "payment_token": {"address": "0x0000000000a39bb272e79075ade125fd351887ac", "symbol": "BETH", "decimals": 18}}}], "trait_offer_target": null}, {"blockchain": "ETH", "sender": {"address": "0xd61c66607c0ba44172bd5c5f5b7c0fd79d64c6c8", "ens": "sxk430.eth", "is_whale": false, "blockchain": "ETH", "is_contract": false, "is_blue_chip_holder": false, "is_super_blue_chip_holder": false, "is_multi_sign_wallet": false, "das": null, "alias": "sxk430.eth"}, "receiver": {"address": "0x73d30ba3dc4ffd17c28cc2d75d12e50df98f29cf", "ens": "nakiri.eth", "is_whale": false, "blockchain": "ETH", "is_contract": false, "is_blue_chip_holder": false, "is_super_blue_chip_holder": false, "is_multi_sign_wallet": false, "das": null, "alias": "nakiri.eth"}, "event": "sale", "quantity": 1, "tx_hash": "0x7795bb42a88434315558fb65142b7e13fc9c4b1fb6b65cefb474ca851196a683", "time": 1705162331, "nft": {"contract_address": "0xc274a97f1691ef390f662067e95a6eff1f99b504", "token_id": "4047", "name": "TinFun #4047", "blockchain": "ETH", "image": "https://lh3.googleusercontent.com/oYZ-auno_cCI6LNkG4LZm6_O0ddRjB6mFYXCvt2rfpjpeSKYcg7jDjVfKPwlMaAlHzF3_z1jhNW5ZfgixjSUkzGVfUqX5Vi9B4_e", "contract_type": "ERC721"}, "collection": {"collection_id": "65a13036c284b18008bd25b7", "name": "TinFun", "logo": "https://i.seadn.io/s/raw/files/a531bedf317b5ffe5a35d559b5c94cd9.jpg?w=500&auto=format", "slug": "tin-fun"}, "gas_fee": {"value": 0.0038, "raw_value": 3800000000000000, "usd": 9.6437, "payment_token": {"address": "0x0000000000000000000000000000000000000000", "symbol": "ETH", "decimals": 18}}, "price": {"value": 0.82, "raw_value": 820000000000000000, "usd": 2102.1037465792147, "payment_token": {"address": "0x0000000000000000000000000000000000000000", "symbol": "ETH", "decimals": 18}}, "marketplace_path": ["blur"], "fees": [{"fee_type": "royalty", "recipient": "0x6650dc11f439f14d4dfbea75233bd9b0099a0647", "bps": 50, "price": {"value": 0.0041, "raw_value": 4100000000000000, "usd": 10.418812, "payment_token": {"address": "0x0000000000a39bb272e79075ade125fd351887ac", "symbol": "BETH", "decimals": 18}}}], "trait_offer_target": null}, {"blockchain": "ETH", "sender": {"address": "0xf1eb2128d6c4a113282949a7e3454f3bcca0aeb5", "ens": "axxx.eth", "is_whale": false, "blockchain": "ETH", "is_contract": false, "is_blue_chip_holder": false, "is_super_blue_chip_holder": false, "is_multi_sign_wallet": false, "das": null, "alias": "axxx.eth"}, "receiver": {"address": "0xd61c66607c0ba44172bd5c5f5b7c0fd79d64c6c8", "ens": "sxk430.eth", "is_whale": false, "blockchain": "ETH", "is_contract": false, "is_blue_chip_holder": false, "is_super_blue_chip_holder": false, "is_multi_sign_wallet": false, "das": null, "alias": "sxk430.eth"}, "event": "sale", "quantity": 1, "tx_hash": "0xbe35182cda6b18518402350719ea83a9495d33bf8fb843ede6deadac0da8be02", "time": 1705082327, "nft": {"contract_address": "0xc274a97f1691ef390f662067e95a6eff1f99b504", "token_id": "4047", "name": "TinFun #4047", "blockchain": "ETH", "image": "https://lh3.googleusercontent.com/oYZ-auno_cCI6LNkG4LZm6_O0ddRjB6mFYXCvt2rfpjpeSKYcg7jDjVfKPwlMaAlHzF3_z1jhNW5ZfgixjSUkzGVfUqX5Vi9B4_e", "contract_type": "ERC721"}, "collection": {"collection_id": "65a13036c284b18008bd25b7", "name": "TinFun", "logo": "https://i.seadn.io/s/raw/files/a531bedf317b5ffe5a35d559b5c94cd9.jpg?w=500&auto=format", "slug": "tin-fun"}, "gas_fee": {"value": 0.0052, "raw_value": 5200000000000000, "usd": 13.7022, "payment_token": {"address": "0x0000000000000000000000000000000000000000", "symbol": "ETH", "decimals": 18}}, "price": {"value": 0.77, "raw_value": 770000000000000000, "usd": 2015.465679704586, "payment_token": {"address": "0x0000000000000000000000000000000000000000", "symbol": "ETH", "decimals": 18}}, "marketplace_path": ["blur"], "fees": [{"fee_type": "royalty", "recipient": "0x6650dc11f439f14d4dfbea75233bd9b0099a0647", "bps": 50, "price": {"value": 0.00385, "raw_value": 3850000000000000, "usd": 10.420941, "payment_token": {"address": "0x0000000000a39bb272e79075ade125fd351887ac", "symbol": "BETH", "decimals": 18}}}], "trait_offer_target": null}, {"blockchain": "ETH", "sender": {"address": "0xaaa5f22ffc9696a7293fc343f715879a4ac64797", "ens": null, "is_whale": false, "blockchain": "ETH", "is_contract": false, "is_blue_chip_holder": false, "is_super_blue_chip_holder": false, "is_multi_sign_wallet": false, "das": null, "alias": null}, "receiver": {"address": "0xf1eb2128d6c4a113282949a7e3454f3bcca0aeb5", "ens": "axxx.eth", "is_whale": false, "blockchain": "ETH", "is_contract": false, "is_blue_chip_holder": false, "is_super_blue_chip_holder": false, "is_multi_sign_wallet": false, "das": null, "alias": "axxx.eth"}, "event": "transfer", "quantity": 1, "tx_hash": "0xf9f7e2bd0aa65a460d25e0333d4f0dd879e84c99e7520995dd0efadece639e2e", "time": 1705063331, "nft": {"contract_address": "0xc274a97f1691ef390f662067e95a6eff1f99b504", "token_id": "4047", "name": "TinFun #4047", "blockchain": "ETH", "image": "https://lh3.googleusercontent.com/oYZ-auno_cCI6LNkG4LZm6_O0ddRjB6mFYXCvt2rfpjpeSKYcg7jDjVfKPwlMaAlHzF3_z1jhNW5ZfgixjSUkzGVfUqX5Vi9B4_e", "contract_type": "ERC721"}, "collection": {"collection_id": "65a13036c284b18008bd25b7", "name": "TinFun", "logo": "https://i.seadn.io/s/raw/files/a531bedf317b5ffe5a35d559b5c94cd9.jpg?w=500&auto=format", "slug": "tin-fun"}, "gas_fee": {"value": 0.0035, "raw_value": 3500000000000000, "usd": 9.3313, "payment_token": {"address": "0x0000000000000000000000000000000000000000", "symbol": "ETH", "decimals": 18}}, "price": null, "marketplace_path": [], "fees": [], "trait_offer_target": null}]