[{"blockchain": "ETH", "sender": {"address": "0xa9fe91f1b7d19b058b4dde024b3755c874ce69a9", "ens": null, "is_whale": false, "blockchain": "ETH", "is_contract": false, "is_blue_chip_holder": false, "is_super_blue_chip_holder": false, "is_multi_sign_wallet": false, "das": null, "alias": null}, "receiver": {"address": "0x7dc6b4cac7e9e98366d636798b3b618fe5d4fdba", "ens": null, "is_whale": false, "blockchain": "ETH", "is_contract": false, "is_blue_chip_holder": false, "is_super_blue_chip_holder": false, "is_multi_sign_wallet": false, "das": null, "alias": null}, "event": "transfer", "quantity": 1, "tx_hash": "0x37180c75287eaeb238940d85cb17039a6809d91c345ad84c1bf97202fa2b0088", "time": 1708784483, "nft": {"contract_address": "0xc274a97f1691ef390f662067e95a6eff1f99b504", "token_id": "1697", "name": "TinFun #1697", "blockchain": "ETH", "image": "https://lh3.googleusercontent.com/nY5Zb_JB8i0cj6ZIL3phn1pragIcHBuB2Qiujh0HUKUDMRsrfRr-oHJ8UdpbR0YMB1F-1M9M8P6gK2nvn_EK3Ay550kMSNmiWFU", "contract_type": "ERC721"}, "collection": {"collection_id": "65a13036c284b18008bd25b7", "name": "TinFun", "logo": "https://i.seadn.io/s/raw/files/a531bedf317b5ffe5a35d559b5c94cd9.jpg?w=500&auto=format", "slug": "tin-fun"}, "gas_fee": {"value": 0.0016, "raw_value": 1600000000000000, "usd": 4.6969, "payment_token": {"address": "0x0000000000000000000000000000000000000000", "symbol": "ETH", "decimals": 18}}, "price": null, "marketplace_path": [], "fees": [], "trait_offer_target": null}]