[{"blockchain": "ETH", "sender": {"address": "0x2f875745e582fd76595f5b191beba53333aadc01", "ens": null, "is_whale": false, "blockchain": "ETH", "is_contract": false, "is_blue_chip_holder": false, "is_super_blue_chip_holder": false, "is_multi_sign_wallet": false, "das": null, "alias": null}, "receiver": {"address": "0x8177e9fa379b85e01b2b30140ddc446b9875106a", "ens": null, "is_whale": false, "blockchain": "ETH", "is_contract": true, "is_blue_chip_holder": false, "is_super_blue_chip_holder": false, "is_multi_sign_wallet": false, "das": null, "alias": null}, "event": "transfer", "quantity": 1, "tx_hash": "0xcbf189064287443adff1226b90344373516c818b9dcb8a035b15a83426478096", "time": 1711697543, "nft": {"contract_address": "0xc274a97f1691ef390f662067e95a6eff1f99b504", "token_id": "7000", "name": "TinFun #7000", "blockchain": "ETH", "image": "https://lh3.googleusercontent.com/WxHhpHhLHWxfIm1h7N_I-fcfx7KORh_aMxGK5yXwd8BV9A2QoFSSMTGtywvpIpg39hJJLZ3Fd0Ym5A6CkOSIqQWg7kGpWJ4zZAo", "contract_type": "ERC721"}, "collection": {"collection_id": "65a13036c284b18008bd25b7", "name": "TinFun", "logo": "https://i.seadn.io/s/raw/files/a531bedf317b5ffe5a35d559b5c94cd9.jpg?w=500&auto=format", "slug": "tin-fun"}, "gas_fee": {"value": 0.0029, "raw_value": 2900000000000000, "usd": 10.342, "payment_token": {"address": "0x0000000000000000000000000000000000000000", "symbol": "ETH", "decimals": 18}}, "price": null, "marketplace_path": [], "fees": [], "trait_offer_target": null}, {"blockchain": "ETH", "sender": {"address": "0xc51a308353160178c44eaa9c6366eb95a44b38be", "ens": "\u4e0e\u72d7\u5e84\u5171\u821e.eth", "is_whale": false, "blockchain": "ETH", "is_contract": false, "is_blue_chip_holder": false, "is_super_blue_chip_holder": false, "is_multi_sign_wallet": false, "das": null, "alias": "\u4e0e\u72d7\u5e84\u5171\u821e.eth"}, "receiver": {"address": "0x2f875745e582fd76595f5b191beba53333aadc01", "ens": null, "is_whale": false, "blockchain": "ETH", "is_contract": false, "is_blue_chip_holder": false, "is_super_blue_chip_holder": false, "is_multi_sign_wallet": false, "das": null, "alias": null}, "event": "transfer", "quantity": 1, "tx_hash": "0x8f9a90a182d438e3f2ea003cc72b5e30e60a918d9b2b168c2780bcc7018e0dfd", "time": 1708786667, "nft": {"contract_address": "0xc274a97f1691ef390f662067e95a6eff1f99b504", "token_id": "7000", "name": "TinFun #7000", "blockchain": "ETH", "image": "https://lh3.googleusercontent.com/WxHhpHhLHWxfIm1h7N_I-fcfx7KORh_aMxGK5yXwd8BV9A2QoFSSMTGtywvpIpg39hJJLZ3Fd0Ym5A6CkOSIqQWg7kGpWJ4zZAo", "contract_type": "ERC721"}, "collection": {"collection_id": "65a13036c284b18008bd25b7", "name": "TinFun", "logo": "https://i.seadn.io/s/raw/files/a531bedf317b5ffe5a35d559b5c94cd9.jpg?w=500&auto=format", "slug": "tin-fun"}, "gas_fee": {"value": 0.0013, "raw_value": 1300000000000000, "usd": 3.8512, "payment_token": {"address": "0x0000000000000000000000000000000000000000", "symbol": "ETH", "decimals": 18}}, "price": null, "marketplace_path": [], "fees": [], "trait_offer_target": null}, {"blockchain": "ETH", "sender": {"address": "0x5f2617d2f1d9fd967e2bc181709ad5afb9516cd1", "ens": null, "is_whale": false, "blockchain": "ETH", "is_contract": false, "is_blue_chip_holder": false, "is_super_blue_chip_holder": false, "is_multi_sign_wallet": false, "das": null, "alias": null}, "receiver": {"address": "0xc51a308353160178c44eaa9c6366eb95a44b38be", "ens": "\u4e0e\u72d7\u5e84\u5171\u821e.eth", "is_whale": false, "blockchain": "ETH", "is_contract": false, "is_blue_chip_holder": false, "is_super_blue_chip_holder": false, "is_multi_sign_wallet": false, "das": null, "alias": "\u4e0e\u72d7\u5e84\u5171\u821e.eth"}, "event": "sale", "quantity": 1, "tx_hash": "0x29166fb561c65af86955d542a6be77fc83ce8d34cc846df8ff7e7a626faddf62", "time": 1708786571, "nft": {"contract_address": "0xc274a97f1691ef390f662067e95a6eff1f99b504", "token_id": "7000", "name": "TinFun #7000", "blockchain": "ETH", "image": "https://lh3.googleusercontent.com/WxHhpHhLHWxfIm1h7N_I-fcfx7KORh_aMxGK5yXwd8BV9A2QoFSSMTGtywvpIpg39hJJLZ3Fd0Ym5A6CkOSIqQWg7kGpWJ4zZAo", "contract_type": "ERC721"}, "collection": {"collection_id": "65a13036c284b18008bd25b7", "name": "TinFun", "logo": "https://i.seadn.io/s/raw/files/a531bedf317b5ffe5a35d559b5c94cd9.jpg?w=500&auto=format", "slug": "tin-fun"}, "gas_fee": {"value": 0.0043, "raw_value": 4300000000000000, "usd": 12.6799, "payment_token": {"address": "0x0000000000000000000000000000000000000000", "symbol": "ETH", "decimals": 18}}, "price": {"value": 0.5, "raw_value": 500000000000000000, "usd": 1482.8305397704146, "payment_token": {"address": "0x0000000000000000000000000000000000000000", "symbol": "ETH", "decimals": 18}}, "marketplace_path": ["blur-aggregator", "blur"], "fees": [{"fee_type": "royalty", "recipient": "0x6650dc11f439f14d4dfbea75233bd9b0099a0647", "bps": 50, "price": {"value": 0.0025, "raw_value": 2500000000000000, "usd": 7.402918, "payment_token": {"address": "0x0000000000000000000000000000000000000000", "symbol": "ETH", "decimals": 18}}}], "trait_offer_target": null}, {"blockchain": "ETH", "sender": {"address": "0xacebeba5ea3b690c9da84bf30382d45c7199acf8", "ens": null, "is_whale": false, "blockchain": "ETH", "is_contract": false, "is_blue_chip_holder": false, "is_super_blue_chip_holder": false, "is_multi_sign_wallet": false, "das": null, "alias": null}, "receiver": {"address": "0x5f2617d2f1d9fd967e2bc181709ad5afb9516cd1", "ens": null, "is_whale": false, "blockchain": "ETH", "is_contract": false, "is_blue_chip_holder": false, "is_super_blue_chip_holder": false, "is_multi_sign_wallet": false, "das": null, "alias": null}, "event": "transfer", "quantity": 1, "tx_hash": "0xdee02c0b890c4e6a4abf24e6c40ae2fb5aaa3da794f38cf9f9432ee1bab271bf", "time": 1705238411, "nft": {"contract_address": "0xc274a97f1691ef390f662067e95a6eff1f99b504", "token_id": "7000", "name": "TinFun #7000", "blockchain": "ETH", "image": "https://lh3.googleusercontent.com/WxHhpHhLHWxfIm1h7N_I-fcfx7KORh_aMxGK5yXwd8BV9A2QoFSSMTGtywvpIpg39hJJLZ3Fd0Ym5A6CkOSIqQWg7kGpWJ4zZAo", "contract_type": "ERC721"}, "collection": {"collection_id": "65a13036c284b18008bd25b7", "name": "TinFun", "logo": "https://i.seadn.io/s/raw/files/a531bedf317b5ffe5a35d559b5c94cd9.jpg?w=500&auto=format", "slug": "tin-fun"}, "gas_fee": {"value": 0.0027, "raw_value": 2700000000000000, "usd": 6.9222, "payment_token": {"address": "0x0000000000000000000000000000000000000000", "symbol": "ETH", "decimals": 18}}, "price": null, "marketplace_path": [], "fees": [], "trait_offer_target": null}]