[{"blockchain": "ETH", "sender": {"address": "0x1cdce7c278a6792232c1baf39d917b1267e58d42", "ens": null, "is_whale": false, "blockchain": "ETH", "is_contract": false, "is_blue_chip_holder": false, "is_super_blue_chip_holder": false, "is_multi_sign_wallet": false, "das": null, "alias": null}, "receiver": {"address": "0x8177e9fa379b85e01b2b30140ddc446b9875106a", "ens": null, "is_whale": false, "blockchain": "ETH", "is_contract": true, "is_blue_chip_holder": false, "is_super_blue_chip_holder": false, "is_multi_sign_wallet": false, "das": null, "alias": null}, "event": "transfer", "quantity": 1, "tx_hash": "0x17ae22a0e9fca79ccb336b9736d4140231c50798a5770044c3af62014ddd829f", "time": 1711700915, "nft": {"contract_address": "0xc274a97f1691ef390f662067e95a6eff1f99b504", "token_id": "9337", "name": "TinFun #9337", "blockchain": "ETH", "image": "https://lh3.googleusercontent.com/An4K5KjTqNKdjxR7T5xnFbvVKvlcSkqBi4w2OMB2g25LK-N-1CCoiAw2MlEZ-K2cDgfFn-d7gEaJaQ4xNyBF87siWVh9wzMLc4FM", "contract_type": "ERC721"}, "collection": {"collection_id": "65a13036c284b18008bd25b7", "name": "TinFun", "logo": "https://i.seadn.io/s/raw/files/a531bedf317b5ffe5a35d559b5c94cd9.jpg?w=500&auto=format", "slug": "tin-fun"}, "gas_fee": {"value": 0.0037, "raw_value": 3700000000000000, "usd": 13.0286, "payment_token": {"address": "0x0000000000000000000000000000000000000000", "symbol": "ETH", "decimals": 18}}, "price": null, "marketplace_path": [], "fees": [], "trait_offer_target": null}, {"blockchain": "ETH", "sender": {"address": "0x516820f57239f34e9b942220b78bbfd232c48f63", "ens": null, "is_whale": false, "blockchain": "ETH", "is_contract": false, "is_blue_chip_holder": false, "is_super_blue_chip_holder": false, "is_multi_sign_wallet": false, "das": null, "alias": null}, "receiver": {"address": "0x1cdce7c278a6792232c1baf39d917b1267e58d42", "ens": null, "is_whale": false, "blockchain": "ETH", "is_contract": false, "is_blue_chip_holder": false, "is_super_blue_chip_holder": false, "is_multi_sign_wallet": false, "das": null, "alias": null}, "event": "sale", "quantity": 1, "tx_hash": "0x7c83a8a0b51cc7ffd941c301656bfffe591d46303cc5b4d35a3c7ce433ac0559", "time": 1705064231, "nft": {"contract_address": "0xc274a97f1691ef390f662067e95a6eff1f99b504", "token_id": "9337", "name": "TinFun #9337", "blockchain": "ETH", "image": "https://lh3.googleusercontent.com/An4K5KjTqNKdjxR7T5xnFbvVKvlcSkqBi4w2OMB2g25LK-N-1CCoiAw2MlEZ-K2cDgfFn-d7gEaJaQ4xNyBF87siWVh9wzMLc4FM", "contract_type": "ERC721"}, "collection": {"collection_id": "65a13036c284b18008bd25b7", "name": "TinFun", "logo": "https://i.seadn.io/s/raw/files/a531bedf317b5ffe5a35d559b5c94cd9.jpg?w=500&auto=format", "slug": "tin-fun"}, "gas_fee": {"value": 0.0056, "raw_value": 5600000000000000, "usd": 14.7536, "payment_token": {"address": "0x0000000000000000000000000000000000000000", "symbol": "ETH", "decimals": 18}}, "price": {"value": 0.79, "raw_value": 790000000000000000, "usd": 2091.6810453490198, "payment_token": {"address": "0x0000000000000000000000000000000000000000", "symbol": "ETH", "decimals": 18}}, "marketplace_path": ["element"], "fees": [], "trait_offer_target": null}]