[{"blockchain": "ETH", "sender": {"address": "0x5187a97a0ba2e23cc286ac71351b908aeb3487f9", "ens": null, "is_whale": false, "blockchain": "ETH", "is_contract": false, "is_blue_chip_holder": false, "is_super_blue_chip_holder": false, "is_multi_sign_wallet": false, "das": null, "alias": null}, "receiver": {"address": "0x8177e9fa379b85e01b2b30140ddc446b9875106a", "ens": null, "is_whale": false, "blockchain": "ETH", "is_contract": true, "is_blue_chip_holder": false, "is_super_blue_chip_holder": false, "is_multi_sign_wallet": false, "das": null, "alias": null}, "event": "transfer", "quantity": 1, "tx_hash": "0xf5eef2c78eddf1e09fb07e27d5ada90147f83dfee11450bd7298c16dcdf179d0", "time": 1712878223, "nft": {"contract_address": "0xc274a97f1691ef390f662067e95a6eff1f99b504", "token_id": "2078", "name": "TinFun #2078", "blockchain": "ETH", "image": "https://lh3.googleusercontent.com/tRiRK7Y8ft7QT8Xgh2wh6tikk16ppZSd-koYEsD8XBzh4wk2G2jGI8SpkJqPNOBYW021qiA35yLY9REZVMdFb0Rtkg3Q2msDWxhn", "contract_type": "ERC721"}, "collection": {"collection_id": "65a13036c284b18008bd25b7", "name": "TinFun", "logo": "https://i.seadn.io/s/raw/files/a531bedf317b5ffe5a35d559b5c94cd9.jpg?w=500&auto=format", "slug": "tin-fun"}, "gas_fee": {"value": 0.0013, "raw_value": 1300000000000000, "usd": 4.4538, "payment_token": {"address": "0x0000000000000000000000000000000000000000", "symbol": "ETH", "decimals": 18}}, "price": null, "marketplace_path": [], "fees": [], "trait_offer_target": null}]