[{"blockchain": "ETH", "sender": {"address": "0x3eb879cc9a0ef4c6f1d870a40ae187768c278da2", "ens": "floorprotocol.eth", "is_whale": false, "blockchain": "ETH", "is_contract": true, "is_blue_chip_holder": true, "is_super_blue_chip_holder": true, "is_multi_sign_wallet": false, "das": null, "alias": "floorprotocol.eth"}, "receiver": {"address": "0x3eb879cc9a0ef4c6f1d870a40ae187768c278da2", "ens": "floorprotocol.eth", "is_whale": false, "blockchain": "ETH", "is_contract": true, "is_blue_chip_holder": true, "is_super_blue_chip_holder": true, "is_multi_sign_wallet": false, "das": null, "alias": "floorprotocol.eth"}, "event": "transfer", "quantity": 1, "tx_hash": "0x1d896ba7a909cc39073d03cf0eb34282c971514c81de62fabe4fa0db0fba89ed", "time": 1708790267, "nft": {"contract_address": "0xc274a97f1691ef390f662067e95a6eff1f99b504", "token_id": "1438", "name": "TinFun #1438", "blockchain": "ETH", "image": "https://lh3.googleusercontent.com/AIlYoh9OvDK3bQGgLj5KvDGSs6Nlx8SEP8ho9CVcaOqmG6rsStteFO8BbH4vroiH9WZoKHLFKVT9zzMxFiAhSOhrmqBJ2W8m6FA", "contract_type": "ERC721"}, "collection": {"collection_id": "65a13036c284b18008bd25b7", "name": "TinFun", "logo": "https://i.seadn.io/s/raw/files/a531bedf317b5ffe5a35d559b5c94cd9.jpg?w=500&auto=format", "slug": "tin-fun"}, "gas_fee": {"value": 0.0211, "raw_value": 21100000000000000, "usd": 62.3471, "payment_token": {"address": "0x0000000000000000000000000000000000000000", "symbol": "ETH", "decimals": 18}}, "price": null, "marketplace_path": ["floor"], "fees": [], "trait_offer_target": null}, {"blockchain": "ETH", "sender": {"address": "0x3eb879cc9a0ef4c6f1d870a40ae187768c278da2", "ens": "floorprotocol.eth", "is_whale": false, "blockchain": "ETH", "is_contract": true, "is_blue_chip_holder": true, "is_super_blue_chip_holder": true, "is_multi_sign_wallet": false, "das": null, "alias": "floorprotocol.eth"}, "receiver": {"address": "0x3eb879cc9a0ef4c6f1d870a40ae187768c278da2", "ens": "floorprotocol.eth", "is_whale": false, "blockchain": "ETH", "is_contract": true, "is_blue_chip_holder": true, "is_super_blue_chip_holder": true, "is_multi_sign_wallet": false, "das": null, "alias": "floorprotocol.eth"}, "event": "transfer", "quantity": 1, "tx_hash": "0xa77d7ced6d21c580fb8fba506d9fb797b2a6bcd44e1251354de400fd4b9d5d56", "time": 1708783235, "nft": {"contract_address": "0xc274a97f1691ef390f662067e95a6eff1f99b504", "token_id": "1438", "name": "TinFun #1438", "blockchain": "ETH", "image": "https://lh3.googleusercontent.com/AIlYoh9OvDK3bQGgLj5KvDGSs6Nlx8SEP8ho9CVcaOqmG6rsStteFO8BbH4vroiH9WZoKHLFKVT9zzMxFiAhSOhrmqBJ2W8m6FA", "contract_type": "ERC721"}, "collection": {"collection_id": "65a13036c284b18008bd25b7", "name": "TinFun", "logo": "https://i.seadn.io/s/raw/files/a531bedf317b5ffe5a35d559b5c94cd9.jpg?w=500&auto=format", "slug": "tin-fun"}, "gas_fee": {"value": 0.0472, "raw_value": 47200000000000000, "usd": 139.9528, "payment_token": {"address": "0x0000000000000000000000000000000000000000", "symbol": "ETH", "decimals": 18}}, "price": null, "marketplace_path": ["floor"], "fees": [], "trait_offer_target": null}, {"blockchain": "ETH", "sender": {"address": "0x9c731c50fb63ee893121245b58816e212f64df6e", "ens": null, "is_whale": false, "blockchain": "ETH", "is_contract": false, "is_blue_chip_holder": false, "is_super_blue_chip_holder": false, "is_multi_sign_wallet": false, "das": null, "alias": null}, "receiver": {"address": "0x3eb879cc9a0ef4c6f1d870a40ae187768c278da2", "ens": "floorprotocol.eth", "is_whale": false, "blockchain": "ETH", "is_contract": true, "is_blue_chip_holder": true, "is_super_blue_chip_holder": false, "is_multi_sign_wallet": false, "das": null, "alias": "floorprotocol.eth"}, "event": "sale", "quantity": 1, "tx_hash": "0xbf5e40b6f99bb793743630e6f6c000424322746dc46dd43845110a50f7eaf4bb", "time": 1707088283, "nft": {"contract_address": "0xc274a97f1691ef390f662067e95a6eff1f99b504", "token_id": "1438", "name": "TinFun #1438", "blockchain": "ETH", "image": "https://lh3.googleusercontent.com/AIlYoh9OvDK3bQGgLj5KvDGSs6Nlx8SEP8ho9CVcaOqmG6rsStteFO8BbH4vroiH9WZoKHLFKVT9zzMxFiAhSOhrmqBJ2W8m6FA", "contract_type": "ERC721"}, "collection": {"collection_id": "65a13036c284b18008bd25b7", "name": "TinFun", "logo": "https://i.seadn.io/s/raw/files/a531bedf317b5ffe5a35d559b5c94cd9.jpg?w=500&auto=format", "slug": "tin-fun"}, "gas_fee": {"value": 0.0048, "raw_value": 4800000000000000, "usd": 10.8937, "payment_token": {"address": "0x0000000000000000000000000000000000000000", "symbol": "ETH", "decimals": 18}}, "price": {"value": 0.6090792957482974, "raw_value": 609079295748297445, "usd": 1395.7346287825223, "payment_token": {"address": "0xc02aaa39b223fe8d0a0e5c4f27ead9083c756cc2", "symbol": "WETH", "decimals": 18}}, "marketplace_path": ["floor"], "fees": [], "trait_offer_target": null}, {"blockchain": "ETH", "sender": {"address": "0x5f1ee29361206f1a129e808736f11598356c6031", "ens": "\u5c0f\u79b9\u79d1\u6280.eth", "is_whale": false, "blockchain": "ETH", "is_contract": false, "is_blue_chip_holder": false, "is_super_blue_chip_holder": false, "is_multi_sign_wallet": false, "das": null, "alias": "\u5c0f\u79b9\u79d1\u6280.eth"}, "receiver": {"address": "0x9c731c50fb63ee893121245b58816e212f64df6e", "ens": null, "is_whale": false, "blockchain": "ETH", "is_contract": false, "is_blue_chip_holder": false, "is_super_blue_chip_holder": false, "is_multi_sign_wallet": false, "das": null, "alias": null}, "event": "sale", "quantity": 1, "tx_hash": "0xaea00b5ab8ca437689d0d1947b6ff402d8a9fa63d0007af7fe9e5ea0cb7e57bc", "time": 1707088235, "nft": {"contract_address": "0xc274a97f1691ef390f662067e95a6eff1f99b504", "token_id": "1438", "name": "TinFun #1438", "blockchain": "ETH", "image": "https://lh3.googleusercontent.com/AIlYoh9OvDK3bQGgLj5KvDGSs6Nlx8SEP8ho9CVcaOqmG6rsStteFO8BbH4vroiH9WZoKHLFKVT9zzMxFiAhSOhrmqBJ2W8m6FA", "contract_type": "ERC721"}, "collection": {"collection_id": "65a13036c284b18008bd25b7", "name": "TinFun", "logo": "https://i.seadn.io/s/raw/files/a531bedf317b5ffe5a35d559b5c94cd9.jpg?w=500&auto=format", "slug": "tin-fun"}, "gas_fee": {"value": 0.0023, "raw_value": 2300000000000000, "usd": 5.2909, "payment_token": {"address": "0x0000000000000000000000000000000000000000", "symbol": "ETH", "decimals": 18}}, "price": {"value": 0.6, "raw_value": 600000000000000000, "usd": 1372.2877058612455, "payment_token": {"address": "0x0000000000000000000000000000000000000000", "symbol": "ETH", "decimals": 18}}, "marketplace_path": ["blur"], "fees": [{"fee_type": "royalty", "recipient": "0x6650dc11f439f14d4dfbea75233bd9b0099a0647", "bps": 50, "price": {"value": 0.003, "raw_value": 3000000000000000, "usd": 6.907944, "payment_token": {"address": "0x0000000000a39bb272e79075ade125fd351887ac", "symbol": "BETH", "decimals": 18}}}], "trait_offer_target": null}, {"blockchain": "ETH", "sender": {"address": "0x387648033bddefdf61e68d8b7096b9a1d15d01ad", "ens": null, "is_whale": false, "blockchain": "ETH", "is_contract": false, "is_blue_chip_holder": false, "is_super_blue_chip_holder": false, "is_multi_sign_wallet": false, "das": null, "alias": null}, "receiver": {"address": "0x5f1ee29361206f1a129e808736f11598356c6031", "ens": "\u5c0f\u79b9\u79d1\u6280.eth", "is_whale": false, "blockchain": "ETH", "is_contract": false, "is_blue_chip_holder": false, "is_super_blue_chip_holder": false, "is_multi_sign_wallet": false, "das": null, "alias": "\u5c0f\u79b9\u79d1\u6280.eth"}, "event": "sale", "quantity": 1, "tx_hash": "0xec2aa866ee0fc7441760d2a37847aa7c729bc7a7613c6038699ef4bb9a01e654", "time": 1707085955, "nft": {"contract_address": "0xc274a97f1691ef390f662067e95a6eff1f99b504", "token_id": "1438", "name": "TinFun #1438", "blockchain": "ETH", "image": "https://lh3.googleusercontent.com/AIlYoh9OvDK3bQGgLj5KvDGSs6Nlx8SEP8ho9CVcaOqmG6rsStteFO8BbH4vroiH9WZoKHLFKVT9zzMxFiAhSOhrmqBJ2W8m6FA", "contract_type": "ERC721"}, "collection": {"collection_id": "65a13036c284b18008bd25b7", "name": "TinFun", "logo": "https://i.seadn.io/s/raw/files/a531bedf317b5ffe5a35d559b5c94cd9.jpg?w=500&auto=format", "slug": "tin-fun"}, "gas_fee": {"value": 0.0035, "raw_value": 3500000000000000, "usd": 7.9876, "payment_token": {"address": "0x0000000000000000000000000000000000000000", "symbol": "ETH", "decimals": 18}}, "price": {"value": 0.61, "raw_value": 610000000000000000, "usd": 1402.949632554891, "payment_token": {"address": "0x0000000000000000000000000000000000000000", "symbol": "ETH", "decimals": 18}}, "marketplace_path": ["blur"], "fees": [{"fee_type": "royalty", "recipient": "0x6650dc11f439f14d4dfbea75233bd9b0099a0647", "bps": 50, "price": {"value": 0.00305, "raw_value": 3050000000000000, "usd": 6.951565, "payment_token": {"address": "0x0000000000a39bb272e79075ade125fd351887ac", "symbol": "BETH", "decimals": 18}}}], "trait_offer_target": null}]