[{"blockchain": "ETH", "sender": {"address": "0xd4f8a1bbee54c1533cf0ef8c6f877ada4dadca1b", "ens": "jinwd.eth", "is_whale": false, "blockchain": "ETH", "is_contract": false, "is_blue_chip_holder": false, "is_super_blue_chip_holder": false, "is_multi_sign_wallet": false, "das": null, "alias": "jinwd.eth"}, "receiver": {"address": "0x8177e9fa379b85e01b2b30140ddc446b9875106a", "ens": null, "is_whale": false, "blockchain": "ETH", "is_contract": true, "is_blue_chip_holder": false, "is_super_blue_chip_holder": false, "is_multi_sign_wallet": false, "das": null, "alias": null}, "event": "transfer", "quantity": 1, "tx_hash": "0xf005393a5524375290533914e921484fc193f4f3f0c61ce1995171fc74ec0950", "time": 1711803827, "nft": {"contract_address": "0xc274a97f1691ef390f662067e95a6eff1f99b504", "token_id": "6650", "name": "TinFun #6650", "blockchain": "ETH", "image": "https://lh3.googleusercontent.com/Pn90Ids_NSYuhwom-xbtCR0c0w49F2xZRBvN7ubKiD9ym7_36twDh8DTgll8wT5UsLG4zLyL4aJKs7LZSFMdx7qCS5oCfGDl3Dk", "contract_type": "ERC721"}, "collection": {"collection_id": "65a13036c284b18008bd25b7", "name": "TinFun", "logo": "https://i.seadn.io/s/raw/files/a531bedf317b5ffe5a35d559b5c94cd9.jpg?w=500&auto=format", "slug": "tin-fun"}, "gas_fee": {"value": 0.0021, "raw_value": 2099999999999999, "usd": 7.4562, "payment_token": {"address": "0x0000000000000000000000000000000000000000", "symbol": "ETH", "decimals": 18}}, "price": null, "marketplace_path": [], "fees": [], "trait_offer_target": null}]