[{"blockchain": "ETH", "sender": {"address": "0x5ef7231a742a9da3b7151c274099f7a4814a0df3", "ens": null, "is_whale": false, "blockchain": "ETH", "is_contract": false, "is_blue_chip_holder": false, "is_super_blue_chip_holder": false, "is_multi_sign_wallet": false, "das": null, "alias": null}, "receiver": {"address": "0xe31681632f975095a517d72f36990f7e47d0ea1d", "ens": null, "is_whale": false, "blockchain": "ETH", "is_contract": false, "is_blue_chip_holder": false, "is_super_blue_chip_holder": false, "is_multi_sign_wallet": false, "das": null, "alias": null}, "event": "sale", "quantity": 1, "tx_hash": "0x9feae410700b21a68cf5b1e461a5de8a805a3a0777e8b7d43c9b52239e5b4e60", "time": 1708782563, "nft": {"contract_address": "0xc274a97f1691ef390f662067e95a6eff1f99b504", "token_id": "6312", "name": "TinFun #6312", "blockchain": "ETH", "image": "https://lh3.googleusercontent.com/YRl_lOYyOwP7XgB5m64DcCi8A2xyiT1BB7cvZXPmlkbQb-OGOrgMqPRulywuiMPBwWVVvhIuGrxwYLmsyVFxLhY4lhkv6jHKfibP", "contract_type": "ERC721"}, "collection": {"collection_id": "65a13036c284b18008bd25b7", "name": "TinFun", "logo": "https://i.seadn.io/s/raw/files/a531bedf317b5ffe5a35d559b5c94cd9.jpg?w=500&auto=format", "slug": "tin-fun"}, "gas_fee": {"value": 0.0066, "raw_value": 6600000000000000, "usd": 19.5744, "payment_token": {"address": "0x0000000000000000000000000000000000000000", "symbol": "ETH", "decimals": 18}}, "price": {"value": 0.57, "raw_value": 570000000000000000, "usd": 1685.4510773189158, "payment_token": {"address": "0x0000000000000000000000000000000000000000", "symbol": "ETH", "decimals": 18}}, "marketplace_path": ["blur-aggregator", "blur"], "fees": [{"fee_type": "royalty", "recipient": "0x6650dc11f439f14d4dfbea75233bd9b0099a0647", "bps": 50, "price": {"value": 0.00285, "raw_value": 2850000000000000, "usd": 8.431225, "payment_token": {"address": "0x0000000000000000000000000000000000000000", "symbol": "ETH", "decimals": 18}}}], "trait_offer_target": null}, {"blockchain": "ETH", "sender": {"address": "0x7436e56cc7993b05bedee65cfb3d296bee4bc806", "ens": null, "is_whale": false, "blockchain": "ETH", "is_contract": false, "is_blue_chip_holder": false, "is_super_blue_chip_holder": false, "is_multi_sign_wallet": false, "das": null, "alias": null}, "receiver": {"address": "0x5ef7231a742a9da3b7151c274099f7a4814a0df3", "ens": null, "is_whale": false, "blockchain": "ETH", "is_contract": false, "is_blue_chip_holder": false, "is_super_blue_chip_holder": false, "is_multi_sign_wallet": false, "das": null, "alias": null}, "event": "sale", "quantity": 1, "tx_hash": "0x47a51dc3b69e4fddea952e06239675dffcc56ea9e8acc2c7457a0fbe6b258e9a", "time": 1708778135, "nft": {"contract_address": "0xc274a97f1691ef390f662067e95a6eff1f99b504", "token_id": "6312", "name": "TinFun #6312", "blockchain": "ETH", "image": "https://lh3.googleusercontent.com/YRl_lOYyOwP7XgB5m64DcCi8A2xyiT1BB7cvZXPmlkbQb-OGOrgMqPRulywuiMPBwWVVvhIuGrxwYLmsyVFxLhY4lhkv6jHKfibP", "contract_type": "ERC721"}, "collection": {"collection_id": "65a13036c284b18008bd25b7", "name": "TinFun", "logo": "https://i.seadn.io/s/raw/files/a531bedf317b5ffe5a35d559b5c94cd9.jpg?w=500&auto=format", "slug": "tin-fun"}, "gas_fee": {"value": 0.0109, "raw_value": 10900000000000000, "usd": 32.2118, "payment_token": {"address": "0x0000000000000000000000000000000000000000", "symbol": "ETH", "decimals": 18}}, "price": {"value": 0.54, "raw_value": 540000000000000000, "usd": 1599.030232154781, "payment_token": {"address": "0x0000000000000000000000000000000000000000", "symbol": "ETH", "decimals": 18}}, "marketplace_path": ["blur"], "fees": [{"fee_type": "royalty", "recipient": "0x6650dc11f439f14d4dfbea75233bd9b0099a0647", "bps": 50, "price": {"value": 0.0027, "raw_value": 2700000000000000, "usd": 7.988262, "payment_token": {"address": "0x0000000000a39bb272e79075ade125fd351887ac", "symbol": "BETH", "decimals": 18}}}], "trait_offer_target": null}]