[{"blockchain": "ETH", "sender": {"address": "0x9a1dc1bdd3a92422dd93c4a568b34c27b3644444", "ens": null, "is_whale": false, "blockchain": "ETH", "is_contract": false, "is_blue_chip_holder": false, "is_super_blue_chip_holder": false, "is_multi_sign_wallet": false, "das": null, "alias": null}, "receiver": {"address": "0x8177e9fa379b85e01b2b30140ddc446b9875106a", "ens": null, "is_whale": false, "blockchain": "ETH", "is_contract": true, "is_blue_chip_holder": false, "is_super_blue_chip_holder": false, "is_multi_sign_wallet": false, "das": null, "alias": null}, "event": "transfer", "quantity": 1, "tx_hash": "0x2ab4e0f259ede292dad3aeb92284dbc74f2e83ef99010fc4d2a5d61baefebb8a", "time": 1711935251, "nft": {"contract_address": "0xc274a97f1691ef390f662067e95a6eff1f99b504", "token_id": "7796", "name": "TinFun #7796", "blockchain": "ETH", "image": "https://lh3.googleusercontent.com/XmsYy_mXU-68kJRokxhQmgL1W6M0QG9tTWOuBs4oS87b1Ys2huNZjwNcsjKAHgNsU6O-koboeHx2_0PF5oyiEQLq6V1QsDmhCg", "contract_type": "ERC721"}, "collection": {"collection_id": "65a13036c284b18008bd25b7", "name": "TinFun", "logo": "https://i.seadn.io/s/raw/files/a531bedf317b5ffe5a35d559b5c94cd9.jpg?w=500&auto=format", "slug": "tin-fun"}, "gas_fee": {"value": 0.0079, "raw_value": 7900000000000001, "usd": 28.4876, "payment_token": {"address": "0x0000000000000000000000000000000000000000", "symbol": "ETH", "decimals": 18}}, "price": null, "marketplace_path": [], "fees": [], "trait_offer_target": null}, {"blockchain": "ETH", "sender": {"address": "0x6d02ce0cd50bff383035e1de5c8b2235fb22e4e8", "ens": null, "is_whale": false, "blockchain": "ETH", "is_contract": false, "is_blue_chip_holder": false, "is_super_blue_chip_holder": false, "is_multi_sign_wallet": false, "das": null, "alias": null}, "receiver": {"address": "0x9a1dc1bdd3a92422dd93c4a568b34c27b3644444", "ens": null, "is_whale": false, "blockchain": "ETH", "is_contract": false, "is_blue_chip_holder": false, "is_super_blue_chip_holder": false, "is_multi_sign_wallet": false, "das": null, "alias": null}, "event": "sale", "quantity": 1, "tx_hash": "0xe3c156ade4a36d74a2e2d29784750c8d63b5cb48165a9f1b5f351d7cc9254b98", "time": 1710412451, "nft": {"contract_address": "0xc274a97f1691ef390f662067e95a6eff1f99b504", "token_id": "7796", "name": "TinFun #7796", "blockchain": "ETH", "image": "https://lh3.googleusercontent.com/XmsYy_mXU-68kJRokxhQmgL1W6M0QG9tTWOuBs4oS87b1Ys2huNZjwNcsjKAHgNsU6O-koboeHx2_0PF5oyiEQLq6V1QsDmhCg", "contract_type": "ERC721"}, "collection": {"collection_id": "65a13036c284b18008bd25b7", "name": "TinFun", "logo": "https://i.seadn.io/s/raw/files/a531bedf317b5ffe5a35d559b5c94cd9.jpg?w=500&auto=format", "slug": "tin-fun"}, "gas_fee": {"value": 0.0105, "raw_value": 10500000000000000, "usd": 42.0642, "payment_token": {"address": "0x0000000000000000000000000000000000000000", "symbol": "ETH", "decimals": 18}}, "price": {"value": 0.14, "raw_value": 140000000000000000, "usd": 558.5174057374721, "payment_token": {"address": "0x0000000000000000000000000000000000000000", "symbol": "ETH", "decimals": 18}}, "marketplace_path": ["blur-aggregator", "blur"], "fees": [{"fee_type": "royalty", "recipient": "0x6650dc11f439f14d4dfbea75233bd9b0099a0647", "bps": 50, "price": {"value": 0.0007, "raw_value": 700000000000000, "usd": 2.776216, "payment_token": {"address": "0x0000000000000000000000000000000000000000", "symbol": "ETH", "decimals": 18}}}], "trait_offer_target": null}, {"blockchain": "ETH", "sender": {"address": "0x32b81e39dd9397970c250f634fd53418780c8a44", "ens": null, "is_whale": false, "blockchain": "ETH", "is_contract": false, "is_blue_chip_holder": false, "is_super_blue_chip_holder": false, "is_multi_sign_wallet": false, "das": null, "alias": null}, "receiver": {"address": "0x6d02ce0cd50bff383035e1de5c8b2235fb22e4e8", "ens": null, "is_whale": false, "blockchain": "ETH", "is_contract": false, "is_blue_chip_holder": false, "is_super_blue_chip_holder": false, "is_multi_sign_wallet": false, "das": null, "alias": null}, "event": "sale", "quantity": 1, "tx_hash": "0x8094e66ecd4a22251fd2c1e8ae41d5d1cbfdb8567b2b94955507f637f5da6dd6", "time": 1710410627, "nft": {"contract_address": "0xc274a97f1691ef390f662067e95a6eff1f99b504", "token_id": "7796", "name": "TinFun #7796", "blockchain": "ETH", "image": "https://lh3.googleusercontent.com/XmsYy_mXU-68kJRokxhQmgL1W6M0QG9tTWOuBs4oS87b1Ys2huNZjwNcsjKAHgNsU6O-koboeHx2_0PF5oyiEQLq6V1QsDmhCg", "contract_type": "ERC721"}, "collection": {"collection_id": "65a13036c284b18008bd25b7", "name": "TinFun", "logo": "https://i.seadn.io/s/raw/files/a531bedf317b5ffe5a35d559b5c94cd9.jpg?w=500&auto=format", "slug": "tin-fun"}, "gas_fee": {"value": 0.041, "raw_value": 41000000000000000, "usd": 163.7639, "payment_token": {"address": "0x0000000000000000000000000000000000000000", "symbol": "ETH", "decimals": 18}}, "price": {"value": 0.15, "raw_value": 150000000000000000, "usd": 598.4115061472916, "payment_token": {"address": "0x0000000000000000000000000000000000000000", "symbol": "ETH", "decimals": 18}}, "marketplace_path": ["openseapro", "blur"], "fees": [{"fee_type": "royalty", "recipient": "0x6650dc11f439f14d4dfbea75233bd9b0099a0647", "bps": 50, "price": {"value": 0.00075, "raw_value": 750000000000000, "usd": 2.974517, "payment_token": {"address": "0x0000000000a39bb272e79075ade125fd351887ac", "symbol": "BETH", "decimals": 18}}}], "trait_offer_target": null}, {"blockchain": "ETH", "sender": {"address": "0xc02778ca23d01a74bb5d64524e78937db05b92eb", "ens": null, "is_whale": false, "blockchain": "ETH", "is_contract": false, "is_blue_chip_holder": false, "is_super_blue_chip_holder": false, "is_multi_sign_wallet": false, "das": null, "alias": null}, "receiver": {"address": "0x32b81e39dd9397970c250f634fd53418780c8a44", "ens": null, "is_whale": false, "blockchain": "ETH", "is_contract": false, "is_blue_chip_holder": false, "is_super_blue_chip_holder": false, "is_multi_sign_wallet": false, "das": null, "alias": null}, "event": "sale", "quantity": 1, "tx_hash": "0x54d1f1cb75f1fd58779058b4186448185eb1caaefa5357abeb62af68a04dbb87", "time": 1706898827, "nft": {"contract_address": "0xc274a97f1691ef390f662067e95a6eff1f99b504", "token_id": "7796", "name": "TinFun #7796", "blockchain": "ETH", "image": "https://lh3.googleusercontent.com/XmsYy_mXU-68kJRokxhQmgL1W6M0QG9tTWOuBs4oS87b1Ys2huNZjwNcsjKAHgNsU6O-koboeHx2_0PF5oyiEQLq6V1QsDmhCg", "contract_type": "ERC721"}, "collection": {"collection_id": "65a13036c284b18008bd25b7", "name": "TinFun", "logo": "https://i.seadn.io/s/raw/files/a531bedf317b5ffe5a35d559b5c94cd9.jpg?w=500&auto=format", "slug": "tin-fun"}, "gas_fee": {"value": 0.0221, "raw_value": 22100000000000000, "usd": 50.5769, "payment_token": {"address": "0x0000000000000000000000000000000000000000", "symbol": "ETH", "decimals": 18}}, "price": {"value": 0.559, "raw_value": 559000000000000000, "usd": 1281.1264178880697, "payment_token": {"address": "0x0000000000000000000000000000000000000000", "symbol": "ETH", "decimals": 18}}, "marketplace_path": ["openseapro", "blur"], "fees": [{"fee_type": "royalty", "recipient": "0x6650dc11f439f14d4dfbea75233bd9b0099a0647", "bps": 50, "price": {"value": 0.002795, "raw_value": 2795000000000000, "usd": 6.462798, "payment_token": {"address": "0x0000000000000000000000000000000000000000", "symbol": "ETH", "decimals": 18}}}], "trait_offer_target": null}, {"blockchain": "ETH", "sender": {"address": "0x0a4a562e1d786dba307c1c0cb7cccc3383915118", "ens": null, "is_whale": false, "blockchain": "ETH", "is_contract": false, "is_blue_chip_holder": false, "is_super_blue_chip_holder": false, "is_multi_sign_wallet": false, "das": null, "alias": null}, "receiver": {"address": "0xc02778ca23d01a74bb5d64524e78937db05b92eb", "ens": null, "is_whale": false, "blockchain": "ETH", "is_contract": false, "is_blue_chip_holder": false, "is_super_blue_chip_holder": false, "is_multi_sign_wallet": false, "das": null, "alias": null}, "event": "sale", "quantity": 1, "tx_hash": "0x20f1b2d8522bd56d247f4682cd4617ee3300b94fb698d87047adb2a60e267dfb", "time": 1705989527, "nft": {"contract_address": "0xc274a97f1691ef390f662067e95a6eff1f99b504", "token_id": "7796", "name": "TinFun #7796", "blockchain": "ETH", "image": "https://lh3.googleusercontent.com/XmsYy_mXU-68kJRokxhQmgL1W6M0QG9tTWOuBs4oS87b1Ys2huNZjwNcsjKAHgNsU6O-koboeHx2_0PF5oyiEQLq6V1QsDmhCg", "contract_type": "ERC721"}, "collection": {"collection_id": "65a13036c284b18008bd25b7", "name": "TinFun", "logo": "https://i.seadn.io/s/raw/files/a531bedf317b5ffe5a35d559b5c94cd9.jpg?w=500&auto=format", "slug": "tin-fun"}, "gas_fee": {"value": 0.005, "raw_value": 5000000000000000, "usd": 11.744, "payment_token": {"address": "0x0000000000000000000000000000000000000000", "symbol": "ETH", "decimals": 18}}, "price": {"value": 0.57, "raw_value": 570000000000000000, "usd": 1335.0185333618756, "payment_token": {"address": "0x0000000000000000000000000000000000000000", "symbol": "ETH", "decimals": 18}}, "marketplace_path": ["blur"], "fees": [{"fee_type": "royalty", "recipient": "0x6650dc11f439f14d4dfbea75233bd9b0099a0647", "bps": 50, "price": {"value": 0.00285, "raw_value": 2850000000000000, "usd": 6.660772, "payment_token": {"address": "0x0000000000a39bb272e79075ade125fd351887ac", "symbol": "BETH", "decimals": 18}}}], "trait_offer_target": null}, {"blockchain": "ETH", "sender": {"address": "0x3eb879cc9a0ef4c6f1d870a40ae187768c278da2", "ens": "floorprotocol.eth", "is_whale": false, "blockchain": "ETH", "is_contract": true, "is_blue_chip_holder": true, "is_super_blue_chip_holder": true, "is_multi_sign_wallet": false, "das": null, "alias": "floorprotocol.eth"}, "receiver": {"address": "0x0a4a562e1d786dba307c1c0cb7cccc3383915118", "ens": null, "is_whale": false, "blockchain": "ETH", "is_contract": false, "is_blue_chip_holder": false, "is_super_blue_chip_holder": true, "is_multi_sign_wallet": false, "das": null, "alias": null}, "event": "transfer", "quantity": 1, "tx_hash": "0x58b1b401f3b02854c071103f4b86f92c190c9208123f6119ec7d5ef9d3ff18fc", "time": 1705987571, "nft": {"contract_address": "0xc274a97f1691ef390f662067e95a6eff1f99b504", "token_id": "7796", "name": "TinFun #7796", "blockchain": "ETH", "image": "https://lh3.googleusercontent.com/XmsYy_mXU-68kJRokxhQmgL1W6M0QG9tTWOuBs4oS87b1Ys2huNZjwNcsjKAHgNsU6O-koboeHx2_0PF5oyiEQLq6V1QsDmhCg", "contract_type": "ERC721"}, "collection": {"collection_id": "65a13036c284b18008bd25b7", "name": "TinFun", "logo": "https://i.seadn.io/s/raw/files/a531bedf317b5ffe5a35d559b5c94cd9.jpg?w=500&auto=format", "slug": "tin-fun"}, "gas_fee": {"value": 0.0026, "raw_value": 2600000000000000, "usd": 6.1235, "payment_token": {"address": "0x0000000000000000000000000000000000000000", "symbol": "ETH", "decimals": 18}}, "price": null, "marketplace_path": ["floor"], "fees": [], "trait_offer_target": null}, {"blockchain": "ETH", "sender": {"address": "0xc821d3d24c27c713a9e2758086bd29b23f7381e2", "ens": "\u4ee3\u865f9527.eth", "is_whale": false, "blockchain": "ETH", "is_contract": false, "is_blue_chip_holder": false, "is_super_blue_chip_holder": false, "is_multi_sign_wallet": false, "das": null, "alias": "\u4ee3\u865f9527.eth"}, "receiver": {"address": "0x3eb879cc9a0ef4c6f1d870a40ae187768c278da2", "ens": "floorprotocol.eth", "is_whale": false, "blockchain": "ETH", "is_contract": true, "is_blue_chip_holder": true, "is_super_blue_chip_holder": false, "is_multi_sign_wallet": false, "das": null, "alias": "floorprotocol.eth"}, "event": "sale", "quantity": 1, "tx_hash": "0xa2aaf315fe87f76c2f71d97830fb1e21895862a641c997f43e42db5898f3744b", "time": 1705080887, "nft": {"contract_address": "0xc274a97f1691ef390f662067e95a6eff1f99b504", "token_id": "7796", "name": "TinFun #7796", "blockchain": "ETH", "image": "https://lh3.googleusercontent.com/XmsYy_mXU-68kJRokxhQmgL1W6M0QG9tTWOuBs4oS87b1Ys2huNZjwNcsjKAHgNsU6O-koboeHx2_0PF5oyiEQLq6V1QsDmhCg", "contract_type": "ERC721"}, "collection": {"collection_id": "65a13036c284b18008bd25b7", "name": "TinFun", "logo": "https://i.seadn.io/s/raw/files/a531bedf317b5ffe5a35d559b5c94cd9.jpg?w=500&auto=format", "slug": "tin-fun"}, "gas_fee": {"value": 0.0246, "raw_value": 24600000000000000, "usd": 64.2764, "payment_token": {"address": "0x0000000000000000000000000000000000000000", "symbol": "ETH", "decimals": 18}}, "price": {"value": 0.7717260008810155, "raw_value": 771726000881015533, "usd": 2038.6082890535997, "payment_token": {"address": "0xc02aaa39b223fe8d0a0e5c4f27ead9083c756cc2", "symbol": "WETH", "decimals": 18}}, "marketplace_path": ["floor"], "fees": [], "trait_offer_target": null}, {"blockchain": "ETH", "sender": {"address": "0x00794b8f8ea44f35bb523664ca5e191f5e11babe", "ens": null, "is_whale": false, "blockchain": "ETH", "is_contract": false, "is_blue_chip_holder": false, "is_super_blue_chip_holder": false, "is_multi_sign_wallet": false, "das": null, "alias": null}, "receiver": {"address": "0xc821d3d24c27c713a9e2758086bd29b23f7381e2", "ens": "\u4ee3\u865f9527.eth", "is_whale": false, "blockchain": "ETH", "is_contract": false, "is_blue_chip_holder": false, "is_super_blue_chip_holder": false, "is_multi_sign_wallet": false, "das": null, "alias": "\u4ee3\u865f9527.eth"}, "event": "sale", "quantity": 1, "tx_hash": "0x0789d473b6b9cd38d6243683977dff505354c376c897384e4f8aab5967105d75", "time": 1705080827, "nft": {"contract_address": "0xc274a97f1691ef390f662067e95a6eff1f99b504", "token_id": "7796", "name": "TinFun #7796", "blockchain": "ETH", "image": "https://lh3.googleusercontent.com/XmsYy_mXU-68kJRokxhQmgL1W6M0QG9tTWOuBs4oS87b1Ys2huNZjwNcsjKAHgNsU6O-koboeHx2_0PF5oyiEQLq6V1QsDmhCg", "contract_type": "ERC721"}, "collection": {"collection_id": "65a13036c284b18008bd25b7", "name": "TinFun", "logo": "https://i.seadn.io/s/raw/files/a531bedf317b5ffe5a35d559b5c94cd9.jpg?w=500&auto=format", "slug": "tin-fun"}, "gas_fee": {"value": 0.0246, "raw_value": 24600000000000000, "usd": 64.3336, "payment_token": {"address": "0x0000000000000000000000000000000000000000", "symbol": "ETH", "decimals": 18}}, "price": {"value": 0.758, "raw_value": 758000000000000000, "usd": 1984.0558249559429, "payment_token": {"address": "0x0000000000000000000000000000000000000000", "symbol": "ETH", "decimals": 18}}, "marketplace_path": ["blur-aggregator", "blur"], "fees": [{"fee_type": "royalty", "recipient": "0x6650dc11f439f14d4dfbea75233bd9b0099a0647", "bps": 50, "price": {"value": 0.00379, "raw_value": 3790000000000000, "usd": 10.258537, "payment_token": {"address": "0x0000000000000000000000000000000000000000", "symbol": "ETH", "decimals": 18}}}], "trait_offer_target": null}, {"blockchain": "ETH", "sender": {"address": "0xdf681313b1d3a1771e4871bcae19d3f4d6c69421", "ens": null, "is_whale": false, "blockchain": "ETH", "is_contract": false, "is_blue_chip_holder": false, "is_super_blue_chip_holder": false, "is_multi_sign_wallet": false, "das": null, "alias": null}, "receiver": {"address": "0x00794b8f8ea44f35bb523664ca5e191f5e11babe", "ens": null, "is_whale": false, "blockchain": "ETH", "is_contract": false, "is_blue_chip_holder": false, "is_super_blue_chip_holder": false, "is_multi_sign_wallet": false, "das": null, "alias": null}, "event": "sale", "quantity": 1, "tx_hash": "0xf51a49857ad730970b8d91dcfe9c07ed98783dce9036c0e171fc97c88bb65a9e", "time": 1705078211, "nft": {"contract_address": "0xc274a97f1691ef390f662067e95a6eff1f99b504", "token_id": "7796", "name": "TinFun #7796", "blockchain": "ETH", "image": "https://lh3.googleusercontent.com/XmsYy_mXU-68kJRokxhQmgL1W6M0QG9tTWOuBs4oS87b1Ys2huNZjwNcsjKAHgNsU6O-koboeHx2_0PF5oyiEQLq6V1QsDmhCg", "contract_type": "ERC721"}, "collection": {"collection_id": "65a13036c284b18008bd25b7", "name": "TinFun", "logo": "https://i.seadn.io/s/raw/files/a531bedf317b5ffe5a35d559b5c94cd9.jpg?w=500&auto=format", "slug": "tin-fun"}, "gas_fee": {"value": 0.0067, "raw_value": 6700000000000000, "usd": 17.6589, "payment_token": {"address": "0x0000000000000000000000000000000000000000", "symbol": "ETH", "decimals": 18}}, "price": {"value": 0.82, "raw_value": 820000000000000000, "usd": 2170.092420956058, "payment_token": {"address": "0x0000000000000000000000000000000000000000", "symbol": "ETH", "decimals": 18}}, "marketplace_path": ["blur"], "fees": [{"fee_type": "royalty", "recipient": "0x6650dc11f439f14d4dfbea75233bd9b0099a0647", "bps": 50, "price": {"value": 0.0041, "raw_value": 4100000000000000, "usd": 10.962017, "payment_token": {"address": "0x0000000000a39bb272e79075ade125fd351887ac", "symbol": "BETH", "decimals": 18}}}], "trait_offer_target": null}, {"blockchain": "ETH", "sender": {"address": "0x5b383ee3e3baa2b2d7ab33586d787b527408c493", "ens": null, "is_whale": false, "blockchain": "ETH", "is_contract": false, "is_blue_chip_holder": false, "is_super_blue_chip_holder": false, "is_multi_sign_wallet": false, "das": null, "alias": null}, "receiver": {"address": "0xdf681313b1d3a1771e4871bcae19d3f4d6c69421", "ens": null, "is_whale": false, "blockchain": "ETH", "is_contract": false, "is_blue_chip_holder": false, "is_super_blue_chip_holder": false, "is_multi_sign_wallet": false, "das": null, "alias": null}, "event": "transfer", "quantity": 1, "tx_hash": "0xf4d2267d2f6e5935c48373212bdbee1a6320660788b588cd5ba93ea421089b85", "time": 1705064687, "nft": {"contract_address": "0xc274a97f1691ef390f662067e95a6eff1f99b504", "token_id": "7796", "name": "TinFun #7796", "blockchain": "ETH", "image": "https://lh3.googleusercontent.com/XmsYy_mXU-68kJRokxhQmgL1W6M0QG9tTWOuBs4oS87b1Ys2huNZjwNcsjKAHgNsU6O-koboeHx2_0PF5oyiEQLq6V1QsDmhCg", "contract_type": "ERC721"}, "collection": {"collection_id": "65a13036c284b18008bd25b7", "name": "TinFun", "logo": "https://i.seadn.io/s/raw/files/a531bedf317b5ffe5a35d559b5c94cd9.jpg?w=500&auto=format", "slug": "tin-fun"}, "gas_fee": {"value": 0.0013, "raw_value": 1300000000000000, "usd": 3.4262, "payment_token": {"address": "0x0000000000000000000000000000000000000000", "symbol": "ETH", "decimals": 18}}, "price": null, "marketplace_path": [], "fees": [], "trait_offer_target": null}]