[{"blockchain": "ETH", "sender": {"address": "0x4f63af4d4e82390090ac3dd1bdf51fab5d6ba17f", "ens": null, "is_whale": false, "blockchain": "ETH", "is_contract": false, "is_blue_chip_holder": false, "is_super_blue_chip_holder": false, "is_multi_sign_wallet": false, "das": null, "alias": null}, "receiver": {"address": "0x8177e9fa379b85e01b2b30140ddc446b9875106a", "ens": null, "is_whale": false, "blockchain": "ETH", "is_contract": true, "is_blue_chip_holder": false, "is_super_blue_chip_holder": false, "is_multi_sign_wallet": false, "das": null, "alias": null}, "event": "transfer", "quantity": 1, "tx_hash": "0x651db78ce134e94ef03531b367b0a5c72a734aa2bb26675a001826a36e54466d", "time": 1711706495, "nft": {"contract_address": "0xc274a97f1691ef390f662067e95a6eff1f99b504", "token_id": "4134", "name": "TinFun #4134", "blockchain": "ETH", "image": "https://lh3.googleusercontent.com/1Qe8aLfcqx1_zqIGZVi6kKN9q9vUmmxOcSV2ls9uBe-k90zkUhM254kH46-Pzh8AIiO3m7GYXNRJe_k1yEzTt08YG1zDJopj8w", "contract_type": "ERC721"}, "collection": {"collection_id": "65a13036c284b18008bd25b7", "name": "TinFun", "logo": "https://i.seadn.io/s/raw/files/a531bedf317b5ffe5a35d559b5c94cd9.jpg?w=500&auto=format", "slug": "tin-fun"}, "gas_fee": {"value": 0.0023, "raw_value": 2300000000000000, "usd": 8.29, "payment_token": {"address": "0x0000000000000000000000000000000000000000", "symbol": "ETH", "decimals": 18}}, "price": null, "marketplace_path": [], "fees": [], "trait_offer_target": null}, {"blockchain": "ETH", "sender": {"address": "0x41a3d5526c0a97f7f815564099439fd9dc888888", "ens": null, "is_whale": false, "blockchain": "ETH", "is_contract": false, "is_blue_chip_holder": false, "is_super_blue_chip_holder": false, "is_multi_sign_wallet": false, "das": null, "alias": null}, "receiver": {"address": "0x4f63af4d4e82390090ac3dd1bdf51fab5d6ba17f", "ens": null, "is_whale": false, "blockchain": "ETH", "is_contract": false, "is_blue_chip_holder": false, "is_super_blue_chip_holder": false, "is_multi_sign_wallet": false, "das": null, "alias": null}, "event": "sale", "quantity": 1, "tx_hash": "0x213d720b17c6b3fa5fafd95fe5ad6b7fd59949753496c042c2c464ecfd257b81", "time": 1705180127, "nft": {"contract_address": "0xc274a97f1691ef390f662067e95a6eff1f99b504", "token_id": "4134", "name": "TinFun #4134", "blockchain": "ETH", "image": "https://lh3.googleusercontent.com/1Qe8aLfcqx1_zqIGZVi6kKN9q9vUmmxOcSV2ls9uBe-k90zkUhM254kH46-Pzh8AIiO3m7GYXNRJe_k1yEzTt08YG1zDJopj8w", "contract_type": "ERC721"}, "collection": {"collection_id": "65a13036c284b18008bd25b7", "name": "TinFun", "logo": "https://i.seadn.io/s/raw/files/a531bedf317b5ffe5a35d559b5c94cd9.jpg?w=500&auto=format", "slug": "tin-fun"}, "gas_fee": {"value": 0.0029, "raw_value": 2900000000000000, "usd": 7.515, "payment_token": {"address": "0x0000000000000000000000000000000000000000", "symbol": "ETH", "decimals": 18}}, "price": {"value": 0.81, "raw_value": 810000000000000000, "usd": 2080.1864919426343, "payment_token": {"address": "0x0000000000000000000000000000000000000000", "symbol": "ETH", "decimals": 18}}, "marketplace_path": ["opensea"], "fees": [{"fee_type": "royalty", "recipient": "0x6650dc11f439f14d4dfbea75233bd9b0099a0647", "bps": 500, "price": {"value": 0.0405, "raw_value": 40500000000000000, "usd": 103.690461, "payment_token": {"address": "0x0000000000000000000000000000000000000000", "symbol": "ETH", "decimals": 18}}}], "trait_offer_target": null}, {"blockchain": "ETH", "sender": {"address": "0xece93723a2744dc958f43dd77d0ce1396fb9a043", "ens": null, "is_whale": false, "blockchain": "ETH", "is_contract": false, "is_blue_chip_holder": false, "is_super_blue_chip_holder": false, "is_multi_sign_wallet": false, "das": null, "alias": null}, "receiver": {"address": "0x41a3d5526c0a97f7f815564099439fd9dc888888", "ens": null, "is_whale": false, "blockchain": "ETH", "is_contract": false, "is_blue_chip_holder": false, "is_super_blue_chip_holder": false, "is_multi_sign_wallet": false, "das": null, "alias": null}, "event": "transfer", "quantity": 1, "tx_hash": "0xdb21741a3281a76f83c223bc21867a7fcbc454031a632e84b3227ae7db79e2fd", "time": 1705065191, "nft": {"contract_address": "0xc274a97f1691ef390f662067e95a6eff1f99b504", "token_id": "4134", "name": "TinFun #4134", "blockchain": "ETH", "image": "https://lh3.googleusercontent.com/1Qe8aLfcqx1_zqIGZVi6kKN9q9vUmmxOcSV2ls9uBe-k90zkUhM254kH46-Pzh8AIiO3m7GYXNRJe_k1yEzTt08YG1zDJopj8w", "contract_type": "ERC721"}, "collection": {"collection_id": "65a13036c284b18008bd25b7", "name": "TinFun", "logo": "https://i.seadn.io/s/raw/files/a531bedf317b5ffe5a35d559b5c94cd9.jpg?w=500&auto=format", "slug": "tin-fun"}, "gas_fee": {"value": 0.0016, "raw_value": 1600000000000000, "usd": 4.28, "payment_token": {"address": "0x0000000000000000000000000000000000000000", "symbol": "ETH", "decimals": 18}}, "price": null, "marketplace_path": [], "fees": [], "trait_offer_target": null}]