[{"blockchain": "ETH", "sender": {"address": "0x5757d8588c66be9b6058676c37039f3449304307", "ens": "ivon.eth", "is_whale": false, "blockchain": "ETH", "is_contract": false, "is_blue_chip_holder": false, "is_super_blue_chip_holder": false, "is_multi_sign_wallet": false, "das": null, "alias": "ivon.eth"}, "receiver": {"address": "0xbd5a8fb6e44a07f72661415abebb1c1ae3749d6b", "ens": null, "is_whale": false, "blockchain": "ETH", "is_contract": false, "is_blue_chip_holder": false, "is_super_blue_chip_holder": false, "is_multi_sign_wallet": false, "das": null, "alias": null}, "event": "sale", "quantity": 1, "tx_hash": "0xcf47efdd212e93db672f4acd31671756416c4eb8d9bfc54e4bb1a1ff1f44e857", "time": 1711176587, "nft": {"contract_address": "0xc274a97f1691ef390f662067e95a6eff1f99b504", "token_id": "7714", "name": "TinFun #7714", "blockchain": "ETH", "image": "https://lh3.googleusercontent.com/mnrG9MRJ1of1CAtEzOIPhWpikMX0Ks8loal8epKxl8cIpvt-iiVqAObu6865BUG4uzCOX3YjHkXbaHRlf7AaBsy9PJCJZN86l9U", "contract_type": "ERC721"}, "collection": {"collection_id": "65a13036c284b18008bd25b7", "name": "TinFun", "logo": "https://i.seadn.io/s/raw/files/a531bedf317b5ffe5a35d559b5c94cd9.jpg?w=500&auto=format", "slug": "tin-fun"}, "gas_fee": {"value": 0.0051, "raw_value": 5100000000000000, "usd": 17.0599, "payment_token": {"address": "0x0000000000000000000000000000000000000000", "symbol": "ETH", "decimals": 18}}, "price": {"value": 0.1539, "raw_value": 153900000000000000, "usd": 512.7259033793339, "payment_token": {"address": "0x0000000000000000000000000000000000000000", "symbol": "ETH", "decimals": 18}}, "marketplace_path": ["blur"], "fees": [{"fee_type": "royalty", "recipient": "0x6650dc11f439f14d4dfbea75233bd9b0099a0647", "bps": 50, "price": {"value": 0.00077, "raw_value": 769500000000000, "usd": 2.542775, "payment_token": {"address": "0x0000000000000000000000000000000000000000", "symbol": "ETH", "decimals": 18}}}], "trait_offer_target": null}, {"blockchain": "ETH", "sender": {"address": "0xa3b3acf61034ccd05f204e24e5935cea4d291065", "ens": null, "is_whale": false, "blockchain": "ETH", "is_contract": false, "is_blue_chip_holder": true, "is_super_blue_chip_holder": false, "is_multi_sign_wallet": false, "das": null, "alias": null}, "receiver": {"address": "0x5757d8588c66be9b6058676c37039f3449304307", "ens": "ivon.eth", "is_whale": false, "blockchain": "ETH", "is_contract": false, "is_blue_chip_holder": false, "is_super_blue_chip_holder": false, "is_multi_sign_wallet": false, "das": null, "alias": "ivon.eth"}, "event": "sale", "quantity": 1, "tx_hash": "0x8db56354149cbec9b15f40e55d0c093a9db94bfe9a16a11f09cb4c7a3aab260f", "time": 1711173719, "nft": {"contract_address": "0xc274a97f1691ef390f662067e95a6eff1f99b504", "token_id": "7714", "name": "TinFun #7714", "blockchain": "ETH", "image": "https://lh3.googleusercontent.com/mnrG9MRJ1of1CAtEzOIPhWpikMX0Ks8loal8epKxl8cIpvt-iiVqAObu6865BUG4uzCOX3YjHkXbaHRlf7AaBsy9PJCJZN86l9U", "contract_type": "ERC721"}, "collection": {"collection_id": "65a13036c284b18008bd25b7", "name": "TinFun", "logo": "https://i.seadn.io/s/raw/files/a531bedf317b5ffe5a35d559b5c94cd9.jpg?w=500&auto=format", "slug": "tin-fun"}, "gas_fee": {"value": 0.0097, "raw_value": 9700000000000000, "usd": 32.1497, "payment_token": {"address": "0x0000000000000000000000000000000000000000", "symbol": "ETH", "decimals": 18}}, "price": {"value": 0.15, "raw_value": 150000000000000000, "usd": 499.73284929759643, "payment_token": {"address": "0x0000000000000000000000000000000000000000", "symbol": "ETH", "decimals": 18}}, "marketplace_path": ["blur"], "fees": [{"fee_type": "royalty", "recipient": "0x6650dc11f439f14d4dfbea75233bd9b0099a0647", "bps": 50, "price": {"value": 0.00075, "raw_value": 750000000000000, "usd": 2.478338, "payment_token": {"address": "0x0000000000a39bb272e79075ade125fd351887ac", "symbol": "BETH", "decimals": 18}}}], "trait_offer_target": null}, {"blockchain": "ETH", "sender": {"address": "0x73d30ba3dc4ffd17c28cc2d75d12e50df98f29cf", "ens": "nakiri.eth", "is_whale": false, "blockchain": "ETH", "is_contract": false, "is_blue_chip_holder": false, "is_super_blue_chip_holder": false, "is_multi_sign_wallet": false, "das": null, "alias": "nakiri.eth"}, "receiver": {"address": "0xa3b3acf61034ccd05f204e24e5935cea4d291065", "ens": null, "is_whale": false, "blockchain": "ETH", "is_contract": false, "is_blue_chip_holder": true, "is_super_blue_chip_holder": false, "is_multi_sign_wallet": false, "das": null, "alias": null}, "event": "sale", "quantity": 1, "tx_hash": "0xbef459635366d2bc75fda9d0c8a694ca28b5e3443e83be2930fd9c011adfe2eb", "time": 1711171799, "nft": {"contract_address": "0xc274a97f1691ef390f662067e95a6eff1f99b504", "token_id": "7714", "name": "TinFun #7714", "blockchain": "ETH", "image": "https://lh3.googleusercontent.com/mnrG9MRJ1of1CAtEzOIPhWpikMX0Ks8loal8epKxl8cIpvt-iiVqAObu6865BUG4uzCOX3YjHkXbaHRlf7AaBsy9PJCJZN86l9U", "contract_type": "ERC721"}, "collection": {"collection_id": "65a13036c284b18008bd25b7", "name": "TinFun", "logo": "https://i.seadn.io/s/raw/files/a531bedf317b5ffe5a35d559b5c94cd9.jpg?w=500&auto=format", "slug": "tin-fun"}, "gas_fee": {"value": 0.0254, "raw_value": 25400000000000000, "usd": 84.4572, "payment_token": {"address": "0x0000000000000000000000000000000000000000", "symbol": "ETH", "decimals": 18}}, "price": {"value": 0.16, "raw_value": 160000000000000000, "usd": 532.4589430075628, "payment_token": {"address": "0x0000000000000000000000000000000000000000", "symbol": "ETH", "decimals": 18}}, "marketplace_path": ["blur"], "fees": [{"fee_type": "royalty", "recipient": "0x6650dc11f439f14d4dfbea75233bd9b0099a0647", "bps": 50, "price": {"value": 0.0008, "raw_value": 800000000000000, "usd": 2.671578, "payment_token": {"address": "0x0000000000a39bb272e79075ade125fd351887ac", "symbol": "BETH", "decimals": 18}}}], "trait_offer_target": null}, {"blockchain": "ETH", "sender": {"address": "0xba2039974a2e088344b4dc804da8ef88ae00edd9", "ens": "zrool.eth", "is_whale": false, "blockchain": "ETH", "is_contract": false, "is_blue_chip_holder": false, "is_super_blue_chip_holder": false, "is_multi_sign_wallet": false, "das": null, "alias": "zrool.eth"}, "receiver": {"address": "0x73d30ba3dc4ffd17c28cc2d75d12e50df98f29cf", "ens": "nakiri.eth", "is_whale": false, "blockchain": "ETH", "is_contract": false, "is_blue_chip_holder": false, "is_super_blue_chip_holder": false, "is_multi_sign_wallet": false, "das": null, "alias": "nakiri.eth"}, "event": "sale", "quantity": 1, "tx_hash": "0xaa3787ba214da13300675da76c880c4771b4b9a8752d0a0b9d3c29461686d684", "time": 1711062863, "nft": {"contract_address": "0xc274a97f1691ef390f662067e95a6eff1f99b504", "token_id": "7714", "name": "TinFun #7714", "blockchain": "ETH", "image": "https://lh3.googleusercontent.com/mnrG9MRJ1of1CAtEzOIPhWpikMX0Ks8loal8epKxl8cIpvt-iiVqAObu6865BUG4uzCOX3YjHkXbaHRlf7AaBsy9PJCJZN86l9U", "contract_type": "ERC721"}, "collection": {"collection_id": "65a13036c284b18008bd25b7", "name": "TinFun", "logo": "https://i.seadn.io/s/raw/files/a531bedf317b5ffe5a35d559b5c94cd9.jpg?w=500&auto=format", "slug": "tin-fun"}, "gas_fee": {"value": 0.0054, "raw_value": 5400000000000000, "usd": 18.9131, "payment_token": {"address": "0x0000000000000000000000000000000000000000", "symbol": "ETH", "decimals": 18}}, "price": {"value": 0.14, "raw_value": 140000000000000000, "usd": 487.6286822902922, "payment_token": {"address": "0x0000000000000000000000000000000000000000", "symbol": "ETH", "decimals": 18}}, "marketplace_path": ["blur"], "fees": [{"fee_type": "royalty", "recipient": "0x6650dc11f439f14d4dfbea75233bd9b0099a0647", "bps": 50, "price": {"value": 0.0007, "raw_value": 700000000000000, "usd": 2.438597, "payment_token": {"address": "0x0000000000a39bb272e79075ade125fd351887ac", "symbol": "BETH", "decimals": 18}}}], "trait_offer_target": null}, {"blockchain": "ETH", "sender": {"address": "0xba1ba61ff159422bcb07f78017186624e94e6936", "ens": "te1egram.eth", "is_whale": false, "blockchain": "ETH", "is_contract": false, "is_blue_chip_holder": true, "is_super_blue_chip_holder": false, "is_multi_sign_wallet": false, "das": null, "alias": "te1egram.eth"}, "receiver": {"address": "0xba2039974a2e088344b4dc804da8ef88ae00edd9", "ens": "zrool.eth", "is_whale": false, "blockchain": "ETH", "is_contract": false, "is_blue_chip_holder": false, "is_super_blue_chip_holder": false, "is_multi_sign_wallet": false, "das": null, "alias": "zrool.eth"}, "event": "sale", "quantity": 1, "tx_hash": "0xeda5b8ebd2874ddedcc67e73576d499f6ed6bdec4c682788fb3b08e4e5e8f9b0", "time": 1711060439, "nft": {"contract_address": "0xc274a97f1691ef390f662067e95a6eff1f99b504", "token_id": "7714", "name": "TinFun #7714", "blockchain": "ETH", "image": "https://lh3.googleusercontent.com/mnrG9MRJ1of1CAtEzOIPhWpikMX0Ks8loal8epKxl8cIpvt-iiVqAObu6865BUG4uzCOX3YjHkXbaHRlf7AaBsy9PJCJZN86l9U", "contract_type": "ERC721"}, "collection": {"collection_id": "65a13036c284b18008bd25b7", "name": "TinFun", "logo": "https://i.seadn.io/s/raw/files/a531bedf317b5ffe5a35d559b5c94cd9.jpg?w=500&auto=format", "slug": "tin-fun"}, "gas_fee": {"value": 0.03, "raw_value": 30000000000000000, "usd": 105.2111, "payment_token": {"address": "0x0000000000000000000000000000000000000000", "symbol": "ETH", "decimals": 18}}, "price": {"value": 0.14, "raw_value": 140000000000000000, "usd": 490.46725229418576, "payment_token": {"address": "0x0000000000000000000000000000000000000000", "symbol": "ETH", "decimals": 18}}, "marketplace_path": ["blur"], "fees": [{"fee_type": "royalty", "recipient": "0x6650dc11f439f14d4dfbea75233bd9b0099a0647", "bps": 50, "price": {"value": 0.0007, "raw_value": 700000000000000, "usd": 2.414622, "payment_token": {"address": "0x0000000000a39bb272e79075ade125fd351887ac", "symbol": "BETH", "decimals": 18}}}], "trait_offer_target": null}, {"blockchain": "ETH", "sender": {"address": "0xe3332080a6e01ae9d6d709269e73a64dac779a98", "ens": null, "is_whale": false, "blockchain": "ETH", "is_contract": false, "is_blue_chip_holder": false, "is_super_blue_chip_holder": false, "is_multi_sign_wallet": false, "das": null, "alias": null}, "receiver": {"address": "0xba1ba61ff159422bcb07f78017186624e94e6936", "ens": "te1egram.eth", "is_whale": false, "blockchain": "ETH", "is_contract": false, "is_blue_chip_holder": true, "is_super_blue_chip_holder": false, "is_multi_sign_wallet": false, "das": null, "alias": "te1egram.eth"}, "event": "sale", "quantity": 1, "tx_hash": "0x1a40638053d8270cfae6209c2455f56b612cad46e27b84799d1fb4d62c9935f0", "time": 1711058603, "nft": {"contract_address": "0xc274a97f1691ef390f662067e95a6eff1f99b504", "token_id": "7714", "name": "TinFun #7714", "blockchain": "ETH", "image": "https://lh3.googleusercontent.com/mnrG9MRJ1of1CAtEzOIPhWpikMX0Ks8loal8epKxl8cIpvt-iiVqAObu6865BUG4uzCOX3YjHkXbaHRlf7AaBsy9PJCJZN86l9U", "contract_type": "ERC721"}, "collection": {"collection_id": "65a13036c284b18008bd25b7", "name": "TinFun", "logo": "https://i.seadn.io/s/raw/files/a531bedf317b5ffe5a35d559b5c94cd9.jpg?w=500&auto=format", "slug": "tin-fun"}, "gas_fee": {"value": 0.0683, "raw_value": 68300000000000000, "usd": 239.2373, "payment_token": {"address": "0x0000000000000000000000000000000000000000", "symbol": "ETH", "decimals": 18}}, "price": {"value": 0.14, "raw_value": 140000000000000000, "usd": 490.46725229418576, "payment_token": {"address": "0x0000000000000000000000000000000000000000", "symbol": "ETH", "decimals": 18}}, "marketplace_path": ["blur"], "fees": [{"fee_type": "royalty", "recipient": "0x6650dc11f439f14d4dfbea75233bd9b0099a0647", "bps": 50, "price": {"value": 0.0007, "raw_value": 700000000000000, "usd": 2.414622, "payment_token": {"address": "0x0000000000a39bb272e79075ade125fd351887ac", "symbol": "BETH", "decimals": 18}}}], "trait_offer_target": null}, {"blockchain": "ETH", "sender": {"address": "0x9c731c50fb63ee893121245b58816e212f64df6e", "ens": null, "is_whale": false, "blockchain": "ETH", "is_contract": false, "is_blue_chip_holder": false, "is_super_blue_chip_holder": false, "is_multi_sign_wallet": false, "das": null, "alias": null}, "receiver": {"address": "0xe3332080a6e01ae9d6d709269e73a64dac779a98", "ens": null, "is_whale": false, "blockchain": "ETH", "is_contract": false, "is_blue_chip_holder": false, "is_super_blue_chip_holder": false, "is_multi_sign_wallet": false, "das": null, "alias": null}, "event": "sale", "quantity": 1, "tx_hash": "0x27183a56545461b2c9d2e1a777ad3d205e8792a472a6ce55005e29001bc41c1d", "time": 1709604815, "nft": {"contract_address": "0xc274a97f1691ef390f662067e95a6eff1f99b504", "token_id": "7714", "name": "TinFun #7714", "blockchain": "ETH", "image": "https://lh3.googleusercontent.com/mnrG9MRJ1of1CAtEzOIPhWpikMX0Ks8loal8epKxl8cIpvt-iiVqAObu6865BUG4uzCOX3YjHkXbaHRlf7AaBsy9PJCJZN86l9U", "contract_type": "ERC721"}, "collection": {"collection_id": "65a13036c284b18008bd25b7", "name": "TinFun", "logo": "https://i.seadn.io/s/raw/files/a531bedf317b5ffe5a35d559b5c94cd9.jpg?w=500&auto=format", "slug": "tin-fun"}, "gas_fee": {"value": 0.0409, "raw_value": 40900000000000000, "usd": 149.428, "payment_token": {"address": "0x0000000000000000000000000000000000000000", "symbol": "ETH", "decimals": 18}}, "price": {"value": 0.23, "raw_value": 230000000000000000, "usd": 839.3811485099931, "payment_token": {"address": "0x0000000000000000000000000000000000000000", "symbol": "ETH", "decimals": 18}}, "marketplace_path": ["blur"], "fees": [{"fee_type": "royalty", "recipient": "0x6650dc11f439f14d4dfbea75233bd9b0099a0647", "bps": 50, "price": {"value": 0.00115, "raw_value": 1150000000000000, "usd": 4.176718, "payment_token": {"address": "0x0000000000a39bb272e79075ade125fd351887ac", "symbol": "BETH", "decimals": 18}}}], "trait_offer_target": null}, {"blockchain": "ETH", "sender": {"address": "0x9655eb8230bd4f5ea4547f02a57098a7931ce635", "ens": "\u6b32\u4e70\u6842\u82b1\u540c\u8f7d\u9152.eth", "is_whale": false, "blockchain": "ETH", "is_contract": false, "is_blue_chip_holder": false, "is_super_blue_chip_holder": false, "is_multi_sign_wallet": false, "das": null, "alias": "\u6b32\u4e70\u6842\u82b1\u540c\u8f7d\u9152.eth"}, "receiver": {"address": "0x9c731c50fb63ee893121245b58816e212f64df6e", "ens": null, "is_whale": false, "blockchain": "ETH", "is_contract": false, "is_blue_chip_holder": false, "is_super_blue_chip_holder": false, "is_multi_sign_wallet": false, "das": null, "alias": null}, "event": "sale", "quantity": 1, "tx_hash": "0x7e317f8c8380bf0fc0a2393ef9b6b98be83e070f3b7df1aad24631399460ae22", "time": 1709197295, "nft": {"contract_address": "0xc274a97f1691ef390f662067e95a6eff1f99b504", "token_id": "7714", "name": "TinFun #7714", "blockchain": "ETH", "image": "https://lh3.googleusercontent.com/mnrG9MRJ1of1CAtEzOIPhWpikMX0Ks8loal8epKxl8cIpvt-iiVqAObu6865BUG4uzCOX3YjHkXbaHRlf7AaBsy9PJCJZN86l9U", "contract_type": "ERC721"}, "collection": {"collection_id": "65a13036c284b18008bd25b7", "name": "TinFun", "logo": "https://i.seadn.io/s/raw/files/a531bedf317b5ffe5a35d559b5c94cd9.jpg?w=500&auto=format", "slug": "tin-fun"}, "gas_fee": {"value": 0.0112, "raw_value": 11200000000000000, "usd": 38.8475, "payment_token": {"address": "0x0000000000000000000000000000000000000000", "symbol": "ETH", "decimals": 18}}, "price": {"value": 0.27, "raw_value": 270000000000000000, "usd": 939.1463134946579, "payment_token": {"address": "0x0000000000000000000000000000000000000000", "symbol": "ETH", "decimals": 18}}, "marketplace_path": ["blur"], "fees": [{"fee_type": "royalty", "recipient": "0x6650dc11f439f14d4dfbea75233bd9b0099a0647", "bps": 50, "price": {"value": 0.00135, "raw_value": 1350000000000000, "usd": 4.698571, "payment_token": {"address": "0x0000000000a39bb272e79075ade125fd351887ac", "symbol": "BETH", "decimals": 18}}}], "trait_offer_target": null}, {"blockchain": "ETH", "sender": {"address": "0xa7872a3737a7ec62d568f3442f46453de70df8f1", "ens": null, "is_whale": false, "blockchain": "ETH", "is_contract": false, "is_blue_chip_holder": false, "is_super_blue_chip_holder": false, "is_multi_sign_wallet": false, "das": null, "alias": null}, "receiver": {"address": "0x9655eb8230bd4f5ea4547f02a57098a7931ce635", "ens": "\u6b32\u4e70\u6842\u82b1\u540c\u8f7d\u9152.eth", "is_whale": false, "blockchain": "ETH", "is_contract": false, "is_blue_chip_holder": false, "is_super_blue_chip_holder": false, "is_multi_sign_wallet": false, "das": null, "alias": "\u6b32\u4e70\u6842\u82b1\u540c\u8f7d\u9152.eth"}, "event": "sale", "quantity": 1, "tx_hash": "0x5dbc3ffdc43ada526d8d94fbe6ab8b83e15f4d0334af674de0cf3c3a6a19da93", "time": 1708222883, "nft": {"contract_address": "0xc274a97f1691ef390f662067e95a6eff1f99b504", "token_id": "7714", "name": "TinFun #7714", "blockchain": "ETH", "image": "https://lh3.googleusercontent.com/mnrG9MRJ1of1CAtEzOIPhWpikMX0Ks8loal8epKxl8cIpvt-iiVqAObu6865BUG4uzCOX3YjHkXbaHRlf7AaBsy9PJCJZN86l9U", "contract_type": "ERC721"}, "collection": {"collection_id": "65a13036c284b18008bd25b7", "name": "TinFun", "logo": "https://i.seadn.io/s/raw/files/a531bedf317b5ffe5a35d559b5c94cd9.jpg?w=500&auto=format", "slug": "tin-fun"}, "gas_fee": {"value": 0.003, "raw_value": 3000000000000000, "usd": 8.384, "payment_token": {"address": "0x0000000000000000000000000000000000000000", "symbol": "ETH", "decimals": 18}}, "price": {"value": 0.564555, "raw_value": 564555000000000000, "usd": 1569.702590044953, "payment_token": {"address": "0x0000000000000000000000000000000000000000", "symbol": "ETH", "decimals": 18}}, "marketplace_path": ["blur-aggregator", "blur"], "fees": [{"fee_type": "royalty", "recipient": "0x6650dc11f439f14d4dfbea75233bd9b0099a0647", "bps": 50, "price": {"value": 0.002823, "raw_value": 2822775000000000, "usd": 7.866255, "payment_token": {"address": "0x0000000000000000000000000000000000000000", "symbol": "ETH", "decimals": 18}}}], "trait_offer_target": null}, {"blockchain": "ETH", "sender": {"address": "0xf57a49b941f7725d858b657b9f82052c4d3fcb4d", "ens": "d34thst4lker.eth", "is_whale": false, "blockchain": "ETH", "is_contract": false, "is_blue_chip_holder": true, "is_super_blue_chip_holder": false, "is_multi_sign_wallet": false, "das": null, "alias": "d34thst4lker.eth"}, "receiver": {"address": "0xa7872a3737a7ec62d568f3442f46453de70df8f1", "ens": null, "is_whale": false, "blockchain": "ETH", "is_contract": false, "is_blue_chip_holder": false, "is_super_blue_chip_holder": false, "is_multi_sign_wallet": false, "das": null, "alias": null}, "event": "sale", "quantity": 1, "tx_hash": "0xd735a1205fb99fbf159fef790cc3848fe8430495d2d214a75d47059bbbf130e3", "time": 1708055387, "nft": {"contract_address": "0xc274a97f1691ef390f662067e95a6eff1f99b504", "token_id": "7714", "name": "TinFun #7714", "blockchain": "ETH", "image": "https://lh3.googleusercontent.com/mnrG9MRJ1of1CAtEzOIPhWpikMX0Ks8loal8epKxl8cIpvt-iiVqAObu6865BUG4uzCOX3YjHkXbaHRlf7AaBsy9PJCJZN86l9U", "contract_type": "ERC721"}, "collection": {"collection_id": "65a13036c284b18008bd25b7", "name": "TinFun", "logo": "https://i.seadn.io/s/raw/files/a531bedf317b5ffe5a35d559b5c94cd9.jpg?w=500&auto=format", "slug": "tin-fun"}, "gas_fee": {"value": 0.0128, "raw_value": 12800000000000000, "usd": 36.4234, "payment_token": {"address": "0x0000000000000000000000000000000000000000", "symbol": "ETH", "decimals": 18}}, "price": {"value": 0.54, "raw_value": 540000000000000000, "usd": 1538.5156949590344, "payment_token": {"address": "0x0000000000000000000000000000000000000000", "symbol": "ETH", "decimals": 18}}, "marketplace_path": ["blur"], "fees": [{"fee_type": "royalty", "recipient": "0x6650dc11f439f14d4dfbea75233bd9b0099a0647", "bps": 50, "price": {"value": 0.0027, "raw_value": 2700000000000000, "usd": 7.672339, "payment_token": {"address": "0x0000000000a39bb272e79075ade125fd351887ac", "symbol": "BETH", "decimals": 18}}}], "trait_offer_target": null}, {"blockchain": "ETH", "sender": {"address": "0x73d30ba3dc4ffd17c28cc2d75d12e50df98f29cf", "ens": "nakiri.eth", "is_whale": false, "blockchain": "ETH", "is_contract": false, "is_blue_chip_holder": false, "is_super_blue_chip_holder": false, "is_multi_sign_wallet": false, "das": null, "alias": "nakiri.eth"}, "receiver": {"address": "0xf57a49b941f7725d858b657b9f82052c4d3fcb4d", "ens": "d34thst4lker.eth", "is_whale": false, "blockchain": "ETH", "is_contract": false, "is_blue_chip_holder": true, "is_super_blue_chip_holder": false, "is_multi_sign_wallet": false, "das": null, "alias": "d34thst4lker.eth"}, "event": "sale", "quantity": 1, "tx_hash": "0xa04b3cfd07e22545c650d3f4bb983b6c93e45db083c439ae4e3e0e554deb4835", "time": 1705585343, "nft": {"contract_address": "0xc274a97f1691ef390f662067e95a6eff1f99b504", "token_id": "7714", "name": "TinFun #7714", "blockchain": "ETH", "image": "https://lh3.googleusercontent.com/mnrG9MRJ1of1CAtEzOIPhWpikMX0Ks8loal8epKxl8cIpvt-iiVqAObu6865BUG4uzCOX3YjHkXbaHRlf7AaBsy9PJCJZN86l9U", "contract_type": "ERC721"}, "collection": {"collection_id": "65a13036c284b18008bd25b7", "name": "TinFun", "logo": "https://i.seadn.io/s/raw/files/a531bedf317b5ffe5a35d559b5c94cd9.jpg?w=500&auto=format", "slug": "tin-fun"}, "gas_fee": {"value": 0.0334, "raw_value": 33400000000000000, "usd": 83.7921, "payment_token": {"address": "0x0000000000000000000000000000000000000000", "symbol": "ETH", "decimals": 18}}, "price": {"value": 0.7, "raw_value": 700000000000000000, "usd": 1756.6521010452607, "payment_token": {"address": "0x0000000000000000000000000000000000000000", "symbol": "ETH", "decimals": 18}}, "marketplace_path": ["blur"], "fees": [{"fee_type": "royalty", "recipient": "0x6650dc11f439f14d4dfbea75233bd9b0099a0647", "bps": 50, "price": {"value": 0.0035, "raw_value": 3500000000000000, "usd": 8.80163, "payment_token": {"address": "0x0000000000a39bb272e79075ade125fd351887ac", "symbol": "BETH", "decimals": 18}}}], "trait_offer_target": null}, {"blockchain": "ETH", "sender": {"address": "0x9dc5c486e5651bfa8355dc842aef9f3c1374e2b2", "ens": null, "is_whale": false, "blockchain": "ETH", "is_contract": false, "is_blue_chip_holder": false, "is_super_blue_chip_holder": false, "is_multi_sign_wallet": false, "das": null, "alias": null}, "receiver": {"address": "0x73d30ba3dc4ffd17c28cc2d75d12e50df98f29cf", "ens": "nakiri.eth", "is_whale": false, "blockchain": "ETH", "is_contract": false, "is_blue_chip_holder": false, "is_super_blue_chip_holder": false, "is_multi_sign_wallet": false, "das": null, "alias": "nakiri.eth"}, "event": "sale", "quantity": 1, "tx_hash": "0x2e478a8df32020437219972b664705cb69bf3a895c54a6515d5e175e42878233", "time": 1705499855, "nft": {"contract_address": "0xc274a97f1691ef390f662067e95a6eff1f99b504", "token_id": "7714", "name": "TinFun #7714", "blockchain": "ETH", "image": "https://lh3.googleusercontent.com/mnrG9MRJ1of1CAtEzOIPhWpikMX0Ks8loal8epKxl8cIpvt-iiVqAObu6865BUG4uzCOX3YjHkXbaHRlf7AaBsy9PJCJZN86l9U", "contract_type": "ERC721"}, "collection": {"collection_id": "65a13036c284b18008bd25b7", "name": "TinFun", "logo": "https://i.seadn.io/s/raw/files/a531bedf317b5ffe5a35d559b5c94cd9.jpg?w=500&auto=format", "slug": "tin-fun"}, "gas_fee": {"value": 0.0241, "raw_value": 24100000000000000, "usd": 61.4953, "payment_token": {"address": "0x0000000000000000000000000000000000000000", "symbol": "ETH", "decimals": 18}}, "price": {"value": 0.76, "raw_value": 760000000000000000, "usd": 1938.5236702188618, "payment_token": {"address": "0x0000000000000000000000000000000000000000", "symbol": "ETH", "decimals": 18}}, "marketplace_path": ["blur"], "fees": [{"fee_type": "royalty", "recipient": "0x6650dc11f439f14d4dfbea75233bd9b0099a0647", "bps": 50, "price": {"value": 0.0038, "raw_value": 3800000000000000, "usd": 9.69405, "payment_token": {"address": "0x0000000000a39bb272e79075ade125fd351887ac", "symbol": "BETH", "decimals": 18}}}], "trait_offer_target": null}, {"blockchain": "ETH", "sender": {"address": "0x4966d4d9bd9c383e050f923a13c58eb5c908f7cf", "ens": null, "is_whale": false, "blockchain": "ETH", "is_contract": false, "is_blue_chip_holder": false, "is_super_blue_chip_holder": false, "is_multi_sign_wallet": false, "das": null, "alias": null}, "receiver": {"address": "0x9dc5c486e5651bfa8355dc842aef9f3c1374e2b2", "ens": null, "is_whale": false, "blockchain": "ETH", "is_contract": false, "is_blue_chip_holder": false, "is_super_blue_chip_holder": false, "is_multi_sign_wallet": false, "das": null, "alias": null}, "event": "sale", "quantity": 1, "tx_hash": "0x93f027f0bb45b0911f843642553684533fb960bb8d1b9c47a4af89c795dd379c", "time": 1705234763, "nft": {"contract_address": "0xc274a97f1691ef390f662067e95a6eff1f99b504", "token_id": "7714", "name": "TinFun #7714", "blockchain": "ETH", "image": "https://lh3.googleusercontent.com/mnrG9MRJ1of1CAtEzOIPhWpikMX0Ks8loal8epKxl8cIpvt-iiVqAObu6865BUG4uzCOX3YjHkXbaHRlf7AaBsy9PJCJZN86l9U", "contract_type": "ERC721"}, "collection": {"collection_id": "65a13036c284b18008bd25b7", "name": "TinFun", "logo": "https://i.seadn.io/s/raw/files/a531bedf317b5ffe5a35d559b5c94cd9.jpg?w=500&auto=format", "slug": "tin-fun"}, "gas_fee": {"value": 0.0266, "raw_value": 26600000000000000, "usd": 67.4552, "payment_token": {"address": "0x0000000000000000000000000000000000000000", "symbol": "ETH", "decimals": 18}}, "price": {"value": 0.739, "raw_value": 739000000000000000, "usd": 1875.2823567456053, "payment_token": {"address": "0x0000000000000000000000000000000000000000", "symbol": "ETH", "decimals": 18}}, "marketplace_path": ["blur-aggregator", "blur"], "fees": [{"fee_type": "royalty", "recipient": "0x6650dc11f439f14d4dfbea75233bd9b0099a0647", "bps": 50, "price": {"value": 0.003695, "raw_value": 3695000000000000, "usd": 9.431635, "payment_token": {"address": "0x0000000000000000000000000000000000000000", "symbol": "ETH", "decimals": 18}}}], "trait_offer_target": null}, {"blockchain": "ETH", "sender": {"address": "0xb21705e90c3e90fb9d3e8778a11d21d532a9563a", "ens": null, "is_whale": false, "blockchain": "ETH", "is_contract": false, "is_blue_chip_holder": false, "is_super_blue_chip_holder": false, "is_multi_sign_wallet": false, "das": null, "alias": null}, "receiver": {"address": "0x4966d4d9bd9c383e050f923a13c58eb5c908f7cf", "ens": null, "is_whale": false, "blockchain": "ETH", "is_contract": false, "is_blue_chip_holder": false, "is_super_blue_chip_holder": false, "is_multi_sign_wallet": false, "das": null, "alias": null}, "event": "sale", "quantity": 1, "tx_hash": "0x8f4ab3ef00c354caec9920a43c3d01a72782ad4e4064eebf28c66a0ceb534a75", "time": 1705071983, "nft": {"contract_address": "0xc274a97f1691ef390f662067e95a6eff1f99b504", "token_id": "7714", "name": "TinFun #7714", "blockchain": "ETH", "image": "https://lh3.googleusercontent.com/mnrG9MRJ1of1CAtEzOIPhWpikMX0Ks8loal8epKxl8cIpvt-iiVqAObu6865BUG4uzCOX3YjHkXbaHRlf7AaBsy9PJCJZN86l9U", "contract_type": "ERC721"}, "collection": {"collection_id": "65a13036c284b18008bd25b7", "name": "TinFun", "logo": "https://i.seadn.io/s/raw/files/a531bedf317b5ffe5a35d559b5c94cd9.jpg?w=500&auto=format", "slug": "tin-fun"}, "gas_fee": {"value": 0.0066, "raw_value": 6600000000000000, "usd": 17.9183, "payment_token": {"address": "0x0000000000000000000000000000000000000000", "symbol": "ETH", "decimals": 18}}, "price": {"value": 0.89, "raw_value": 890000000000000000, "usd": 2408.9967252815018, "payment_token": {"address": "0x0000000000000000000000000000000000000000", "symbol": "ETH", "decimals": 18}}, "marketplace_path": ["blur"], "fees": [{"fee_type": "royalty", "recipient": "0x6650dc11f439f14d4dfbea75233bd9b0099a0647", "bps": 50, "price": {"value": 0.00445, "raw_value": 4450000000000000, "usd": 11.794318, "payment_token": {"address": "0x0000000000000000000000000000000000000000", "symbol": "ETH", "decimals": 18}}}], "trait_offer_target": null}, {"blockchain": "ETH", "sender": {"address": "0xe2e35739a197e3e7fd93071da6ddab8132b85161", "ens": null, "is_whale": false, "blockchain": "ETH", "is_contract": false, "is_blue_chip_holder": false, "is_super_blue_chip_holder": false, "is_multi_sign_wallet": false, "das": null, "alias": null}, "receiver": {"address": "0xb21705e90c3e90fb9d3e8778a11d21d532a9563a", "ens": null, "is_whale": false, "blockchain": "ETH", "is_contract": false, "is_blue_chip_holder": false, "is_super_blue_chip_holder": false, "is_multi_sign_wallet": false, "das": null, "alias": null}, "event": "transfer", "quantity": 1, "tx_hash": "0x6626f280b314f2efce73c09d1af3cacf123793e8ca93858a0fb549c1b3958dbe", "time": 1705070771, "nft": {"contract_address": "0xc274a97f1691ef390f662067e95a6eff1f99b504", "token_id": "7714", "name": "TinFun #7714", "blockchain": "ETH", "image": "https://lh3.googleusercontent.com/mnrG9MRJ1of1CAtEzOIPhWpikMX0Ks8loal8epKxl8cIpvt-iiVqAObu6865BUG4uzCOX3YjHkXbaHRlf7AaBsy9PJCJZN86l9U", "contract_type": "ERC721"}, "collection": {"collection_id": "65a13036c284b18008bd25b7", "name": "TinFun", "logo": "https://i.seadn.io/s/raw/files/a531bedf317b5ffe5a35d559b5c94cd9.jpg?w=500&auto=format", "slug": "tin-fun"}, "gas_fee": {"value": 0.0018, "raw_value": 1800000000000000, "usd": 4.719, "payment_token": {"address": "0x0000000000000000000000000000000000000000", "symbol": "ETH", "decimals": 18}}, "price": null, "marketplace_path": [], "fees": [], "trait_offer_target": null}]