[{"blockchain": "ETH", "sender": {"address": "0xd2d5f761f48d3ef39c2e70295979c4957cbeb1ee", "ens": "azukian.eth", "is_whale": false, "blockchain": "ETH", "is_contract": false, "is_blue_chip_holder": true, "is_super_blue_chip_holder": false, "is_multi_sign_wallet": false, "das": null, "alias": "azukian.eth"}, "receiver": {"address": "0x8177e9fa379b85e01b2b30140ddc446b9875106a", "ens": null, "is_whale": false, "blockchain": "ETH", "is_contract": true, "is_blue_chip_holder": false, "is_super_blue_chip_holder": false, "is_multi_sign_wallet": false, "das": null, "alias": null}, "event": "transfer", "quantity": 1, "tx_hash": "0xd5a42c651909c8cfeed3b87133a4b7af9b56be784a6517f07848b4da465f9bc5", "time": 1712851103, "nft": {"contract_address": "0xc274a97f1691ef390f662067e95a6eff1f99b504", "token_id": "7942", "name": "TinFun #7942", "blockchain": "ETH", "image": "https://lh3.googleusercontent.com/3NYUvr8HhwsC9P2R1efR4PhUY8GKT77-f65Fv0dwHfLxdsWtH4I-XMgxtRnXt-JKcW4cdTeBBXbCWTKlNrBpiiLtfx0rlofi3wQ", "contract_type": "ERC721"}, "collection": {"collection_id": "65a13036c284b18008bd25b7", "name": "TinFun", "logo": "https://i.seadn.io/s/raw/files/a531bedf317b5ffe5a35d559b5c94cd9.jpg?w=500&auto=format", "slug": "tin-fun"}, "gas_fee": {"value": 0.0056, "raw_value": 5600000000000000, "usd": 19.6565, "payment_token": {"address": "0x0000000000000000000000000000000000000000", "symbol": "ETH", "decimals": 18}}, "price": null, "marketplace_path": [], "fees": [], "trait_offer_target": null}, {"blockchain": "ETH", "sender": {"address": "0xe47fb0e937399c95fa036242c524b3062662c711", "ens": null, "is_whale": false, "blockchain": "ETH", "is_contract": false, "is_blue_chip_holder": false, "is_super_blue_chip_holder": false, "is_multi_sign_wallet": false, "das": null, "alias": null}, "receiver": {"address": "0xd2d5f761f48d3ef39c2e70295979c4957cbeb1ee", "ens": "azukian.eth", "is_whale": false, "blockchain": "ETH", "is_contract": false, "is_blue_chip_holder": true, "is_super_blue_chip_holder": false, "is_multi_sign_wallet": false, "das": null, "alias": "azukian.eth"}, "event": "transfer", "quantity": 1, "tx_hash": "0xf5401f00bcafc21dfc438f4feb6c21facc2c4ca6839e1550faea67a65184c45f", "time": 1712851043, "nft": {"contract_address": "0xc274a97f1691ef390f662067e95a6eff1f99b504", "token_id": "7942", "name": "TinFun #7942", "blockchain": "ETH", "image": "https://lh3.googleusercontent.com/3NYUvr8HhwsC9P2R1efR4PhUY8GKT77-f65Fv0dwHfLxdsWtH4I-XMgxtRnXt-JKcW4cdTeBBXbCWTKlNrBpiiLtfx0rlofi3wQ", "contract_type": "ERC721"}, "collection": {"collection_id": "65a13036c284b18008bd25b7", "name": "TinFun", "logo": "https://i.seadn.io/s/raw/files/a531bedf317b5ffe5a35d559b5c94cd9.jpg?w=500&auto=format", "slug": "tin-fun"}, "gas_fee": {"value": 0.0017, "raw_value": 1700000000000000, "usd": 5.8142, "payment_token": {"address": "0x0000000000000000000000000000000000000000", "symbol": "ETH", "decimals": 18}}, "price": null, "marketplace_path": [], "fees": [], "trait_offer_target": null}]