[{"blockchain": "ETH", "sender": {"address": "0xe2ea64d88440ff732dd39c10a0bcc56d37f73399", "ens": null, "is_whale": false, "blockchain": "ETH", "is_contract": false, "is_blue_chip_holder": false, "is_super_blue_chip_holder": false, "is_multi_sign_wallet": false, "das": null, "alias": null}, "receiver": {"address": "0x8177e9fa379b85e01b2b30140ddc446b9875106a", "ens": null, "is_whale": false, "blockchain": "ETH", "is_contract": true, "is_blue_chip_holder": false, "is_super_blue_chip_holder": false, "is_multi_sign_wallet": false, "das": null, "alias": null}, "event": "transfer", "quantity": 1, "tx_hash": "0x0c5e6e3a833ae4bbc4be89d8e872d3234bd1f8f4455dcc43565e4f2e30467140", "time": 1711702559, "nft": {"contract_address": "0xc274a97f1691ef390f662067e95a6eff1f99b504", "token_id": "3429", "name": "TinFun #3429", "blockchain": "ETH", "image": "https://lh3.googleusercontent.com/Q3pxNhp7XyecG-Vl5jHAHoLN54uCCaX7pIY2DmTBmmni_Jd-vY5t-xg1x7UsKgQ_YemRRq_VbjgrK_N3daoNAgnE0dNwFtXeV3fu", "contract_type": "ERC721"}, "collection": {"collection_id": "65a13036c284b18008bd25b7", "name": "TinFun", "logo": "https://i.seadn.io/s/raw/files/a531bedf317b5ffe5a35d559b5c94cd9.jpg?w=500&auto=format", "slug": "tin-fun"}, "gas_fee": {"value": 0.0032, "raw_value": 3200000000000000, "usd": 11.3573, "payment_token": {"address": "0x0000000000000000000000000000000000000000", "symbol": "ETH", "decimals": 18}}, "price": null, "marketplace_path": [], "fees": [], "trait_offer_target": null}, {"blockchain": "ETH", "sender": {"address": "0x1277f5266dead289eb6ab3f97a866f5854feb33d", "ens": null, "is_whale": false, "blockchain": "ETH", "is_contract": false, "is_blue_chip_holder": true, "is_super_blue_chip_holder": false, "is_multi_sign_wallet": false, "das": null, "alias": null}, "receiver": {"address": "0xe2ea64d88440ff732dd39c10a0bcc56d37f73399", "ens": null, "is_whale": false, "blockchain": "ETH", "is_contract": false, "is_blue_chip_holder": false, "is_super_blue_chip_holder": false, "is_multi_sign_wallet": false, "das": null, "alias": null}, "event": "sale", "quantity": 1, "tx_hash": "0x543e18d7bb98ab469e83d8013ea5dc3ccc39bdf9b82535a3101da23c2ff4d23d", "time": 1708936115, "nft": {"contract_address": "0xc274a97f1691ef390f662067e95a6eff1f99b504", "token_id": "3429", "name": "TinFun #3429", "blockchain": "ETH", "image": "https://lh3.googleusercontent.com/Q3pxNhp7XyecG-Vl5jHAHoLN54uCCaX7pIY2DmTBmmni_Jd-vY5t-xg1x7UsKgQ_YemRRq_VbjgrK_N3daoNAgnE0dNwFtXeV3fu", "contract_type": "ERC721"}, "collection": {"collection_id": "65a13036c284b18008bd25b7", "name": "TinFun", "logo": "https://i.seadn.io/s/raw/files/a531bedf317b5ffe5a35d559b5c94cd9.jpg?w=500&auto=format", "slug": "tin-fun"}, "gas_fee": {"value": 0.0054, "raw_value": 5400000000000000, "usd": 16.614, "payment_token": {"address": "0x0000000000000000000000000000000000000000", "symbol": "ETH", "decimals": 18}}, "price": {"value": 0.261, "raw_value": 261000000000000000, "usd": 805.7905013377335, "payment_token": {"address": "0x0000000000000000000000000000000000000000", "symbol": "ETH", "decimals": 18}}, "marketplace_path": ["blur-aggregator", "blur"], "fees": [{"fee_type": "royalty", "recipient": "0x6650dc11f439f14d4dfbea75233bd9b0099a0647", "bps": 50, "price": {"value": 0.001305, "raw_value": 1305000000000000, "usd": 4.054482, "payment_token": {"address": "0x0000000000000000000000000000000000000000", "symbol": "ETH", "decimals": 18}}}], "trait_offer_target": null}, {"blockchain": "ETH", "sender": {"address": "0x4b4df3b4c0a893c7beefe72e1b8dae7654ae6f47", "ens": "\ud83d\udc31\ud83d\udc31\ud83d\udc31.eth", "is_whale": false, "blockchain": "ETH", "is_contract": false, "is_blue_chip_holder": true, "is_super_blue_chip_holder": false, "is_multi_sign_wallet": false, "das": null, "alias": "\ud83d\udc31\ud83d\udc31\ud83d\udc31.eth"}, "receiver": {"address": "0x1277f5266dead289eb6ab3f97a866f5854feb33d", "ens": null, "is_whale": false, "blockchain": "ETH", "is_contract": false, "is_blue_chip_holder": true, "is_super_blue_chip_holder": false, "is_multi_sign_wallet": false, "das": null, "alias": null}, "event": "sale", "quantity": 1, "tx_hash": "0x8537a79fc36f8fd89c5caf3412c351ca683a223766a503e00272c4081d610240", "time": 1708935995, "nft": {"contract_address": "0xc274a97f1691ef390f662067e95a6eff1f99b504", "token_id": "3429", "name": "TinFun #3429", "blockchain": "ETH", "image": "https://lh3.googleusercontent.com/Q3pxNhp7XyecG-Vl5jHAHoLN54uCCaX7pIY2DmTBmmni_Jd-vY5t-xg1x7UsKgQ_YemRRq_VbjgrK_N3daoNAgnE0dNwFtXeV3fu", "contract_type": "ERC721"}, "collection": {"collection_id": "65a13036c284b18008bd25b7", "name": "TinFun", "logo": "https://i.seadn.io/s/raw/files/a531bedf317b5ffe5a35d559b5c94cd9.jpg?w=500&auto=format", "slug": "tin-fun"}, "gas_fee": {"value": 0.0055, "raw_value": 5500000000000000, "usd": 16.8871, "payment_token": {"address": "0x0000000000000000000000000000000000000000", "symbol": "ETH", "decimals": 18}}, "price": {"value": 0.25, "raw_value": 250000000000000000, "usd": 771.8299821242658, "payment_token": {"address": "0x0000000000000000000000000000000000000000", "symbol": "ETH", "decimals": 18}}, "marketplace_path": ["blur"], "fees": [{"fee_type": "royalty", "recipient": "0x6650dc11f439f14d4dfbea75233bd9b0099a0647", "bps": 50, "price": {"value": 0.00125, "raw_value": 1250000000000000, "usd": 3.883603, "payment_token": {"address": "0x0000000000a39bb272e79075ade125fd351887ac", "symbol": "BETH", "decimals": 18}}}], "trait_offer_target": null}, {"blockchain": "ETH", "sender": {"address": "0x8b658574dbc6b27195ae2212f498fad2976eb080", "ens": "kingken.eth", "is_whale": false, "blockchain": "ETH", "is_contract": false, "is_blue_chip_holder": false, "is_super_blue_chip_holder": false, "is_multi_sign_wallet": false, "das": null, "alias": "kingken.eth"}, "receiver": {"address": "0x4b4df3b4c0a893c7beefe72e1b8dae7654ae6f47", "ens": "\ud83d\udc31\ud83d\udc31\ud83d\udc31.eth", "is_whale": false, "blockchain": "ETH", "is_contract": false, "is_blue_chip_holder": true, "is_super_blue_chip_holder": false, "is_multi_sign_wallet": false, "das": null, "alias": "\ud83d\udc31\ud83d\udc31\ud83d\udc31.eth"}, "event": "sale", "quantity": 1, "tx_hash": "0x43624bba055ee3fb00203e861ffd71886ff72964734941615fb2db92faf50182", "time": 1708785011, "nft": {"contract_address": "0xc274a97f1691ef390f662067e95a6eff1f99b504", "token_id": "3429", "name": "TinFun #3429", "blockchain": "ETH", "image": "https://lh3.googleusercontent.com/Q3pxNhp7XyecG-Vl5jHAHoLN54uCCaX7pIY2DmTBmmni_Jd-vY5t-xg1x7UsKgQ_YemRRq_VbjgrK_N3daoNAgnE0dNwFtXeV3fu", "contract_type": "ERC721"}, "collection": {"collection_id": "65a13036c284b18008bd25b7", "name": "TinFun", "logo": "https://i.seadn.io/s/raw/files/a531bedf317b5ffe5a35d559b5c94cd9.jpg?w=500&auto=format", "slug": "tin-fun"}, "gas_fee": {"value": 0.0046, "raw_value": 4600000000000000, "usd": 13.549, "payment_token": {"address": "0x0000000000000000000000000000000000000000", "symbol": "ETH", "decimals": 18}}, "price": {"value": 0.5, "raw_value": 500000000000000000, "usd": 1482.8305397704146, "payment_token": {"address": "0x0000000000000000000000000000000000000000", "symbol": "ETH", "decimals": 18}}, "marketplace_path": ["blur-aggregator", "blur"], "fees": [{"fee_type": "royalty", "recipient": "0x6650dc11f439f14d4dfbea75233bd9b0099a0647", "bps": 50, "price": {"value": 0.0025, "raw_value": 2500000000000000, "usd": 7.402918, "payment_token": {"address": "0x0000000000000000000000000000000000000000", "symbol": "ETH", "decimals": 18}}}], "trait_offer_target": null}, {"blockchain": "ETH", "sender": {"address": "0x63a0385777ba6103997610816ade25bd93a2a90c", "ens": "pk8888.eth", "is_whale": false, "blockchain": "ETH", "is_contract": false, "is_blue_chip_holder": true, "is_super_blue_chip_holder": false, "is_multi_sign_wallet": false, "das": null, "alias": "pk8888.eth"}, "receiver": {"address": "0x8b658574dbc6b27195ae2212f498fad2976eb080", "ens": "kingken.eth", "is_whale": false, "blockchain": "ETH", "is_contract": false, "is_blue_chip_holder": false, "is_super_blue_chip_holder": false, "is_multi_sign_wallet": false, "das": null, "alias": "kingken.eth"}, "event": "sale", "quantity": 1, "tx_hash": "0xaaadf373859aa460a619209e4db3156a9d19c304b171ebffa19a83a421ef00b9", "time": 1708784831, "nft": {"contract_address": "0xc274a97f1691ef390f662067e95a6eff1f99b504", "token_id": "3429", "name": "TinFun #3429", "blockchain": "ETH", "image": "https://lh3.googleusercontent.com/Q3pxNhp7XyecG-Vl5jHAHoLN54uCCaX7pIY2DmTBmmni_Jd-vY5t-xg1x7UsKgQ_YemRRq_VbjgrK_N3daoNAgnE0dNwFtXeV3fu", "contract_type": "ERC721"}, "collection": {"collection_id": "65a13036c284b18008bd25b7", "name": "TinFun", "logo": "https://i.seadn.io/s/raw/files/a531bedf317b5ffe5a35d559b5c94cd9.jpg?w=500&auto=format", "slug": "tin-fun"}, "gas_fee": {"value": 0.0042, "raw_value": 4199999999999999, "usd": 12.5164, "payment_token": {"address": "0x0000000000000000000000000000000000000000", "symbol": "ETH", "decimals": 18}}, "price": {"value": 0.444, "raw_value": 444000000000000000, "usd": 1316.7535193161282, "payment_token": {"address": "0x0000000000000000000000000000000000000000", "symbol": "ETH", "decimals": 18}}, "marketplace_path": ["openseapro", "opensea"], "fees": [{"fee_type": "marketplace", "recipient": "0x0000a26b00c1f0df003000390027140000faa719", "bps": 50, "price": {"value": 0.00222, "raw_value": 2220000000000000, "usd": 6.573791, "payment_token": {"address": "0x0000000000000000000000000000000000000000", "symbol": "ETH", "decimals": 18}}}], "trait_offer_target": null}, {"blockchain": "ETH", "sender": {"address": "0xeb75260ac899f9eb090223b51521523294ed2653", "ens": null, "is_whale": false, "blockchain": "ETH", "is_contract": false, "is_blue_chip_holder": false, "is_super_blue_chip_holder": false, "is_multi_sign_wallet": false, "das": null, "alias": null}, "receiver": {"address": "0x63a0385777ba6103997610816ade25bd93a2a90c", "ens": "pk8888.eth", "is_whale": false, "blockchain": "ETH", "is_contract": false, "is_blue_chip_holder": true, "is_super_blue_chip_holder": false, "is_multi_sign_wallet": false, "das": null, "alias": "pk8888.eth"}, "event": "sale", "quantity": 1, "tx_hash": "0xf88ef521e5ba1854f33b2decd33ddf7c3f05866b37365841a2f104ba1a0b135d", "time": 1708784747, "nft": {"contract_address": "0xc274a97f1691ef390f662067e95a6eff1f99b504", "token_id": "3429", "name": "TinFun #3429", "blockchain": "ETH", "image": "https://lh3.googleusercontent.com/Q3pxNhp7XyecG-Vl5jHAHoLN54uCCaX7pIY2DmTBmmni_Jd-vY5t-xg1x7UsKgQ_YemRRq_VbjgrK_N3daoNAgnE0dNwFtXeV3fu", "contract_type": "ERC721"}, "collection": {"collection_id": "65a13036c284b18008bd25b7", "name": "TinFun", "logo": "https://i.seadn.io/s/raw/files/a531bedf317b5ffe5a35d559b5c94cd9.jpg?w=500&auto=format", "slug": "tin-fun"}, "gas_fee": {"value": 0.0076, "raw_value": 7600000000000000, "usd": 22.4967, "payment_token": {"address": "0x0000000000000000000000000000000000000000", "symbol": "ETH", "decimals": 18}}, "price": {"value": 0.41, "raw_value": 410000000000000000, "usd": 1215.92104261174, "payment_token": {"address": "0x0000000000000000000000000000000000000000", "symbol": "ETH", "decimals": 18}}, "marketplace_path": ["blur"], "fees": [{"fee_type": "royalty", "recipient": "0x6650dc11f439f14d4dfbea75233bd9b0099a0647", "bps": 500, "price": {"value": 0.0205, "raw_value": 20500000000000000, "usd": 60.703925, "payment_token": {"address": "0x0000000000a39bb272e79075ade125fd351887ac", "symbol": "BETH", "decimals": 18}}}], "trait_offer_target": null}]