[{"blockchain": "ETH", "sender": {"address": "0xf2d5c9dd058d75bd939f74cb1964281550a3c06e", "ens": null, "is_whale": false, "blockchain": "ETH", "is_contract": false, "is_blue_chip_holder": false, "is_super_blue_chip_holder": false, "is_multi_sign_wallet": false, "das": null, "alias": null}, "receiver": {"address": "0x8177e9fa379b85e01b2b30140ddc446b9875106a", "ens": null, "is_whale": false, "blockchain": "ETH", "is_contract": true, "is_blue_chip_holder": false, "is_super_blue_chip_holder": false, "is_multi_sign_wallet": false, "das": null, "alias": null}, "event": "transfer", "quantity": 1, "tx_hash": "0x2bf06c2399cb4a60660fbc3ef17bb64b64c3bbef794b267a6ab3f220977f2e87", "time": 1711939703, "nft": {"contract_address": "0xc274a97f1691ef390f662067e95a6eff1f99b504", "token_id": "6555", "name": "TinFun #6555", "blockchain": "ETH", "image": "https://lh3.googleusercontent.com/XSL_gZwslPRI0OlX3sP-CeS8RbKGPwTdb-yna4I9_r5qSse6kUwhodtzHWRPfz3x0cSfLwonMj_WR3lz9QMFqOVf2Xfkw_DXrAOX", "contract_type": "ERC721"}, "collection": {"collection_id": "65a13036c284b18008bd25b7", "name": "TinFun", "logo": "https://i.seadn.io/s/raw/files/a531bedf317b5ffe5a35d559b5c94cd9.jpg?w=500&auto=format", "slug": "tin-fun"}, "gas_fee": {"value": 0.0037, "raw_value": 3700000000000000, "usd": 13.441, "payment_token": {"address": "0x0000000000000000000000000000000000000000", "symbol": "ETH", "decimals": 18}}, "price": null, "marketplace_path": [], "fees": [], "trait_offer_target": null}, {"blockchain": "ETH", "sender": {"address": "0xbb7e284fd7b65a64581d1aa227e79c640899e4b5", "ens": null, "is_whale": false, "blockchain": "ETH", "is_contract": false, "is_blue_chip_holder": false, "is_super_blue_chip_holder": false, "is_multi_sign_wallet": false, "das": null, "alias": null}, "receiver": {"address": "0xf2d5c9dd058d75bd939f74cb1964281550a3c06e", "ens": null, "is_whale": false, "blockchain": "ETH", "is_contract": false, "is_blue_chip_holder": false, "is_super_blue_chip_holder": false, "is_multi_sign_wallet": false, "das": null, "alias": null}, "event": "transfer", "quantity": 1, "tx_hash": "0xb76a8a22506e3c6d393e63ea3ed9cb58e32e6cbff3489b0dad1b5eee60f1fadb", "time": 1711937099, "nft": {"contract_address": "0xc274a97f1691ef390f662067e95a6eff1f99b504", "token_id": "6555", "name": "TinFun #6555", "blockchain": "ETH", "image": "https://lh3.googleusercontent.com/XSL_gZwslPRI0OlX3sP-CeS8RbKGPwTdb-yna4I9_r5qSse6kUwhodtzHWRPfz3x0cSfLwonMj_WR3lz9QMFqOVf2Xfkw_DXrAOX", "contract_type": "ERC721"}, "collection": {"collection_id": "65a13036c284b18008bd25b7", "name": "TinFun", "logo": "https://i.seadn.io/s/raw/files/a531bedf317b5ffe5a35d559b5c94cd9.jpg?w=500&auto=format", "slug": "tin-fun"}, "gas_fee": {"value": 0.0012, "raw_value": 1200000000000000, "usd": 4.2008, "payment_token": {"address": "0x0000000000000000000000000000000000000000", "symbol": "ETH", "decimals": 18}}, "price": null, "marketplace_path": [], "fees": [], "trait_offer_target": null}, {"blockchain": "ETH", "sender": {"address": "0x30e651a12044a5f50034533e4a6f068939155335", "ens": "owasp.eth", "is_whale": false, "blockchain": "ETH", "is_contract": false, "is_blue_chip_holder": false, "is_super_blue_chip_holder": false, "is_multi_sign_wallet": false, "das": null, "alias": "owasp.eth"}, "receiver": {"address": "0xbb7e284fd7b65a64581d1aa227e79c640899e4b5", "ens": null, "is_whale": false, "blockchain": "ETH", "is_contract": false, "is_blue_chip_holder": false, "is_super_blue_chip_holder": false, "is_multi_sign_wallet": false, "das": null, "alias": null}, "event": "sale", "quantity": 1, "tx_hash": "0xbe3202cd8200b73eeda7fc29673ac28b6956c333eb38f383ba1867a48b3cfcaf", "time": 1710413855, "nft": {"contract_address": "0xc274a97f1691ef390f662067e95a6eff1f99b504", "token_id": "6555", "name": "TinFun #6555", "blockchain": "ETH", "image": "https://lh3.googleusercontent.com/XSL_gZwslPRI0OlX3sP-CeS8RbKGPwTdb-yna4I9_r5qSse6kUwhodtzHWRPfz3x0cSfLwonMj_WR3lz9QMFqOVf2Xfkw_DXrAOX", "contract_type": "ERC721"}, "collection": {"collection_id": "65a13036c284b18008bd25b7", "name": "TinFun", "logo": "https://i.seadn.io/s/raw/files/a531bedf317b5ffe5a35d559b5c94cd9.jpg?w=500&auto=format", "slug": "tin-fun"}, "gas_fee": {"value": 0.008, "raw_value": 8000000000000000, "usd": 31.8577, "payment_token": {"address": "0x0000000000000000000000000000000000000000", "symbol": "ETH", "decimals": 18}}, "price": {"value": 0.175, "raw_value": 175000000000000000, "usd": 698.1467571718402, "payment_token": {"address": "0x0000000000000000000000000000000000000000", "symbol": "ETH", "decimals": 18}}, "marketplace_path": ["opensea"], "fees": [{"fee_type": "royalty", "recipient": "0x6650dc11f439f14d4dfbea75233bd9b0099a0647", "bps": 500, "price": {"value": 0.00875, "raw_value": 8750000000000000, "usd": 34.702694, "payment_token": {"address": "0x0000000000000000000000000000000000000000", "symbol": "ETH", "decimals": 18}}}, {"fee_type": "marketplace", "recipient": "0x0000a26b00c1f0df003000390027140000faa719", "bps": 250, "price": {"value": 0.004375, "raw_value": 4375000000000000, "usd": 17.351347, "payment_token": {"address": "0x0000000000000000000000000000000000000000", "symbol": "ETH", "decimals": 18}}}], "trait_offer_target": null}]