[{"blockchain": "ETH", "sender": {"address": "0x6400f6ebf6e958ec1887c92f30515bbad3745073", "ens": null, "is_whale": false, "blockchain": "ETH", "is_contract": false, "is_blue_chip_holder": true, "is_super_blue_chip_holder": false, "is_multi_sign_wallet": false, "das": null, "alias": null}, "receiver": {"address": "0x5516ec34f37e5bcd1ee287562296b1e8e04df19c", "ens": null, "is_whale": false, "blockchain": "ETH", "is_contract": false, "is_blue_chip_holder": false, "is_super_blue_chip_holder": false, "is_multi_sign_wallet": false, "das": null, "alias": null}, "event": "sale", "quantity": 1, "tx_hash": "0x2f3948f9c0f0e13ec0dc1441187d72e5d7341ccd5dcaec51547977b6a639b0b0", "time": 1708808375, "nft": {"contract_address": "0xc274a97f1691ef390f662067e95a6eff1f99b504", "token_id": "3350", "name": "TinFun #3350", "blockchain": "ETH", "image": "https://lh3.googleusercontent.com/fPpBpe3E6hoctpSplNyVC00r6TtVj-P5TAgE__mAZ6xmJhOMWEvhJV9CCfIiuraaDxatqiR3FeO3CTYQEd8MOp7JvvxK95HGm6U", "contract_type": "ERC721"}, "collection": {"collection_id": "65a13036c284b18008bd25b7", "name": "TinFun", "logo": "https://i.seadn.io/s/raw/files/a531bedf317b5ffe5a35d559b5c94cd9.jpg?w=500&auto=format", "slug": "tin-fun"}, "gas_fee": {"value": 0.0046, "raw_value": 4600000000000000, "usd": 13.8552, "payment_token": {"address": "0x0000000000000000000000000000000000000000", "symbol": "ETH", "decimals": 18}}, "price": {"value": 0.35, "raw_value": 350000000000000000, "usd": 1045.5919554484503, "payment_token": {"address": "0x0000000000000000000000000000000000000000", "symbol": "ETH", "decimals": 18}}, "marketplace_path": ["blur"], "fees": [{"fee_type": "royalty", "recipient": "0x6650dc11f439f14d4dfbea75233bd9b0099a0647", "bps": 50, "price": {"value": 0.00175, "raw_value": 1750000000000000, "usd": 5.236167, "payment_token": {"address": "0x0000000000a39bb272e79075ade125fd351887ac", "symbol": "BETH", "decimals": 18}}}], "trait_offer_target": null}, {"blockchain": "ETH", "sender": {"address": "0x565457f38a04d5c644a21f0d08285f6986dc8c46", "ens": null, "is_whale": false, "blockchain": "ETH", "is_contract": false, "is_blue_chip_holder": false, "is_super_blue_chip_holder": false, "is_multi_sign_wallet": false, "das": null, "alias": null}, "receiver": {"address": "0x6400f6ebf6e958ec1887c92f30515bbad3745073", "ens": null, "is_whale": false, "blockchain": "ETH", "is_contract": false, "is_blue_chip_holder": true, "is_super_blue_chip_holder": false, "is_multi_sign_wallet": false, "das": null, "alias": null}, "event": "sale", "quantity": 1, "tx_hash": "0x8534fbd1c6193fc3df25aeb2b81005364d3651c04e4bd71552e23b0e71a3b39d", "time": 1708804595, "nft": {"contract_address": "0xc274a97f1691ef390f662067e95a6eff1f99b504", "token_id": "3350", "name": "TinFun #3350", "blockchain": "ETH", "image": "https://lh3.googleusercontent.com/fPpBpe3E6hoctpSplNyVC00r6TtVj-P5TAgE__mAZ6xmJhOMWEvhJV9CCfIiuraaDxatqiR3FeO3CTYQEd8MOp7JvvxK95HGm6U", "contract_type": "ERC721"}, "collection": {"collection_id": "65a13036c284b18008bd25b7", "name": "TinFun", "logo": "https://i.seadn.io/s/raw/files/a531bedf317b5ffe5a35d559b5c94cd9.jpg?w=500&auto=format", "slug": "tin-fun"}, "gas_fee": {"value": 0.0264, "raw_value": 26400000000000000, "usd": 78.8128, "payment_token": {"address": "0x0000000000000000000000000000000000000000", "symbol": "ETH", "decimals": 18}}, "price": {"value": 0.358, "raw_value": 358000000000000000, "usd": 1067.2321643445478, "payment_token": {"address": "0x0000000000000000000000000000000000000000", "symbol": "ETH", "decimals": 18}}, "marketplace_path": ["blur-aggregator", "blur"], "fees": [{"fee_type": "royalty", "recipient": "0x6650dc11f439f14d4dfbea75233bd9b0099a0647", "bps": 50, "price": {"value": 0.00179, "raw_value": 1790000000000000, "usd": 5.303801, "payment_token": {"address": "0x0000000000000000000000000000000000000000", "symbol": "ETH", "decimals": 18}}}], "trait_offer_target": null}]