[{"blockchain": "ETH", "sender": {"address": "0xf980066d815593fcd5ad257abe849ae89436dced", "ens": "samsong.eth", "is_whale": false, "blockchain": "ETH", "is_contract": false, "is_blue_chip_holder": false, "is_super_blue_chip_holder": false, "is_multi_sign_wallet": false, "das": null, "alias": "samsong.eth"}, "receiver": {"address": "0x8177e9fa379b85e01b2b30140ddc446b9875106a", "ens": null, "is_whale": false, "blockchain": "ETH", "is_contract": true, "is_blue_chip_holder": false, "is_super_blue_chip_holder": false, "is_multi_sign_wallet": false, "das": null, "alias": null}, "event": "transfer", "quantity": 1, "tx_hash": "0x46596eb9272d95443940b61e483bae2b272e76dae5611f47956b26ce663485db", "time": 1711873139, "nft": {"contract_address": "0xc274a97f1691ef390f662067e95a6eff1f99b504", "token_id": "404", "name": "TinFun #404", "blockchain": "ETH", "image": "https://lh3.googleusercontent.com/sDDrfuoHcNr4Idha_PHAolXPrr2xFH9jLCW0wyemFqevLyeOdlp0CQa6VG8oWrvSdnKY1lyCEeP_V04IeAsz_LE61oSyNKbcE8Y", "contract_type": "ERC721"}, "collection": {"collection_id": "65a13036c284b18008bd25b7", "name": "TinFun", "logo": "https://i.seadn.io/s/raw/files/a531bedf317b5ffe5a35d559b5c94cd9.jpg?w=500&auto=format", "slug": "tin-fun"}, "gas_fee": {"value": 0.0092, "raw_value": 9200000000000000, "usd": 33.3159, "payment_token": {"address": "0x0000000000000000000000000000000000000000", "symbol": "ETH", "decimals": 18}}, "price": null, "marketplace_path": [], "fees": [], "trait_offer_target": null}]