[{"blockchain": "ETH", "sender": {"address": "0xc780c0077d8ae0bdba795a687d0de17d65d58796", "ens": null, "is_whale": false, "blockchain": "ETH", "is_contract": false, "is_blue_chip_holder": false, "is_super_blue_chip_holder": false, "is_multi_sign_wallet": false, "das": null, "alias": null}, "receiver": {"address": "0x5516ec34f37e5bcd1ee287562296b1e8e04df19c", "ens": null, "is_whale": false, "blockchain": "ETH", "is_contract": false, "is_blue_chip_holder": false, "is_super_blue_chip_holder": false, "is_multi_sign_wallet": false, "das": null, "alias": null}, "event": "sale", "quantity": 1, "tx_hash": "0x789d68ea73445e620f2f4d046573e4840fa9437d9436a4c0e3341e209b60f9da", "time": 1709342351, "nft": {"contract_address": "0xc274a97f1691ef390f662067e95a6eff1f99b504", "token_id": "721", "name": "TinFun #721", "blockchain": "ETH", "image": "https://lh3.googleusercontent.com/ck72jc-tEkWZ_d9PCf-Oqnd6OnWdFcFqdIbzfx0yvlZXc1QiBVfm1HeSwbkh54I25h6xtaID5w3D7kyBDzTmUadLtkWyKjbakrI", "contract_type": "ERC721"}, "collection": {"collection_id": "65a13036c284b18008bd25b7", "name": "TinFun", "logo": "https://i.seadn.io/s/raw/files/a531bedf317b5ffe5a35d559b5c94cd9.jpg?w=500&auto=format", "slug": "tin-fun"}, "gas_fee": {"value": 0.0076, "raw_value": 7600000000000000, "usd": 26.4574, "payment_token": {"address": "0x0000000000000000000000000000000000000000", "symbol": "ETH", "decimals": 18}}, "price": {"value": 0.23, "raw_value": 230000000000000000, "usd": 795.6843928161668, "payment_token": {"address": "0x0000000000000000000000000000000000000000", "symbol": "ETH", "decimals": 18}}, "marketplace_path": ["blur"], "fees": [{"fee_type": "royalty", "recipient": "0x6650dc11f439f14d4dfbea75233bd9b0099a0647", "bps": 50, "price": {"value": 0.00115, "raw_value": 1150000000000000, "usd": 3.951611, "payment_token": {"address": "0x0000000000a39bb272e79075ade125fd351887ac", "symbol": "BETH", "decimals": 18}}}], "trait_offer_target": null}, {"blockchain": "ETH", "sender": {"address": "0x643d43ebfaab63132bd24ecd5b126eda008cf886", "ens": null, "is_whale": false, "blockchain": "ETH", "is_contract": false, "is_blue_chip_holder": false, "is_super_blue_chip_holder": false, "is_multi_sign_wallet": false, "das": null, "alias": null}, "receiver": {"address": "0xc780c0077d8ae0bdba795a687d0de17d65d58796", "ens": null, "is_whale": false, "blockchain": "ETH", "is_contract": false, "is_blue_chip_holder": false, "is_super_blue_chip_holder": false, "is_multi_sign_wallet": false, "das": null, "alias": null}, "event": "sale", "quantity": 1, "tx_hash": "0x224a68c6d1ba39b410a14a2d4c2f3abde6629f9dd62290e08621f60625a809df", "time": 1709340443, "nft": {"contract_address": "0xc274a97f1691ef390f662067e95a6eff1f99b504", "token_id": "721", "name": "TinFun #721", "blockchain": "ETH", "image": "https://lh3.googleusercontent.com/ck72jc-tEkWZ_d9PCf-Oqnd6OnWdFcFqdIbzfx0yvlZXc1QiBVfm1HeSwbkh54I25h6xtaID5w3D7kyBDzTmUadLtkWyKjbakrI", "contract_type": "ERC721"}, "collection": {"collection_id": "65a13036c284b18008bd25b7", "name": "TinFun", "logo": "https://i.seadn.io/s/raw/files/a531bedf317b5ffe5a35d559b5c94cd9.jpg?w=500&auto=format", "slug": "tin-fun"}, "gas_fee": {"value": 0.012, "raw_value": 12000000000000000, "usd": 41.2636, "payment_token": {"address": "0x0000000000000000000000000000000000000000", "symbol": "ETH", "decimals": 18}}, "price": {"value": 0.23, "raw_value": 230000000000000000, "usd": 790.3165992249724, "payment_token": {"address": "0x0000000000000000000000000000000000000000", "symbol": "ETH", "decimals": 18}}, "marketplace_path": ["blur"], "fees": [{"fee_type": "royalty", "recipient": "0x6650dc11f439f14d4dfbea75233bd9b0099a0647", "bps": 50, "price": {"value": 0.00115, "raw_value": 1150000000000000, "usd": 3.944243, "payment_token": {"address": "0x0000000000a39bb272e79075ade125fd351887ac", "symbol": "BETH", "decimals": 18}}}], "trait_offer_target": null}]