[{"blockchain": "ETH", "sender": {"address": "0xd81dd277bbdffb1dfe83426a0f2647f068d9304d", "ens": null, "is_whale": false, "blockchain": "ETH", "is_contract": false, "is_blue_chip_holder": false, "is_super_blue_chip_holder": false, "is_multi_sign_wallet": false, "das": null, "alias": null}, "receiver": {"address": "0x8177e9fa379b85e01b2b30140ddc446b9875106a", "ens": null, "is_whale": false, "blockchain": "ETH", "is_contract": true, "is_blue_chip_holder": false, "is_super_blue_chip_holder": false, "is_multi_sign_wallet": false, "das": null, "alias": null}, "event": "transfer", "quantity": 1, "tx_hash": "0xffdf8685a65326ba928142ac31b277625f79a7d51bf4e419b933fe781bbd0778", "time": 1712882915, "nft": {"contract_address": "0xc274a97f1691ef390f662067e95a6eff1f99b504", "token_id": "2783", "name": "TinFun #2783", "blockchain": "ETH", "image": "https://lh3.googleusercontent.com/t-xrvCPigFDnUn9_rhTqe7RVtGIg98JsC8eZDBhPlz1iEi2Lfp3OSAuxOsUmANb5FI2UsL63gckLa7b4ToywhPMcD0xDS7zfrNw", "contract_type": "ERC721"}, "collection": {"collection_id": "65a13036c284b18008bd25b7", "name": "TinFun", "logo": "https://i.seadn.io/s/raw/files/a531bedf317b5ffe5a35d559b5c94cd9.jpg?w=500&auto=format", "slug": "tin-fun"}, "gas_fee": {"value": 0.0015, "raw_value": 1500000000000000, "usd": 5.1953, "payment_token": {"address": "0x0000000000000000000000000000000000000000", "symbol": "ETH", "decimals": 18}}, "price": null, "marketplace_path": [], "fees": [], "trait_offer_target": null}]