[{"blockchain": "ETH", "sender": {"address": "0x859597960b264d540567c18c4f0732076fbddf50", "ens": "lordtree.eth", "is_whale": false, "blockchain": "ETH", "is_contract": false, "is_blue_chip_holder": false, "is_super_blue_chip_holder": false, "is_multi_sign_wallet": false, "das": null, "alias": "lordtree.eth"}, "receiver": {"address": "0x8177e9fa379b85e01b2b30140ddc446b9875106a", "ens": null, "is_whale": false, "blockchain": "ETH", "is_contract": true, "is_blue_chip_holder": false, "is_super_blue_chip_holder": false, "is_multi_sign_wallet": false, "das": null, "alias": null}, "event": "transfer", "quantity": 1, "tx_hash": "0x5e0c1cb415b43b096f57d6d43ed6ffe948c1f6d67037c81a4f9d91e1223d51f8", "time": 1711691831, "nft": {"contract_address": "0xc274a97f1691ef390f662067e95a6eff1f99b504", "token_id": "3794", "name": "TinFun #3794", "blockchain": "ETH", "image": "https://lh3.googleusercontent.com/N8azuK94slvkeGU4iLBXAz7wLlvFifBSCZstv3MtEiPvwxdgBuLsM7afhMZujVlnSWcN0w2wdxtQiFlPIukDAuSHA6Q7tq7jUtA", "contract_type": "ERC721"}, "collection": {"collection_id": "65a13036c284b18008bd25b7", "name": "TinFun", "logo": "https://i.seadn.io/s/raw/files/a531bedf317b5ffe5a35d559b5c94cd9.jpg?w=500&auto=format", "slug": "tin-fun"}, "gas_fee": {"value": 0.0076, "raw_value": 7600000000000000, "usd": 26.9735, "payment_token": {"address": "0x0000000000000000000000000000000000000000", "symbol": "ETH", "decimals": 18}}, "price": null, "marketplace_path": [], "fees": [], "trait_offer_target": null}]