[{"blockchain": "ETH", "sender": {"address": "0xd7a4b4a75dc0f988671d57a042a942fc2bf16057", "ens": null, "is_whale": false, "blockchain": "ETH", "is_contract": false, "is_blue_chip_holder": false, "is_super_blue_chip_holder": false, "is_multi_sign_wallet": false, "das": null, "alias": null}, "receiver": {"address": "0x8177e9fa379b85e01b2b30140ddc446b9875106a", "ens": null, "is_whale": false, "blockchain": "ETH", "is_contract": true, "is_blue_chip_holder": false, "is_super_blue_chip_holder": false, "is_multi_sign_wallet": false, "das": null, "alias": null}, "event": "transfer", "quantity": 1, "tx_hash": "0xbcd00a15cc321c3838b701f2ba7034a09d2630106cfb5ed9c0237862b19e6200", "time": 1713151115, "nft": {"contract_address": "0xc274a97f1691ef390f662067e95a6eff1f99b504", "token_id": "5007", "name": "TinFun #5007", "blockchain": "ETH", "image": "https://lh3.googleusercontent.com/92wZMf1QX_61WbPgH9GJA8j3GvzLdWq3JsBZlM6ahmPoChpgR-nV3hTJoVlwNRfWz1jG_g3-0RRzH_XrH_2HjlU65GhcIr8o7Q", "contract_type": "ERC721"}, "collection": {"collection_id": "65a13036c284b18008bd25b7", "name": "TinFun", "logo": "https://i.seadn.io/s/raw/files/a531bedf317b5ffe5a35d559b5c94cd9.jpg?w=500&auto=format", "slug": "tin-fun"}, "gas_fee": {"value": 0.002, "raw_value": 2000000000000000, "usd": 6.1568, "payment_token": {"address": "0x0000000000000000000000000000000000000000", "symbol": "ETH", "decimals": 18}}, "price": null, "marketplace_path": [], "fees": [], "trait_offer_target": null}, {"blockchain": "ETH", "sender": {"address": "0xb3557ba0d49bb21b43b2a5ac1db4b5258b8e6640", "ens": null, "is_whale": false, "blockchain": "ETH", "is_contract": false, "is_blue_chip_holder": false, "is_super_blue_chip_holder": false, "is_multi_sign_wallet": false, "das": null, "alias": null}, "receiver": {"address": "0xd7a4b4a75dc0f988671d57a042a942fc2bf16057", "ens": null, "is_whale": false, "blockchain": "ETH", "is_contract": false, "is_blue_chip_holder": false, "is_super_blue_chip_holder": false, "is_multi_sign_wallet": false, "das": null, "alias": null}, "event": "sale", "quantity": 1, "tx_hash": "0x2b0e22b957f931ec2ebc2f2a96426b70338fd56b4a6170370a2fc9c3c06e9419", "time": 1708684751, "nft": {"contract_address": "0xc274a97f1691ef390f662067e95a6eff1f99b504", "token_id": "5007", "name": "TinFun #5007", "blockchain": "ETH", "image": "https://lh3.googleusercontent.com/92wZMf1QX_61WbPgH9GJA8j3GvzLdWq3JsBZlM6ahmPoChpgR-nV3hTJoVlwNRfWz1jG_g3-0RRzH_XrH_2HjlU65GhcIr8o7Q", "contract_type": "ERC721"}, "collection": {"collection_id": "65a13036c284b18008bd25b7", "name": "TinFun", "logo": "https://i.seadn.io/s/raw/files/a531bedf317b5ffe5a35d559b5c94cd9.jpg?w=500&auto=format", "slug": "tin-fun"}, "gas_fee": {"value": 0.0064, "raw_value": 6400000000000000, "usd": 18.6718, "payment_token": {"address": "0x0000000000000000000000000000000000000000", "symbol": "ETH", "decimals": 18}}, "price": {"value": 0.57, "raw_value": 570000000000000000, "usd": 1674.9570155783251, "payment_token": {"address": "0x0000000000000000000000000000000000000000", "symbol": "ETH", "decimals": 18}}, "marketplace_path": ["blur"], "fees": [{"fee_type": "royalty", "recipient": "0x6650dc11f439f14d4dfbea75233bd9b0099a0647", "bps": 50, "price": {"value": 0.00285, "raw_value": 2850000000000000, "usd": 8.357489, "payment_token": {"address": "0x0000000000a39bb272e79075ade125fd351887ac", "symbol": "BETH", "decimals": 18}}}], "trait_offer_target": null}]