[{"blockchain": "ETH", "sender": {"address": "0xb8dafec2cb6c721300551336f18d7d2683577190", "ens": "77190.eth", "is_whale": false, "blockchain": "ETH", "is_contract": false, "is_blue_chip_holder": false, "is_super_blue_chip_holder": false, "is_multi_sign_wallet": false, "das": null, "alias": "77190.eth"}, "receiver": {"address": "0x8177e9fa379b85e01b2b30140ddc446b9875106a", "ens": null, "is_whale": false, "blockchain": "ETH", "is_contract": true, "is_blue_chip_holder": false, "is_super_blue_chip_holder": false, "is_multi_sign_wallet": false, "das": null, "alias": null}, "event": "transfer", "quantity": 1, "tx_hash": "0x2443b4ae3df590dba49ce58d2e3451f78ff7a19cd02d70b59233d950f96ca3cc", "time": 1711788467, "nft": {"contract_address": "0xc274a97f1691ef390f662067e95a6eff1f99b504", "token_id": "3468", "name": "TinFun #3468", "blockchain": "ETH", "image": "https://lh3.googleusercontent.com/Ke7IArOh4oCsbGZU7Aezj3Pv_BWQeBD3zgBJM8EwqXe_twwgA7juKpIEPkEKWf55Ik6i4AzCxDV6MBXyCn5sgrPDkihj4XanDMI", "contract_type": "ERC721"}, "collection": {"collection_id": "65a13036c284b18008bd25b7", "name": "TinFun", "logo": "https://i.seadn.io/s/raw/files/a531bedf317b5ffe5a35d559b5c94cd9.jpg?w=500&auto=format", "slug": "tin-fun"}, "gas_fee": {"value": 0.0017, "raw_value": 1700000000000000, "usd": 5.8608, "payment_token": {"address": "0x0000000000000000000000000000000000000000", "symbol": "ETH", "decimals": 18}}, "price": null, "marketplace_path": [], "fees": [], "trait_offer_target": null}, {"blockchain": "ETH", "sender": {"address": "0x91ec84508f63125a7d277c512058325ed754daa5", "ens": null, "is_whale": false, "blockchain": "ETH", "is_contract": false, "is_blue_chip_holder": false, "is_super_blue_chip_holder": false, "is_multi_sign_wallet": false, "das": null, "alias": null}, "receiver": {"address": "0xb8dafec2cb6c721300551336f18d7d2683577190", "ens": "77190.eth", "is_whale": false, "blockchain": "ETH", "is_contract": false, "is_blue_chip_holder": false, "is_super_blue_chip_holder": false, "is_multi_sign_wallet": false, "das": null, "alias": "77190.eth"}, "event": "transfer", "quantity": 1, "tx_hash": "0x484c403a8d62966e70588a6686fb2296be1c0d623e098f0f31dc5ef8da54b1bd", "time": 1709803595, "nft": {"contract_address": "0xc274a97f1691ef390f662067e95a6eff1f99b504", "token_id": "3468", "name": "TinFun #3468", "blockchain": "ETH", "image": "https://lh3.googleusercontent.com/Ke7IArOh4oCsbGZU7Aezj3Pv_BWQeBD3zgBJM8EwqXe_twwgA7juKpIEPkEKWf55Ik6i4AzCxDV6MBXyCn5sgrPDkihj4XanDMI", "contract_type": "ERC721"}, "collection": {"collection_id": "65a13036c284b18008bd25b7", "name": "TinFun", "logo": "https://i.seadn.io/s/raw/files/a531bedf317b5ffe5a35d559b5c94cd9.jpg?w=500&auto=format", "slug": "tin-fun"}, "gas_fee": {"value": 0.0044, "raw_value": 4400000000000000, "usd": 16.7778, "payment_token": {"address": "0x0000000000000000000000000000000000000000", "symbol": "ETH", "decimals": 18}}, "price": null, "marketplace_path": [], "fees": [], "trait_offer_target": null}]