[{"blockchain": "ETH", "sender": {"address": "0x0eaab31f0dbb93a0433f4466322b9c46363b8118", "ens": null, "is_whale": false, "blockchain": "ETH", "is_contract": false, "is_blue_chip_holder": false, "is_super_blue_chip_holder": false, "is_multi_sign_wallet": false, "das": null, "alias": null}, "receiver": {"address": "0x8177e9fa379b85e01b2b30140ddc446b9875106a", "ens": null, "is_whale": false, "blockchain": "ETH", "is_contract": true, "is_blue_chip_holder": false, "is_super_blue_chip_holder": false, "is_multi_sign_wallet": false, "das": null, "alias": null}, "event": "transfer", "quantity": 1, "tx_hash": "0x3f8962a42774a10337b33af08218453e2364da2a2c4dae7fc04f5b12cbfc722d", "time": 1711697783, "nft": {"contract_address": "0xc274a97f1691ef390f662067e95a6eff1f99b504", "token_id": "6095", "name": "TinFun #6095", "blockchain": "ETH", "image": "https://lh3.googleusercontent.com/igZkvoWeVpXPHwbIpTnQWetgYSTdriCynQhMy9pfPYgnd9VxWZBOJT7bPCGqEc7VNhnwWrrT0Yv9teKdaPwxtqd1lpbkQybztdg", "contract_type": "ERC721"}, "collection": {"collection_id": "65a13036c284b18008bd25b7", "name": "TinFun", "logo": "https://i.seadn.io/s/raw/files/a531bedf317b5ffe5a35d559b5c94cd9.jpg?w=500&auto=format", "slug": "tin-fun"}, "gas_fee": {"value": 0.0021, "raw_value": 2099999999999999, "usd": 7.6721, "payment_token": {"address": "0x0000000000000000000000000000000000000000", "symbol": "ETH", "decimals": 18}}, "price": null, "marketplace_path": [], "fees": [], "trait_offer_target": null}, {"blockchain": "ETH", "sender": {"address": "0x85a7951a4d6cbe216da59f169774510f0f172e86", "ens": null, "is_whale": false, "blockchain": "ETH", "is_contract": false, "is_blue_chip_holder": false, "is_super_blue_chip_holder": false, "is_multi_sign_wallet": false, "das": null, "alias": null}, "receiver": {"address": "0x0eaab31f0dbb93a0433f4466322b9c46363b8118", "ens": null, "is_whale": false, "blockchain": "ETH", "is_contract": false, "is_blue_chip_holder": false, "is_super_blue_chip_holder": false, "is_multi_sign_wallet": false, "das": null, "alias": null}, "event": "sale", "quantity": 1, "tx_hash": "0x4222d75acf1fb04d6d90e8edccc53bcbdce36bb2f8bf94715abdbde227f03615", "time": 1711013423, "nft": {"contract_address": "0xc274a97f1691ef390f662067e95a6eff1f99b504", "token_id": "6095", "name": "TinFun #6095", "blockchain": "ETH", "image": "https://lh3.googleusercontent.com/igZkvoWeVpXPHwbIpTnQWetgYSTdriCynQhMy9pfPYgnd9VxWZBOJT7bPCGqEc7VNhnwWrrT0Yv9teKdaPwxtqd1lpbkQybztdg", "contract_type": "ERC721"}, "collection": {"collection_id": "65a13036c284b18008bd25b7", "name": "TinFun", "logo": "https://i.seadn.io/s/raw/files/a531bedf317b5ffe5a35d559b5c94cd9.jpg?w=500&auto=format", "slug": "tin-fun"}, "gas_fee": {"value": 0.0049, "raw_value": 4900000000000000, "usd": 17.5324, "payment_token": {"address": "0x0000000000000000000000000000000000000000", "symbol": "ETH", "decimals": 18}}, "price": {"value": 0.1599, "raw_value": 159900000000000000, "usd": 570.9131761319519, "payment_token": {"address": "0x0000000000000000000000000000000000000000", "symbol": "ETH", "decimals": 18}}, "marketplace_path": ["blur-aggregator", "blur"], "fees": [{"fee_type": "royalty", "recipient": "0x6650dc11f439f14d4dfbea75233bd9b0099a0647", "bps": 50, "price": {"value": 0.000799, "raw_value": 799500000000000, "usd": 2.803434, "payment_token": {"address": "0x0000000000000000000000000000000000000000", "symbol": "ETH", "decimals": 18}}}], "trait_offer_target": null}, {"blockchain": "ETH", "sender": {"address": "0xf4a70cc1b3e4f0ef5d34684b20d6f728604b60b3", "ens": "lihaile.eth", "is_whale": false, "blockchain": "ETH", "is_contract": false, "is_blue_chip_holder": false, "is_super_blue_chip_holder": false, "is_multi_sign_wallet": false, "das": null, "alias": "lihaile.eth"}, "receiver": {"address": "0x85a7951a4d6cbe216da59f169774510f0f172e86", "ens": null, "is_whale": false, "blockchain": "ETH", "is_contract": false, "is_blue_chip_holder": false, "is_super_blue_chip_holder": false, "is_multi_sign_wallet": false, "das": null, "alias": null}, "event": "sale", "quantity": 1, "tx_hash": "0xe43595c255b7c6342ca38e6a025903da75ca850c8882b03a152453ef5d01b7d7", "time": 1710987443, "nft": {"contract_address": "0xc274a97f1691ef390f662067e95a6eff1f99b504", "token_id": "6095", "name": "TinFun #6095", "blockchain": "ETH", "image": "https://lh3.googleusercontent.com/igZkvoWeVpXPHwbIpTnQWetgYSTdriCynQhMy9pfPYgnd9VxWZBOJT7bPCGqEc7VNhnwWrrT0Yv9teKdaPwxtqd1lpbkQybztdg", "contract_type": "ERC721"}, "collection": {"collection_id": "65a13036c284b18008bd25b7", "name": "TinFun", "logo": "https://i.seadn.io/s/raw/files/a531bedf317b5ffe5a35d559b5c94cd9.jpg?w=500&auto=format", "slug": "tin-fun"}, "gas_fee": {"value": 0.0093, "raw_value": 9300000000000000, "usd": 32.9397, "payment_token": {"address": "0x0000000000000000000000000000000000000000", "symbol": "ETH", "decimals": 18}}, "price": {"value": 0.15, "raw_value": 150000000000000000, "usd": 529.0832492587333, "payment_token": {"address": "0x0000000000000000000000000000000000000000", "symbol": "ETH", "decimals": 18}}, "marketplace_path": ["blur"], "fees": [{"fee_type": "royalty", "recipient": "0x6650dc11f439f14d4dfbea75233bd9b0099a0647", "bps": 50, "price": {"value": 0.00075, "raw_value": 750000000000000, "usd": 2.635513, "payment_token": {"address": "0x0000000000a39bb272e79075ade125fd351887ac", "symbol": "BETH", "decimals": 18}}}], "trait_offer_target": null}, {"blockchain": "ETH", "sender": {"address": "0x00794b8f8ea44f35bb523664ca5e191f5e11babe", "ens": null, "is_whale": false, "blockchain": "ETH", "is_contract": false, "is_blue_chip_holder": false, "is_super_blue_chip_holder": false, "is_multi_sign_wallet": false, "das": null, "alias": null}, "receiver": {"address": "0xf4a70cc1b3e4f0ef5d34684b20d6f728604b60b3", "ens": "lihaile.eth", "is_whale": false, "blockchain": "ETH", "is_contract": false, "is_blue_chip_holder": false, "is_super_blue_chip_holder": false, "is_multi_sign_wallet": false, "das": null, "alias": "lihaile.eth"}, "event": "sale", "quantity": 1, "tx_hash": "0x586e1f3bdc18adce4956ea027a664c82bbff809351d05b0b9368f7a43387e6fc", "time": 1705092635, "nft": {"contract_address": "0xc274a97f1691ef390f662067e95a6eff1f99b504", "token_id": "6095", "name": "TinFun #6095", "blockchain": "ETH", "image": "https://lh3.googleusercontent.com/igZkvoWeVpXPHwbIpTnQWetgYSTdriCynQhMy9pfPYgnd9VxWZBOJT7bPCGqEc7VNhnwWrrT0Yv9teKdaPwxtqd1lpbkQybztdg", "contract_type": "ERC721"}, "collection": {"collection_id": "65a13036c284b18008bd25b7", "name": "TinFun", "logo": "https://i.seadn.io/s/raw/files/a531bedf317b5ffe5a35d559b5c94cd9.jpg?w=500&auto=format", "slug": "tin-fun"}, "gas_fee": {"value": 0.0073, "raw_value": 7300000000000000, "usd": 18.9206, "payment_token": {"address": "0x0000000000000000000000000000000000000000", "symbol": "ETH", "decimals": 18}}, "price": {"value": 0.75, "raw_value": 750000000000000000, "usd": 1936.1355719388112, "payment_token": {"address": "0x0000000000000000000000000000000000000000", "symbol": "ETH", "decimals": 18}}, "marketplace_path": ["blur"], "fees": [{"fee_type": "royalty", "recipient": "0x6650dc11f439f14d4dfbea75233bd9b0099a0647", "bps": 50, "price": {"value": 0.00375, "raw_value": 3750000000000000, "usd": 9.748963, "payment_token": {"address": "0x0000000000a39bb272e79075ade125fd351887ac", "symbol": "BETH", "decimals": 18}}}], "trait_offer_target": null}, {"blockchain": "ETH", "sender": {"address": "0xabf84116200e0a67d4d6673f6ace1da3f8a216f3", "ens": "bitfuture.eth", "is_whale": false, "blockchain": "ETH", "is_contract": false, "is_blue_chip_holder": false, "is_super_blue_chip_holder": false, "is_multi_sign_wallet": false, "das": null, "alias": "bitfuture.eth"}, "receiver": {"address": "0x00794b8f8ea44f35bb523664ca5e191f5e11babe", "ens": null, "is_whale": false, "blockchain": "ETH", "is_contract": false, "is_blue_chip_holder": false, "is_super_blue_chip_holder": false, "is_multi_sign_wallet": false, "das": null, "alias": null}, "event": "sale", "quantity": 1, "tx_hash": "0x23c667d81c8e061cb3721d3a712f3aa4ea89c5de0eda82e6b41b049b0f225087", "time": 1705090787, "nft": {"contract_address": "0xc274a97f1691ef390f662067e95a6eff1f99b504", "token_id": "6095", "name": "TinFun #6095", "blockchain": "ETH", "image": "https://lh3.googleusercontent.com/igZkvoWeVpXPHwbIpTnQWetgYSTdriCynQhMy9pfPYgnd9VxWZBOJT7bPCGqEc7VNhnwWrrT0Yv9teKdaPwxtqd1lpbkQybztdg", "contract_type": "ERC721"}, "collection": {"collection_id": "65a13036c284b18008bd25b7", "name": "TinFun", "logo": "https://i.seadn.io/s/raw/files/a531bedf317b5ffe5a35d559b5c94cd9.jpg?w=500&auto=format", "slug": "tin-fun"}, "gas_fee": {"value": 0.0065, "raw_value": 6500000000000000, "usd": 16.687, "payment_token": {"address": "0x0000000000000000000000000000000000000000", "symbol": "ETH", "decimals": 18}}, "price": {"value": 0.78, "raw_value": 780000000000000000, "usd": 2013.5809948163637, "payment_token": {"address": "0x0000000000000000000000000000000000000000", "symbol": "ETH", "decimals": 18}}, "marketplace_path": ["blur"], "fees": [{"fee_type": "royalty", "recipient": "0x6650dc11f439f14d4dfbea75233bd9b0099a0647", "bps": 50, "price": {"value": 0.0039, "raw_value": 3900000000000000, "usd": 10.138921, "payment_token": {"address": "0x0000000000a39bb272e79075ade125fd351887ac", "symbol": "BETH", "decimals": 18}}}], "trait_offer_target": null}, {"blockchain": "ETH", "sender": {"address": "0x428c7c78c57340bc0f5e66b068ebdd6ec52457ee", "ens": null, "is_whale": false, "blockchain": "ETH", "is_contract": false, "is_blue_chip_holder": false, "is_super_blue_chip_holder": false, "is_multi_sign_wallet": false, "das": null, "alias": null}, "receiver": {"address": "0xabf84116200e0a67d4d6673f6ace1da3f8a216f3", "ens": "bitfuture.eth", "is_whale": false, "blockchain": "ETH", "is_contract": false, "is_blue_chip_holder": false, "is_super_blue_chip_holder": false, "is_multi_sign_wallet": false, "das": null, "alias": "bitfuture.eth"}, "event": "sale", "quantity": 1, "tx_hash": "0x2cd6222ce24afecb6fe6824988eb920037725d3e24676e3c542d9e8db1d90687", "time": 1705063811, "nft": {"contract_address": "0xc274a97f1691ef390f662067e95a6eff1f99b504", "token_id": "6095", "name": "TinFun #6095", "blockchain": "ETH", "image": "https://lh3.googleusercontent.com/igZkvoWeVpXPHwbIpTnQWetgYSTdriCynQhMy9pfPYgnd9VxWZBOJT7bPCGqEc7VNhnwWrrT0Yv9teKdaPwxtqd1lpbkQybztdg", "contract_type": "ERC721"}, "collection": {"collection_id": "65a13036c284b18008bd25b7", "name": "TinFun", "logo": "https://i.seadn.io/s/raw/files/a531bedf317b5ffe5a35d559b5c94cd9.jpg?w=500&auto=format", "slug": "tin-fun"}, "gas_fee": {"value": 0.008, "raw_value": 8000000000000000, "usd": 21.2624, "payment_token": {"address": "0x0000000000000000000000000000000000000000", "symbol": "ETH", "decimals": 18}}, "price": {"value": 0.7, "raw_value": 700000000000000000, "usd": 1843.7411916566418, "payment_token": {"address": "0xc02aaa39b223fe8d0a0e5c4f27ead9083c756cc2", "symbol": "WETH", "decimals": 18}}, "marketplace_path": ["opensea"], "fees": [{"fee_type": "royalty", "recipient": "0x6650dc11f439f14d4dfbea75233bd9b0099a0647", "bps": 500, "price": {"value": 0.035, "raw_value": 35000000000000000, "usd": 91.506309, "payment_token": {"address": "0xc02aaa39b223fe8d0a0e5c4f27ead9083c756cc2", "symbol": "WETH", "decimals": 18}}}, {"fee_type": "marketplace", "recipient": "0x0000a26b00c1f0df003000390027140000faa719", "bps": 250, "price": {"value": 0.0175, "raw_value": 17500000000000000, "usd": 45.753155, "payment_token": {"address": "0xc02aaa39b223fe8d0a0e5c4f27ead9083c756cc2", "symbol": "WETH", "decimals": 18}}}], "trait_offer_target": null}]