[{"blockchain": "ETH", "sender": {"address": "0x334eb3ef3f8ff784d60ddcd13cb2ed8c0db8b853", "ens": "00hou.eth", "is_whale": false, "blockchain": "ETH", "is_contract": false, "is_blue_chip_holder": false, "is_super_blue_chip_holder": false, "is_multi_sign_wallet": false, "das": "signow.bit", "alias": "00hou.eth"}, "receiver": {"address": "0x8177e9fa379b85e01b2b30140ddc446b9875106a", "ens": null, "is_whale": false, "blockchain": "ETH", "is_contract": true, "is_blue_chip_holder": false, "is_super_blue_chip_holder": false, "is_multi_sign_wallet": false, "das": null, "alias": null}, "event": "transfer", "quantity": 1, "tx_hash": "0x36bedfb2fa6de34890c277a63fab6a3edc375bd844d252cbb2e42409d5ade155", "time": 1711712471, "nft": {"contract_address": "0xc274a97f1691ef390f662067e95a6eff1f99b504", "token_id": "3370", "name": "TinFun #3370", "blockchain": "ETH", "image": "https://lh3.googleusercontent.com/AMy0YIf95p-MSYSK2jF_9p8elJ4zEEY9pGcuoeRcv3EWU2Kq0apWD5JhCyeKej5oBNZIll0j2wGAs31JqanFyKSSozaFgm-G", "contract_type": "ERC721"}, "collection": {"collection_id": "65a13036c284b18008bd25b7", "name": "TinFun", "logo": "https://i.seadn.io/s/raw/files/a531bedf317b5ffe5a35d559b5c94cd9.jpg?w=500&auto=format", "slug": "tin-fun"}, "gas_fee": {"value": 0.0027, "raw_value": 2700000000000000, "usd": 9.6487, "payment_token": {"address": "0x0000000000000000000000000000000000000000", "symbol": "ETH", "decimals": 18}}, "price": null, "marketplace_path": [], "fees": [], "trait_offer_target": null}]