[{"blockchain": "ETH", "sender": {"address": "0x626dfdc6291694c11b4a992a6108bf6f79bd9d07", "ens": null, "is_whale": false, "blockchain": "ETH", "is_contract": false, "is_blue_chip_holder": false, "is_super_blue_chip_holder": false, "is_multi_sign_wallet": false, "das": null, "alias": null}, "receiver": {"address": "0xc51a417ab27a173fafc1862a460930a7f0bc0de8", "ens": null, "is_whale": false, "blockchain": "ETH", "is_contract": false, "is_blue_chip_holder": false, "is_super_blue_chip_holder": false, "is_multi_sign_wallet": false, "das": null, "alias": null}, "event": "transfer", "quantity": 1, "tx_hash": "0x477b06b941b7bb07d0bd7181bbc0a85c11e639b9b740aacd71608872364dcb61", "time": 1705079447, "nft": {"contract_address": "0xc274a97f1691ef390f662067e95a6eff1f99b504", "token_id": "7041", "name": "TinFun #7041", "blockchain": "ETH", "image": "https://lh3.googleusercontent.com/LshU_MVHuIGETFrlyc_Z8JXbeRsChFc4KyhcrFzxHoNzx3vPy8texDOgagWEAsmiYwKlgOxuq9BeFak5DkE-q1LWSUnIhypopg", "contract_type": "ERC721"}, "collection": {"collection_id": "65a13036c284b18008bd25b7", "name": "TinFun", "logo": "https://i.seadn.io/s/raw/files/a531bedf317b5ffe5a35d559b5c94cd9.jpg?w=500&auto=format", "slug": "tin-fun"}, "gas_fee": {"value": 0.0022, "raw_value": 2200000000000000, "usd": 5.8648, "payment_token": {"address": "0x0000000000000000000000000000000000000000", "symbol": "ETH", "decimals": 18}}, "price": null, "marketplace_path": [], "fees": [], "trait_offer_target": null}]