[{"blockchain": "ETH", "sender": {"address": "0xb81965ddfdda3923f292a47a1be83ba3a36b5133", "ens": null, "is_whale": false, "blockchain": "ETH", "is_contract": true, "is_blue_chip_holder": true, "is_super_blue_chip_holder": true, "is_multi_sign_wallet": false, "das": null, "alias": "X2Y2 NFT Loan V3"}, "receiver": {"address": "0xdcffc26fa5c3c12d507ab789aa21e89761e18dd2", "ens": null, "is_whale": false, "blockchain": "ETH", "is_contract": false, "is_blue_chip_holder": true, "is_super_blue_chip_holder": true, "is_multi_sign_wallet": false, "das": null, "alias": null}, "event": "transfer", "quantity": 1, "tx_hash": "0xfe6ff44b171fc8b8bbb055c1a30aadc726ddf042e93f54f68a3743495f2c1e95", "time": 1711170323, "nft": {"contract_address": "0xc274a97f1691ef390f662067e95a6eff1f99b504", "token_id": "3995", "name": "TinFun #3995", "blockchain": "ETH", "image": "https://lh3.googleusercontent.com/eWt9NmU3bBOTXYBk6e46fE-FdZNZuxCp0RXztg_kwxKbb0vYvIUq51wElaOrXYFAmZWnM9jIWtOt4L-OyLFKxrUyEoUv9sF6KOo", "contract_type": "ERC721"}, "collection": {"collection_id": "65a13036c284b18008bd25b7", "name": "TinFun", "logo": "https://i.seadn.io/s/raw/files/a531bedf317b5ffe5a35d559b5c94cd9.jpg?w=500&auto=format", "slug": "tin-fun"}, "gas_fee": {"value": 0.0027, "raw_value": 2700000000000000, "usd": 9.0462, "payment_token": {"address": "0x0000000000000000000000000000000000000000", "symbol": "ETH", "decimals": 18}}, "price": null, "marketplace_path": ["x2y2-fi"], "fees": [], "trait_offer_target": null}, {"blockchain": "ETH", "sender": {"address": "0xaf175255cf7d11ed38edb87ea21a164b285fb68f", "ens": null, "is_whale": false, "blockchain": "ETH", "is_contract": false, "is_blue_chip_holder": true, "is_super_blue_chip_holder": false, "is_multi_sign_wallet": false, "das": null, "alias": null}, "receiver": {"address": "0xb81965ddfdda3923f292a47a1be83ba3a36b5133", "ens": null, "is_whale": false, "blockchain": "ETH", "is_contract": true, "is_blue_chip_holder": true, "is_super_blue_chip_holder": false, "is_multi_sign_wallet": false, "das": null, "alias": "X2Y2 NFT Loan V3"}, "event": "transfer", "quantity": 1, "tx_hash": "0xeaca355cdb6fea436caf3d0ae234994433b63c075b3bf0de8038185abc26eb02", "time": 1708793663, "nft": {"contract_address": "0xc274a97f1691ef390f662067e95a6eff1f99b504", "token_id": "3995", "name": "TinFun #3995", "blockchain": "ETH", "image": "https://lh3.googleusercontent.com/eWt9NmU3bBOTXYBk6e46fE-FdZNZuxCp0RXztg_kwxKbb0vYvIUq51wElaOrXYFAmZWnM9jIWtOt4L-OyLFKxrUyEoUv9sF6KOo", "contract_type": "ERC721"}, "collection": {"collection_id": "65a13036c284b18008bd25b7", "name": "TinFun", "logo": "https://i.seadn.io/s/raw/files/a531bedf317b5ffe5a35d559b5c94cd9.jpg?w=500&auto=format", "slug": "tin-fun"}, "gas_fee": {"value": 0.045, "raw_value": 45000000000000000, "usd": 133.1046, "payment_token": {"address": "0x0000000000000000000000000000000000000000", "symbol": "ETH", "decimals": 18}}, "price": null, "marketplace_path": ["x2y2-fi"], "fees": [], "trait_offer_target": null}, {"blockchain": "ETH", "sender": {"address": "0x84e84e2dcd0d0f171f0202c69626c0a1945ef083", "ens": null, "is_whale": false, "blockchain": "ETH", "is_contract": false, "is_blue_chip_holder": false, "is_super_blue_chip_holder": false, "is_multi_sign_wallet": false, "das": null, "alias": null}, "receiver": {"address": "0xaf175255cf7d11ed38edb87ea21a164b285fb68f", "ens": null, "is_whale": false, "blockchain": "ETH", "is_contract": false, "is_blue_chip_holder": true, "is_super_blue_chip_holder": false, "is_multi_sign_wallet": false, "das": null, "alias": null}, "event": "sale", "quantity": 1, "tx_hash": "0x84403d0bbb5f9eac280c68348207d4bfa5d8472197f423121b5f8b0aefd07d18", "time": 1708793663, "nft": {"contract_address": "0xc274a97f1691ef390f662067e95a6eff1f99b504", "token_id": "3995", "name": "TinFun #3995", "blockchain": "ETH", "image": "https://lh3.googleusercontent.com/eWt9NmU3bBOTXYBk6e46fE-FdZNZuxCp0RXztg_kwxKbb0vYvIUq51wElaOrXYFAmZWnM9jIWtOt4L-OyLFKxrUyEoUv9sF6KOo", "contract_type": "ERC721"}, "collection": {"collection_id": "65a13036c284b18008bd25b7", "name": "TinFun", "logo": "https://i.seadn.io/s/raw/files/a531bedf317b5ffe5a35d559b5c94cd9.jpg?w=500&auto=format", "slug": "tin-fun"}, "gas_fee": {"value": 0.0217, "raw_value": 21700000000000000, "usd": 64.1029, "payment_token": {"address": "0x0000000000000000000000000000000000000000", "symbol": "ETH", "decimals": 18}}, "price": {"value": 0.3799899, "raw_value": 379989900000000000, "usd": 1123.0328825093468, "payment_token": {"address": "0x0000000000000000000000000000000000000000", "symbol": "ETH", "decimals": 18}}, "marketplace_path": ["blur"], "fees": [{"fee_type": "royalty", "recipient": "0x6650dc11f439f14d4dfbea75233bd9b0099a0647", "bps": 50, "price": {"value": 0.0019, "raw_value": 1899949500000000, "usd": 5.634606, "payment_token": {"address": "0x0000000000000000000000000000000000000000", "symbol": "ETH", "decimals": 18}}}], "trait_offer_target": null}, {"blockchain": "ETH", "sender": {"address": "0xf5b9d00f6184954d6e725215d9cab5f5698e8bb3", "ens": null, "is_whale": false, "blockchain": "ETH", "is_contract": false, "is_blue_chip_holder": false, "is_super_blue_chip_holder": false, "is_multi_sign_wallet": false, "das": null, "alias": null}, "receiver": {"address": "0x84e84e2dcd0d0f171f0202c69626c0a1945ef083", "ens": null, "is_whale": false, "blockchain": "ETH", "is_contract": false, "is_blue_chip_holder": false, "is_super_blue_chip_holder": false, "is_multi_sign_wallet": false, "das": null, "alias": null}, "event": "sale", "quantity": 1, "tx_hash": "0x020ad0c78f07e3945c7a69f49715f5e4a0827334369dd87b77e8db0897b324b3", "time": 1708792271, "nft": {"contract_address": "0xc274a97f1691ef390f662067e95a6eff1f99b504", "token_id": "3995", "name": "TinFun #3995", "blockchain": "ETH", "image": "https://lh3.googleusercontent.com/eWt9NmU3bBOTXYBk6e46fE-FdZNZuxCp0RXztg_kwxKbb0vYvIUq51wElaOrXYFAmZWnM9jIWtOt4L-OyLFKxrUyEoUv9sF6KOo", "contract_type": "ERC721"}, "collection": {"collection_id": "65a13036c284b18008bd25b7", "name": "TinFun", "logo": "https://i.seadn.io/s/raw/files/a531bedf317b5ffe5a35d559b5c94cd9.jpg?w=500&auto=format", "slug": "tin-fun"}, "gas_fee": {"value": 0.0653, "raw_value": 65300000000000000, "usd": 192.9897, "payment_token": {"address": "0x0000000000000000000000000000000000000000", "symbol": "ETH", "decimals": 18}}, "price": {"value": 0.38, "raw_value": 380000000000000000, "usd": 1123.062732334601, "payment_token": {"address": "0x0000000000000000000000000000000000000000", "symbol": "ETH", "decimals": 18}}, "marketplace_path": ["blur"], "fees": [{"fee_type": "royalty", "recipient": "0x6650dc11f439f14d4dfbea75233bd9b0099a0647", "bps": 50, "price": {"value": 0.0019, "raw_value": 1900000000000000, "usd": 5.634756, "payment_token": {"address": "0x0000000000a39bb272e79075ade125fd351887ac", "symbol": "BETH", "decimals": 18}}}], "trait_offer_target": null}, {"blockchain": "ETH", "sender": {"address": "0xc2978441f46a76c60e0cd59e986498b75a40572d", "ens": "booblino.eth", "is_whale": false, "blockchain": "ETH", "is_contract": false, "is_blue_chip_holder": false, "is_super_blue_chip_holder": false, "is_multi_sign_wallet": false, "das": null, "alias": "booblino.eth"}, "receiver": {"address": "0xf5b9d00f6184954d6e725215d9cab5f5698e8bb3", "ens": null, "is_whale": false, "blockchain": "ETH", "is_contract": false, "is_blue_chip_holder": false, "is_super_blue_chip_holder": false, "is_multi_sign_wallet": false, "das": null, "alias": null}, "event": "sale", "quantity": 1, "tx_hash": "0x615cd809be4103028bd0ef72637f7b4328be2c98d77b4e0684ecd05a25723088", "time": 1707503615, "nft": {"contract_address": "0xc274a97f1691ef390f662067e95a6eff1f99b504", "token_id": "3995", "name": "TinFun #3995", "blockchain": "ETH", "image": "https://lh3.googleusercontent.com/eWt9NmU3bBOTXYBk6e46fE-FdZNZuxCp0RXztg_kwxKbb0vYvIUq51wElaOrXYFAmZWnM9jIWtOt4L-OyLFKxrUyEoUv9sF6KOo", "contract_type": "ERC721"}, "collection": {"collection_id": "65a13036c284b18008bd25b7", "name": "TinFun", "logo": "https://i.seadn.io/s/raw/files/a531bedf317b5ffe5a35d559b5c94cd9.jpg?w=500&auto=format", "slug": "tin-fun"}, "gas_fee": {"value": 0.027, "raw_value": 27000000000000000, "usd": 67.3893, "payment_token": {"address": "0x0000000000000000000000000000000000000000", "symbol": "ETH", "decimals": 18}}, "price": {"value": 0.58, "raw_value": 580000000000000000, "usd": 1448.9102064045574, "payment_token": {"address": "0x0000000000000000000000000000000000000000", "symbol": "ETH", "decimals": 18}}, "marketplace_path": ["blur"], "fees": [{"fee_type": "royalty", "recipient": "0x6650dc11f439f14d4dfbea75233bd9b0099a0647", "bps": 50, "price": {"value": 0.0029, "raw_value": 2900000000000000, "usd": 7.236723, "payment_token": {"address": "0x0000000000a39bb272e79075ade125fd351887ac", "symbol": "BETH", "decimals": 18}}}], "trait_offer_target": null}, {"blockchain": "ETH", "sender": {"address": "0x887daa612cd7d0b61b034a3c95bc1d3a9a0c77e2", "ens": null, "is_whale": false, "blockchain": "ETH", "is_contract": false, "is_blue_chip_holder": false, "is_super_blue_chip_holder": false, "is_multi_sign_wallet": false, "das": null, "alias": null}, "receiver": {"address": "0xc2978441f46a76c60e0cd59e986498b75a40572d", "ens": "booblino.eth", "is_whale": false, "blockchain": "ETH", "is_contract": false, "is_blue_chip_holder": false, "is_super_blue_chip_holder": false, "is_multi_sign_wallet": false, "das": null, "alias": "booblino.eth"}, "event": "sale", "quantity": 1, "tx_hash": "0x8444973adc5d5feea97481596754ee4a1dfb1ab979dfdae604ba7c2fb3c83ce3", "time": 1705822415, "nft": {"contract_address": "0xc274a97f1691ef390f662067e95a6eff1f99b504", "token_id": "3995", "name": "TinFun #3995", "blockchain": "ETH", "image": "https://lh3.googleusercontent.com/eWt9NmU3bBOTXYBk6e46fE-FdZNZuxCp0RXztg_kwxKbb0vYvIUq51wElaOrXYFAmZWnM9jIWtOt4L-OyLFKxrUyEoUv9sF6KOo", "contract_type": "ERC721"}, "collection": {"collection_id": "65a13036c284b18008bd25b7", "name": "TinFun", "logo": "https://i.seadn.io/s/raw/files/a531bedf317b5ffe5a35d559b5c94cd9.jpg?w=500&auto=format", "slug": "tin-fun"}, "gas_fee": {"value": 0.0035, "raw_value": 3500000000000000, "usd": 8.6029, "payment_token": {"address": "0x0000000000000000000000000000000000000000", "symbol": "ETH", "decimals": 18}}, "price": {"value": 0.596, "raw_value": 596000000000000000, "usd": 1471.4431598547794, "payment_token": {"address": "0x0000000000000000000000000000000000000000", "symbol": "ETH", "decimals": 18}}, "marketplace_path": ["blur-aggregator", "blur"], "fees": [{"fee_type": "royalty", "recipient": "0x6650dc11f439f14d4dfbea75233bd9b0099a0647", "bps": 50, "price": {"value": 0.00298, "raw_value": 2980000000000000, "usd": 7.368162, "payment_token": {"address": "0x0000000000000000000000000000000000000000", "symbol": "ETH", "decimals": 18}}}], "trait_offer_target": null}, {"blockchain": "ETH", "sender": {"address": "0x31a4042e14d19618f4c0338c90d5f0f54abfc937", "ens": null, "is_whale": false, "blockchain": "ETH", "is_contract": false, "is_blue_chip_holder": false, "is_super_blue_chip_holder": false, "is_multi_sign_wallet": false, "das": null, "alias": null}, "receiver": {"address": "0x887daa612cd7d0b61b034a3c95bc1d3a9a0c77e2", "ens": null, "is_whale": false, "blockchain": "ETH", "is_contract": false, "is_blue_chip_holder": false, "is_super_blue_chip_holder": false, "is_multi_sign_wallet": false, "das": null, "alias": null}, "event": "transfer", "quantity": 1, "tx_hash": "0x3280b760005d0bee475a8e8590c74e34ce622089e4db77381fe9c31906df820f", "time": 1705141583, "nft": {"contract_address": "0xc274a97f1691ef390f662067e95a6eff1f99b504", "token_id": "3995", "name": "TinFun #3995", "blockchain": "ETH", "image": "https://lh3.googleusercontent.com/eWt9NmU3bBOTXYBk6e46fE-FdZNZuxCp0RXztg_kwxKbb0vYvIUq51wElaOrXYFAmZWnM9jIWtOt4L-OyLFKxrUyEoUv9sF6KOo", "contract_type": "ERC721"}, "collection": {"collection_id": "65a13036c284b18008bd25b7", "name": "TinFun", "logo": "https://i.seadn.io/s/raw/files/a531bedf317b5ffe5a35d559b5c94cd9.jpg?w=500&auto=format", "slug": "tin-fun"}, "gas_fee": {"value": 0.002, "raw_value": 2000000000000000, "usd": 5.1142, "payment_token": {"address": "0x0000000000000000000000000000000000000000", "symbol": "ETH", "decimals": 18}}, "price": null, "marketplace_path": [], "fees": [], "trait_offer_target": null}]