[{"blockchain": "ETH", "sender": {"address": "0xfefb3ad28b5a435c2b6bae6ac0587d79c3db6d03", "ens": null, "is_whale": false, "blockchain": "ETH", "is_contract": false, "is_blue_chip_holder": false, "is_super_blue_chip_holder": false, "is_multi_sign_wallet": false, "das": null, "alias": null}, "receiver": {"address": "0x8177e9fa379b85e01b2b30140ddc446b9875106a", "ens": null, "is_whale": false, "blockchain": "ETH", "is_contract": true, "is_blue_chip_holder": false, "is_super_blue_chip_holder": false, "is_multi_sign_wallet": false, "das": null, "alias": null}, "event": "transfer", "quantity": 1, "tx_hash": "0xefbfb3edeaea60d92d9304526cf7711cff48f870b471d0bf81b86f8a8179d2b5", "time": 1711724135, "nft": {"contract_address": "0xc274a97f1691ef390f662067e95a6eff1f99b504", "token_id": "3491", "name": "TinFun #3491", "blockchain": "ETH", "image": "https://lh3.googleusercontent.com/HaDD6MnwWzVazXm43jQbYSznaRaA1jGg79f7pHyTaUQTJ2PFFXMoFoKl_204fh7B9TerGIUg5a5omxWmNrK0kLIi3qzdKfDLRtA", "contract_type": "ERC721"}, "collection": {"collection_id": "65a13036c284b18008bd25b7", "name": "TinFun", "logo": "https://i.seadn.io/s/raw/files/a531bedf317b5ffe5a35d559b5c94cd9.jpg?w=500&auto=format", "slug": "tin-fun"}, "gas_fee": {"value": 0.0024, "raw_value": 2400000000000000, "usd": 8.5819, "payment_token": {"address": "0x0000000000000000000000000000000000000000", "symbol": "ETH", "decimals": 18}}, "price": null, "marketplace_path": [], "fees": [], "trait_offer_target": null}, {"blockchain": "ETH", "sender": {"address": "0xeaf9d4c3cf95aa1f9b5dd960f27cfcfd4337ee05", "ens": null, "is_whale": false, "blockchain": "ETH", "is_contract": false, "is_blue_chip_holder": false, "is_super_blue_chip_holder": false, "is_multi_sign_wallet": false, "das": null, "alias": null}, "receiver": {"address": "0xfefb3ad28b5a435c2b6bae6ac0587d79c3db6d03", "ens": null, "is_whale": false, "blockchain": "ETH", "is_contract": false, "is_blue_chip_holder": false, "is_super_blue_chip_holder": false, "is_multi_sign_wallet": false, "das": null, "alias": null}, "event": "sale", "quantity": 1, "tx_hash": "0xfcc80e6235d7c8fc58a91f251c78e926ae87873bba1fab749fe8fcc994308552", "time": 1711187507, "nft": {"contract_address": "0xc274a97f1691ef390f662067e95a6eff1f99b504", "token_id": "3491", "name": "TinFun #3491", "blockchain": "ETH", "image": "https://lh3.googleusercontent.com/HaDD6MnwWzVazXm43jQbYSznaRaA1jGg79f7pHyTaUQTJ2PFFXMoFoKl_204fh7B9TerGIUg5a5omxWmNrK0kLIi3qzdKfDLRtA", "contract_type": "ERC721"}, "collection": {"collection_id": "65a13036c284b18008bd25b7", "name": "TinFun", "logo": "https://i.seadn.io/s/raw/files/a531bedf317b5ffe5a35d559b5c94cd9.jpg?w=500&auto=format", "slug": "tin-fun"}, "gas_fee": {"value": 0.0032, "raw_value": 3200000000000000, "usd": 10.5752, "payment_token": {"address": "0x0000000000000000000000000000000000000000", "symbol": "ETH", "decimals": 18}}, "price": {"value": 0.1699, "raw_value": 169900000000000000, "usd": 569.342040980589, "payment_token": {"address": "0x0000000000000000000000000000000000000000", "symbol": "ETH", "decimals": 18}}, "marketplace_path": ["opensea"], "fees": [{"fee_type": "royalty", "recipient": "0x6650dc11f439f14d4dfbea75233bd9b0099a0647", "bps": 500, "price": {"value": 0.008495, "raw_value": 8495000000000000, "usd": 28.395983, "payment_token": {"address": "0x0000000000000000000000000000000000000000", "symbol": "ETH", "decimals": 18}}}], "trait_offer_target": null}]