[{"blockchain": "ETH", "sender": {"address": "0xae6de23e87a10be4dd897b631e3cd4d47f110efc", "ens": null, "is_whale": false, "blockchain": "ETH", "is_contract": false, "is_blue_chip_holder": false, "is_super_blue_chip_holder": false, "is_multi_sign_wallet": false, "das": null, "alias": null}, "receiver": {"address": "0x3eb879cc9a0ef4c6f1d870a40ae187768c278da2", "ens": "floorprotocol.eth", "is_whale": false, "blockchain": "ETH", "is_contract": true, "is_blue_chip_holder": true, "is_super_blue_chip_holder": false, "is_multi_sign_wallet": false, "das": null, "alias": "floorprotocol.eth"}, "event": "transfer", "quantity": 1, "tx_hash": "0x44345974124d33e0658c8e751b48ee48a3b4c0b3f769a36714495bf1f2b63ff4", "time": 1705148111, "nft": {"contract_address": "0xc274a97f1691ef390f662067e95a6eff1f99b504", "token_id": "4143", "name": "TinFun #4143", "blockchain": "ETH", "image": "https://lh3.googleusercontent.com/rw1TDB7_f3HXWgVmT4WoC8fGuPMAQSqYxGfVfZi_z1bZYwFNmn645NYgQbFE7pGVNTNNDhpHm2NTxOzIxGjfanAdTaQc8x8ESdM", "contract_type": "ERC721"}, "collection": {"collection_id": "65a13036c284b18008bd25b7", "name": "TinFun", "logo": "https://i.seadn.io/s/raw/files/a531bedf317b5ffe5a35d559b5c94cd9.jpg?w=500&auto=format", "slug": "tin-fun"}, "gas_fee": {"value": 0.0062, "raw_value": 6200000000000000, "usd": 15.8349, "payment_token": {"address": "0x0000000000000000000000000000000000000000", "symbol": "ETH", "decimals": 18}}, "price": null, "marketplace_path": ["floor"], "fees": [], "trait_offer_target": null}, {"blockchain": "ETH", "sender": {"address": "0xe2c679524ef2e639da5b20abaedfe637a40c200b", "ens": null, "is_whale": false, "blockchain": "ETH", "is_contract": false, "is_blue_chip_holder": false, "is_super_blue_chip_holder": false, "is_multi_sign_wallet": false, "das": null, "alias": null}, "receiver": {"address": "0xae6de23e87a10be4dd897b631e3cd4d47f110efc", "ens": null, "is_whale": false, "blockchain": "ETH", "is_contract": false, "is_blue_chip_holder": false, "is_super_blue_chip_holder": false, "is_multi_sign_wallet": false, "das": null, "alias": null}, "event": "sale", "quantity": 1, "tx_hash": "0x2b8fda92b3ef82c5a28dde2bc5f1197d95504427d9c96d4b04a1a14d2dec6ece", "time": 1705147979, "nft": {"contract_address": "0xc274a97f1691ef390f662067e95a6eff1f99b504", "token_id": "4143", "name": "TinFun #4143", "blockchain": "ETH", "image": "https://lh3.googleusercontent.com/rw1TDB7_f3HXWgVmT4WoC8fGuPMAQSqYxGfVfZi_z1bZYwFNmn645NYgQbFE7pGVNTNNDhpHm2NTxOzIxGjfanAdTaQc8x8ESdM", "contract_type": "ERC721"}, "collection": {"collection_id": "65a13036c284b18008bd25b7", "name": "TinFun", "logo": "https://i.seadn.io/s/raw/files/a531bedf317b5ffe5a35d559b5c94cd9.jpg?w=500&auto=format", "slug": "tin-fun"}, "gas_fee": {"value": 0.0054, "raw_value": 5400000000000000, "usd": 13.791, "payment_token": {"address": "0x0000000000000000000000000000000000000000", "symbol": "ETH", "decimals": 18}}, "price": {"value": 0.842999, "raw_value": 842999000000000000, "usd": 2143.063635512836, "payment_token": {"address": "0x0000000000000000000000000000000000000000", "symbol": "ETH", "decimals": 18}}, "marketplace_path": ["blur-aggregator", "blur"], "fees": [{"fee_type": "royalty", "recipient": "0x6650dc11f439f14d4dfbea75233bd9b0099a0647", "bps": 50, "price": {"value": 0.004215, "raw_value": 4214995000000000, "usd": 10.710803, "payment_token": {"address": "0x0000000000000000000000000000000000000000", "symbol": "ETH", "decimals": 18}}}], "trait_offer_target": null}, {"blockchain": "ETH", "sender": {"address": "0xf35177a1ac839b59b497e909412b55755fce6cf9", "ens": null, "is_whale": false, "blockchain": "ETH", "is_contract": false, "is_blue_chip_holder": false, "is_super_blue_chip_holder": false, "is_multi_sign_wallet": false, "das": null, "alias": null}, "receiver": {"address": "0xe2c679524ef2e639da5b20abaedfe637a40c200b", "ens": null, "is_whale": false, "blockchain": "ETH", "is_contract": false, "is_blue_chip_holder": false, "is_super_blue_chip_holder": false, "is_multi_sign_wallet": false, "das": null, "alias": null}, "event": "transfer", "quantity": 1, "tx_hash": "0x69f8589088f4349f2e10f3da20164c321ae22709ade3de92ca223ca7f87401a1", "time": 1705063847, "nft": {"contract_address": "0xc274a97f1691ef390f662067e95a6eff1f99b504", "token_id": "4143", "name": "TinFun #4143", "blockchain": "ETH", "image": "https://lh3.googleusercontent.com/rw1TDB7_f3HXWgVmT4WoC8fGuPMAQSqYxGfVfZi_z1bZYwFNmn645NYgQbFE7pGVNTNNDhpHm2NTxOzIxGjfanAdTaQc8x8ESdM", "contract_type": "ERC721"}, "collection": {"collection_id": "65a13036c284b18008bd25b7", "name": "TinFun", "logo": "https://i.seadn.io/s/raw/files/a531bedf317b5ffe5a35d559b5c94cd9.jpg?w=500&auto=format", "slug": "tin-fun"}, "gas_fee": {"value": 0.0025, "raw_value": 2500000000000000, "usd": 6.5808, "payment_token": {"address": "0x0000000000000000000000000000000000000000", "symbol": "ETH", "decimals": 18}}, "price": null, "marketplace_path": [], "fees": [], "trait_offer_target": null}]