[{"blockchain": "ETH", "sender": {"address": "0x2e4a55927e6c3b23257deaf3ef33311c549148f2", "ens": null, "is_whale": false, "blockchain": "ETH", "is_contract": false, "is_blue_chip_holder": false, "is_super_blue_chip_holder": false, "is_multi_sign_wallet": false, "das": null, "alias": null}, "receiver": {"address": "0x8177e9fa379b85e01b2b30140ddc446b9875106a", "ens": null, "is_whale": false, "blockchain": "ETH", "is_contract": true, "is_blue_chip_holder": false, "is_super_blue_chip_holder": false, "is_multi_sign_wallet": false, "das": null, "alias": null}, "event": "transfer", "quantity": 1, "tx_hash": "0x3a6dcb2a60431255b659d0901e44825feb6890aae5cbff792521444275aa2c81", "time": 1712933471, "nft": {"contract_address": "0xc274a97f1691ef390f662067e95a6eff1f99b504", "token_id": "1551", "name": "TinFun #1551", "blockchain": "ETH", "image": "https://lh3.googleusercontent.com/EqxUZb3lkUn-xKbHSK6CbopX3SnYVfufY5QFn1zN3O7IwLIKr5qEWK4pIPh26l-7zaArKsTfpzDnWsWiyc0co3UMcPd9EVi8FVk", "contract_type": "ERC721"}, "collection": {"collection_id": "65a13036c284b18008bd25b7", "name": "TinFun", "logo": "https://i.seadn.io/s/raw/files/a531bedf317b5ffe5a35d559b5c94cd9.jpg?w=500&auto=format", "slug": "tin-fun"}, "gas_fee": {"value": 0.0079, "raw_value": 7900000000000001, "usd": 27.3177, "payment_token": {"address": "0x0000000000000000000000000000000000000000", "symbol": "ETH", "decimals": 18}}, "price": null, "marketplace_path": [], "fees": [], "trait_offer_target": null}, {"blockchain": "ETH", "sender": {"address": "0x84ecdf281d5d692d821c0cb98aed75beeae2d455", "ens": null, "is_whale": false, "blockchain": "ETH", "is_contract": false, "is_blue_chip_holder": false, "is_super_blue_chip_holder": false, "is_multi_sign_wallet": false, "das": null, "alias": null}, "receiver": {"address": "0x2e4a55927e6c3b23257deaf3ef33311c549148f2", "ens": null, "is_whale": false, "blockchain": "ETH", "is_contract": false, "is_blue_chip_holder": false, "is_super_blue_chip_holder": false, "is_multi_sign_wallet": false, "das": null, "alias": null}, "event": "sale", "quantity": 1, "tx_hash": "0xa6bbf902c691eb48343c932d91a61646f5cf089582e60e130c661f92bc80d2f3", "time": 1708783919, "nft": {"contract_address": "0xc274a97f1691ef390f662067e95a6eff1f99b504", "token_id": "1551", "name": "TinFun #1551", "blockchain": "ETH", "image": "https://lh3.googleusercontent.com/EqxUZb3lkUn-xKbHSK6CbopX3SnYVfufY5QFn1zN3O7IwLIKr5qEWK4pIPh26l-7zaArKsTfpzDnWsWiyc0co3UMcPd9EVi8FVk", "contract_type": "ERC721"}, "collection": {"collection_id": "65a13036c284b18008bd25b7", "name": "TinFun", "logo": "https://i.seadn.io/s/raw/files/a531bedf317b5ffe5a35d559b5c94cd9.jpg?w=500&auto=format", "slug": "tin-fun"}, "gas_fee": {"value": 0.0056, "raw_value": 5600000000000000, "usd": 16.5229, "payment_token": {"address": "0x0000000000000000000000000000000000000000", "symbol": "ETH", "decimals": 18}}, "price": {"value": 0.5, "raw_value": 500000000000000000, "usd": 1482.8305397704146, "payment_token": {"address": "0x0000000000000000000000000000000000000000", "symbol": "ETH", "decimals": 18}}, "marketplace_path": ["blur-aggregator", "blur"], "fees": [{"fee_type": "royalty", "recipient": "0x6650dc11f439f14d4dfbea75233bd9b0099a0647", "bps": 50, "price": {"value": 0.0025, "raw_value": 2500000000000000, "usd": 7.402918, "payment_token": {"address": "0x0000000000000000000000000000000000000000", "symbol": "ETH", "decimals": 18}}}], "trait_offer_target": null}, {"blockchain": "ETH", "sender": {"address": "0x2b709fa7078d717113081d1feed583fcdce947c3", "ens": null, "is_whale": false, "blockchain": "ETH", "is_contract": false, "is_blue_chip_holder": false, "is_super_blue_chip_holder": false, "is_multi_sign_wallet": false, "das": null, "alias": null}, "receiver": {"address": "0x84ecdf281d5d692d821c0cb98aed75beeae2d455", "ens": null, "is_whale": false, "blockchain": "ETH", "is_contract": false, "is_blue_chip_holder": false, "is_super_blue_chip_holder": false, "is_multi_sign_wallet": false, "das": null, "alias": null}, "event": "sale", "quantity": 1, "tx_hash": "0x8b1cb216e311e446f24d247446f530dbd3ba0eb33983c878ae6f20070cefda03", "time": 1707643379, "nft": {"contract_address": "0xc274a97f1691ef390f662067e95a6eff1f99b504", "token_id": "1551", "name": "TinFun #1551", "blockchain": "ETH", "image": "https://lh3.googleusercontent.com/EqxUZb3lkUn-xKbHSK6CbopX3SnYVfufY5QFn1zN3O7IwLIKr5qEWK4pIPh26l-7zaArKsTfpzDnWsWiyc0co3UMcPd9EVi8FVk", "contract_type": "ERC721"}, "collection": {"collection_id": "65a13036c284b18008bd25b7", "name": "TinFun", "logo": "https://i.seadn.io/s/raw/files/a531bedf317b5ffe5a35d559b5c94cd9.jpg?w=500&auto=format", "slug": "tin-fun"}, "gas_fee": {"value": 0.0039, "raw_value": 3900000000000000, "usd": 9.9441, "payment_token": {"address": "0x0000000000000000000000000000000000000000", "symbol": "ETH", "decimals": 18}}, "price": {"value": 0.605, "raw_value": 605000000000000000, "usd": 1528.1132923218147, "payment_token": {"address": "0x0000000000000000000000000000000000000000", "symbol": "ETH", "decimals": 18}}, "marketplace_path": ["opensea"], "fees": [{"fee_type": "royalty", "recipient": "0x6650dc11f439f14d4dfbea75233bd9b0099a0647", "bps": 500, "price": {"value": 0.03025, "raw_value": 30250000000000000, "usd": 76.553528, "payment_token": {"address": "0x0000000000000000000000000000000000000000", "symbol": "ETH", "decimals": 18}}}], "trait_offer_target": null}]