[{"blockchain": "ETH", "sender": {"address": "0xc821d3d24c27c713a9e2758086bd29b23f7381e2", "ens": "\u4ee3\u865f9527.eth", "is_whale": false, "blockchain": "ETH", "is_contract": false, "is_blue_chip_holder": false, "is_super_blue_chip_holder": false, "is_multi_sign_wallet": false, "das": null, "alias": "\u4ee3\u865f9527.eth"}, "receiver": {"address": "0x3eb879cc9a0ef4c6f1d870a40ae187768c278da2", "ens": "floorprotocol.eth", "is_whale": false, "blockchain": "ETH", "is_contract": true, "is_blue_chip_holder": true, "is_super_blue_chip_holder": false, "is_multi_sign_wallet": false, "das": null, "alias": "floorprotocol.eth"}, "event": "sale", "quantity": 1, "tx_hash": "0xaa717c7bc33bb67c20c296132bf8cfa2f7d1473311d7f0989cd567d7be2190c3", "time": 1708766627, "nft": {"contract_address": "0xc274a97f1691ef390f662067e95a6eff1f99b504", "token_id": "6216", "name": "TinFun #6216", "blockchain": "ETH", "image": "https://lh3.googleusercontent.com/jVHJP7FLRJtD6HSLHYi1o8CNScBENTx8snu9Jm0Ye2EsLXFKVJXNy9g3LHkaRcCqiW2-oixf9CYaw3kOptW-qKjxxUr1_0WOnQ", "contract_type": "ERC721"}, "collection": {"collection_id": "65a13036c284b18008bd25b7", "name": "TinFun", "logo": "https://i.seadn.io/s/raw/files/a531bedf317b5ffe5a35d559b5c94cd9.jpg?w=500&auto=format", "slug": "tin-fun"}, "gas_fee": {"value": 0.0163, "raw_value": 16299999999999998, "usd": 48.023, "payment_token": {"address": "0x0000000000000000000000000000000000000000", "symbol": "ETH", "decimals": 18}}, "price": {"value": 0.5564072800686962, "raw_value": 556407280068696218, "usd": 1642.42088880024, "payment_token": {"address": "0xc02aaa39b223fe8d0a0e5c4f27ead9083c756cc2", "symbol": "WETH", "decimals": 18}}, "marketplace_path": ["floor"], "fees": [], "trait_offer_target": null}, {"blockchain": "ETH", "sender": {"address": "0x3eb879cc9a0ef4c6f1d870a40ae187768c278da2", "ens": "floorprotocol.eth", "is_whale": false, "blockchain": "ETH", "is_contract": true, "is_blue_chip_holder": true, "is_super_blue_chip_holder": true, "is_multi_sign_wallet": false, "das": null, "alias": "floorprotocol.eth"}, "receiver": {"address": "0xc821d3d24c27c713a9e2758086bd29b23f7381e2", "ens": "\u4ee3\u865f9527.eth", "is_whale": false, "blockchain": "ETH", "is_contract": false, "is_blue_chip_holder": false, "is_super_blue_chip_holder": true, "is_multi_sign_wallet": false, "das": null, "alias": "\u4ee3\u865f9527.eth"}, "event": "transfer", "quantity": 1, "tx_hash": "0xb93be483e49e103663e9232178c789d3b61ccbb5b8c44dc894fdf227653b62bb", "time": 1708764107, "nft": {"contract_address": "0xc274a97f1691ef390f662067e95a6eff1f99b504", "token_id": "6216", "name": "TinFun #6216", "blockchain": "ETH", "image": "https://lh3.googleusercontent.com/jVHJP7FLRJtD6HSLHYi1o8CNScBENTx8snu9Jm0Ye2EsLXFKVJXNy9g3LHkaRcCqiW2-oixf9CYaw3kOptW-qKjxxUr1_0WOnQ", "contract_type": "ERC721"}, "collection": {"collection_id": "65a13036c284b18008bd25b7", "name": "TinFun", "logo": "https://i.seadn.io/s/raw/files/a531bedf317b5ffe5a35d559b5c94cd9.jpg?w=500&auto=format", "slug": "tin-fun"}, "gas_fee": {"value": 0.0077, "raw_value": 7700000000000000, "usd": 22.8554, "payment_token": {"address": "0x0000000000000000000000000000000000000000", "symbol": "ETH", "decimals": 18}}, "price": null, "marketplace_path": ["floor"], "fees": [], "trait_offer_target": null}, {"blockchain": "ETH", "sender": {"address": "0x7c7c9ce081becb5f44ef9eed3a90d99057d2eb53", "ens": "blockmemory.eth", "is_whale": false, "blockchain": "ETH", "is_contract": false, "is_blue_chip_holder": false, "is_super_blue_chip_holder": false, "is_multi_sign_wallet": false, "das": null, "alias": "blockmemory.eth"}, "receiver": {"address": "0x3eb879cc9a0ef4c6f1d870a40ae187768c278da2", "ens": "floorprotocol.eth", "is_whale": false, "blockchain": "ETH", "is_contract": true, "is_blue_chip_holder": true, "is_super_blue_chip_holder": false, "is_multi_sign_wallet": false, "das": null, "alias": "floorprotocol.eth"}, "event": "transfer", "quantity": 1, "tx_hash": "0xd886261984c3655e9da4610857241598486fd05881ee13e69e12c0ffd06c878b", "time": 1705623899, "nft": {"contract_address": "0xc274a97f1691ef390f662067e95a6eff1f99b504", "token_id": "6216", "name": "TinFun #6216", "blockchain": "ETH", "image": "https://lh3.googleusercontent.com/jVHJP7FLRJtD6HSLHYi1o8CNScBENTx8snu9Jm0Ye2EsLXFKVJXNy9g3LHkaRcCqiW2-oixf9CYaw3kOptW-qKjxxUr1_0WOnQ", "contract_type": "ERC721"}, "collection": {"collection_id": "65a13036c284b18008bd25b7", "name": "TinFun", "logo": "https://i.seadn.io/s/raw/files/a531bedf317b5ffe5a35d559b5c94cd9.jpg?w=500&auto=format", "slug": "tin-fun"}, "gas_fee": {"value": 0.0118, "raw_value": 11800000000000000, "usd": 29.1839, "payment_token": {"address": "0x0000000000000000000000000000000000000000", "symbol": "ETH", "decimals": 18}}, "price": null, "marketplace_path": ["floor"], "fees": [], "trait_offer_target": null}, {"blockchain": "ETH", "sender": {"address": "0x015ccbf3d21e00d6f4598900f4a2a62f82d94e8e", "ens": null, "is_whale": false, "blockchain": "ETH", "is_contract": false, "is_blue_chip_holder": false, "is_super_blue_chip_holder": false, "is_multi_sign_wallet": false, "das": null, "alias": null}, "receiver": {"address": "0x7c7c9ce081becb5f44ef9eed3a90d99057d2eb53", "ens": "blockmemory.eth", "is_whale": false, "blockchain": "ETH", "is_contract": false, "is_blue_chip_holder": false, "is_super_blue_chip_holder": false, "is_multi_sign_wallet": false, "das": null, "alias": "blockmemory.eth"}, "event": "sale", "quantity": 1, "tx_hash": "0x6d8e6f117f718758923e23cd6b6cf54f6ff085a22c5acf370647b99fc932e605", "time": 1705623323, "nft": {"contract_address": "0xc274a97f1691ef390f662067e95a6eff1f99b504", "token_id": "6216", "name": "TinFun #6216", "blockchain": "ETH", "image": "https://lh3.googleusercontent.com/jVHJP7FLRJtD6HSLHYi1o8CNScBENTx8snu9Jm0Ye2EsLXFKVJXNy9g3LHkaRcCqiW2-oixf9CYaw3kOptW-qKjxxUr1_0WOnQ", "contract_type": "ERC721"}, "collection": {"collection_id": "65a13036c284b18008bd25b7", "name": "TinFun", "logo": "https://i.seadn.io/s/raw/files/a531bedf317b5ffe5a35d559b5c94cd9.jpg?w=500&auto=format", "slug": "tin-fun"}, "gas_fee": {"value": 0.0088, "raw_value": 8800000000000001, "usd": 21.6147, "payment_token": {"address": "0x0000000000000000000000000000000000000000", "symbol": "ETH", "decimals": 18}}, "price": {"value": 0.66, "raw_value": 660000000000000000, "usd": 1629.3346516119057, "payment_token": {"address": "0x0000000000000000000000000000000000000000", "symbol": "ETH", "decimals": 18}}, "marketplace_path": ["blur"], "fees": [{"fee_type": "royalty", "recipient": "0x6650dc11f439f14d4dfbea75233bd9b0099a0647", "bps": 50, "price": {"value": 0.0033, "raw_value": 3300000000000000, "usd": 8.097556, "payment_token": {"address": "0x0000000000a39bb272e79075ade125fd351887ac", "symbol": "BETH", "decimals": 18}}}], "trait_offer_target": null}, {"blockchain": "ETH", "sender": {"address": "0x94f79a3bd131fd022a4902d1b47a2033ab59bb96", "ens": null, "is_whale": false, "blockchain": "ETH", "is_contract": false, "is_blue_chip_holder": false, "is_super_blue_chip_holder": false, "is_multi_sign_wallet": false, "das": null, "alias": null}, "receiver": {"address": "0x015ccbf3d21e00d6f4598900f4a2a62f82d94e8e", "ens": null, "is_whale": false, "blockchain": "ETH", "is_contract": false, "is_blue_chip_holder": false, "is_super_blue_chip_holder": false, "is_multi_sign_wallet": false, "das": null, "alias": null}, "event": "transfer", "quantity": 1, "tx_hash": "0x80d7d08c1794362cb890b0572dc6c4cfe866026b23327f13c763ff7f5b52ab5a", "time": 1705572059, "nft": {"contract_address": "0xc274a97f1691ef390f662067e95a6eff1f99b504", "token_id": "6216", "name": "TinFun #6216", "blockchain": "ETH", "image": "https://lh3.googleusercontent.com/jVHJP7FLRJtD6HSLHYi1o8CNScBENTx8snu9Jm0Ye2EsLXFKVJXNy9g3LHkaRcCqiW2-oixf9CYaw3kOptW-qKjxxUr1_0WOnQ", "contract_type": "ERC721"}, "collection": {"collection_id": "65a13036c284b18008bd25b7", "name": "TinFun", "logo": "https://i.seadn.io/s/raw/files/a531bedf317b5ffe5a35d559b5c94cd9.jpg?w=500&auto=format", "slug": "tin-fun"}, "gas_fee": {"value": 0.0018, "raw_value": 1800000000000000, "usd": 4.5008, "payment_token": {"address": "0x0000000000000000000000000000000000000000", "symbol": "ETH", "decimals": 18}}, "price": null, "marketplace_path": [], "fees": [], "trait_offer_target": null}]