[{"blockchain": "ETH", "sender": {"address": "0x88011e1e335e4dde0eb0dc37d23c57bdd00c543e", "ens": "biddershub.eth", "is_whale": false, "blockchain": "ETH", "is_contract": false, "is_blue_chip_holder": true, "is_super_blue_chip_holder": false, "is_multi_sign_wallet": false, "das": null, "alias": "biddershub.eth"}, "receiver": {"address": "0x4cc37c098e62fc55804c80238ac78de4ef22647c", "ens": null, "is_whale": false, "blockchain": "ETH", "is_contract": false, "is_blue_chip_holder": false, "is_super_blue_chip_holder": false, "is_multi_sign_wallet": false, "das": null, "alias": null}, "event": "sale", "quantity": 1, "tx_hash": "0x8f9d7eb6b8f83686f9905f00e0b4df0b29aeefac0a55fa75336958728f8e8896", "time": 1711197911, "nft": {"contract_address": "0xc274a97f1691ef390f662067e95a6eff1f99b504", "token_id": "473", "name": "TinFun #473", "blockchain": "ETH", "image": "https://lh3.googleusercontent.com/ui6IIXb9fDqWg0JBnPqRoDwItpabjgIQAJOSojcBD5Hp-vRF2BDyfmnf7CojIJ6T0se3iSUiAnPLSxocvEbD1PO71xXKDTBdYg", "contract_type": "ERC721"}, "collection": {"collection_id": "65a13036c284b18008bd25b7", "name": "TinFun", "logo": "https://i.seadn.io/s/raw/files/a531bedf317b5ffe5a35d559b5c94cd9.jpg?w=500&auto=format", "slug": "tin-fun"}, "gas_fee": {"value": 0.0043, "raw_value": 4300000000000000, "usd": 14.495, "payment_token": {"address": "0x0000000000000000000000000000000000000000", "symbol": "ETH", "decimals": 18}}, "price": {"value": 0.176, "raw_value": 176000000000000000, "usd": 592.0754312211678, "payment_token": {"address": "0x0000000000000000000000000000000000000000", "symbol": "ETH", "decimals": 18}}, "marketplace_path": ["blur"], "fees": [{"fee_type": "royalty", "recipient": "0x6650dc11f439f14d4dfbea75233bd9b0099a0647", "bps": 50, "price": {"value": 0.00088, "raw_value": 880000000000000, "usd": 2.949645, "payment_token": {"address": "0x0000000000000000000000000000000000000000", "symbol": "ETH", "decimals": 18}}}], "trait_offer_target": null}, {"blockchain": "ETH", "sender": {"address": "0x73d30ba3dc4ffd17c28cc2d75d12e50df98f29cf", "ens": "nakiri.eth", "is_whale": false, "blockchain": "ETH", "is_contract": false, "is_blue_chip_holder": false, "is_super_blue_chip_holder": false, "is_multi_sign_wallet": false, "das": null, "alias": "nakiri.eth"}, "receiver": {"address": "0x88011e1e335e4dde0eb0dc37d23c57bdd00c543e", "ens": "biddershub.eth", "is_whale": false, "blockchain": "ETH", "is_contract": false, "is_blue_chip_holder": true, "is_super_blue_chip_holder": false, "is_multi_sign_wallet": false, "das": null, "alias": "biddershub.eth"}, "event": "sale", "quantity": 1, "tx_hash": "0xbef459635366d2bc75fda9d0c8a694ca28b5e3443e83be2930fd9c011adfe2eb", "time": 1711171799, "nft": {"contract_address": "0xc274a97f1691ef390f662067e95a6eff1f99b504", "token_id": "473", "name": "TinFun #473", "blockchain": "ETH", "image": "https://lh3.googleusercontent.com/ui6IIXb9fDqWg0JBnPqRoDwItpabjgIQAJOSojcBD5Hp-vRF2BDyfmnf7CojIJ6T0se3iSUiAnPLSxocvEbD1PO71xXKDTBdYg", "contract_type": "ERC721"}, "collection": {"collection_id": "65a13036c284b18008bd25b7", "name": "TinFun", "logo": "https://i.seadn.io/s/raw/files/a531bedf317b5ffe5a35d559b5c94cd9.jpg?w=500&auto=format", "slug": "tin-fun"}, "gas_fee": {"value": 0.0254, "raw_value": 25400000000000000, "usd": 84.4572, "payment_token": {"address": "0x0000000000000000000000000000000000000000", "symbol": "ETH", "decimals": 18}}, "price": {"value": 0.16, "raw_value": 160000000000000000, "usd": 532.4589430075628, "payment_token": {"address": "0x0000000000000000000000000000000000000000", "symbol": "ETH", "decimals": 18}}, "marketplace_path": ["blur"], "fees": [{"fee_type": "royalty", "recipient": "0x6650dc11f439f14d4dfbea75233bd9b0099a0647", "bps": 50, "price": {"value": 0.0008, "raw_value": 800000000000000, "usd": 2.671578, "payment_token": {"address": "0x0000000000a39bb272e79075ade125fd351887ac", "symbol": "BETH", "decimals": 18}}}], "trait_offer_target": null}, {"blockchain": "ETH", "sender": {"address": "0x2bbf90555f27821d0ea64024e17d0aaf9175dd41", "ens": null, "is_whale": false, "blockchain": "ETH", "is_contract": false, "is_blue_chip_holder": false, "is_super_blue_chip_holder": false, "is_multi_sign_wallet": false, "das": null, "alias": null}, "receiver": {"address": "0x73d30ba3dc4ffd17c28cc2d75d12e50df98f29cf", "ens": "nakiri.eth", "is_whale": false, "blockchain": "ETH", "is_contract": false, "is_blue_chip_holder": false, "is_super_blue_chip_holder": false, "is_multi_sign_wallet": false, "das": null, "alias": "nakiri.eth"}, "event": "sale", "quantity": 1, "tx_hash": "0x02b26635848b35ccc1c106699b97642471b3cf086e78dcf1c2d2ecd2783820c0", "time": 1711061759, "nft": {"contract_address": "0xc274a97f1691ef390f662067e95a6eff1f99b504", "token_id": "473", "name": "TinFun #473", "blockchain": "ETH", "image": "https://lh3.googleusercontent.com/ui6IIXb9fDqWg0JBnPqRoDwItpabjgIQAJOSojcBD5Hp-vRF2BDyfmnf7CojIJ6T0se3iSUiAnPLSxocvEbD1PO71xXKDTBdYg", "contract_type": "ERC721"}, "collection": {"collection_id": "65a13036c284b18008bd25b7", "name": "TinFun", "logo": "https://i.seadn.io/s/raw/files/a531bedf317b5ffe5a35d559b5c94cd9.jpg?w=500&auto=format", "slug": "tin-fun"}, "gas_fee": {"value": 0.0064, "raw_value": 6400000000000000, "usd": 22.3911, "payment_token": {"address": "0x0000000000000000000000000000000000000000", "symbol": "ETH", "decimals": 18}}, "price": {"value": 0.14, "raw_value": 140000000000000000, "usd": 490.46725229418576, "payment_token": {"address": "0x0000000000000000000000000000000000000000", "symbol": "ETH", "decimals": 18}}, "marketplace_path": ["blur"], "fees": [{"fee_type": "royalty", "recipient": "0x6650dc11f439f14d4dfbea75233bd9b0099a0647", "bps": 50, "price": {"value": 0.0007, "raw_value": 700000000000000, "usd": 2.414622, "payment_token": {"address": "0x0000000000a39bb272e79075ade125fd351887ac", "symbol": "BETH", "decimals": 18}}}], "trait_offer_target": null}, {"blockchain": "ETH", "sender": {"address": "0xe3332080a6e01ae9d6d709269e73a64dac779a98", "ens": null, "is_whale": false, "blockchain": "ETH", "is_contract": false, "is_blue_chip_holder": false, "is_super_blue_chip_holder": false, "is_multi_sign_wallet": false, "das": null, "alias": null}, "receiver": {"address": "0x2bbf90555f27821d0ea64024e17d0aaf9175dd41", "ens": null, "is_whale": false, "blockchain": "ETH", "is_contract": false, "is_blue_chip_holder": false, "is_super_blue_chip_holder": false, "is_multi_sign_wallet": false, "das": null, "alias": null}, "event": "sale", "quantity": 1, "tx_hash": "0x1a40638053d8270cfae6209c2455f56b612cad46e27b84799d1fb4d62c9935f0", "time": 1711058603, "nft": {"contract_address": "0xc274a97f1691ef390f662067e95a6eff1f99b504", "token_id": "473", "name": "TinFun #473", "blockchain": "ETH", "image": "https://lh3.googleusercontent.com/ui6IIXb9fDqWg0JBnPqRoDwItpabjgIQAJOSojcBD5Hp-vRF2BDyfmnf7CojIJ6T0se3iSUiAnPLSxocvEbD1PO71xXKDTBdYg", "contract_type": "ERC721"}, "collection": {"collection_id": "65a13036c284b18008bd25b7", "name": "TinFun", "logo": "https://i.seadn.io/s/raw/files/a531bedf317b5ffe5a35d559b5c94cd9.jpg?w=500&auto=format", "slug": "tin-fun"}, "gas_fee": {"value": 0.0683, "raw_value": 68300000000000000, "usd": 239.2373, "payment_token": {"address": "0x0000000000000000000000000000000000000000", "symbol": "ETH", "decimals": 18}}, "price": {"value": 0.14, "raw_value": 140000000000000000, "usd": 490.46725229418576, "payment_token": {"address": "0x0000000000000000000000000000000000000000", "symbol": "ETH", "decimals": 18}}, "marketplace_path": ["blur"], "fees": [{"fee_type": "royalty", "recipient": "0x6650dc11f439f14d4dfbea75233bd9b0099a0647", "bps": 50, "price": {"value": 0.0007, "raw_value": 700000000000000, "usd": 2.414622, "payment_token": {"address": "0x0000000000a39bb272e79075ade125fd351887ac", "symbol": "BETH", "decimals": 18}}}], "trait_offer_target": null}, {"blockchain": "ETH", "sender": {"address": "0x100ee93639b5bb81cf1fb694f3874cc336439bc6", "ens": "\ud83e\udd74\ud83e\udd74\ud83e\udd74\ud83e\udd74\ud83e\udd74\ud83e\udd74\ud83e\udd74\ud83e\udd74\ud83e\udd74\ud83e\udd74\ud83e\udd74\ud83e\udd74\ud83e\udd74\ud83e\udd74\ud83e\udd74.eth", "is_whale": false, "blockchain": "ETH", "is_contract": false, "is_blue_chip_holder": false, "is_super_blue_chip_holder": false, "is_multi_sign_wallet": false, "das": null, "alias": "\ud83e\udd74\ud83e\udd74\ud83e\udd74\ud83e\udd74\ud83e\udd74\ud83e\udd74\ud83e\udd74\ud83e\udd74\ud83e\udd74\ud83e\udd74\ud83e\udd74\ud83e\udd74\ud83e\udd74\ud83e\udd74\ud83e\udd74.eth"}, "receiver": {"address": "0xe3332080a6e01ae9d6d709269e73a64dac779a98", "ens": null, "is_whale": false, "blockchain": "ETH", "is_contract": false, "is_blue_chip_holder": false, "is_super_blue_chip_holder": false, "is_multi_sign_wallet": false, "das": null, "alias": null}, "event": "sale", "quantity": 1, "tx_hash": "0xa01f918985afcd8768ddf43c271aaf68a6d8fdaad35c08338d09803a2ecc2529", "time": 1709616311, "nft": {"contract_address": "0xc274a97f1691ef390f662067e95a6eff1f99b504", "token_id": "473", "name": "TinFun #473", "blockchain": "ETH", "image": "https://lh3.googleusercontent.com/ui6IIXb9fDqWg0JBnPqRoDwItpabjgIQAJOSojcBD5Hp-vRF2BDyfmnf7CojIJ6T0se3iSUiAnPLSxocvEbD1PO71xXKDTBdYg", "contract_type": "ERC721"}, "collection": {"collection_id": "65a13036c284b18008bd25b7", "name": "TinFun", "logo": "https://i.seadn.io/s/raw/files/a531bedf317b5ffe5a35d559b5c94cd9.jpg?w=500&auto=format", "slug": "tin-fun"}, "gas_fee": {"value": 0.0252, "raw_value": 25200000000000000, "usd": 93.0573, "payment_token": {"address": "0x0000000000000000000000000000000000000000", "symbol": "ETH", "decimals": 18}}, "price": {"value": 0.23, "raw_value": 230000000000000000, "usd": 850.5233587976521, "payment_token": {"address": "0x0000000000000000000000000000000000000000", "symbol": "ETH", "decimals": 18}}, "marketplace_path": ["blur"], "fees": [{"fee_type": "royalty", "recipient": "0x6650dc11f439f14d4dfbea75233bd9b0099a0647", "bps": 50, "price": {"value": 0.00115, "raw_value": 1150000000000000, "usd": 4.173035, "payment_token": {"address": "0x0000000000a39bb272e79075ade125fd351887ac", "symbol": "BETH", "decimals": 18}}}], "trait_offer_target": null}, {"blockchain": "ETH", "sender": {"address": "0x98b8ca7087cca3d9173bb059a4e54e81406b368c", "ens": null, "is_whale": false, "blockchain": "ETH", "is_contract": false, "is_blue_chip_holder": false, "is_super_blue_chip_holder": false, "is_multi_sign_wallet": false, "das": null, "alias": null}, "receiver": {"address": "0x100ee93639b5bb81cf1fb694f3874cc336439bc6", "ens": "\ud83e\udd74\ud83e\udd74\ud83e\udd74\ud83e\udd74\ud83e\udd74\ud83e\udd74\ud83e\udd74\ud83e\udd74\ud83e\udd74\ud83e\udd74\ud83e\udd74\ud83e\udd74\ud83e\udd74\ud83e\udd74\ud83e\udd74.eth", "is_whale": false, "blockchain": "ETH", "is_contract": false, "is_blue_chip_holder": false, "is_super_blue_chip_holder": false, "is_multi_sign_wallet": false, "das": null, "alias": "\ud83e\udd74\ud83e\udd74\ud83e\udd74\ud83e\udd74\ud83e\udd74\ud83e\udd74\ud83e\udd74\ud83e\udd74\ud83e\udd74\ud83e\udd74\ud83e\udd74\ud83e\udd74\ud83e\udd74\ud83e\udd74\ud83e\udd74.eth"}, "event": "sale", "quantity": 1, "tx_hash": "0xe53b18db10c16dd056dc3973e82f37a7c3653a9c3a49ebfbea1d4cf4e44fb0f2", "time": 1709029763, "nft": {"contract_address": "0xc274a97f1691ef390f662067e95a6eff1f99b504", "token_id": "473", "name": "TinFun #473", "blockchain": "ETH", "image": "https://lh3.googleusercontent.com/ui6IIXb9fDqWg0JBnPqRoDwItpabjgIQAJOSojcBD5Hp-vRF2BDyfmnf7CojIJ6T0se3iSUiAnPLSxocvEbD1PO71xXKDTBdYg", "contract_type": "ERC721"}, "collection": {"collection_id": "65a13036c284b18008bd25b7", "name": "TinFun", "logo": "https://i.seadn.io/s/raw/files/a531bedf317b5ffe5a35d559b5c94cd9.jpg?w=500&auto=format", "slug": "tin-fun"}, "gas_fee": {"value": 0.0183, "raw_value": 18300000000000000, "usd": 59.6948, "payment_token": {"address": "0x0000000000000000000000000000000000000000", "symbol": "ETH", "decimals": 18}}, "price": {"value": 0.2895, "raw_value": 289500000000000000, "usd": 943.7537166336429, "payment_token": {"address": "0x0000000000000000000000000000000000000000", "symbol": "ETH", "decimals": 18}}, "marketplace_path": ["blur-aggregator", "blur"], "fees": [{"fee_type": "royalty", "recipient": "0x6650dc11f439f14d4dfbea75233bd9b0099a0647", "bps": 50, "price": {"value": 0.001448, "raw_value": 1447500000000000, "usd": 4.658778, "payment_token": {"address": "0x0000000000000000000000000000000000000000", "symbol": "ETH", "decimals": 18}}}], "trait_offer_target": null}, {"blockchain": "ETH", "sender": {"address": "0x0d8969db749fa22c8107ff3871e30b2da246984c", "ens": "yizhao.eth", "is_whale": false, "blockchain": "ETH", "is_contract": false, "is_blue_chip_holder": false, "is_super_blue_chip_holder": false, "is_multi_sign_wallet": false, "das": null, "alias": "yizhao.eth"}, "receiver": {"address": "0x98b8ca7087cca3d9173bb059a4e54e81406b368c", "ens": null, "is_whale": false, "blockchain": "ETH", "is_contract": false, "is_blue_chip_holder": false, "is_super_blue_chip_holder": false, "is_multi_sign_wallet": false, "das": null, "alias": null}, "event": "sale", "quantity": 1, "tx_hash": "0xa8f5063d92ffe164e6dab22a00fcb0712fc89d5e65f68086c1ca954fbaf4d9a4", "time": 1709025599, "nft": {"contract_address": "0xc274a97f1691ef390f662067e95a6eff1f99b504", "token_id": "473", "name": "TinFun #473", "blockchain": "ETH", "image": "https://lh3.googleusercontent.com/ui6IIXb9fDqWg0JBnPqRoDwItpabjgIQAJOSojcBD5Hp-vRF2BDyfmnf7CojIJ6T0se3iSUiAnPLSxocvEbD1PO71xXKDTBdYg", "contract_type": "ERC721"}, "collection": {"collection_id": "65a13036c284b18008bd25b7", "name": "TinFun", "logo": "https://i.seadn.io/s/raw/files/a531bedf317b5ffe5a35d559b5c94cd9.jpg?w=500&auto=format", "slug": "tin-fun"}, "gas_fee": {"value": 0.0343, "raw_value": 34299999999999996, "usd": 110.6092, "payment_token": {"address": "0x0000000000000000000000000000000000000000", "symbol": "ETH", "decimals": 18}}, "price": {"value": 0.28, "raw_value": 280000000000000000, "usd": 902.1092148755396, "payment_token": {"address": "0x0000000000000000000000000000000000000000", "symbol": "ETH", "decimals": 18}}, "marketplace_path": ["blur"], "fees": [{"fee_type": "royalty", "recipient": "0x6650dc11f439f14d4dfbea75233bd9b0099a0647", "bps": 50, "price": {"value": 0.0014, "raw_value": 1400000000000000, "usd": 4.525538, "payment_token": {"address": "0x0000000000a39bb272e79075ade125fd351887ac", "symbol": "BETH", "decimals": 18}}}], "trait_offer_target": null}, {"blockchain": "ETH", "sender": {"address": "0x3de3ba07695bc6fecc006025d4e03a64b6233c92", "ens": null, "is_whale": false, "blockchain": "ETH", "is_contract": false, "is_blue_chip_holder": false, "is_super_blue_chip_holder": false, "is_multi_sign_wallet": false, "das": null, "alias": null}, "receiver": {"address": "0x0d8969db749fa22c8107ff3871e30b2da246984c", "ens": "yizhao.eth", "is_whale": false, "blockchain": "ETH", "is_contract": false, "is_blue_chip_holder": false, "is_super_blue_chip_holder": false, "is_multi_sign_wallet": false, "das": null, "alias": "yizhao.eth"}, "event": "sale", "quantity": 1, "tx_hash": "0x25cb1cb743d442c82edbfce6c24c180980e248601e0256b6a16c9c669af3cf7d", "time": 1708747307, "nft": {"contract_address": "0xc274a97f1691ef390f662067e95a6eff1f99b504", "token_id": "473", "name": "TinFun #473", "blockchain": "ETH", "image": "https://lh3.googleusercontent.com/ui6IIXb9fDqWg0JBnPqRoDwItpabjgIQAJOSojcBD5Hp-vRF2BDyfmnf7CojIJ6T0se3iSUiAnPLSxocvEbD1PO71xXKDTBdYg", "contract_type": "ERC721"}, "collection": {"collection_id": "65a13036c284b18008bd25b7", "name": "TinFun", "logo": "https://i.seadn.io/s/raw/files/a531bedf317b5ffe5a35d559b5c94cd9.jpg?w=500&auto=format", "slug": "tin-fun"}, "gas_fee": {"value": 0.0038, "raw_value": 3800000000000000, "usd": 11.2754, "payment_token": {"address": "0x0000000000000000000000000000000000000000", "symbol": "ETH", "decimals": 18}}, "price": {"value": 0.558, "raw_value": 558000000000000000, "usd": 1634.9665298105308, "payment_token": {"address": "0x0000000000000000000000000000000000000000", "symbol": "ETH", "decimals": 18}}, "marketplace_path": ["blur-aggregator", "blur"], "fees": [{"fee_type": "royalty", "recipient": "0x6650dc11f439f14d4dfbea75233bd9b0099a0647", "bps": 50, "price": {"value": 0.00279, "raw_value": 2790000000000000, "usd": 8.117081, "payment_token": {"address": "0x0000000000000000000000000000000000000000", "symbol": "ETH", "decimals": 18}}}], "trait_offer_target": null}]