[{"blockchain": "ETH", "sender": {"address": "0x3c02a8d11e3f7d530b7b494e124de680f64c516c", "ens": "jackygekko.eth", "is_whale": false, "blockchain": "ETH", "is_contract": false, "is_blue_chip_holder": true, "is_super_blue_chip_holder": false, "is_multi_sign_wallet": false, "das": null, "alias": "jackygekko.eth"}, "receiver": {"address": "0x3eb879cc9a0ef4c6f1d870a40ae187768c278da2", "ens": "floorprotocol.eth", "is_whale": false, "blockchain": "ETH", "is_contract": true, "is_blue_chip_holder": true, "is_super_blue_chip_holder": false, "is_multi_sign_wallet": false, "das": null, "alias": "floorprotocol.eth"}, "event": "sale", "quantity": 1, "tx_hash": "0x16674a17b081f7075187deca770ea21d0816294406bc2ae8468bacdc822854e1", "time": 1708922243, "nft": {"contract_address": "0xc274a97f1691ef390f662067e95a6eff1f99b504", "token_id": "1455", "name": "TinFun #1455", "blockchain": "ETH", "image": "https://lh3.googleusercontent.com/3iz56qMR5C0ex7wUkiryza1xlKa7zibNiwGW-rzkIUXXP9OclEyS1PHo5H03ijY07JAg7jLo9TkMcLgcoMvsH0by_NCu55OSDds", "contract_type": "ERC721"}, "collection": {"collection_id": "65a13036c284b18008bd25b7", "name": "TinFun", "logo": "https://i.seadn.io/s/raw/files/a531bedf317b5ffe5a35d559b5c94cd9.jpg?w=500&auto=format", "slug": "tin-fun"}, "gas_fee": {"value": 0.0212, "raw_value": 21200000000000000, "usd": 65.8317, "payment_token": {"address": "0x0000000000000000000000000000000000000000", "symbol": "ETH", "decimals": 18}}, "price": {"value": 0.2687438919647791, "raw_value": 268743891964779102, "usd": 833.1091106294051, "payment_token": {"address": "0xc02aaa39b223fe8d0a0e5c4f27ead9083c756cc2", "symbol": "WETH", "decimals": 18}}, "marketplace_path": ["floor"], "fees": [], "trait_offer_target": null}, {"blockchain": "ETH", "sender": {"address": "0xba1ba61ff159422bcb07f78017186624e94e6936", "ens": "te1egram.eth", "is_whale": false, "blockchain": "ETH", "is_contract": false, "is_blue_chip_holder": true, "is_super_blue_chip_holder": false, "is_multi_sign_wallet": false, "das": null, "alias": "te1egram.eth"}, "receiver": {"address": "0x3c02a8d11e3f7d530b7b494e124de680f64c516c", "ens": "jackygekko.eth", "is_whale": false, "blockchain": "ETH", "is_contract": false, "is_blue_chip_holder": true, "is_super_blue_chip_holder": false, "is_multi_sign_wallet": false, "das": null, "alias": "jackygekko.eth"}, "event": "sale", "quantity": 1, "tx_hash": "0xbe2e92a1dc1ffba4fe8e4a2152413ede97d50991c69c60e68d46c3ada3a3247d", "time": 1708913435, "nft": {"contract_address": "0xc274a97f1691ef390f662067e95a6eff1f99b504", "token_id": "1455", "name": "TinFun #1455", "blockchain": "ETH", "image": "https://lh3.googleusercontent.com/3iz56qMR5C0ex7wUkiryza1xlKa7zibNiwGW-rzkIUXXP9OclEyS1PHo5H03ijY07JAg7jLo9TkMcLgcoMvsH0by_NCu55OSDds", "contract_type": "ERC721"}, "collection": {"collection_id": "65a13036c284b18008bd25b7", "name": "TinFun", "logo": "https://i.seadn.io/s/raw/files/a531bedf317b5ffe5a35d559b5c94cd9.jpg?w=500&auto=format", "slug": "tin-fun"}, "gas_fee": {"value": 0.0092, "raw_value": 9200000000000000, "usd": 28.6678, "payment_token": {"address": "0x0000000000000000000000000000000000000000", "symbol": "ETH", "decimals": 18}}, "price": {"value": 0.3, "raw_value": 300000000000000000, "usd": 931.9994226760305, "payment_token": {"address": "0x0000000000000000000000000000000000000000", "symbol": "ETH", "decimals": 18}}, "marketplace_path": ["blur"], "fees": [{"fee_type": "royalty", "recipient": "0x6650dc11f439f14d4dfbea75233bd9b0099a0647", "bps": 50, "price": {"value": 0.0015, "raw_value": 1500000000000000, "usd": 4.668794, "payment_token": {"address": "0x0000000000a39bb272e79075ade125fd351887ac", "symbol": "BETH", "decimals": 18}}}], "trait_offer_target": null}, {"blockchain": "ETH", "sender": {"address": "0xa69833b9fda816f1bfc79517e7932e64708df0dd", "ens": null, "is_whale": false, "blockchain": "ETH", "is_contract": false, "is_blue_chip_holder": true, "is_super_blue_chip_holder": false, "is_multi_sign_wallet": false, "das": null, "alias": null}, "receiver": {"address": "0xba1ba61ff159422bcb07f78017186624e94e6936", "ens": "te1egram.eth", "is_whale": false, "blockchain": "ETH", "is_contract": false, "is_blue_chip_holder": true, "is_super_blue_chip_holder": false, "is_multi_sign_wallet": false, "das": null, "alias": "te1egram.eth"}, "event": "sale", "quantity": 1, "tx_hash": "0x2b2631f74e58324bbd20a3be127dbbf6475fde1fafcd927afcb3fdad6aeed4e5", "time": 1708894643, "nft": {"contract_address": "0xc274a97f1691ef390f662067e95a6eff1f99b504", "token_id": "1455", "name": "TinFun #1455", "blockchain": "ETH", "image": "https://lh3.googleusercontent.com/3iz56qMR5C0ex7wUkiryza1xlKa7zibNiwGW-rzkIUXXP9OclEyS1PHo5H03ijY07JAg7jLo9TkMcLgcoMvsH0by_NCu55OSDds", "contract_type": "ERC721"}, "collection": {"collection_id": "65a13036c284b18008bd25b7", "name": "TinFun", "logo": "https://i.seadn.io/s/raw/files/a531bedf317b5ffe5a35d559b5c94cd9.jpg?w=500&auto=format", "slug": "tin-fun"}, "gas_fee": {"value": 0.0061, "raw_value": 6100000000000000, "usd": 18.6945, "payment_token": {"address": "0x0000000000000000000000000000000000000000", "symbol": "ETH", "decimals": 18}}, "price": {"value": 0.32, "raw_value": 320000000000000000, "usd": 986.168030816567, "payment_token": {"address": "0x0000000000000000000000000000000000000000", "symbol": "ETH", "decimals": 18}}, "marketplace_path": ["blur"], "fees": [{"fee_type": "royalty", "recipient": "0x6650dc11f439f14d4dfbea75233bd9b0099a0647", "bps": 50, "price": {"value": 0.0016, "raw_value": 1600000000000000, "usd": 4.898199, "payment_token": {"address": "0x0000000000a39bb272e79075ade125fd351887ac", "symbol": "BETH", "decimals": 18}}}], "trait_offer_target": null}, {"blockchain": "ETH", "sender": {"address": "0x43d14b0f50f82da0b4d47f2bf9b72eea4d54f42e", "ens": null, "is_whale": false, "blockchain": "ETH", "is_contract": false, "is_blue_chip_holder": false, "is_super_blue_chip_holder": false, "is_multi_sign_wallet": false, "das": null, "alias": null}, "receiver": {"address": "0xa69833b9fda816f1bfc79517e7932e64708df0dd", "ens": null, "is_whale": false, "blockchain": "ETH", "is_contract": false, "is_blue_chip_holder": true, "is_super_blue_chip_holder": false, "is_multi_sign_wallet": false, "das": null, "alias": null}, "event": "sale", "quantity": 1, "tx_hash": "0x32a2ef52867d0f073913f5cce12ccfde0dc1809f33344d352c1c3adb11507725", "time": 1708877555, "nft": {"contract_address": "0xc274a97f1691ef390f662067e95a6eff1f99b504", "token_id": "1455", "name": "TinFun #1455", "blockchain": "ETH", "image": "https://lh3.googleusercontent.com/3iz56qMR5C0ex7wUkiryza1xlKa7zibNiwGW-rzkIUXXP9OclEyS1PHo5H03ijY07JAg7jLo9TkMcLgcoMvsH0by_NCu55OSDds", "contract_type": "ERC721"}, "collection": {"collection_id": "65a13036c284b18008bd25b7", "name": "TinFun", "logo": "https://i.seadn.io/s/raw/files/a531bedf317b5ffe5a35d559b5c94cd9.jpg?w=500&auto=format", "slug": "tin-fun"}, "gas_fee": {"value": 0.0471, "raw_value": 47100000000000000, "usd": 143.4989, "payment_token": {"address": "0x0000000000000000000000000000000000000000", "symbol": "ETH", "decimals": 18}}, "price": {"value": 0.33, "raw_value": 330000000000000000, "usd": 1004.5814223101431, "payment_token": {"address": "0x0000000000000000000000000000000000000000", "symbol": "ETH", "decimals": 18}}, "marketplace_path": ["blur"], "fees": [{"fee_type": "royalty", "recipient": "0x6650dc11f439f14d4dfbea75233bd9b0099a0647", "bps": 500, "price": {"value": 0.0165, "raw_value": 16500000000000000, "usd": 50.131213, "payment_token": {"address": "0x0000000000a39bb272e79075ade125fd351887ac", "symbol": "BETH", "decimals": 18}}}], "trait_offer_target": null}, {"blockchain": "ETH", "sender": {"address": "0x29632884ca371a85845a6c755819149445f4b446", "ens": "\u4f60\u5988\u6ca1\u6709\u544a\u8bc9\u4f60\u649e\u5230\u4eba\u8981\u8bf4\u5bf9\u4e0d\u8d77.eth", "is_whale": false, "blockchain": "ETH", "is_contract": false, "is_blue_chip_holder": false, "is_super_blue_chip_holder": false, "is_multi_sign_wallet": false, "das": null, "alias": "\u4f60\u5988\u6ca1\u6709\u544a\u8bc9\u4f60\u649e\u5230\u4eba\u8981\u8bf4\u5bf9\u4e0d\u8d77.eth"}, "receiver": {"address": "0x43d14b0f50f82da0b4d47f2bf9b72eea4d54f42e", "ens": null, "is_whale": false, "blockchain": "ETH", "is_contract": false, "is_blue_chip_holder": false, "is_super_blue_chip_holder": false, "is_multi_sign_wallet": false, "das": null, "alias": null}, "event": "sale", "quantity": 1, "tx_hash": "0x98a8006e71513ca73f0ecf9af85e93dcb2819a9f323b3e6bc7f016285a6ad585", "time": 1708484339, "nft": {"contract_address": "0xc274a97f1691ef390f662067e95a6eff1f99b504", "token_id": "1455", "name": "TinFun #1455", "blockchain": "ETH", "image": "https://lh3.googleusercontent.com/3iz56qMR5C0ex7wUkiryza1xlKa7zibNiwGW-rzkIUXXP9OclEyS1PHo5H03ijY07JAg7jLo9TkMcLgcoMvsH0by_NCu55OSDds", "contract_type": "ERC721"}, "collection": {"collection_id": "65a13036c284b18008bd25b7", "name": "TinFun", "logo": "https://i.seadn.io/s/raw/files/a531bedf317b5ffe5a35d559b5c94cd9.jpg?w=500&auto=format", "slug": "tin-fun"}, "gas_fee": {"value": 0.0277, "raw_value": 27700000000000000, "usd": 82.9948, "payment_token": {"address": "0x0000000000000000000000000000000000000000", "symbol": "ETH", "decimals": 18}}, "price": {"value": 0.54, "raw_value": 540000000000000000, "usd": 1620.2266750404885, "payment_token": {"address": "0x0000000000000000000000000000000000000000", "symbol": "ETH", "decimals": 18}}, "marketplace_path": ["blur"], "fees": [{"fee_type": "royalty", "recipient": "0x6650dc11f439f14d4dfbea75233bd9b0099a0647", "bps": 50, "price": {"value": 0.0027, "raw_value": 2700000000000000, "usd": 8.142264, "payment_token": {"address": "0x0000000000000000000000000000000000000000", "symbol": "ETH", "decimals": 18}}}], "trait_offer_target": null}]