[{"blockchain": "ETH", "sender": {"address": "0x046659bb263fd831e3e1383e7acb6c37b622b29f", "ens": "kaisen.eth", "is_whale": false, "blockchain": "ETH", "is_contract": false, "is_blue_chip_holder": false, "is_super_blue_chip_holder": false, "is_multi_sign_wallet": false, "das": null, "alias": "kaisen.eth"}, "receiver": {"address": "0x8177e9fa379b85e01b2b30140ddc446b9875106a", "ens": null, "is_whale": false, "blockchain": "ETH", "is_contract": true, "is_blue_chip_holder": false, "is_super_blue_chip_holder": false, "is_multi_sign_wallet": false, "das": null, "alias": null}, "event": "transfer", "quantity": 1, "tx_hash": "0x45fde4ff9067e1bd176302cccc959aeaa199dbf44be3d8fc511a49e8bc99d4c5", "time": 1711739339, "nft": {"contract_address": "0xc274a97f1691ef390f662067e95a6eff1f99b504", "token_id": "8398", "name": "TinFun #8398", "blockchain": "ETH", "image": "https://lh3.googleusercontent.com/jvPnNpzyrQe0J9TP2JsB3I16JOpYBXlrV1o-LRXkPjalbvzuBzzVsvpzPNQW_aMB74yBajvyd8Bd65CERvfgqOQxOEXfPUwPClk", "contract_type": "ERC721"}, "collection": {"collection_id": "65a13036c284b18008bd25b7", "name": "TinFun", "logo": "https://i.seadn.io/s/raw/files/a531bedf317b5ffe5a35d559b5c94cd9.jpg?w=500&auto=format", "slug": "tin-fun"}, "gas_fee": {"value": 0.002, "raw_value": 2000000000000000, "usd": 7.1243, "payment_token": {"address": "0x0000000000000000000000000000000000000000", "symbol": "ETH", "decimals": 18}}, "price": null, "marketplace_path": [], "fees": [], "trait_offer_target": null}, {"blockchain": "ETH", "sender": {"address": "0x19ea4126bc9e77bc8ce0af312c0eea33a39150db", "ens": null, "is_whale": false, "blockchain": "ETH", "is_contract": false, "is_blue_chip_holder": false, "is_super_blue_chip_holder": false, "is_multi_sign_wallet": false, "das": null, "alias": null}, "receiver": {"address": "0x046659bb263fd831e3e1383e7acb6c37b622b29f", "ens": "kaisen.eth", "is_whale": false, "blockchain": "ETH", "is_contract": false, "is_blue_chip_holder": false, "is_super_blue_chip_holder": false, "is_multi_sign_wallet": false, "das": null, "alias": "kaisen.eth"}, "event": "sale", "quantity": 1, "tx_hash": "0x1e27b69ec556a8b6f16403e15626b1eec349e65fa64ed0b32773c7a240808ca9", "time": 1708899707, "nft": {"contract_address": "0xc274a97f1691ef390f662067e95a6eff1f99b504", "token_id": "8398", "name": "TinFun #8398", "blockchain": "ETH", "image": "https://lh3.googleusercontent.com/jvPnNpzyrQe0J9TP2JsB3I16JOpYBXlrV1o-LRXkPjalbvzuBzzVsvpzPNQW_aMB74yBajvyd8Bd65CERvfgqOQxOEXfPUwPClk", "contract_type": "ERC721"}, "collection": {"collection_id": "65a13036c284b18008bd25b7", "name": "TinFun", "logo": "https://i.seadn.io/s/raw/files/a531bedf317b5ffe5a35d559b5c94cd9.jpg?w=500&auto=format", "slug": "tin-fun"}, "gas_fee": {"value": 0.0096, "raw_value": 9600000000000000, "usd": 29.7996, "payment_token": {"address": "0x0000000000000000000000000000000000000000", "symbol": "ETH", "decimals": 18}}, "price": {"value": 0.3, "raw_value": 300000000000000000, "usd": 930.0697385899407, "payment_token": {"address": "0xc02aaa39b223fe8d0a0e5c4f27ead9083c756cc2", "symbol": "WETH", "decimals": 18}}, "marketplace_path": ["opensea"], "fees": [{"fee_type": "marketplace", "recipient": "0x0000a26b00c1f0df003000390027140000faa719", "bps": 250, "price": {"value": 0.0075, "raw_value": 7500000000000000, "usd": 23.113313, "payment_token": {"address": "0xc02aaa39b223fe8d0a0e5c4f27ead9083c756cc2", "symbol": "WETH", "decimals": 18}}}], "trait_offer_target": null}, {"blockchain": "ETH", "sender": {"address": "0xa9bd6d7b7d965d761b891a6a67a068171f56e4ba", "ens": "goliver.eth", "is_whale": false, "blockchain": "ETH", "is_contract": false, "is_blue_chip_holder": false, "is_super_blue_chip_holder": false, "is_multi_sign_wallet": false, "das": null, "alias": "goliver.eth"}, "receiver": {"address": "0x19ea4126bc9e77bc8ce0af312c0eea33a39150db", "ens": null, "is_whale": false, "blockchain": "ETH", "is_contract": false, "is_blue_chip_holder": false, "is_super_blue_chip_holder": false, "is_multi_sign_wallet": false, "das": null, "alias": null}, "event": "transfer", "quantity": 1, "tx_hash": "0xb5d27e19b6f4400da973a8f541cd2a27370b4022f11c595052c56a2669b5865c", "time": 1707257795, "nft": {"contract_address": "0xc274a97f1691ef390f662067e95a6eff1f99b504", "token_id": "8398", "name": "TinFun #8398", "blockchain": "ETH", "image": "https://lh3.googleusercontent.com/jvPnNpzyrQe0J9TP2JsB3I16JOpYBXlrV1o-LRXkPjalbvzuBzzVsvpzPNQW_aMB74yBajvyd8Bd65CERvfgqOQxOEXfPUwPClk", "contract_type": "ERC721"}, "collection": {"collection_id": "65a13036c284b18008bd25b7", "name": "TinFun", "logo": "https://i.seadn.io/s/raw/files/a531bedf317b5ffe5a35d559b5c94cd9.jpg?w=500&auto=format", "slug": "tin-fun"}, "gas_fee": {"value": 0.0016, "raw_value": 1600000000000000, "usd": 3.7759, "payment_token": {"address": "0x0000000000000000000000000000000000000000", "symbol": "ETH", "decimals": 18}}, "price": null, "marketplace_path": [], "fees": [], "trait_offer_target": null}]