[{"blockchain": "ETH", "sender": {"address": "0xe44c4bf3da76adfef1ff5db29989b29d5fb8b380", "ens": null, "is_whale": false, "blockchain": "ETH", "is_contract": false, "is_blue_chip_holder": false, "is_super_blue_chip_holder": false, "is_multi_sign_wallet": false, "das": null, "alias": null}, "receiver": {"address": "0x8177e9fa379b85e01b2b30140ddc446b9875106a", "ens": null, "is_whale": false, "blockchain": "ETH", "is_contract": true, "is_blue_chip_holder": false, "is_super_blue_chip_holder": false, "is_multi_sign_wallet": false, "das": null, "alias": null}, "event": "transfer", "quantity": 1, "tx_hash": "0xf425f3992ebc28e275887986dbba3e1cb3d1f9633985d537368ea424db8d0317", "time": 1711702343, "nft": {"contract_address": "0xc274a97f1691ef390f662067e95a6eff1f99b504", "token_id": "1199", "name": "TinFun #1199", "blockchain": "ETH", "image": "https://lh3.googleusercontent.com/ZkrTjH7s0rzoeLrtUDxA4gDtv7eD2m_53sJaV6Df87dfkIAnaHr8jCv0RcOcsMx66HU3LJn3Cy7JD9S3IJOH8zmEjSYgn-fL2Uo", "contract_type": "ERC721"}, "collection": {"collection_id": "65a13036c284b18008bd25b7", "name": "TinFun", "logo": "https://i.seadn.io/s/raw/files/a531bedf317b5ffe5a35d559b5c94cd9.jpg?w=500&auto=format", "slug": "tin-fun"}, "gas_fee": {"value": 0.0054, "raw_value": 5400000000000000, "usd": 18.8401, "payment_token": {"address": "0x0000000000000000000000000000000000000000", "symbol": "ETH", "decimals": 18}}, "price": null, "marketplace_path": [], "fees": [], "trait_offer_target": null}, {"blockchain": "ETH", "sender": {"address": "0x8ec8fef49852fece75f6c88b173e2c35c8de684a", "ens": null, "is_whale": false, "blockchain": "ETH", "is_contract": false, "is_blue_chip_holder": false, "is_super_blue_chip_holder": false, "is_multi_sign_wallet": false, "das": null, "alias": null}, "receiver": {"address": "0xe44c4bf3da76adfef1ff5db29989b29d5fb8b380", "ens": null, "is_whale": false, "blockchain": "ETH", "is_contract": false, "is_blue_chip_holder": false, "is_super_blue_chip_holder": false, "is_multi_sign_wallet": false, "das": null, "alias": null}, "event": "sale", "quantity": 1, "tx_hash": "0x9de04df44132944459d44b7cb8895e3d40e2127b0387ea6fc4d845fe2ff87c3b", "time": 1711112771, "nft": {"contract_address": "0xc274a97f1691ef390f662067e95a6eff1f99b504", "token_id": "1199", "name": "TinFun #1199", "blockchain": "ETH", "image": "https://lh3.googleusercontent.com/ZkrTjH7s0rzoeLrtUDxA4gDtv7eD2m_53sJaV6Df87dfkIAnaHr8jCv0RcOcsMx66HU3LJn3Cy7JD9S3IJOH8zmEjSYgn-fL2Uo", "contract_type": "ERC721"}, "collection": {"collection_id": "65a13036c284b18008bd25b7", "name": "TinFun", "logo": "https://i.seadn.io/s/raw/files/a531bedf317b5ffe5a35d559b5c94cd9.jpg?w=500&auto=format", "slug": "tin-fun"}, "gas_fee": {"value": 0.0116, "raw_value": 11600000000000000, "usd": 39.6729, "payment_token": {"address": "0x0000000000000000000000000000000000000000", "symbol": "ETH", "decimals": 18}}, "price": {"value": 0.17, "raw_value": 170000000000000000, "usd": 579.9109553976226, "payment_token": {"address": "0x0000000000000000000000000000000000000000", "symbol": "ETH", "decimals": 18}}, "marketplace_path": ["blur"], "fees": [{"fee_type": "royalty", "recipient": "0x6650dc11f439f14d4dfbea75233bd9b0099a0647", "bps": 50, "price": {"value": 0.00085, "raw_value": 850000000000000, "usd": 2.91945, "payment_token": {"address": "0x0000000000a39bb272e79075ade125fd351887ac", "symbol": "BETH", "decimals": 18}}}], "trait_offer_target": null}]