[{"blockchain": "ETH", "sender": {"address": "0x0130781af14d87fe766ffd7f1cd801efc852d234", "ens": null, "is_whale": false, "blockchain": "ETH", "is_contract": false, "is_blue_chip_holder": false, "is_super_blue_chip_holder": false, "is_multi_sign_wallet": false, "das": null, "alias": null}, "receiver": {"address": "0x8177e9fa379b85e01b2b30140ddc446b9875106a", "ens": null, "is_whale": false, "blockchain": "ETH", "is_contract": true, "is_blue_chip_holder": false, "is_super_blue_chip_holder": false, "is_multi_sign_wallet": false, "das": null, "alias": null}, "event": "transfer", "quantity": 1, "tx_hash": "0x416b45dcc8a9d4cf374fee99a69997e512aa0dadda7c4d971a471bbba751d1a0", "time": 1711697975, "nft": {"contract_address": "0xc274a97f1691ef390f662067e95a6eff1f99b504", "token_id": "1025", "name": "TinFun #1025", "blockchain": "ETH", "image": "https://lh3.googleusercontent.com/u5nUHclV8OXE_fXt_eHRKtQuX78c0StFgDu4ZFpmgD-cTJ8H9FvG3ihbszOHM9_SQZiM4rWKUgsRMPzPO2PXC-IVtfCdMQ48miS3", "contract_type": "ERC721"}, "collection": {"collection_id": "65a13036c284b18008bd25b7", "name": "TinFun", "logo": "https://i.seadn.io/s/raw/files/a531bedf317b5ffe5a35d559b5c94cd9.jpg?w=500&auto=format", "slug": "tin-fun"}, "gas_fee": {"value": 0.0133, "raw_value": 13300000000000000, "usd": 47.5868, "payment_token": {"address": "0x0000000000000000000000000000000000000000", "symbol": "ETH", "decimals": 18}}, "price": null, "marketplace_path": [], "fees": [], "trait_offer_target": null}]