[{"blockchain": "ETH", "sender": {"address": "0x7c7c9ce081becb5f44ef9eed3a90d99057d2eb53", "ens": "blockmemory.eth", "is_whale": false, "blockchain": "ETH", "is_contract": false, "is_blue_chip_holder": false, "is_super_blue_chip_holder": false, "is_multi_sign_wallet": false, "das": null, "alias": "blockmemory.eth"}, "receiver": {"address": "0x3eb879cc9a0ef4c6f1d870a40ae187768c278da2", "ens": "floorprotocol.eth", "is_whale": false, "blockchain": "ETH", "is_contract": true, "is_blue_chip_holder": true, "is_super_blue_chip_holder": false, "is_multi_sign_wallet": false, "das": null, "alias": "floorprotocol.eth"}, "event": "transfer", "quantity": 1, "tx_hash": "0x3323ecbf9c560ecc0973cd0b59588f13f239061fdee2f57646bea316f31093e8", "time": 1706494415, "nft": {"contract_address": "0xc274a97f1691ef390f662067e95a6eff1f99b504", "token_id": "5791", "name": "TinFun #5791", "blockchain": "ETH", "image": "https://lh3.googleusercontent.com/NVZTn0Qozl2BRwh-Lc7zp1m48lZZBaDxMHV5JcVjws7owjAlG7xeiJhYi0Imfm4nfBq6POw_dsVcOZdq1rWhNHD1vocGHpGMBn0", "contract_type": "ERC721"}, "collection": {"collection_id": "65a13036c284b18008bd25b7", "name": "TinFun", "logo": "https://i.seadn.io/s/raw/files/a531bedf317b5ffe5a35d559b5c94cd9.jpg?w=500&auto=format", "slug": "tin-fun"}, "gas_fee": {"value": 0.0032, "raw_value": 3200000000000000, "usd": 7.3102, "payment_token": {"address": "0x0000000000000000000000000000000000000000", "symbol": "ETH", "decimals": 18}}, "price": null, "marketplace_path": ["floor"], "fees": [], "trait_offer_target": null}, {"blockchain": "ETH", "sender": {"address": "0x3eb879cc9a0ef4c6f1d870a40ae187768c278da2", "ens": "floorprotocol.eth", "is_whale": false, "blockchain": "ETH", "is_contract": true, "is_blue_chip_holder": true, "is_super_blue_chip_holder": true, "is_multi_sign_wallet": false, "das": null, "alias": "floorprotocol.eth"}, "receiver": {"address": "0x7c7c9ce081becb5f44ef9eed3a90d99057d2eb53", "ens": "blockmemory.eth", "is_whale": false, "blockchain": "ETH", "is_contract": false, "is_blue_chip_holder": false, "is_super_blue_chip_holder": true, "is_multi_sign_wallet": false, "das": null, "alias": "blockmemory.eth"}, "event": "transfer", "quantity": 1, "tx_hash": "0x31f51bf02a0d3b59afd0517a6c3bd359ef0c07300baed9b3fb920c8ddb9e23cf", "time": 1706493695, "nft": {"contract_address": "0xc274a97f1691ef390f662067e95a6eff1f99b504", "token_id": "5791", "name": "TinFun #5791", "blockchain": "ETH", "image": "https://lh3.googleusercontent.com/NVZTn0Qozl2BRwh-Lc7zp1m48lZZBaDxMHV5JcVjws7owjAlG7xeiJhYi0Imfm4nfBq6POw_dsVcOZdq1rWhNHD1vocGHpGMBn0", "contract_type": "ERC721"}, "collection": {"collection_id": "65a13036c284b18008bd25b7", "name": "TinFun", "logo": "https://i.seadn.io/s/raw/files/a531bedf317b5ffe5a35d559b5c94cd9.jpg?w=500&auto=format", "slug": "tin-fun"}, "gas_fee": {"value": 0.0034, "raw_value": 3400000000000000, "usd": 7.772, "payment_token": {"address": "0x0000000000000000000000000000000000000000", "symbol": "ETH", "decimals": 18}}, "price": null, "marketplace_path": ["floor"], "fees": [], "trait_offer_target": null}, {"blockchain": "ETH", "sender": {"address": "0xf4b0a3791f2ea863177053a98b7c23554109df68", "ens": null, "is_whale": false, "blockchain": "ETH", "is_contract": false, "is_blue_chip_holder": false, "is_super_blue_chip_holder": false, "is_multi_sign_wallet": false, "das": null, "alias": null}, "receiver": {"address": "0x3eb879cc9a0ef4c6f1d870a40ae187768c278da2", "ens": "floorprotocol.eth", "is_whale": false, "blockchain": "ETH", "is_contract": true, "is_blue_chip_holder": true, "is_super_blue_chip_holder": false, "is_multi_sign_wallet": false, "das": null, "alias": "floorprotocol.eth"}, "event": "sale", "quantity": 1, "tx_hash": "0xfae955e039872d6fd76aca8a78a31bab44c142489e7ea3188b3a1fe4ffa77b21", "time": 1705955831, "nft": {"contract_address": "0xc274a97f1691ef390f662067e95a6eff1f99b504", "token_id": "5791", "name": "TinFun #5791", "blockchain": "ETH", "image": "https://lh3.googleusercontent.com/NVZTn0Qozl2BRwh-Lc7zp1m48lZZBaDxMHV5JcVjws7owjAlG7xeiJhYi0Imfm4nfBq6POw_dsVcOZdq1rWhNHD1vocGHpGMBn0", "contract_type": "ERC721"}, "collection": {"collection_id": "65a13036c284b18008bd25b7", "name": "TinFun", "logo": "https://i.seadn.io/s/raw/files/a531bedf317b5ffe5a35d559b5c94cd9.jpg?w=500&auto=format", "slug": "tin-fun"}, "gas_fee": {"value": 0.0079, "raw_value": 7900000000000001, "usd": 18.2723, "payment_token": {"address": "0x0000000000000000000000000000000000000000", "symbol": "ETH", "decimals": 18}}, "price": {"value": 0.5474781849824593, "raw_value": 547478184982459271, "usd": 1281.9331760481136, "payment_token": {"address": "0xc02aaa39b223fe8d0a0e5c4f27ead9083c756cc2", "symbol": "WETH", "decimals": 18}}, "marketplace_path": ["floor"], "fees": [], "trait_offer_target": null}, {"blockchain": "ETH", "sender": {"address": "0x48c1d08d75e43eaab8597a52c2befd280c1c11d3", "ens": null, "is_whale": false, "blockchain": "ETH", "is_contract": false, "is_blue_chip_holder": false, "is_super_blue_chip_holder": false, "is_multi_sign_wallet": false, "das": null, "alias": null}, "receiver": {"address": "0xf4b0a3791f2ea863177053a98b7c23554109df68", "ens": null, "is_whale": false, "blockchain": "ETH", "is_contract": false, "is_blue_chip_holder": false, "is_super_blue_chip_holder": false, "is_multi_sign_wallet": false, "das": null, "alias": null}, "event": "sale", "quantity": 1, "tx_hash": "0x8fd0bbab977a5f395d4b583e322b5cdcb443611c157a2a6c682863841aad7a01", "time": 1705955783, "nft": {"contract_address": "0xc274a97f1691ef390f662067e95a6eff1f99b504", "token_id": "5791", "name": "TinFun #5791", "blockchain": "ETH", "image": "https://lh3.googleusercontent.com/NVZTn0Qozl2BRwh-Lc7zp1m48lZZBaDxMHV5JcVjws7owjAlG7xeiJhYi0Imfm4nfBq6POw_dsVcOZdq1rWhNHD1vocGHpGMBn0", "contract_type": "ERC721"}, "collection": {"collection_id": "65a13036c284b18008bd25b7", "name": "TinFun", "logo": "https://i.seadn.io/s/raw/files/a531bedf317b5ffe5a35d559b5c94cd9.jpg?w=500&auto=format", "slug": "tin-fun"}, "gas_fee": {"value": 0.0068, "raw_value": 6800000000000000, "usd": 15.8558, "payment_token": {"address": "0x0000000000000000000000000000000000000000", "symbol": "ETH", "decimals": 18}}, "price": {"value": 0.538, "raw_value": 538000000000000000, "usd": 1247.8944498803814, "payment_token": {"address": "0x0000000000000000000000000000000000000000", "symbol": "ETH", "decimals": 18}}, "marketplace_path": ["blur-aggregator", "blur"], "fees": [{"fee_type": "royalty", "recipient": "0x6650dc11f439f14d4dfbea75233bd9b0099a0647", "bps": 50, "price": {"value": 0.00269, "raw_value": 2690000000000000, "usd": 6.385871, "payment_token": {"address": "0x0000000000000000000000000000000000000000", "symbol": "ETH", "decimals": 18}}}], "trait_offer_target": null}, {"blockchain": "ETH", "sender": {"address": "0x25b80eea4d00e3d58866e55f22052114d67693a6", "ens": null, "is_whale": false, "blockchain": "ETH", "is_contract": false, "is_blue_chip_holder": false, "is_super_blue_chip_holder": false, "is_multi_sign_wallet": false, "das": null, "alias": null}, "receiver": {"address": "0x48c1d08d75e43eaab8597a52c2befd280c1c11d3", "ens": null, "is_whale": false, "blockchain": "ETH", "is_contract": false, "is_blue_chip_holder": false, "is_super_blue_chip_holder": false, "is_multi_sign_wallet": false, "das": null, "alias": null}, "event": "sale", "quantity": 1, "tx_hash": "0x9ac99d372eeb2c0d20c846525e3f05df705e65379ebb4795152fb2de89ea6368", "time": 1705951739, "nft": {"contract_address": "0xc274a97f1691ef390f662067e95a6eff1f99b504", "token_id": "5791", "name": "TinFun #5791", "blockchain": "ETH", "image": "https://lh3.googleusercontent.com/NVZTn0Qozl2BRwh-Lc7zp1m48lZZBaDxMHV5JcVjws7owjAlG7xeiJhYi0Imfm4nfBq6POw_dsVcOZdq1rWhNHD1vocGHpGMBn0", "contract_type": "ERC721"}, "collection": {"collection_id": "65a13036c284b18008bd25b7", "name": "TinFun", "logo": "https://i.seadn.io/s/raw/files/a531bedf317b5ffe5a35d559b5c94cd9.jpg?w=500&auto=format", "slug": "tin-fun"}, "gas_fee": {"value": 0.0117, "raw_value": 11700000000000000, "usd": 27.734, "payment_token": {"address": "0x0000000000000000000000000000000000000000", "symbol": "ETH", "decimals": 18}}, "price": {"value": 0.53, "raw_value": 530000000000000000, "usd": 1253.6144819452568, "payment_token": {"address": "0x0000000000000000000000000000000000000000", "symbol": "ETH", "decimals": 18}}, "marketplace_path": ["blur"], "fees": [{"fee_type": "royalty", "recipient": "0x6650dc11f439f14d4dfbea75233bd9b0099a0647", "bps": 50, "price": {"value": 0.00265, "raw_value": 2650000000000000, "usd": 6.263199, "payment_token": {"address": "0x0000000000a39bb272e79075ade125fd351887ac", "symbol": "BETH", "decimals": 18}}}], "trait_offer_target": null}, {"blockchain": "ETH", "sender": {"address": "0x6a058de27dc53b251135b6182fb81604d8086e56", "ens": null, "is_whale": false, "blockchain": "ETH", "is_contract": false, "is_blue_chip_holder": false, "is_super_blue_chip_holder": false, "is_multi_sign_wallet": false, "das": null, "alias": null}, "receiver": {"address": "0x25b80eea4d00e3d58866e55f22052114d67693a6", "ens": null, "is_whale": false, "blockchain": "ETH", "is_contract": false, "is_blue_chip_holder": false, "is_super_blue_chip_holder": false, "is_multi_sign_wallet": false, "das": null, "alias": null}, "event": "sale", "quantity": 1, "tx_hash": "0x54015a24130533bc43e3f27aa1a601163faaaac8ef3a0cd6c132d508570be268", "time": 1705900775, "nft": {"contract_address": "0xc274a97f1691ef390f662067e95a6eff1f99b504", "token_id": "5791", "name": "TinFun #5791", "blockchain": "ETH", "image": "https://lh3.googleusercontent.com/NVZTn0Qozl2BRwh-Lc7zp1m48lZZBaDxMHV5JcVjws7owjAlG7xeiJhYi0Imfm4nfBq6POw_dsVcOZdq1rWhNHD1vocGHpGMBn0", "contract_type": "ERC721"}, "collection": {"collection_id": "65a13036c284b18008bd25b7", "name": "TinFun", "logo": "https://i.seadn.io/s/raw/files/a531bedf317b5ffe5a35d559b5c94cd9.jpg?w=500&auto=format", "slug": "tin-fun"}, "gas_fee": {"value": 0.0029, "raw_value": 2900000000000000, "usd": 7.0886, "payment_token": {"address": "0x0000000000000000000000000000000000000000", "symbol": "ETH", "decimals": 18}}, "price": {"value": 0.518, "raw_value": 518000000000000000, "usd": 1250.9740744397552, "payment_token": {"address": "0x0000000000000000000000000000000000000000", "symbol": "ETH", "decimals": 18}}, "marketplace_path": ["blur-aggregator", "blur"], "fees": [{"fee_type": "royalty", "recipient": "0x6650dc11f439f14d4dfbea75233bd9b0099a0647", "bps": 50, "price": {"value": 0.00259, "raw_value": 2590000000000000, "usd": 6.305921, "payment_token": {"address": "0x0000000000000000000000000000000000000000", "symbol": "ETH", "decimals": 18}}}], "trait_offer_target": null}, {"blockchain": "ETH", "sender": {"address": "0x492bd8e0f1225377b5a2e333497358e9d5603dd4", "ens": "9890.eth", "is_whale": false, "blockchain": "ETH", "is_contract": false, "is_blue_chip_holder": false, "is_super_blue_chip_holder": false, "is_multi_sign_wallet": false, "das": null, "alias": "9890.eth"}, "receiver": {"address": "0x6a058de27dc53b251135b6182fb81604d8086e56", "ens": null, "is_whale": false, "blockchain": "ETH", "is_contract": false, "is_blue_chip_holder": false, "is_super_blue_chip_holder": false, "is_multi_sign_wallet": false, "das": null, "alias": null}, "event": "sale", "quantity": 1, "tx_hash": "0x81e59609cda3a37f15fd8a5e8cb6f12ebb485ec94bcdceb6f7cf1feef71bd622", "time": 1705719119, "nft": {"contract_address": "0xc274a97f1691ef390f662067e95a6eff1f99b504", "token_id": "5791", "name": "TinFun #5791", "blockchain": "ETH", "image": "https://lh3.googleusercontent.com/NVZTn0Qozl2BRwh-Lc7zp1m48lZZBaDxMHV5JcVjws7owjAlG7xeiJhYi0Imfm4nfBq6POw_dsVcOZdq1rWhNHD1vocGHpGMBn0", "contract_type": "ERC721"}, "collection": {"collection_id": "65a13036c284b18008bd25b7", "name": "TinFun", "logo": "https://i.seadn.io/s/raw/files/a531bedf317b5ffe5a35d559b5c94cd9.jpg?w=500&auto=format", "slug": "tin-fun"}, "gas_fee": {"value": 0.016, "raw_value": 16000000000000000, "usd": 39.9047, "payment_token": {"address": "0x0000000000000000000000000000000000000000", "symbol": "ETH", "decimals": 18}}, "price": {"value": 0.6198, "raw_value": 619800000000000000, "usd": 1541.6153349314495, "payment_token": {"address": "0x0000000000000000000000000000000000000000", "symbol": "ETH", "decimals": 18}}, "marketplace_path": ["blur-aggregator", "blur"], "fees": [{"fee_type": "royalty", "recipient": "0x6650dc11f439f14d4dfbea75233bd9b0099a0647", "bps": 50, "price": {"value": 0.003099, "raw_value": 3099000000000000, "usd": 7.716038, "payment_token": {"address": "0x0000000000000000000000000000000000000000", "symbol": "ETH", "decimals": 18}}}], "trait_offer_target": null}, {"blockchain": "ETH", "sender": {"address": "0xaabb5fad6f7760ebff813ab7de5c1f8d5dd9401d", "ens": null, "is_whale": false, "blockchain": "ETH", "is_contract": false, "is_blue_chip_holder": false, "is_super_blue_chip_holder": false, "is_multi_sign_wallet": false, "das": null, "alias": null}, "receiver": {"address": "0x492bd8e0f1225377b5a2e333497358e9d5603dd4", "ens": "9890.eth", "is_whale": false, "blockchain": "ETH", "is_contract": false, "is_blue_chip_holder": false, "is_super_blue_chip_holder": false, "is_multi_sign_wallet": false, "das": null, "alias": "9890.eth"}, "event": "transfer", "quantity": 1, "tx_hash": "0xa2b01faae456bdc4eaa1c842eaffd1d481746984f375bab4a2b3e938745bb77c", "time": 1705063955, "nft": {"contract_address": "0xc274a97f1691ef390f662067e95a6eff1f99b504", "token_id": "5791", "name": "TinFun #5791", "blockchain": "ETH", "image": "https://lh3.googleusercontent.com/NVZTn0Qozl2BRwh-Lc7zp1m48lZZBaDxMHV5JcVjws7owjAlG7xeiJhYi0Imfm4nfBq6POw_dsVcOZdq1rWhNHD1vocGHpGMBn0", "contract_type": "ERC721"}, "collection": {"collection_id": "65a13036c284b18008bd25b7", "name": "TinFun", "logo": "https://i.seadn.io/s/raw/files/a531bedf317b5ffe5a35d559b5c94cd9.jpg?w=500&auto=format", "slug": "tin-fun"}, "gas_fee": {"value": 0.0041, "raw_value": 4100000000000000, "usd": 10.9779, "payment_token": {"address": "0x0000000000000000000000000000000000000000", "symbol": "ETH", "decimals": 18}}, "price": null, "marketplace_path": [], "fees": [], "trait_offer_target": null}]