[{"blockchain": "ETH", "sender": {"address": "0x73d30ba3dc4ffd17c28cc2d75d12e50df98f29cf", "ens": "nakiri.eth", "is_whale": false, "blockchain": "ETH", "is_contract": false, "is_blue_chip_holder": false, "is_super_blue_chip_holder": false, "is_multi_sign_wallet": false, "das": null, "alias": "nakiri.eth"}, "receiver": {"address": "0x8177e9fa379b85e01b2b30140ddc446b9875106a", "ens": null, "is_whale": false, "blockchain": "ETH", "is_contract": true, "is_blue_chip_holder": false, "is_super_blue_chip_holder": false, "is_multi_sign_wallet": false, "das": null, "alias": null}, "event": "transfer", "quantity": 1, "tx_hash": "0x2ee35e5bd039d2787121c760c4b0084f437416161e46a2ab30749fb5c8cb6033", "time": 1712988383, "nft": {"contract_address": "0xc274a97f1691ef390f662067e95a6eff1f99b504", "token_id": "2845", "name": "TinFun #2845", "blockchain": "ETH", "image": "https://lh3.googleusercontent.com/g15VdtoIrUpRBKmUzSDGHqQQa3WiiIbzhwfDCN0a0Dpn9Q1sTKgN8M9SsvPUUXJVMeFzxIBRnH350epGKWMcvzuwjUQqJR2LwY8", "contract_type": "ERC721"}, "collection": {"collection_id": "65a13036c284b18008bd25b7", "name": "TinFun", "logo": "https://i.seadn.io/s/raw/files/a531bedf317b5ffe5a35d559b5c94cd9.jpg?w=500&auto=format", "slug": "tin-fun"}, "gas_fee": {"value": 0.0268, "raw_value": 26800000000000000, "usd": 86.9533, "payment_token": {"address": "0x0000000000000000000000000000000000000000", "symbol": "ETH", "decimals": 18}}, "price": null, "marketplace_path": [], "fees": [], "trait_offer_target": null}, {"blockchain": "ETH", "sender": {"address": "0xc821d3d24c27c713a9e2758086bd29b23f7381e2", "ens": "\u4ee3\u865f9527.eth", "is_whale": false, "blockchain": "ETH", "is_contract": false, "is_blue_chip_holder": false, "is_super_blue_chip_holder": false, "is_multi_sign_wallet": false, "das": null, "alias": "\u4ee3\u865f9527.eth"}, "receiver": {"address": "0x73d30ba3dc4ffd17c28cc2d75d12e50df98f29cf", "ens": "nakiri.eth", "is_whale": false, "blockchain": "ETH", "is_contract": false, "is_blue_chip_holder": false, "is_super_blue_chip_holder": false, "is_multi_sign_wallet": false, "das": null, "alias": "nakiri.eth"}, "event": "sale", "quantity": 1, "tx_hash": "0xadfd8db91e522bfc87dec73ef1d21d3ea1eba73704f7578f3a17cafe029369ac", "time": 1711354811, "nft": {"contract_address": "0xc274a97f1691ef390f662067e95a6eff1f99b504", "token_id": "2845", "name": "TinFun #2845", "blockchain": "ETH", "image": "https://lh3.googleusercontent.com/g15VdtoIrUpRBKmUzSDGHqQQa3WiiIbzhwfDCN0a0Dpn9Q1sTKgN8M9SsvPUUXJVMeFzxIBRnH350epGKWMcvzuwjUQqJR2LwY8", "contract_type": "ERC721"}, "collection": {"collection_id": "65a13036c284b18008bd25b7", "name": "TinFun", "logo": "https://i.seadn.io/s/raw/files/a531bedf317b5ffe5a35d559b5c94cd9.jpg?w=500&auto=format", "slug": "tin-fun"}, "gas_fee": {"value": 0.0058, "raw_value": 5800000000000000, "usd": 19.8967, "payment_token": {"address": "0x0000000000000000000000000000000000000000", "symbol": "ETH", "decimals": 18}}, "price": {"value": 0.19, "raw_value": 190000000000000000, "usd": 654.814638368787, "payment_token": {"address": "0x0000000000000000000000000000000000000000", "symbol": "ETH", "decimals": 18}}, "marketplace_path": ["blur"], "fees": [{"fee_type": "royalty", "recipient": "0x6650dc11f439f14d4dfbea75233bd9b0099a0647", "bps": 50, "price": {"value": 0.00095, "raw_value": 950000000000000, "usd": 3.314989, "payment_token": {"address": "0x0000000000a39bb272e79075ade125fd351887ac", "symbol": "BETH", "decimals": 18}}}], "trait_offer_target": null}, {"blockchain": "ETH", "sender": {"address": "0xe8ff24d499af777025cf9699771cab8dc8715207", "ens": null, "is_whale": false, "blockchain": "ETH", "is_contract": false, "is_blue_chip_holder": false, "is_super_blue_chip_holder": false, "is_multi_sign_wallet": false, "das": null, "alias": null}, "receiver": {"address": "0xc821d3d24c27c713a9e2758086bd29b23f7381e2", "ens": "\u4ee3\u865f9527.eth", "is_whale": false, "blockchain": "ETH", "is_contract": false, "is_blue_chip_holder": false, "is_super_blue_chip_holder": false, "is_multi_sign_wallet": false, "das": null, "alias": "\u4ee3\u865f9527.eth"}, "event": "sale", "quantity": 1, "tx_hash": "0x194e52cd49839d9e970cc3020b043707832b969bbd80eeed393e0380b16965de", "time": 1711348535, "nft": {"contract_address": "0xc274a97f1691ef390f662067e95a6eff1f99b504", "token_id": "2845", "name": "TinFun #2845", "blockchain": "ETH", "image": "https://lh3.googleusercontent.com/g15VdtoIrUpRBKmUzSDGHqQQa3WiiIbzhwfDCN0a0Dpn9Q1sTKgN8M9SsvPUUXJVMeFzxIBRnH350epGKWMcvzuwjUQqJR2LwY8", "contract_type": "ERC721"}, "collection": {"collection_id": "65a13036c284b18008bd25b7", "name": "TinFun", "logo": "https://i.seadn.io/s/raw/files/a531bedf317b5ffe5a35d559b5c94cd9.jpg?w=500&auto=format", "slug": "tin-fun"}, "gas_fee": {"value": 0.0107, "raw_value": 10700000000000000, "usd": 37.1846, "payment_token": {"address": "0x0000000000000000000000000000000000000000", "symbol": "ETH", "decimals": 18}}, "price": {"value": 0.2, "raw_value": 200000000000000000, "usd": 697.907338558645, "payment_token": {"address": "0x0000000000000000000000000000000000000000", "symbol": "ETH", "decimals": 18}}, "marketplace_path": ["magiceden"], "fees": [], "trait_offer_target": null}, {"blockchain": "ETH", "sender": {"address": "0x63aa47ccdddfd927e8bf22db86ce557403494a7d", "ens": null, "is_whale": false, "blockchain": "ETH", "is_contract": false, "is_blue_chip_holder": false, "is_super_blue_chip_holder": false, "is_multi_sign_wallet": false, "das": null, "alias": null}, "receiver": {"address": "0xe8ff24d499af777025cf9699771cab8dc8715207", "ens": null, "is_whale": false, "blockchain": "ETH", "is_contract": false, "is_blue_chip_holder": false, "is_super_blue_chip_holder": false, "is_multi_sign_wallet": false, "das": null, "alias": null}, "event": "sale", "quantity": 1, "tx_hash": "0x357e841341daa672b2b9f1e701255d43060bd69e3579b27c40097909f8342c5a", "time": 1707551759, "nft": {"contract_address": "0xc274a97f1691ef390f662067e95a6eff1f99b504", "token_id": "2845", "name": "TinFun #2845", "blockchain": "ETH", "image": "https://lh3.googleusercontent.com/g15VdtoIrUpRBKmUzSDGHqQQa3WiiIbzhwfDCN0a0Dpn9Q1sTKgN8M9SsvPUUXJVMeFzxIBRnH350epGKWMcvzuwjUQqJR2LwY8", "contract_type": "ERC721"}, "collection": {"collection_id": "65a13036c284b18008bd25b7", "name": "TinFun", "logo": "https://i.seadn.io/s/raw/files/a531bedf317b5ffe5a35d559b5c94cd9.jpg?w=500&auto=format", "slug": "tin-fun"}, "gas_fee": {"value": 0.0142, "raw_value": 14200000000000000, "usd": 35.6389, "payment_token": {"address": "0x0000000000000000000000000000000000000000", "symbol": "ETH", "decimals": 18}}, "price": {"value": 0.59989999999, "raw_value": 599899999990000000, "usd": 1503.1930446218757, "payment_token": {"address": "0x0000000000000000000000000000000000000000", "symbol": "ETH", "decimals": 18}}, "marketplace_path": ["blur-aggregator", "blur"], "fees": [{"fee_type": "royalty", "recipient": "0x6650dc11f439f14d4dfbea75233bd9b0099a0647", "bps": 50, "price": {"value": 0.002999, "raw_value": 2999499999950000, "usd": 7.523209, "payment_token": {"address": "0x0000000000000000000000000000000000000000", "symbol": "ETH", "decimals": 18}}}], "trait_offer_target": null}, {"blockchain": "ETH", "sender": {"address": "0x1e01eb96bafa7815d90b790329f1ceabed868181", "ens": null, "is_whale": false, "blockchain": "ETH", "is_contract": false, "is_blue_chip_holder": false, "is_super_blue_chip_holder": false, "is_multi_sign_wallet": false, "das": null, "alias": null}, "receiver": {"address": "0x63aa47ccdddfd927e8bf22db86ce557403494a7d", "ens": null, "is_whale": false, "blockchain": "ETH", "is_contract": false, "is_blue_chip_holder": false, "is_super_blue_chip_holder": false, "is_multi_sign_wallet": false, "das": null, "alias": null}, "event": "sale", "quantity": 1, "tx_hash": "0x77f17310eccb287dc5d0247d67c8ca2ea77c823df92c769edc47b4a44cf24c8d", "time": 1707445379, "nft": {"contract_address": "0xc274a97f1691ef390f662067e95a6eff1f99b504", "token_id": "2845", "name": "TinFun #2845", "blockchain": "ETH", "image": "https://lh3.googleusercontent.com/g15VdtoIrUpRBKmUzSDGHqQQa3WiiIbzhwfDCN0a0Dpn9Q1sTKgN8M9SsvPUUXJVMeFzxIBRnH350epGKWMcvzuwjUQqJR2LwY8", "contract_type": "ERC721"}, "collection": {"collection_id": "65a13036c284b18008bd25b7", "name": "TinFun", "logo": "https://i.seadn.io/s/raw/files/a531bedf317b5ffe5a35d559b5c94cd9.jpg?w=500&auto=format", "slug": "tin-fun"}, "gas_fee": {"value": 0.0148, "raw_value": 14800000000000000, "usd": 35.7694, "payment_token": {"address": "0x0000000000000000000000000000000000000000", "symbol": "ETH", "decimals": 18}}, "price": {"value": 0.59, "raw_value": 590000000000000000, "usd": 1430.3342364392495, "payment_token": {"address": "0x0000000000000000000000000000000000000000", "symbol": "ETH", "decimals": 18}}, "marketplace_path": ["blur"], "fees": [{"fee_type": "royalty", "recipient": "0x6650dc11f439f14d4dfbea75233bd9b0099a0647", "bps": 50, "price": {"value": 0.00295, "raw_value": 2950000000000000, "usd": 7.138332, "payment_token": {"address": "0x0000000000a39bb272e79075ade125fd351887ac", "symbol": "BETH", "decimals": 18}}}], "trait_offer_target": null}, {"blockchain": "ETH", "sender": {"address": "0xf5b9d00f6184954d6e725215d9cab5f5698e8bb3", "ens": null, "is_whale": false, "blockchain": "ETH", "is_contract": false, "is_blue_chip_holder": false, "is_super_blue_chip_holder": false, "is_multi_sign_wallet": false, "das": null, "alias": null}, "receiver": {"address": "0x1e01eb96bafa7815d90b790329f1ceabed868181", "ens": null, "is_whale": false, "blockchain": "ETH", "is_contract": false, "is_blue_chip_holder": false, "is_super_blue_chip_holder": false, "is_multi_sign_wallet": false, "das": null, "alias": null}, "event": "sale", "quantity": 1, "tx_hash": "0xefaaad137851ae84b89e4e42051d4d891e35e28e8e95c79d8850577fd0af0eb2", "time": 1707039635, "nft": {"contract_address": "0xc274a97f1691ef390f662067e95a6eff1f99b504", "token_id": "2845", "name": "TinFun #2845", "blockchain": "ETH", "image": "https://lh3.googleusercontent.com/g15VdtoIrUpRBKmUzSDGHqQQa3WiiIbzhwfDCN0a0Dpn9Q1sTKgN8M9SsvPUUXJVMeFzxIBRnH350epGKWMcvzuwjUQqJR2LwY8", "contract_type": "ERC721"}, "collection": {"collection_id": "65a13036c284b18008bd25b7", "name": "TinFun", "logo": "https://i.seadn.io/s/raw/files/a531bedf317b5ffe5a35d559b5c94cd9.jpg?w=500&auto=format", "slug": "tin-fun"}, "gas_fee": {"value": 0.0097, "raw_value": 9700000000000000, "usd": 22.0988, "payment_token": {"address": "0x0000000000000000000000000000000000000000", "symbol": "ETH", "decimals": 18}}, "price": {"value": 0.5998, "raw_value": 599800000000000000, "usd": 1373.414597947241, "payment_token": {"address": "0x0000000000000000000000000000000000000000", "symbol": "ETH", "decimals": 18}}, "marketplace_path": ["blur-aggregator", "blur"], "fees": [{"fee_type": "royalty", "recipient": "0x6650dc11f439f14d4dfbea75233bd9b0099a0647", "bps": 50, "price": {"value": 0.002999, "raw_value": 2999000000000000, "usd": 6.859804, "payment_token": {"address": "0x0000000000000000000000000000000000000000", "symbol": "ETH", "decimals": 18}}}], "trait_offer_target": null}, {"blockchain": "ETH", "sender": {"address": "0x7c7c9ce081becb5f44ef9eed3a90d99057d2eb53", "ens": "blockmemory.eth", "is_whale": false, "blockchain": "ETH", "is_contract": false, "is_blue_chip_holder": false, "is_super_blue_chip_holder": false, "is_multi_sign_wallet": false, "das": null, "alias": "blockmemory.eth"}, "receiver": {"address": "0xf5b9d00f6184954d6e725215d9cab5f5698e8bb3", "ens": null, "is_whale": false, "blockchain": "ETH", "is_contract": false, "is_blue_chip_holder": false, "is_super_blue_chip_holder": false, "is_multi_sign_wallet": false, "das": null, "alias": null}, "event": "sale", "quantity": 1, "tx_hash": "0xda15f91405e81d8df4ff7ec12b938b4039c0bce1b860fc1e21f223e243251e44", "time": 1706260391, "nft": {"contract_address": "0xc274a97f1691ef390f662067e95a6eff1f99b504", "token_id": "2845", "name": "TinFun #2845", "blockchain": "ETH", "image": "https://lh3.googleusercontent.com/g15VdtoIrUpRBKmUzSDGHqQQa3WiiIbzhwfDCN0a0Dpn9Q1sTKgN8M9SsvPUUXJVMeFzxIBRnH350epGKWMcvzuwjUQqJR2LwY8", "contract_type": "ERC721"}, "collection": {"collection_id": "65a13036c284b18008bd25b7", "name": "TinFun", "logo": "https://i.seadn.io/s/raw/files/a531bedf317b5ffe5a35d559b5c94cd9.jpg?w=500&auto=format", "slug": "tin-fun"}, "gas_fee": {"value": 0.0113, "raw_value": 11300000000000000, "usd": 24.9691, "payment_token": {"address": "0x0000000000000000000000000000000000000000", "symbol": "ETH", "decimals": 18}}, "price": {"value": 0.58, "raw_value": 580000000000000000, "usd": 1281.0141992391905, "payment_token": {"address": "0x0000000000000000000000000000000000000000", "symbol": "ETH", "decimals": 18}}, "marketplace_path": ["blur"], "fees": [{"fee_type": "royalty", "recipient": "0x6650dc11f439f14d4dfbea75233bd9b0099a0647", "bps": 50, "price": {"value": 0.0029, "raw_value": 2900000000000000, "usd": 6.416188, "payment_token": {"address": "0x0000000000a39bb272e79075ade125fd351887ac", "symbol": "BETH", "decimals": 18}}}], "trait_offer_target": null}, {"blockchain": "ETH", "sender": {"address": "0x3eb879cc9a0ef4c6f1d870a40ae187768c278da2", "ens": "floorprotocol.eth", "is_whale": false, "blockchain": "ETH", "is_contract": true, "is_blue_chip_holder": true, "is_super_blue_chip_holder": true, "is_multi_sign_wallet": false, "das": null, "alias": "floorprotocol.eth"}, "receiver": {"address": "0x7c7c9ce081becb5f44ef9eed3a90d99057d2eb53", "ens": "blockmemory.eth", "is_whale": false, "blockchain": "ETH", "is_contract": false, "is_blue_chip_holder": false, "is_super_blue_chip_holder": true, "is_multi_sign_wallet": false, "das": null, "alias": "blockmemory.eth"}, "event": "transfer", "quantity": 1, "tx_hash": "0xd348be6e80952a6b4f07a6a836912c2f6858e8c751678b77923b4d30efc3fb55", "time": 1706258483, "nft": {"contract_address": "0xc274a97f1691ef390f662067e95a6eff1f99b504", "token_id": "2845", "name": "TinFun #2845", "blockchain": "ETH", "image": "https://lh3.googleusercontent.com/g15VdtoIrUpRBKmUzSDGHqQQa3WiiIbzhwfDCN0a0Dpn9Q1sTKgN8M9SsvPUUXJVMeFzxIBRnH350epGKWMcvzuwjUQqJR2LwY8", "contract_type": "ERC721"}, "collection": {"collection_id": "65a13036c284b18008bd25b7", "name": "TinFun", "logo": "https://i.seadn.io/s/raw/files/a531bedf317b5ffe5a35d559b5c94cd9.jpg?w=500&auto=format", "slug": "tin-fun"}, "gas_fee": {"value": 0.0039, "raw_value": 3900000000000000, "usd": 8.5954, "payment_token": {"address": "0x0000000000000000000000000000000000000000", "symbol": "ETH", "decimals": 18}}, "price": null, "marketplace_path": ["floor"], "fees": [], "trait_offer_target": null}, {"blockchain": "ETH", "sender": {"address": "0x1ab1c070c7f1958dbfc5537340cd8056580c43fc", "ens": "\u8054\u5408\u56fd\u94f6\u884c.eth", "is_whale": false, "blockchain": "ETH", "is_contract": false, "is_blue_chip_holder": false, "is_super_blue_chip_holder": false, "is_multi_sign_wallet": false, "das": null, "alias": "\u8054\u5408\u56fd\u94f6\u884c.eth"}, "receiver": {"address": "0x3eb879cc9a0ef4c6f1d870a40ae187768c278da2", "ens": "floorprotocol.eth", "is_whale": false, "blockchain": "ETH", "is_contract": true, "is_blue_chip_holder": true, "is_super_blue_chip_holder": false, "is_multi_sign_wallet": false, "das": null, "alias": "floorprotocol.eth"}, "event": "sale", "quantity": 1, "tx_hash": "0x7bb9f5d87dc444b33ed1d19fdb3337ccb293b1beb9330c792ef51950e53816ca", "time": 1706011583, "nft": {"contract_address": "0xc274a97f1691ef390f662067e95a6eff1f99b504", "token_id": "2845", "name": "TinFun #2845", "blockchain": "ETH", "image": "https://lh3.googleusercontent.com/g15VdtoIrUpRBKmUzSDGHqQQa3WiiIbzhwfDCN0a0Dpn9Q1sTKgN8M9SsvPUUXJVMeFzxIBRnH350epGKWMcvzuwjUQqJR2LwY8", "contract_type": "ERC721"}, "collection": {"collection_id": "65a13036c284b18008bd25b7", "name": "TinFun", "logo": "https://i.seadn.io/s/raw/files/a531bedf317b5ffe5a35d559b5c94cd9.jpg?w=500&auto=format", "slug": "tin-fun"}, "gas_fee": {"value": 0.0085, "raw_value": 8500000000000001, "usd": 18.7407, "payment_token": {"address": "0x0000000000000000000000000000000000000000", "symbol": "ETH", "decimals": 18}}, "price": {"value": 0.5510241785643821, "raw_value": 551024178564382094, "usd": 1222.147896120224, "payment_token": {"address": "0xc02aaa39b223fe8d0a0e5c4f27ead9083c756cc2", "symbol": "WETH", "decimals": 18}}, "marketplace_path": ["floor"], "fees": [], "trait_offer_target": null}, {"blockchain": "ETH", "sender": {"address": "0x8d701bd0504a13aa89bdbd30ad45688d11adeaca", "ens": "0838.eth", "is_whale": false, "blockchain": "ETH", "is_contract": false, "is_blue_chip_holder": false, "is_super_blue_chip_holder": false, "is_multi_sign_wallet": false, "das": null, "alias": "0838.eth"}, "receiver": {"address": "0x1ab1c070c7f1958dbfc5537340cd8056580c43fc", "ens": "\u8054\u5408\u56fd\u94f6\u884c.eth", "is_whale": false, "blockchain": "ETH", "is_contract": false, "is_blue_chip_holder": false, "is_super_blue_chip_holder": false, "is_multi_sign_wallet": false, "das": null, "alias": "\u8054\u5408\u56fd\u94f6\u884c.eth"}, "event": "sale", "quantity": 1, "tx_hash": "0x0b48ef1c771401be10214bd0e407e4bbfad09fb3f9842774e66eb7f5a605f225", "time": 1706011547, "nft": {"contract_address": "0xc274a97f1691ef390f662067e95a6eff1f99b504", "token_id": "2845", "name": "TinFun #2845", "blockchain": "ETH", "image": "https://lh3.googleusercontent.com/g15VdtoIrUpRBKmUzSDGHqQQa3WiiIbzhwfDCN0a0Dpn9Q1sTKgN8M9SsvPUUXJVMeFzxIBRnH350epGKWMcvzuwjUQqJR2LwY8", "contract_type": "ERC721"}, "collection": {"collection_id": "65a13036c284b18008bd25b7", "name": "TinFun", "logo": "https://i.seadn.io/s/raw/files/a531bedf317b5ffe5a35d559b5c94cd9.jpg?w=500&auto=format", "slug": "tin-fun"}, "gas_fee": {"value": 0.0071, "raw_value": 7100000000000000, "usd": 15.8037, "payment_token": {"address": "0x0000000000000000000000000000000000000000", "symbol": "ETH", "decimals": 18}}, "price": {"value": 0.5488, "raw_value": 548800000000000000, "usd": 1216.063415239919, "payment_token": {"address": "0x0000000000000000000000000000000000000000", "symbol": "ETH", "decimals": 18}}, "marketplace_path": ["blur-aggregator", "blur"], "fees": [{"fee_type": "royalty", "recipient": "0x6650dc11f439f14d4dfbea75233bd9b0099a0647", "bps": 50, "price": {"value": 0.002744, "raw_value": 2744000000000000, "usd": 6.077229, "payment_token": {"address": "0x0000000000000000000000000000000000000000", "symbol": "ETH", "decimals": 18}}}], "trait_offer_target": null}, {"blockchain": "ETH", "sender": {"address": "0xf9df5142559732b35891c1d29ecb17e6f775190e", "ens": "\u4fa2\u5a84\u306e\u566f\u60c5\u4e5c\u7274\u535f\u6fc41\u4f5d\u4fa2\u7b15.eth", "is_whale": false, "blockchain": "ETH", "is_contract": false, "is_blue_chip_holder": false, "is_super_blue_chip_holder": false, "is_multi_sign_wallet": false, "das": null, "alias": "\u4fa2\u5a84\u306e\u566f\u60c5\u4e5c\u7274\u535f\u6fc41\u4f5d\u4fa2\u7b15.eth"}, "receiver": {"address": "0x8d701bd0504a13aa89bdbd30ad45688d11adeaca", "ens": "0838.eth", "is_whale": false, "blockchain": "ETH", "is_contract": false, "is_blue_chip_holder": false, "is_super_blue_chip_holder": false, "is_multi_sign_wallet": false, "das": null, "alias": "0838.eth"}, "event": "transfer", "quantity": 1, "tx_hash": "0x3f9e410061c5228835f9574ee3262bd88f65421ac4f233baccd368ba3a996c77", "time": 1706010575, "nft": {"contract_address": "0xc274a97f1691ef390f662067e95a6eff1f99b504", "token_id": "2845", "name": "TinFun #2845", "blockchain": "ETH", "image": "https://lh3.googleusercontent.com/g15VdtoIrUpRBKmUzSDGHqQQa3WiiIbzhwfDCN0a0Dpn9Q1sTKgN8M9SsvPUUXJVMeFzxIBRnH350epGKWMcvzuwjUQqJR2LwY8", "contract_type": "ERC721"}, "collection": {"collection_id": "65a13036c284b18008bd25b7", "name": "TinFun", "logo": "https://i.seadn.io/s/raw/files/a531bedf317b5ffe5a35d559b5c94cd9.jpg?w=500&auto=format", "slug": "tin-fun"}, "gas_fee": {"value": 0.0012, "raw_value": 1200000000000000, "usd": 2.6297, "payment_token": {"address": "0x0000000000000000000000000000000000000000", "symbol": "ETH", "decimals": 18}}, "price": null, "marketplace_path": [], "fees": [], "trait_offer_target": null}, {"blockchain": "ETH", "sender": {"address": "0x8d701bd0504a13aa89bdbd30ad45688d11adeaca", "ens": "0838.eth", "is_whale": false, "blockchain": "ETH", "is_contract": false, "is_blue_chip_holder": false, "is_super_blue_chip_holder": false, "is_multi_sign_wallet": false, "das": null, "alias": "0838.eth"}, "receiver": {"address": "0xf9df5142559732b35891c1d29ecb17e6f775190e", "ens": "\u4fa2\u5a84\u306e\u566f\u60c5\u4e5c\u7274\u535f\u6fc41\u4f5d\u4fa2\u7b15.eth", "is_whale": false, "blockchain": "ETH", "is_contract": false, "is_blue_chip_holder": false, "is_super_blue_chip_holder": false, "is_multi_sign_wallet": false, "das": null, "alias": "\u4fa2\u5a84\u306e\u566f\u60c5\u4e5c\u7274\u535f\u6fc41\u4f5d\u4fa2\u7b15.eth"}, "event": "transfer", "quantity": 1, "tx_hash": "0x02a3d32d5f4e7520038c8551a1e094c29c1c31a989af3b724756d9c1042c9cc3", "time": 1705229819, "nft": {"contract_address": "0xc274a97f1691ef390f662067e95a6eff1f99b504", "token_id": "2845", "name": "TinFun #2845", "blockchain": "ETH", "image": "https://lh3.googleusercontent.com/g15VdtoIrUpRBKmUzSDGHqQQa3WiiIbzhwfDCN0a0Dpn9Q1sTKgN8M9SsvPUUXJVMeFzxIBRnH350epGKWMcvzuwjUQqJR2LwY8", "contract_type": "ERC721"}, "collection": {"collection_id": "65a13036c284b18008bd25b7", "name": "TinFun", "logo": "https://i.seadn.io/s/raw/files/a531bedf317b5ffe5a35d559b5c94cd9.jpg?w=500&auto=format", "slug": "tin-fun"}, "gas_fee": {"value": 0.0034, "raw_value": 3400000000000000, "usd": 8.7199, "payment_token": {"address": "0x0000000000000000000000000000000000000000", "symbol": "ETH", "decimals": 18}}, "price": null, "marketplace_path": [], "fees": [], "trait_offer_target": null}]