[{"blockchain": "ETH", "sender": {"address": "0x4083041be3e2a7657724b5f7d088c0abeedcdb33", "ens": null, "is_whale": false, "blockchain": "ETH", "is_contract": false, "is_blue_chip_holder": false, "is_super_blue_chip_holder": false, "is_multi_sign_wallet": false, "das": null, "alias": null}, "receiver": {"address": "0x8177e9fa379b85e01b2b30140ddc446b9875106a", "ens": null, "is_whale": false, "blockchain": "ETH", "is_contract": true, "is_blue_chip_holder": false, "is_super_blue_chip_holder": false, "is_multi_sign_wallet": false, "das": null, "alias": null}, "event": "transfer", "quantity": 1, "tx_hash": "0xf0a0da29d08bec0a9fffd4474318a85390d8c1614fa7f35a9b9dea9cbfbebe66", "time": 1711772219, "nft": {"contract_address": "0xc274a97f1691ef390f662067e95a6eff1f99b504", "token_id": "9423", "name": "TinFun #9423", "blockchain": "ETH", "image": "https://lh3.googleusercontent.com/86Y4kdNP42v6ABJ1DqjfaCX6ZDv9VNZDdujdK2N_RnO4-jSRBb3o-7fxV175CEOVX9hlC6UdJ098yR8uvuIMsOOtyA0my9uqSxk", "contract_type": "ERC721"}, "collection": {"collection_id": "65a13036c284b18008bd25b7", "name": "TinFun", "logo": "https://i.seadn.io/s/raw/files/a531bedf317b5ffe5a35d559b5c94cd9.jpg?w=500&auto=format", "slug": "tin-fun"}, "gas_fee": {"value": 0.0029, "raw_value": 2900000000000000, "usd": 10.1083, "payment_token": {"address": "0x0000000000000000000000000000000000000000", "symbol": "ETH", "decimals": 18}}, "price": null, "marketplace_path": [], "fees": [], "trait_offer_target": null}, {"blockchain": "ETH", "sender": {"address": "0xba839f8ded1542623fee628ad96d202d821704f5", "ens": null, "is_whale": false, "blockchain": "ETH", "is_contract": false, "is_blue_chip_holder": false, "is_super_blue_chip_holder": false, "is_multi_sign_wallet": false, "das": null, "alias": null}, "receiver": {"address": "0x4083041be3e2a7657724b5f7d088c0abeedcdb33", "ens": null, "is_whale": false, "blockchain": "ETH", "is_contract": false, "is_blue_chip_holder": false, "is_super_blue_chip_holder": false, "is_multi_sign_wallet": false, "das": null, "alias": null}, "event": "transfer", "quantity": 1, "tx_hash": "0xc230bdea5f0dc5726264f2dca2cf38be0638e933ffafe49d3dbdecf2b853f801", "time": 1706433647, "nft": {"contract_address": "0xc274a97f1691ef390f662067e95a6eff1f99b504", "token_id": "9423", "name": "TinFun #9423", "blockchain": "ETH", "image": "https://lh3.googleusercontent.com/86Y4kdNP42v6ABJ1DqjfaCX6ZDv9VNZDdujdK2N_RnO4-jSRBb3o-7fxV175CEOVX9hlC6UdJ098yR8uvuIMsOOtyA0my9uqSxk", "contract_type": "ERC721"}, "collection": {"collection_id": "65a13036c284b18008bd25b7", "name": "TinFun", "logo": "https://i.seadn.io/s/raw/files/a531bedf317b5ffe5a35d559b5c94cd9.jpg?w=500&auto=format", "slug": "tin-fun"}, "gas_fee": {"value": 0.0009, "raw_value": 900000000000000, "usd": 2.1206, "payment_token": {"address": "0x0000000000000000000000000000000000000000", "symbol": "ETH", "decimals": 18}}, "price": null, "marketplace_path": [], "fees": [], "trait_offer_target": null}]