[{"blockchain": "ETH", "sender": {"address": "0x9a1dc1bdd3a92422dd93c4a568b34c27b3644444", "ens": null, "is_whale": false, "blockchain": "ETH", "is_contract": false, "is_blue_chip_holder": false, "is_super_blue_chip_holder": false, "is_multi_sign_wallet": false, "das": null, "alias": null}, "receiver": {"address": "0x0d2893892f63944184c60b2d32519729bd072319", "ens": null, "is_whale": false, "blockchain": "ETH", "is_contract": false, "is_blue_chip_holder": false, "is_super_blue_chip_holder": false, "is_multi_sign_wallet": false, "das": null, "alias": null}, "event": "sale", "quantity": 1, "tx_hash": "0xf078f2f893dcfca11b2259d112fe59a4a8e03b800809aa3770dc541680ecc0f7", "time": 1710281471, "nft": {"contract_address": "0xc274a97f1691ef390f662067e95a6eff1f99b504", "token_id": "3079", "name": "TinFun #3079", "blockchain": "ETH", "image": "https://lh3.googleusercontent.com/ikTrmWPs4UbGl9JRnj6JgZ9GRvHNfRYnMY2xjVv2AgkN4FoTeduHPSEYSD7l0IHTIORdtFzSJuMqLK0mC2gaKKWo3N_-cpOVO0U", "contract_type": "ERC721"}, "collection": {"collection_id": "65a13036c284b18008bd25b7", "name": "TinFun", "logo": "https://i.seadn.io/s/raw/files/a531bedf317b5ffe5a35d559b5c94cd9.jpg?w=500&auto=format", "slug": "tin-fun"}, "gas_fee": {"value": 0.0126, "raw_value": 12600000000000000, "usd": 49.7924, "payment_token": {"address": "0x0000000000000000000000000000000000000000", "symbol": "ETH", "decimals": 18}}, "price": {"value": 0.18, "raw_value": 180000000000000000, "usd": 709.3265961884821, "payment_token": {"address": "0x0000000000000000000000000000000000000000", "symbol": "ETH", "decimals": 18}}, "marketplace_path": ["blur"], "fees": [{"fee_type": "royalty", "recipient": "0x6650dc11f439f14d4dfbea75233bd9b0099a0647", "bps": 50, "price": {"value": 0.0009, "raw_value": 900000000000000, "usd": 3.582193, "payment_token": {"address": "0x0000000000a39bb272e79075ade125fd351887ac", "symbol": "BETH", "decimals": 18}}}], "trait_offer_target": null}, {"blockchain": "ETH", "sender": {"address": "0x0826303de96c88f9e4dd723ed49c332d7691ffd3", "ens": null, "is_whale": false, "blockchain": "ETH", "is_contract": false, "is_blue_chip_holder": false, "is_super_blue_chip_holder": false, "is_multi_sign_wallet": false, "das": null, "alias": null}, "receiver": {"address": "0x9a1dc1bdd3a92422dd93c4a568b34c27b3644444", "ens": null, "is_whale": false, "blockchain": "ETH", "is_contract": false, "is_blue_chip_holder": false, "is_super_blue_chip_holder": false, "is_multi_sign_wallet": false, "das": null, "alias": null}, "event": "sale", "quantity": 1, "tx_hash": "0x170a354ac4fc6a81e3ca664190140cb2de45bac932a742a444306058ae5001b7", "time": 1709366183, "nft": {"contract_address": "0xc274a97f1691ef390f662067e95a6eff1f99b504", "token_id": "3079", "name": "TinFun #3079", "blockchain": "ETH", "image": "https://lh3.googleusercontent.com/ikTrmWPs4UbGl9JRnj6JgZ9GRvHNfRYnMY2xjVv2AgkN4FoTeduHPSEYSD7l0IHTIORdtFzSJuMqLK0mC2gaKKWo3N_-cpOVO0U", "contract_type": "ERC721"}, "collection": {"collection_id": "65a13036c284b18008bd25b7", "name": "TinFun", "logo": "https://i.seadn.io/s/raw/files/a531bedf317b5ffe5a35d559b5c94cd9.jpg?w=500&auto=format", "slug": "tin-fun"}, "gas_fee": {"value": 0.0119, "raw_value": 11900000000000000, "usd": 40.9286, "payment_token": {"address": "0x0000000000000000000000000000000000000000", "symbol": "ETH", "decimals": 18}}, "price": {"value": 0.21, "raw_value": 210000000000000000, "usd": 722.4309520131063, "payment_token": {"address": "0x0000000000000000000000000000000000000000", "symbol": "ETH", "decimals": 18}}, "marketplace_path": ["blur"], "fees": [{"fee_type": "royalty", "recipient": "0x6650dc11f439f14d4dfbea75233bd9b0099a0647", "bps": 50, "price": {"value": 0.00105, "raw_value": 1050000000000000, "usd": 3.603041, "payment_token": {"address": "0x0000000000a39bb272e79075ade125fd351887ac", "symbol": "BETH", "decimals": 18}}}], "trait_offer_target": null}, {"blockchain": "ETH", "sender": {"address": "0xca426d388b16390bf1b5935d97e799dc723b5619", "ens": null, "is_whale": false, "blockchain": "ETH", "is_contract": false, "is_blue_chip_holder": true, "is_super_blue_chip_holder": false, "is_multi_sign_wallet": false, "das": null, "alias": null}, "receiver": {"address": "0x0826303de96c88f9e4dd723ed49c332d7691ffd3", "ens": null, "is_whale": false, "blockchain": "ETH", "is_contract": false, "is_blue_chip_holder": false, "is_super_blue_chip_holder": false, "is_multi_sign_wallet": false, "das": null, "alias": null}, "event": "sale", "quantity": 1, "tx_hash": "0xbd73a5c704424946e31c6c238967b50cf4d2dccc28f02d44f0dda16520cf2954", "time": 1705076951, "nft": {"contract_address": "0xc274a97f1691ef390f662067e95a6eff1f99b504", "token_id": "3079", "name": "TinFun #3079", "blockchain": "ETH", "image": "https://lh3.googleusercontent.com/ikTrmWPs4UbGl9JRnj6JgZ9GRvHNfRYnMY2xjVv2AgkN4FoTeduHPSEYSD7l0IHTIORdtFzSJuMqLK0mC2gaKKWo3N_-cpOVO0U", "contract_type": "ERC721"}, "collection": {"collection_id": "65a13036c284b18008bd25b7", "name": "TinFun", "logo": "https://i.seadn.io/s/raw/files/a531bedf317b5ffe5a35d559b5c94cd9.jpg?w=500&auto=format", "slug": "tin-fun"}, "gas_fee": {"value": 0.0847, "raw_value": 84700000000000000, "usd": 224.0791, "payment_token": {"address": "0x0000000000000000000000000000000000000000", "symbol": "ETH", "decimals": 18}}, "price": {"value": 0.88, "raw_value": 880000000000000000, "usd": 2328.879671269916, "payment_token": {"address": "0x0000000000000000000000000000000000000000", "symbol": "ETH", "decimals": 18}}, "marketplace_path": ["blur"], "fees": [{"fee_type": "royalty", "recipient": "0x6650dc11f439f14d4dfbea75233bd9b0099a0647", "bps": 50, "price": {"value": 0.0044, "raw_value": 4400000000000000, "usd": 11.764116, "payment_token": {"address": "0x0000000000a39bb272e79075ade125fd351887ac", "symbol": "BETH", "decimals": 18}}}], "trait_offer_target": null}, {"blockchain": "ETH", "sender": {"address": "0xb3a267eedfaef313f3d4d85c092a3677f5fa3936", "ens": null, "is_whale": false, "blockchain": "ETH", "is_contract": false, "is_blue_chip_holder": false, "is_super_blue_chip_holder": false, "is_multi_sign_wallet": false, "das": null, "alias": null}, "receiver": {"address": "0xca426d388b16390bf1b5935d97e799dc723b5619", "ens": null, "is_whale": false, "blockchain": "ETH", "is_contract": false, "is_blue_chip_holder": true, "is_super_blue_chip_holder": false, "is_multi_sign_wallet": false, "das": null, "alias": null}, "event": "sale", "quantity": 1, "tx_hash": "0x0e348caf70a16f67830875bbc0534e58f1091e78d0646c971556b6386dab2b19", "time": 1705065071, "nft": {"contract_address": "0xc274a97f1691ef390f662067e95a6eff1f99b504", "token_id": "3079", "name": "TinFun #3079", "blockchain": "ETH", "image": "https://lh3.googleusercontent.com/ikTrmWPs4UbGl9JRnj6JgZ9GRvHNfRYnMY2xjVv2AgkN4FoTeduHPSEYSD7l0IHTIORdtFzSJuMqLK0mC2gaKKWo3N_-cpOVO0U", "contract_type": "ERC721"}, "collection": {"collection_id": "65a13036c284b18008bd25b7", "name": "TinFun", "logo": "https://i.seadn.io/s/raw/files/a531bedf317b5ffe5a35d559b5c94cd9.jpg?w=500&auto=format", "slug": "tin-fun"}, "gas_fee": {"value": 0.0933, "raw_value": 93300000000000000, "usd": 247.2504, "payment_token": {"address": "0x0000000000000000000000000000000000000000", "symbol": "ETH", "decimals": 18}}, "price": {"value": 0.75, "raw_value": 750000000000000000, "usd": 1987.806359716447, "payment_token": {"address": "0x0000000000000000000000000000000000000000", "symbol": "ETH", "decimals": 18}}, "marketplace_path": ["openseapro", "opensea"], "fees": [{"fee_type": "marketplace", "recipient": "0x0000a26b00c1f0df003000390027140000faa719", "bps": 50, "price": {"value": 0.00375, "raw_value": 3750000000000000, "usd": 9.8292, "payment_token": {"address": "0x0000000000000000000000000000000000000000", "symbol": "ETH", "decimals": 18}}}], "trait_offer_target": null}, {"blockchain": "ETH", "sender": {"address": "0x57fa4ec405273d847cd7282cdae680c0aeb1f613", "ens": null, "is_whale": false, "blockchain": "ETH", "is_contract": false, "is_blue_chip_holder": false, "is_super_blue_chip_holder": false, "is_multi_sign_wallet": false, "das": null, "alias": null}, "receiver": {"address": "0xb3a267eedfaef313f3d4d85c092a3677f5fa3936", "ens": null, "is_whale": false, "blockchain": "ETH", "is_contract": false, "is_blue_chip_holder": false, "is_super_blue_chip_holder": false, "is_multi_sign_wallet": false, "das": null, "alias": null}, "event": "sale", "quantity": 1, "tx_hash": "0xa31e05a252cc203f6f3da78b0970b6b0d4382aa318294e3070aaa10ef1d6fb98", "time": 1705063763, "nft": {"contract_address": "0xc274a97f1691ef390f662067e95a6eff1f99b504", "token_id": "3079", "name": "TinFun #3079", "blockchain": "ETH", "image": "https://lh3.googleusercontent.com/ikTrmWPs4UbGl9JRnj6JgZ9GRvHNfRYnMY2xjVv2AgkN4FoTeduHPSEYSD7l0IHTIORdtFzSJuMqLK0mC2gaKKWo3N_-cpOVO0U", "contract_type": "ERC721"}, "collection": {"collection_id": "65a13036c284b18008bd25b7", "name": "TinFun", "logo": "https://i.seadn.io/s/raw/files/a531bedf317b5ffe5a35d559b5c94cd9.jpg?w=500&auto=format", "slug": "tin-fun"}, "gas_fee": {"value": 0.0044, "raw_value": 4400000000000000, "usd": 11.658, "payment_token": {"address": "0x0000000000000000000000000000000000000000", "symbol": "ETH", "decimals": 18}}, "price": {"value": 0.75, "raw_value": 750000000000000000, "usd": 1985.7731443186897, "payment_token": {"address": "0x0000000000000000000000000000000000000000", "symbol": "ETH", "decimals": 18}}, "marketplace_path": ["opensea"], "fees": [{"fee_type": "marketplace", "recipient": "0x0000a26b00c1f0df003000390027140000faa719", "bps": 250, "price": {"value": 0.01875, "raw_value": 18750000000000000, "usd": 49.021237, "payment_token": {"address": "0x0000000000000000000000000000000000000000", "symbol": "ETH", "decimals": 18}}}], "trait_offer_target": null}]