[{"blockchain": "ETH", "sender": {"address": "0x73d30ba3dc4ffd17c28cc2d75d12e50df98f29cf", "ens": "nakiri.eth", "is_whale": false, "blockchain": "ETH", "is_contract": false, "is_blue_chip_holder": false, "is_super_blue_chip_holder": false, "is_multi_sign_wallet": false, "das": null, "alias": "nakiri.eth"}, "receiver": {"address": "0xde02fffb824720e25674a604baf2277f21c66a0f", "ens": "\u9a86\u9a7ckyc.eth", "is_whale": false, "blockchain": "ETH", "is_contract": false, "is_blue_chip_holder": true, "is_super_blue_chip_holder": false, "is_multi_sign_wallet": false, "das": null, "alias": "\u9a86\u9a7ckyc.eth"}, "event": "sale", "quantity": 1, "tx_hash": "0x81dbde66fc2f1d52026a200ac8797d1d16513d98270dcafdd7c0a8182809f63c", "time": 1713330059, "nft": {"contract_address": "0xc274a97f1691ef390f662067e95a6eff1f99b504", "token_id": "1766", "name": "TinFun #1766", "blockchain": "ETH", "image": "https://lh3.googleusercontent.com/3ENt6CdA5EKJeZhE-r3xHOJ4Dfh2CI9WGjaq92Ny3ftF_TzLXCPWQvVQHDxbxKdJwe3eF3_ZYBfIXaCSOXfnl33t3mnUvWPorQ", "contract_type": "ERC721"}, "collection": {"collection_id": "65a13036c284b18008bd25b7", "name": "TinFun", "logo": "https://i.seadn.io/s/raw/files/a531bedf317b5ffe5a35d559b5c94cd9.jpg?w=500&auto=format", "slug": "tin-fun"}, "gas_fee": {"value": 0.0114, "raw_value": 11400000000000000, "usd": 35.3846, "payment_token": {"address": "0x0000000000000000000000000000000000000000", "symbol": "ETH", "decimals": 18}}, "price": {"value": 0.17, "raw_value": 170000000000000000, "usd": 529.760743020951, "payment_token": {"address": "0x0000000000000000000000000000000000000000", "symbol": "ETH", "decimals": 18}}, "marketplace_path": ["blur"], "fees": [{"fee_type": "royalty", "recipient": "0x6650dc11f439f14d4dfbea75233bd9b0099a0647", "bps": 50, "price": {"value": 0.00085, "raw_value": 850000000000000, "usd": 2.623243, "payment_token": {"address": "0x0000000000a39bb272e79075ade125fd351887ac", "symbol": "BETH", "decimals": 18}}}], "trait_offer_target": null}, {"blockchain": "ETH", "sender": {"address": "0xa69833b9fda816f1bfc79517e7932e64708df0dd", "ens": null, "is_whale": false, "blockchain": "ETH", "is_contract": false, "is_blue_chip_holder": true, "is_super_blue_chip_holder": false, "is_multi_sign_wallet": false, "das": null, "alias": null}, "receiver": {"address": "0x73d30ba3dc4ffd17c28cc2d75d12e50df98f29cf", "ens": "nakiri.eth", "is_whale": false, "blockchain": "ETH", "is_contract": false, "is_blue_chip_holder": false, "is_super_blue_chip_holder": false, "is_multi_sign_wallet": false, "das": null, "alias": "nakiri.eth"}, "event": "sale", "quantity": 1, "tx_hash": "0x7bbb3eff40abab8ef4fb8e8b91993a5f74b5af2fb0e67117c42a2c1c6067996a", "time": 1713309935, "nft": {"contract_address": "0xc274a97f1691ef390f662067e95a6eff1f99b504", "token_id": "1766", "name": "TinFun #1766", "blockchain": "ETH", "image": "https://lh3.googleusercontent.com/3ENt6CdA5EKJeZhE-r3xHOJ4Dfh2CI9WGjaq92Ny3ftF_TzLXCPWQvVQHDxbxKdJwe3eF3_ZYBfIXaCSOXfnl33t3mnUvWPorQ", "contract_type": "ERC721"}, "collection": {"collection_id": "65a13036c284b18008bd25b7", "name": "TinFun", "logo": "https://i.seadn.io/s/raw/files/a531bedf317b5ffe5a35d559b5c94cd9.jpg?w=500&auto=format", "slug": "tin-fun"}, "gas_fee": {"value": 0.0021, "raw_value": 2099999999999999, "usd": 6.4004, "payment_token": {"address": "0x0000000000000000000000000000000000000000", "symbol": "ETH", "decimals": 18}}, "price": {"value": 0.17, "raw_value": 170000000000000000, "usd": 526.0807572134527, "payment_token": {"address": "0x0000000000000000000000000000000000000000", "symbol": "ETH", "decimals": 18}}, "marketplace_path": ["blur"], "fees": [{"fee_type": "royalty", "recipient": "0x6650dc11f439f14d4dfbea75233bd9b0099a0647", "bps": 50, "price": {"value": 0.00085, "raw_value": 850000000000000, "usd": 2.608481, "payment_token": {"address": "0x0000000000a39bb272e79075ade125fd351887ac", "symbol": "BETH", "decimals": 18}}}], "trait_offer_target": null}, {"blockchain": "ETH", "sender": {"address": "0x88011e1e335e4dde0eb0dc37d23c57bdd00c543e", "ens": "biddershub.eth", "is_whale": false, "blockchain": "ETH", "is_contract": false, "is_blue_chip_holder": true, "is_super_blue_chip_holder": false, "is_multi_sign_wallet": false, "das": null, "alias": "biddershub.eth"}, "receiver": {"address": "0xa69833b9fda816f1bfc79517e7932e64708df0dd", "ens": null, "is_whale": false, "blockchain": "ETH", "is_contract": false, "is_blue_chip_holder": true, "is_super_blue_chip_holder": false, "is_multi_sign_wallet": false, "das": null, "alias": null}, "event": "sale", "quantity": 1, "tx_hash": "0x0c0bfc88b9885136d12e2a7345438055b6577ab8b9bb92a9ad5abfece4e39699", "time": 1713307559, "nft": {"contract_address": "0xc274a97f1691ef390f662067e95a6eff1f99b504", "token_id": "1766", "name": "TinFun #1766", "blockchain": "ETH", "image": "https://lh3.googleusercontent.com/3ENt6CdA5EKJeZhE-r3xHOJ4Dfh2CI9WGjaq92Ny3ftF_TzLXCPWQvVQHDxbxKdJwe3eF3_ZYBfIXaCSOXfnl33t3mnUvWPorQ", "contract_type": "ERC721"}, "collection": {"collection_id": "65a13036c284b18008bd25b7", "name": "TinFun", "logo": "https://i.seadn.io/s/raw/files/a531bedf317b5ffe5a35d559b5c94cd9.jpg?w=500&auto=format", "slug": "tin-fun"}, "gas_fee": {"value": 0.0026, "raw_value": 2600000000000000, "usd": 8.0117, "payment_token": {"address": "0x0000000000000000000000000000000000000000", "symbol": "ETH", "decimals": 18}}, "price": {"value": 0.17, "raw_value": 170000000000000000, "usd": 527.7101395791673, "payment_token": {"address": "0x0000000000000000000000000000000000000000", "symbol": "ETH", "decimals": 18}}, "marketplace_path": ["blur"], "fees": [{"fee_type": "royalty", "recipient": "0x6650dc11f439f14d4dfbea75233bd9b0099a0647", "bps": 50, "price": {"value": 0.00085, "raw_value": 850000000000000, "usd": 2.600302, "payment_token": {"address": "0x0000000000a39bb272e79075ade125fd351887ac", "symbol": "BETH", "decimals": 18}}}], "trait_offer_target": null}, {"blockchain": "ETH", "sender": {"address": "0xf53feaeb035361c046e5669745695e450ebb4028", "ens": "orz-allinornothing.eth", "is_whale": true, "blockchain": "ETH", "is_contract": false, "is_blue_chip_holder": false, "is_super_blue_chip_holder": false, "is_multi_sign_wallet": false, "das": null, "alias": "orz-allinornothing.eth"}, "receiver": {"address": "0x88011e1e335e4dde0eb0dc37d23c57bdd00c543e", "ens": "biddershub.eth", "is_whale": false, "blockchain": "ETH", "is_contract": false, "is_blue_chip_holder": true, "is_super_blue_chip_holder": false, "is_multi_sign_wallet": false, "das": null, "alias": "biddershub.eth"}, "event": "sale", "quantity": 1, "tx_hash": "0x5cd51c45187564fadca8ee425519f0deb6cac084d16c4f6462425bcb65969f97", "time": 1713243599, "nft": {"contract_address": "0xc274a97f1691ef390f662067e95a6eff1f99b504", "token_id": "1766", "name": "TinFun #1766", "blockchain": "ETH", "image": "https://lh3.googleusercontent.com/3ENt6CdA5EKJeZhE-r3xHOJ4Dfh2CI9WGjaq92Ny3ftF_TzLXCPWQvVQHDxbxKdJwe3eF3_ZYBfIXaCSOXfnl33t3mnUvWPorQ", "contract_type": "ERC721"}, "collection": {"collection_id": "65a13036c284b18008bd25b7", "name": "TinFun", "logo": "https://i.seadn.io/s/raw/files/a531bedf317b5ffe5a35d559b5c94cd9.jpg?w=500&auto=format", "slug": "tin-fun"}, "gas_fee": {"value": 0.0265, "raw_value": 26500000000000000, "usd": 81.4916, "payment_token": {"address": "0x0000000000000000000000000000000000000000", "symbol": "ETH", "decimals": 18}}, "price": {"value": 0.17, "raw_value": 170000000000000000, "usd": 522.4777203036232, "payment_token": {"address": "0x0000000000000000000000000000000000000000", "symbol": "ETH", "decimals": 18}}, "marketplace_path": ["blur"], "fees": [{"fee_type": "royalty", "recipient": "0x6650dc11f439f14d4dfbea75233bd9b0099a0647", "bps": 50, "price": {"value": 0.00085, "raw_value": 850000000000000, "usd": 2.621285, "payment_token": {"address": "0x0000000000a39bb272e79075ade125fd351887ac", "symbol": "BETH", "decimals": 18}}}], "trait_offer_target": null}, {"blockchain": "ETH", "sender": {"address": "0x458dbf62e68463fe0b14c0f8dd69e695d23ca0cb", "ens": null, "is_whale": false, "blockchain": "ETH", "is_contract": false, "is_blue_chip_holder": false, "is_super_blue_chip_holder": false, "is_multi_sign_wallet": false, "das": null, "alias": null}, "receiver": {"address": "0xf53feaeb035361c046e5669745695e450ebb4028", "ens": "orz-allinornothing.eth", "is_whale": true, "blockchain": "ETH", "is_contract": false, "is_blue_chip_holder": false, "is_super_blue_chip_holder": false, "is_multi_sign_wallet": false, "das": null, "alias": "orz-allinornothing.eth"}, "event": "transfer", "quantity": 1, "tx_hash": "0x57d740524f046ece8cd77e70811bb8fcf27789c0e29cf2253fe5769ee8c85c6a", "time": 1706772731, "nft": {"contract_address": "0xc274a97f1691ef390f662067e95a6eff1f99b504", "token_id": "1766", "name": "TinFun #1766", "blockchain": "ETH", "image": "https://lh3.googleusercontent.com/3ENt6CdA5EKJeZhE-r3xHOJ4Dfh2CI9WGjaq92Ny3ftF_TzLXCPWQvVQHDxbxKdJwe3eF3_ZYBfIXaCSOXfnl33t3mnUvWPorQ", "contract_type": "ERC721"}, "collection": {"collection_id": "65a13036c284b18008bd25b7", "name": "TinFun", "logo": "https://i.seadn.io/s/raw/files/a531bedf317b5ffe5a35d559b5c94cd9.jpg?w=500&auto=format", "slug": "tin-fun"}, "gas_fee": {"value": 0.03, "raw_value": 30000000000000000, "usd": 68.1515, "payment_token": {"address": "0x0000000000000000000000000000000000000000", "symbol": "ETH", "decimals": 18}}, "price": null, "marketplace_path": [], "fees": [], "trait_offer_target": null}, {"blockchain": "ETH", "sender": {"address": "0x7cae1d6ed30c21a7cdb5d7281681d59966579c58", "ens": null, "is_whale": false, "blockchain": "ETH", "is_contract": false, "is_blue_chip_holder": false, "is_super_blue_chip_holder": false, "is_multi_sign_wallet": false, "das": null, "alias": null}, "receiver": {"address": "0x458dbf62e68463fe0b14c0f8dd69e695d23ca0cb", "ens": null, "is_whale": false, "blockchain": "ETH", "is_contract": false, "is_blue_chip_holder": false, "is_super_blue_chip_holder": false, "is_multi_sign_wallet": false, "das": null, "alias": null}, "event": "sale", "quantity": 1, "tx_hash": "0xac8d1a0badefe739a419d1c425c5d9ab5d4fbe03e5cf4337dda0ffb4005770db", "time": 1705509467, "nft": {"contract_address": "0xc274a97f1691ef390f662067e95a6eff1f99b504", "token_id": "1766", "name": "TinFun #1766", "blockchain": "ETH", "image": "https://lh3.googleusercontent.com/3ENt6CdA5EKJeZhE-r3xHOJ4Dfh2CI9WGjaq92Ny3ftF_TzLXCPWQvVQHDxbxKdJwe3eF3_ZYBfIXaCSOXfnl33t3mnUvWPorQ", "contract_type": "ERC721"}, "collection": {"collection_id": "65a13036c284b18008bd25b7", "name": "TinFun", "logo": "https://i.seadn.io/s/raw/files/a531bedf317b5ffe5a35d559b5c94cd9.jpg?w=500&auto=format", "slug": "tin-fun"}, "gas_fee": {"value": 0.0356, "raw_value": 35600000000000000, "usd": 90.4552, "payment_token": {"address": "0x0000000000000000000000000000000000000000", "symbol": "ETH", "decimals": 18}}, "price": {"value": 0.73, "raw_value": 730000000000000000, "usd": 1853.1058156280105, "payment_token": {"address": "0x0000000000000000000000000000000000000000", "symbol": "ETH", "decimals": 18}}, "marketplace_path": ["blur"], "fees": [{"fee_type": "royalty", "recipient": "0x6650dc11f439f14d4dfbea75233bd9b0099a0647", "bps": 50, "price": {"value": 0.00365, "raw_value": 3650000000000000, "usd": 9.278449, "payment_token": {"address": "0x0000000000a39bb272e79075ade125fd351887ac", "symbol": "BETH", "decimals": 18}}}], "trait_offer_target": null}, {"blockchain": "ETH", "sender": {"address": "0x58f0df04412604e5ba785887664c38aff4e43e53", "ens": null, "is_whale": false, "blockchain": "ETH", "is_contract": false, "is_blue_chip_holder": false, "is_super_blue_chip_holder": false, "is_multi_sign_wallet": false, "das": null, "alias": null}, "receiver": {"address": "0x7cae1d6ed30c21a7cdb5d7281681d59966579c58", "ens": null, "is_whale": false, "blockchain": "ETH", "is_contract": false, "is_blue_chip_holder": false, "is_super_blue_chip_holder": false, "is_multi_sign_wallet": false, "das": null, "alias": null}, "event": "sale", "quantity": 1, "tx_hash": "0x1e2fdcdd91a21e1dcf88947b717de42b9b97a887032c57bc1f7f1ba97e8ff19f", "time": 1705063559, "nft": {"contract_address": "0xc274a97f1691ef390f662067e95a6eff1f99b504", "token_id": "1766", "name": "TinFun #1766", "blockchain": "ETH", "image": "https://lh3.googleusercontent.com/3ENt6CdA5EKJeZhE-r3xHOJ4Dfh2CI9WGjaq92Ny3ftF_TzLXCPWQvVQHDxbxKdJwe3eF3_ZYBfIXaCSOXfnl33t3mnUvWPorQ", "contract_type": "ERC721"}, "collection": {"collection_id": "65a13036c284b18008bd25b7", "name": "TinFun", "logo": "https://i.seadn.io/s/raw/files/a531bedf317b5ffe5a35d559b5c94cd9.jpg?w=500&auto=format", "slug": "tin-fun"}, "gas_fee": {"value": 0.0038, "raw_value": 3800000000000000, "usd": 10.1187, "payment_token": {"address": "0x0000000000000000000000000000000000000000", "symbol": "ETH", "decimals": 18}}, "price": {"value": 0.85, "raw_value": 850000000000000000, "usd": 2250.5428968945153, "payment_token": {"address": "0x0000000000000000000000000000000000000000", "symbol": "ETH", "decimals": 18}}, "marketplace_path": ["opensea"], "fees": [{"fee_type": "marketplace", "recipient": "0x0000a26b00c1f0df003000390027140000faa719", "bps": 250, "price": {"value": 0.02125, "raw_value": 21250000000000000, "usd": 55.557402, "payment_token": {"address": "0x0000000000000000000000000000000000000000", "symbol": "ETH", "decimals": 18}}}], "trait_offer_target": null}]