[{"blockchain": "ETH", "sender": {"address": "0x73d30ba3dc4ffd17c28cc2d75d12e50df98f29cf", "ens": "nakiri.eth", "is_whale": false, "blockchain": "ETH", "is_contract": false, "is_blue_chip_holder": false, "is_super_blue_chip_holder": false, "is_multi_sign_wallet": false, "das": null, "alias": "nakiri.eth"}, "receiver": {"address": "0x3eb879cc9a0ef4c6f1d870a40ae187768c278da2", "ens": "floorprotocol.eth", "is_whale": false, "blockchain": "ETH", "is_contract": true, "is_blue_chip_holder": true, "is_super_blue_chip_holder": false, "is_multi_sign_wallet": false, "das": null, "alias": "floorprotocol.eth"}, "event": "sale", "quantity": 1, "tx_hash": "0x60d47e39869e79800ec30d50d1f597aef5227ee0b0a5dd1a234997e8c4099fd8", "time": 1713331727, "nft": {"contract_address": "0xc274a97f1691ef390f662067e95a6eff1f99b504", "token_id": "392", "name": "TinFun #392", "blockchain": "ETH", "image": "https://lh3.googleusercontent.com/RGwiqkMl7-vWdDHf-ll_ilGoOhC48ZifDcnw9cnuaBuVWKIZNE8a4uMwm9KGXicOZ77BpTHoD7dCKcWdPdzO1v6jxF4WXrLjdg", "contract_type": "ERC721"}, "collection": {"collection_id": "65a13036c284b18008bd25b7", "name": "TinFun", "logo": "https://i.seadn.io/s/raw/files/a531bedf317b5ffe5a35d559b5c94cd9.jpg?w=500&auto=format", "slug": "tin-fun"}, "gas_fee": {"value": 0.0053, "raw_value": 5300000000000000, "usd": 16.3623, "payment_token": {"address": "0x0000000000000000000000000000000000000000", "symbol": "ETH", "decimals": 18}}, "price": {"value": 0.15968957930589, "raw_value": 159689579305890011, "usd": 495.5199376307573, "payment_token": {"address": "0xc02aaa39b223fe8d0a0e5c4f27ead9083c756cc2", "symbol": "WETH", "decimals": 18}}, "marketplace_path": ["floor"], "fees": [], "trait_offer_target": null}, {"blockchain": "ETH", "sender": {"address": "0xa3b3acf61034ccd05f204e24e5935cea4d291065", "ens": null, "is_whale": false, "blockchain": "ETH", "is_contract": false, "is_blue_chip_holder": true, "is_super_blue_chip_holder": false, "is_multi_sign_wallet": false, "das": null, "alias": null}, "receiver": {"address": "0x73d30ba3dc4ffd17c28cc2d75d12e50df98f29cf", "ens": "nakiri.eth", "is_whale": false, "blockchain": "ETH", "is_contract": false, "is_blue_chip_holder": false, "is_super_blue_chip_holder": false, "is_multi_sign_wallet": false, "das": null, "alias": "nakiri.eth"}, "event": "sale", "quantity": 1, "tx_hash": "0xfba4db2942b8eb0be52101e4d1b300a0bf6ddda5defbbb5c597347ff767f3ff5", "time": 1713245447, "nft": {"contract_address": "0xc274a97f1691ef390f662067e95a6eff1f99b504", "token_id": "392", "name": "TinFun #392", "blockchain": "ETH", "image": "https://lh3.googleusercontent.com/RGwiqkMl7-vWdDHf-ll_ilGoOhC48ZifDcnw9cnuaBuVWKIZNE8a4uMwm9KGXicOZ77BpTHoD7dCKcWdPdzO1v6jxF4WXrLjdg", "contract_type": "ERC721"}, "collection": {"collection_id": "65a13036c284b18008bd25b7", "name": "TinFun", "logo": "https://i.seadn.io/s/raw/files/a531bedf317b5ffe5a35d559b5c94cd9.jpg?w=500&auto=format", "slug": "tin-fun"}, "gas_fee": {"value": 0.004, "raw_value": 4000000000000000, "usd": 12.1269, "payment_token": {"address": "0x0000000000000000000000000000000000000000", "symbol": "ETH", "decimals": 18}}, "price": {"value": 0.17, "raw_value": 170000000000000000, "usd": 514.6478777420145, "payment_token": {"address": "0x0000000000000000000000000000000000000000", "symbol": "ETH", "decimals": 18}}, "marketplace_path": ["blur"], "fees": [{"fee_type": "royalty", "recipient": "0x6650dc11f439f14d4dfbea75233bd9b0099a0647", "bps": 50, "price": {"value": 0.00085, "raw_value": 850000000000000, "usd": 2.630649, "payment_token": {"address": "0x0000000000a39bb272e79075ade125fd351887ac", "symbol": "BETH", "decimals": 18}}}], "trait_offer_target": null}, {"blockchain": "ETH", "sender": {"address": "0xf53feaeb035361c046e5669745695e450ebb4028", "ens": "orz-allinornothing.eth", "is_whale": true, "blockchain": "ETH", "is_contract": false, "is_blue_chip_holder": false, "is_super_blue_chip_holder": false, "is_multi_sign_wallet": false, "das": null, "alias": "orz-allinornothing.eth"}, "receiver": {"address": "0xa3b3acf61034ccd05f204e24e5935cea4d291065", "ens": null, "is_whale": false, "blockchain": "ETH", "is_contract": false, "is_blue_chip_holder": true, "is_super_blue_chip_holder": false, "is_multi_sign_wallet": false, "das": null, "alias": null}, "event": "sale", "quantity": 1, "tx_hash": "0x244ad6b7528cfa9c4b255f9ac565876f14af8bcb8c4b7c42ed22db8148cc3521", "time": 1713243599, "nft": {"contract_address": "0xc274a97f1691ef390f662067e95a6eff1f99b504", "token_id": "392", "name": "TinFun #392", "blockchain": "ETH", "image": "https://lh3.googleusercontent.com/RGwiqkMl7-vWdDHf-ll_ilGoOhC48ZifDcnw9cnuaBuVWKIZNE8a4uMwm9KGXicOZ77BpTHoD7dCKcWdPdzO1v6jxF4WXrLjdg", "contract_type": "ERC721"}, "collection": {"collection_id": "65a13036c284b18008bd25b7", "name": "TinFun", "logo": "https://i.seadn.io/s/raw/files/a531bedf317b5ffe5a35d559b5c94cd9.jpg?w=500&auto=format", "slug": "tin-fun"}, "gas_fee": {"value": 0.0227, "raw_value": 22700000000000000, "usd": 69.8833, "payment_token": {"address": "0x0000000000000000000000000000000000000000", "symbol": "ETH", "decimals": 18}}, "price": {"value": 0.17, "raw_value": 170000000000000000, "usd": 522.4777203036232, "payment_token": {"address": "0x0000000000000000000000000000000000000000", "symbol": "ETH", "decimals": 18}}, "marketplace_path": ["blur"], "fees": [{"fee_type": "royalty", "recipient": "0x6650dc11f439f14d4dfbea75233bd9b0099a0647", "bps": 50, "price": {"value": 0.00085, "raw_value": 850000000000000, "usd": 2.621285, "payment_token": {"address": "0x0000000000a39bb272e79075ade125fd351887ac", "symbol": "BETH", "decimals": 18}}}], "trait_offer_target": null}, {"blockchain": "ETH", "sender": {"address": "0x458dbf62e68463fe0b14c0f8dd69e695d23ca0cb", "ens": null, "is_whale": false, "blockchain": "ETH", "is_contract": false, "is_blue_chip_holder": false, "is_super_blue_chip_holder": false, "is_multi_sign_wallet": false, "das": null, "alias": null}, "receiver": {"address": "0xf53feaeb035361c046e5669745695e450ebb4028", "ens": "orz-allinornothing.eth", "is_whale": true, "blockchain": "ETH", "is_contract": false, "is_blue_chip_holder": false, "is_super_blue_chip_holder": false, "is_multi_sign_wallet": false, "das": null, "alias": "orz-allinornothing.eth"}, "event": "transfer", "quantity": 1, "tx_hash": "0x9adee13db577d3efbf09306fe776b8eb4369a035d0a7b4694efcd364c88f29f7", "time": 1706772683, "nft": {"contract_address": "0xc274a97f1691ef390f662067e95a6eff1f99b504", "token_id": "392", "name": "TinFun #392", "blockchain": "ETH", "image": "https://lh3.googleusercontent.com/RGwiqkMl7-vWdDHf-ll_ilGoOhC48ZifDcnw9cnuaBuVWKIZNE8a4uMwm9KGXicOZ77BpTHoD7dCKcWdPdzO1v6jxF4WXrLjdg", "contract_type": "ERC721"}, "collection": {"collection_id": "65a13036c284b18008bd25b7", "name": "TinFun", "logo": "https://i.seadn.io/s/raw/files/a531bedf317b5ffe5a35d559b5c94cd9.jpg?w=500&auto=format", "slug": "tin-fun"}, "gas_fee": {"value": 0.0304, "raw_value": 30400000000000000, "usd": 68.998, "payment_token": {"address": "0x0000000000000000000000000000000000000000", "symbol": "ETH", "decimals": 18}}, "price": null, "marketplace_path": [], "fees": [], "trait_offer_target": null}, {"blockchain": "ETH", "sender": {"address": "0xd65c6be6cf3fb398fa5ecc5423002b0d8afd95a2", "ens": null, "is_whale": false, "blockchain": "ETH", "is_contract": false, "is_blue_chip_holder": false, "is_super_blue_chip_holder": false, "is_multi_sign_wallet": false, "das": null, "alias": null}, "receiver": {"address": "0x458dbf62e68463fe0b14c0f8dd69e695d23ca0cb", "ens": null, "is_whale": false, "blockchain": "ETH", "is_contract": false, "is_blue_chip_holder": false, "is_super_blue_chip_holder": false, "is_multi_sign_wallet": false, "das": null, "alias": null}, "event": "sale", "quantity": 1, "tx_hash": "0xc328e6db52a0dc9369cfe69d693247addb33a467a2b0b0a6bf849f05d0956ae2", "time": 1706088923, "nft": {"contract_address": "0xc274a97f1691ef390f662067e95a6eff1f99b504", "token_id": "392", "name": "TinFun #392", "blockchain": "ETH", "image": "https://lh3.googleusercontent.com/RGwiqkMl7-vWdDHf-ll_ilGoOhC48ZifDcnw9cnuaBuVWKIZNE8a4uMwm9KGXicOZ77BpTHoD7dCKcWdPdzO1v6jxF4WXrLjdg", "contract_type": "ERC721"}, "collection": {"collection_id": "65a13036c284b18008bd25b7", "name": "TinFun", "logo": "https://i.seadn.io/s/raw/files/a531bedf317b5ffe5a35d559b5c94cd9.jpg?w=500&auto=format", "slug": "tin-fun"}, "gas_fee": {"value": 0.0019, "raw_value": 1900000000000000, "usd": 4.2098, "payment_token": {"address": "0x0000000000000000000000000000000000000000", "symbol": "ETH", "decimals": 18}}, "price": {"value": 0.55, "raw_value": 550000000000000000, "usd": 1229.0603186411622, "payment_token": {"address": "0x0000000000000000000000000000000000000000", "symbol": "ETH", "decimals": 18}}, "marketplace_path": ["blur"], "fees": [{"fee_type": "royalty", "recipient": "0x6650dc11f439f14d4dfbea75233bd9b0099a0647", "bps": 50, "price": {"value": 0.00275, "raw_value": 2750000000000000, "usd": 6.132989, "payment_token": {"address": "0x0000000000a39bb272e79075ade125fd351887ac", "symbol": "BETH", "decimals": 18}}}], "trait_offer_target": null}]