[{"blockchain": "ETH", "sender": {"address": "0x73d30ba3dc4ffd17c28cc2d75d12e50df98f29cf", "ens": "nakiri.eth", "is_whale": false, "blockchain": "ETH", "is_contract": false, "is_blue_chip_holder": false, "is_super_blue_chip_holder": false, "is_multi_sign_wallet": false, "das": null, "alias": "nakiri.eth"}, "receiver": {"address": "0x8177e9fa379b85e01b2b30140ddc446b9875106a", "ens": null, "is_whale": false, "blockchain": "ETH", "is_contract": true, "is_blue_chip_holder": false, "is_super_blue_chip_holder": false, "is_multi_sign_wallet": false, "das": null, "alias": null}, "event": "transfer", "quantity": 1, "tx_hash": "0x2ee35e5bd039d2787121c760c4b0084f437416161e46a2ab30749fb5c8cb6033", "time": 1712988383, "nft": {"contract_address": "0xc274a97f1691ef390f662067e95a6eff1f99b504", "token_id": "9458", "name": "TinFun #9458", "blockchain": "ETH", "image": "https://lh3.googleusercontent.com/7dEpQjQ9i7JSoNkCPHoo872G5vURlVzV5MmMgFF_Xzzmj2QyxTe__gZPGGVwu2PY-kxiSq2qgb-4xCvtHs-cp8I8G2NI2QdU-cDo", "contract_type": "ERC721"}, "collection": {"collection_id": "65a13036c284b18008bd25b7", "name": "TinFun", "logo": "https://i.seadn.io/s/raw/files/a531bedf317b5ffe5a35d559b5c94cd9.jpg?w=500&auto=format", "slug": "tin-fun"}, "gas_fee": {"value": 0.0268, "raw_value": 26800000000000000, "usd": 86.9533, "payment_token": {"address": "0x0000000000000000000000000000000000000000", "symbol": "ETH", "decimals": 18}}, "price": null, "marketplace_path": [], "fees": [], "trait_offer_target": null}, {"blockchain": "ETH", "sender": {"address": "0x2a63dda6743f2acd1c2d35c1f036c78c29c1f81f", "ens": null, "is_whale": false, "blockchain": "ETH", "is_contract": false, "is_blue_chip_holder": false, "is_super_blue_chip_holder": false, "is_multi_sign_wallet": false, "das": null, "alias": null}, "receiver": {"address": "0x73d30ba3dc4ffd17c28cc2d75d12e50df98f29cf", "ens": "nakiri.eth", "is_whale": false, "blockchain": "ETH", "is_contract": false, "is_blue_chip_holder": false, "is_super_blue_chip_holder": false, "is_multi_sign_wallet": false, "das": null, "alias": "nakiri.eth"}, "event": "sale", "quantity": 1, "tx_hash": "0x1fb431371c4d56290df916a52f0091b908898754164d3bf9cc845bbfef5fb5d1", "time": 1711806671, "nft": {"contract_address": "0xc274a97f1691ef390f662067e95a6eff1f99b504", "token_id": "9458", "name": "TinFun #9458", "blockchain": "ETH", "image": "https://lh3.googleusercontent.com/7dEpQjQ9i7JSoNkCPHoo872G5vURlVzV5MmMgFF_Xzzmj2QyxTe__gZPGGVwu2PY-kxiSq2qgb-4xCvtHs-cp8I8G2NI2QdU-cDo", "contract_type": "ERC721"}, "collection": {"collection_id": "65a13036c284b18008bd25b7", "name": "TinFun", "logo": "https://i.seadn.io/s/raw/files/a531bedf317b5ffe5a35d559b5c94cd9.jpg?w=500&auto=format", "slug": "tin-fun"}, "gas_fee": {"value": 0.004, "raw_value": 4000000000000000, "usd": 14.2031, "payment_token": {"address": "0x0000000000000000000000000000000000000000", "symbol": "ETH", "decimals": 18}}, "price": {"value": 0.23, "raw_value": 230000000000000000, "usd": 817.1436732739796, "payment_token": {"address": "0x0000000000000000000000000000000000000000", "symbol": "ETH", "decimals": 18}}, "marketplace_path": ["blur"], "fees": [{"fee_type": "royalty", "recipient": "0x6650dc11f439f14d4dfbea75233bd9b0099a0647", "bps": 50, "price": {"value": 0.00115, "raw_value": 1150000000000000, "usd": 4.055872, "payment_token": {"address": "0x0000000000a39bb272e79075ade125fd351887ac", "symbol": "BETH", "decimals": 18}}}], "trait_offer_target": null}, {"blockchain": "ETH", "sender": {"address": "0x89995a0f98453b9b0442e5095297013f714b0c8e", "ens": "eatsleeprepeat.eth", "is_whale": false, "blockchain": "ETH", "is_contract": false, "is_blue_chip_holder": true, "is_super_blue_chip_holder": false, "is_multi_sign_wallet": false, "das": null, "alias": "eatsleeprepeat.eth"}, "receiver": {"address": "0x2a63dda6743f2acd1c2d35c1f036c78c29c1f81f", "ens": null, "is_whale": false, "blockchain": "ETH", "is_contract": false, "is_blue_chip_holder": false, "is_super_blue_chip_holder": false, "is_multi_sign_wallet": false, "das": null, "alias": null}, "event": "sale", "quantity": 1, "tx_hash": "0x3cddec04be837a3dd5b702712276a299763f4f1af1362faec5fe9eb67114e778", "time": 1711803431, "nft": {"contract_address": "0xc274a97f1691ef390f662067e95a6eff1f99b504", "token_id": "9458", "name": "TinFun #9458", "blockchain": "ETH", "image": "https://lh3.googleusercontent.com/7dEpQjQ9i7JSoNkCPHoo872G5vURlVzV5MmMgFF_Xzzmj2QyxTe__gZPGGVwu2PY-kxiSq2qgb-4xCvtHs-cp8I8G2NI2QdU-cDo", "contract_type": "ERC721"}, "collection": {"collection_id": "65a13036c284b18008bd25b7", "name": "TinFun", "logo": "https://i.seadn.io/s/raw/files/a531bedf317b5ffe5a35d559b5c94cd9.jpg?w=500&auto=format", "slug": "tin-fun"}, "gas_fee": {"value": 0.0032, "raw_value": 3200000000000000, "usd": 11.4959, "payment_token": {"address": "0x0000000000000000000000000000000000000000", "symbol": "ETH", "decimals": 18}}, "price": {"value": 0.23, "raw_value": 230000000000000000, "usd": 819.3681083191071, "payment_token": {"address": "0x0000000000000000000000000000000000000000", "symbol": "ETH", "decimals": 18}}, "marketplace_path": ["blur"], "fees": [{"fee_type": "royalty", "recipient": "0x6650dc11f439f14d4dfbea75233bd9b0099a0647", "bps": 50, "price": {"value": 0.00115, "raw_value": 1150000000000000, "usd": 4.042923, "payment_token": {"address": "0x0000000000a39bb272e79075ade125fd351887ac", "symbol": "BETH", "decimals": 18}}}], "trait_offer_target": null}, {"blockchain": "ETH", "sender": {"address": "0xc502c07f7f537f47470071fd59cd8287238761aa", "ens": null, "is_whale": false, "blockchain": "ETH", "is_contract": false, "is_blue_chip_holder": false, "is_super_blue_chip_holder": false, "is_multi_sign_wallet": false, "das": null, "alias": null}, "receiver": {"address": "0x89995a0f98453b9b0442e5095297013f714b0c8e", "ens": "eatsleeprepeat.eth", "is_whale": false, "blockchain": "ETH", "is_contract": false, "is_blue_chip_holder": true, "is_super_blue_chip_holder": false, "is_multi_sign_wallet": false, "das": null, "alias": "eatsleeprepeat.eth"}, "event": "sale", "quantity": 1, "tx_hash": "0x20cfdee0f55e8b8b7dff35ff90f93668bbb353d60e96f4fbebfe3d1bd11dd9ff", "time": 1709166215, "nft": {"contract_address": "0xc274a97f1691ef390f662067e95a6eff1f99b504", "token_id": "9458", "name": "TinFun #9458", "blockchain": "ETH", "image": "https://lh3.googleusercontent.com/7dEpQjQ9i7JSoNkCPHoo872G5vURlVzV5MmMgFF_Xzzmj2QyxTe__gZPGGVwu2PY-kxiSq2qgb-4xCvtHs-cp8I8G2NI2QdU-cDo", "contract_type": "ERC721"}, "collection": {"collection_id": "65a13036c284b18008bd25b7", "name": "TinFun", "logo": "https://i.seadn.io/s/raw/files/a531bedf317b5ffe5a35d559b5c94cd9.jpg?w=500&auto=format", "slug": "tin-fun"}, "gas_fee": {"value": 0.0087, "raw_value": 8699999999999999, "usd": 29.4472, "payment_token": {"address": "0x0000000000000000000000000000000000000000", "symbol": "ETH", "decimals": 18}}, "price": {"value": 0.2499, "raw_value": 249900000000000000, "usd": 846.361986879867, "payment_token": {"address": "0x0000000000000000000000000000000000000000", "symbol": "ETH", "decimals": 18}}, "marketplace_path": ["blur-aggregator", "blur"], "fees": [{"fee_type": "royalty", "recipient": "0x6650dc11f439f14d4dfbea75233bd9b0099a0647", "bps": 50, "price": {"value": 0.001249, "raw_value": 1249500000000000, "usd": 4.153223, "payment_token": {"address": "0x0000000000000000000000000000000000000000", "symbol": "ETH", "decimals": 18}}}], "trait_offer_target": null}, {"blockchain": "ETH", "sender": {"address": "0x5e8d4113c418e8d02831426e98397b7629748bb7", "ens": "grandaddy.eth", "is_whale": false, "blockchain": "ETH", "is_contract": false, "is_blue_chip_holder": false, "is_super_blue_chip_holder": false, "is_multi_sign_wallet": false, "das": null, "alias": "grandaddy.eth"}, "receiver": {"address": "0xc502c07f7f537f47470071fd59cd8287238761aa", "ens": null, "is_whale": false, "blockchain": "ETH", "is_contract": false, "is_blue_chip_holder": false, "is_super_blue_chip_holder": false, "is_multi_sign_wallet": false, "das": null, "alias": null}, "event": "sale", "quantity": 1, "tx_hash": "0x1defb7c84ca5ceaf22671f3f4e9f41a4bcbfa103304009632d87c7b91c5c76d1", "time": 1709162399, "nft": {"contract_address": "0xc274a97f1691ef390f662067e95a6eff1f99b504", "token_id": "9458", "name": "TinFun #9458", "blockchain": "ETH", "image": "https://lh3.googleusercontent.com/7dEpQjQ9i7JSoNkCPHoo872G5vURlVzV5MmMgFF_Xzzmj2QyxTe__gZPGGVwu2PY-kxiSq2qgb-4xCvtHs-cp8I8G2NI2QdU-cDo", "contract_type": "ERC721"}, "collection": {"collection_id": "65a13036c284b18008bd25b7", "name": "TinFun", "logo": "https://i.seadn.io/s/raw/files/a531bedf317b5ffe5a35d559b5c94cd9.jpg?w=500&auto=format", "slug": "tin-fun"}, "gas_fee": {"value": 0.0332, "raw_value": 33200000000000000, "usd": 110.8317, "payment_token": {"address": "0x0000000000000000000000000000000000000000", "symbol": "ETH", "decimals": 18}}, "price": {"value": 0.25, "raw_value": 250000000000000000, "usd": 835.5102553855153, "payment_token": {"address": "0x0000000000000000000000000000000000000000", "symbol": "ETH", "decimals": 18}}, "marketplace_path": ["blur"], "fees": [{"fee_type": "royalty", "recipient": "0x6650dc11f439f14d4dfbea75233bd9b0099a0647", "bps": 50, "price": {"value": 0.00125, "raw_value": 1250000000000000, "usd": 4.120725, "payment_token": {"address": "0x0000000000a39bb272e79075ade125fd351887ac", "symbol": "BETH", "decimals": 18}}}], "trait_offer_target": null}, {"blockchain": "ETH", "sender": {"address": "0x81b2375c78be9efc7cf0564ee22aa5768aee583d", "ens": "babyfish.eth", "is_whale": false, "blockchain": "ETH", "is_contract": false, "is_blue_chip_holder": false, "is_super_blue_chip_holder": false, "is_multi_sign_wallet": false, "das": null, "alias": "babyfish.eth"}, "receiver": {"address": "0x5e8d4113c418e8d02831426e98397b7629748bb7", "ens": "grandaddy.eth", "is_whale": false, "blockchain": "ETH", "is_contract": false, "is_blue_chip_holder": false, "is_super_blue_chip_holder": false, "is_multi_sign_wallet": false, "das": null, "alias": "grandaddy.eth"}, "event": "sale", "quantity": 1, "tx_hash": "0xe0f72cf9b5b0b6f25c10a0254ae16b693c034276eadd549070ddf695696ab6f8", "time": 1705365587, "nft": {"contract_address": "0xc274a97f1691ef390f662067e95a6eff1f99b504", "token_id": "9458", "name": "TinFun #9458", "blockchain": "ETH", "image": "https://lh3.googleusercontent.com/7dEpQjQ9i7JSoNkCPHoo872G5vURlVzV5MmMgFF_Xzzmj2QyxTe__gZPGGVwu2PY-kxiSq2qgb-4xCvtHs-cp8I8G2NI2QdU-cDo", "contract_type": "ERC721"}, "collection": {"collection_id": "65a13036c284b18008bd25b7", "name": "TinFun", "logo": "https://i.seadn.io/s/raw/files/a531bedf317b5ffe5a35d559b5c94cd9.jpg?w=500&auto=format", "slug": "tin-fun"}, "gas_fee": {"value": 0.0174, "raw_value": 17399999999999998, "usd": 43.6913, "payment_token": {"address": "0x0000000000000000000000000000000000000000", "symbol": "ETH", "decimals": 18}}, "price": {"value": 0.809, "raw_value": 809000000000000000, "usd": 2031.0974957900419, "payment_token": {"address": "0x0000000000000000000000000000000000000000", "symbol": "ETH", "decimals": 18}}, "marketplace_path": ["blur-aggregator", "blur"], "fees": [{"fee_type": "royalty", "recipient": "0x6650dc11f439f14d4dfbea75233bd9b0099a0647", "bps": 500, "price": {"value": 0.04045, "raw_value": 40450000000000000, "usd": 101.946494, "payment_token": {"address": "0x0000000000000000000000000000000000000000", "symbol": "ETH", "decimals": 18}}}], "trait_offer_target": null}]