[{"blockchain": "ETH", "sender": {"address": "0xbfb6ab0a27926d8591a62e188ab1bef7791fe9a2", "ens": null, "is_whale": false, "blockchain": "ETH", "is_contract": false, "is_blue_chip_holder": false, "is_super_blue_chip_holder": false, "is_multi_sign_wallet": false, "das": null, "alias": null}, "receiver": {"address": "0xea9fe0347c518e0697941a8f2eb7ea396516609b", "ens": null, "is_whale": false, "blockchain": "ETH", "is_contract": false, "is_blue_chip_holder": false, "is_super_blue_chip_holder": false, "is_multi_sign_wallet": false, "das": null, "alias": null}, "event": "transfer", "quantity": 1, "tx_hash": "0xdd8d462ee446695273adb711db0cee7f972af652099217e03dbbc90b15faf545", "time": 1705065587, "nft": {"contract_address": "0xc274a97f1691ef390f662067e95a6eff1f99b504", "token_id": "2633", "name": "TinFun #2633", "blockchain": "ETH", "image": "https://lh3.googleusercontent.com/Rjuib-k3BcoGzvv60xb7Jexu0wRxl3iU-ptk6fv9eXUkYHyNLxZpAi-V3Ia7khI66qSqVUr8bRZ1xQOIGZ2gz3GbCJ1PYvBS8pE", "contract_type": "ERC721"}, "collection": {"collection_id": "65a13036c284b18008bd25b7", "name": "TinFun", "logo": "https://i.seadn.io/s/raw/files/a531bedf317b5ffe5a35d559b5c94cd9.jpg?w=500&auto=format", "slug": "tin-fun"}, "gas_fee": {"value": 0.0017, "raw_value": 1700000000000000, "usd": 4.4382, "payment_token": {"address": "0x0000000000000000000000000000000000000000", "symbol": "ETH", "decimals": 18}}, "price": null, "marketplace_path": [], "fees": [], "trait_offer_target": null}]