[{"blockchain": "ETH", "sender": {"address": "0x7e0b2d25b1906dbfc3cb80b792f9d13f8883d06e", "ens": null, "is_whale": false, "blockchain": "ETH", "is_contract": false, "is_blue_chip_holder": false, "is_super_blue_chip_holder": false, "is_multi_sign_wallet": false, "das": null, "alias": null}, "receiver": {"address": "0x8177e9fa379b85e01b2b30140ddc446b9875106a", "ens": null, "is_whale": false, "blockchain": "ETH", "is_contract": true, "is_blue_chip_holder": false, "is_super_blue_chip_holder": false, "is_multi_sign_wallet": false, "das": null, "alias": null}, "event": "transfer", "quantity": 1, "tx_hash": "0x78837f764e5d7a75f69b726d7c3de85dcf7c018228dc54163d46e4fe038af956", "time": 1712589407, "nft": {"contract_address": "0xc274a97f1691ef390f662067e95a6eff1f99b504", "token_id": "4051", "name": "TinFun #4051", "blockchain": "ETH", "image": "https://lh3.googleusercontent.com/HTgh19nGU_kEprXTEt6VBM9l1hO58C42yvDc-UoUrLH2qwRJGvtVpSItK3JFkHgidkSRy05mRyX547C7C80oS9d6zwEpBQ52QkPb", "contract_type": "ERC721"}, "collection": {"collection_id": "65a13036c284b18008bd25b7", "name": "TinFun", "logo": "https://i.seadn.io/s/raw/files/a531bedf317b5ffe5a35d559b5c94cd9.jpg?w=500&auto=format", "slug": "tin-fun"}, "gas_fee": {"value": 0.0023, "raw_value": 2300000000000000, "usd": 8.4435, "payment_token": {"address": "0x0000000000000000000000000000000000000000", "symbol": "ETH", "decimals": 18}}, "price": null, "marketplace_path": [], "fees": [], "trait_offer_target": null}, {"blockchain": "ETH", "sender": {"address": "0x3fb65feeab83bf60b0d1ffbc4217d2d97a35c8d4", "ens": "chungster.eth", "is_whale": false, "blockchain": "ETH", "is_contract": false, "is_blue_chip_holder": true, "is_super_blue_chip_holder": false, "is_multi_sign_wallet": false, "das": null, "alias": "chungster.eth"}, "receiver": {"address": "0x7e0b2d25b1906dbfc3cb80b792f9d13f8883d06e", "ens": null, "is_whale": false, "blockchain": "ETH", "is_contract": false, "is_blue_chip_holder": false, "is_super_blue_chip_holder": false, "is_multi_sign_wallet": false, "das": null, "alias": null}, "event": "sale", "quantity": 1, "tx_hash": "0xe460481688b608dd92aa49867f756c29ddd3055382f5fd1a931314be1e09614a", "time": 1705082771, "nft": {"contract_address": "0xc274a97f1691ef390f662067e95a6eff1f99b504", "token_id": "4051", "name": "TinFun #4051", "blockchain": "ETH", "image": "https://lh3.googleusercontent.com/HTgh19nGU_kEprXTEt6VBM9l1hO58C42yvDc-UoUrLH2qwRJGvtVpSItK3JFkHgidkSRy05mRyX547C7C80oS9d6zwEpBQ52QkPb", "contract_type": "ERC721"}, "collection": {"collection_id": "65a13036c284b18008bd25b7", "name": "TinFun", "logo": "https://i.seadn.io/s/raw/files/a531bedf317b5ffe5a35d559b5c94cd9.jpg?w=500&auto=format", "slug": "tin-fun"}, "gas_fee": {"value": 0.0056, "raw_value": 5600000000000000, "usd": 14.659, "payment_token": {"address": "0x0000000000000000000000000000000000000000", "symbol": "ETH", "decimals": 18}}, "price": {"value": 0.785, "raw_value": 785000000000000000, "usd": 2040.7828250464609, "payment_token": {"address": "0x0000000000000000000000000000000000000000", "symbol": "ETH", "decimals": 18}}, "marketplace_path": ["blur-aggregator", "blur"], "fees": [{"fee_type": "royalty", "recipient": "0x6650dc11f439f14d4dfbea75233bd9b0099a0647", "bps": 50, "price": {"value": 0.003925, "raw_value": 3925000000000000, "usd": 10.387333, "payment_token": {"address": "0x0000000000000000000000000000000000000000", "symbol": "ETH", "decimals": 18}}}], "trait_offer_target": null}]