[{"blockchain": "ETH", "sender": {"address": "0x86a7d7312e1fbf2ca8aee913e2e2574700141234", "ens": null, "is_whale": false, "blockchain": "ETH", "is_contract": false, "is_blue_chip_holder": false, "is_super_blue_chip_holder": false, "is_multi_sign_wallet": false, "das": null, "alias": null}, "receiver": {"address": "0x8177e9fa379b85e01b2b30140ddc446b9875106a", "ens": null, "is_whale": false, "blockchain": "ETH", "is_contract": true, "is_blue_chip_holder": false, "is_super_blue_chip_holder": false, "is_multi_sign_wallet": false, "das": null, "alias": null}, "event": "transfer", "quantity": 1, "tx_hash": "0x3e59401cbb99f43beebc4765e761fa7f99f522afb58da36bb70909054133612f", "time": 1711894055, "nft": {"contract_address": "0xc274a97f1691ef390f662067e95a6eff1f99b504", "token_id": "5050", "name": "TinFun #5050", "blockchain": "ETH", "image": "https://lh3.googleusercontent.com/14YRdER5X_yKjBnrQxk2nSNml5w3s6MjJF3DTnlZ4sMOvgrle2NaEzvKVx9Cl4agp6J-jE20fgWpnhPekDWMP8nCtkpGX86icQ", "contract_type": "ERC721"}, "collection": {"collection_id": "65a13036c284b18008bd25b7", "name": "TinFun", "logo": "https://i.seadn.io/s/raw/files/a531bedf317b5ffe5a35d559b5c94cd9.jpg?w=500&auto=format", "slug": "tin-fun"}, "gas_fee": {"value": 0.0018, "raw_value": 1800000000000000, "usd": 6.6456, "payment_token": {"address": "0x0000000000000000000000000000000000000000", "symbol": "ETH", "decimals": 18}}, "price": null, "marketplace_path": [], "fees": [], "trait_offer_target": null}, {"blockchain": "ETH", "sender": {"address": "0x13fb50d884a89d7234f869ee8c86fb8970000002", "ens": null, "is_whale": false, "blockchain": "ETH", "is_contract": false, "is_blue_chip_holder": false, "is_super_blue_chip_holder": false, "is_multi_sign_wallet": false, "das": null, "alias": null}, "receiver": {"address": "0x86a7d7312e1fbf2ca8aee913e2e2574700141234", "ens": null, "is_whale": false, "blockchain": "ETH", "is_contract": false, "is_blue_chip_holder": false, "is_super_blue_chip_holder": false, "is_multi_sign_wallet": false, "das": null, "alias": null}, "event": "transfer", "quantity": 1, "tx_hash": "0x98e4e4fe15371e846f45efa6adac060b8e6768b098a54da69c34bd06d111f3b8", "time": 1705063271, "nft": {"contract_address": "0xc274a97f1691ef390f662067e95a6eff1f99b504", "token_id": "5050", "name": "TinFun #5050", "blockchain": "ETH", "image": "https://lh3.googleusercontent.com/14YRdER5X_yKjBnrQxk2nSNml5w3s6MjJF3DTnlZ4sMOvgrle2NaEzvKVx9Cl4agp6J-jE20fgWpnhPekDWMP8nCtkpGX86icQ", "contract_type": "ERC721"}, "collection": {"collection_id": "65a13036c284b18008bd25b7", "name": "TinFun", "logo": "https://i.seadn.io/s/raw/files/a531bedf317b5ffe5a35d559b5c94cd9.jpg?w=500&auto=format", "slug": "tin-fun"}, "gas_fee": {"value": 0.0049, "raw_value": 4900000000000000, "usd": 13.0651, "payment_token": {"address": "0x0000000000000000000000000000000000000000", "symbol": "ETH", "decimals": 18}}, "price": null, "marketplace_path": [], "fees": [], "trait_offer_target": null}]