[{"blockchain": "ETH", "sender": {"address": "0xa68d61cc389fc895adcb1a70f12e7b91147451bf", "ens": "iampeterparker.eth", "is_whale": false, "blockchain": "ETH", "is_contract": false, "is_blue_chip_holder": false, "is_super_blue_chip_holder": false, "is_multi_sign_wallet": false, "das": null, "alias": "iampeterparker.eth"}, "receiver": {"address": "0x59be36e3218dff2ce7b72a5afc3a0d6663c8e1d6", "ens": "fdezrichy.eth", "is_whale": false, "blockchain": "ETH", "is_contract": false, "is_blue_chip_holder": false, "is_super_blue_chip_holder": false, "is_multi_sign_wallet": false, "das": null, "alias": "fdezrichy.eth"}, "event": "sale", "quantity": 1, "tx_hash": "0x2ae1823f4f6b3fa7cbf5fe0a08c671e269164992b3f2cead67d15d966a66abf2", "time": 1705096763, "nft": {"contract_address": "0xc274a97f1691ef390f662067e95a6eff1f99b504", "token_id": "388", "name": "TinFun #388", "blockchain": "ETH", "image": "https://lh3.googleusercontent.com/gLSjagav-XEFqow9XpfMHYnf39eMO7457PQkAMG2oKUUCjKn9T9Qo7MF5iT1uSQEpW6c2ZHnt2I8v6JR8BNUDOFMKi6NMDLgAg", "contract_type": "ERC721"}, "collection": {"collection_id": "65a13036c284b18008bd25b7", "name": "TinFun", "logo": "https://i.seadn.io/s/raw/files/a531bedf317b5ffe5a35d559b5c94cd9.jpg?w=500&auto=format", "slug": "tin-fun"}, "gas_fee": {"value": 0.0048, "raw_value": 4800000000000000, "usd": 12.3538, "payment_token": {"address": "0x0000000000000000000000000000000000000000", "symbol": "ETH", "decimals": 18}}, "price": {"value": 0.739, "raw_value": 739000000000000000, "usd": 1898.8587966335447, "payment_token": {"address": "0x0000000000000000000000000000000000000000", "symbol": "ETH", "decimals": 18}}, "marketplace_path": ["blur-aggregator", "blur"], "fees": [{"fee_type": "royalty", "recipient": "0x6650dc11f439f14d4dfbea75233bd9b0099a0647", "bps": 50, "price": {"value": 0.003695, "raw_value": 3695000000000000, "usd": 9.58522, "payment_token": {"address": "0x0000000000000000000000000000000000000000", "symbol": "ETH", "decimals": 18}}}], "trait_offer_target": null}]