[{"blockchain": "ETH", "sender": {"address": "0x545a5dc043a47f95eed940f7821fed5ccedd841b", "ens": null, "is_whale": false, "blockchain": "ETH", "is_contract": false, "is_blue_chip_holder": false, "is_super_blue_chip_holder": false, "is_multi_sign_wallet": false, "das": null, "alias": null}, "receiver": {"address": "0x8177e9fa379b85e01b2b30140ddc446b9875106a", "ens": null, "is_whale": false, "blockchain": "ETH", "is_contract": true, "is_blue_chip_holder": false, "is_super_blue_chip_holder": false, "is_multi_sign_wallet": false, "das": null, "alias": null}, "event": "transfer", "quantity": 1, "tx_hash": "0x9dd90551db95e3134bbd0ee108f6684eaac51d65f29ab63779a2b49ad3888a7b", "time": 1712990651, "nft": {"contract_address": "0xc274a97f1691ef390f662067e95a6eff1f99b504", "token_id": "1746", "name": "TinFun #1746", "blockchain": "ETH", "image": "https://lh3.googleusercontent.com/U43z57Uf7x5wiidgUCm3qhj-EEEyhHFMJMH4oE_ojxuLenfUfitKJSFrPk9wNMA4GetzxAvhyEcbdQuBmhLAwozbvakLfvZNZHKZ", "contract_type": "ERC721"}, "collection": {"collection_id": "65a13036c284b18008bd25b7", "name": "TinFun", "logo": "https://i.seadn.io/s/raw/files/a531bedf317b5ffe5a35d559b5c94cd9.jpg?w=500&auto=format", "slug": "tin-fun"}, "gas_fee": {"value": 0.0024, "raw_value": 2400000000000000, "usd": 7.9027, "payment_token": {"address": "0x0000000000000000000000000000000000000000", "symbol": "ETH", "decimals": 18}}, "price": null, "marketplace_path": [], "fees": [], "trait_offer_target": null}, {"blockchain": "ETH", "sender": {"address": "0xe7f4beb5bb91d8d186b8e0ad0693444d2679627a", "ens": null, "is_whale": false, "blockchain": "ETH", "is_contract": false, "is_blue_chip_holder": false, "is_super_blue_chip_holder": false, "is_multi_sign_wallet": false, "das": null, "alias": null}, "receiver": {"address": "0x545a5dc043a47f95eed940f7821fed5ccedd841b", "ens": null, "is_whale": false, "blockchain": "ETH", "is_contract": false, "is_blue_chip_holder": false, "is_super_blue_chip_holder": false, "is_multi_sign_wallet": false, "das": null, "alias": null}, "event": "transfer", "quantity": 1, "tx_hash": "0x2d809baa0ff9f9b325c84879ae20602f274c7a7a8e828f17f8f3f7862e6b792e", "time": 1705063475, "nft": {"contract_address": "0xc274a97f1691ef390f662067e95a6eff1f99b504", "token_id": "1746", "name": "TinFun #1746", "blockchain": "ETH", "image": "https://lh3.googleusercontent.com/U43z57Uf7x5wiidgUCm3qhj-EEEyhHFMJMH4oE_ojxuLenfUfitKJSFrPk9wNMA4GetzxAvhyEcbdQuBmhLAwozbvakLfvZNZHKZ", "contract_type": "ERC721"}, "collection": {"collection_id": "65a13036c284b18008bd25b7", "name": "TinFun", "logo": "https://i.seadn.io/s/raw/files/a531bedf317b5ffe5a35d559b5c94cd9.jpg?w=500&auto=format", "slug": "tin-fun"}, "gas_fee": {"value": 0.016, "raw_value": 16000000000000000, "usd": 42.3269, "payment_token": {"address": "0x0000000000000000000000000000000000000000", "symbol": "ETH", "decimals": 18}}, "price": null, "marketplace_path": [], "fees": [], "trait_offer_target": null}]