[{"blockchain": "ETH", "sender": {"address": "0x279d04bb8e72af9e7dc56adb3aa7caa7e4efe188", "ens": null, "is_whale": false, "blockchain": "ETH", "is_contract": false, "is_blue_chip_holder": false, "is_super_blue_chip_holder": false, "is_multi_sign_wallet": false, "das": null, "alias": null}, "receiver": {"address": "0x89365f777f09f64fe44fdf29b28fe2f93b0e64af", "ens": null, "is_whale": false, "blockchain": "ETH", "is_contract": false, "is_blue_chip_holder": false, "is_super_blue_chip_holder": false, "is_multi_sign_wallet": false, "das": null, "alias": null}, "event": "sale", "quantity": 1, "tx_hash": "0x0caaf70a66be8a1fae1c7696541616e55d9adb538d0e946182f32510bd4ba351", "time": 1711493375, "nft": {"contract_address": "0xc274a97f1691ef390f662067e95a6eff1f99b504", "token_id": "5841", "name": "TinFun #5841", "blockchain": "ETH", "image": "https://lh3.googleusercontent.com/qazpxwX0K-APAmaU07fFxwt9Zh7R00BRGOox9gEHbYTYoadSeXaMYMFqG3T7BV6KxZlaLBqoXY6xyTLiF6iceqbFyuafWgeawN8", "contract_type": "ERC721"}, "collection": {"collection_id": "65a13036c284b18008bd25b7", "name": "TinFun", "logo": "https://i.seadn.io/s/raw/files/a531bedf317b5ffe5a35d559b5c94cd9.jpg?w=500&auto=format", "slug": "tin-fun"}, "gas_fee": {"value": 0.0131, "raw_value": 13100000000000000, "usd": 46.8297, "payment_token": {"address": "0x0000000000000000000000000000000000000000", "symbol": "ETH", "decimals": 18}}, "price": {"value": 0.199, "raw_value": 199000000000000000, "usd": 714.0084377221372, "payment_token": {"address": "0x0000000000000000000000000000000000000000", "symbol": "ETH", "decimals": 18}}, "marketplace_path": ["opensea"], "fees": [{"fee_type": "royalty", "recipient": "0x6650dc11f439f14d4dfbea75233bd9b0099a0647", "bps": 500, "price": {"value": 0.00995, "raw_value": 9950000000000000, "usd": 35.455594, "payment_token": {"address": "0x0000000000000000000000000000000000000000", "symbol": "ETH", "decimals": 18}}}], "trait_offer_target": null}, {"blockchain": "ETH", "sender": {"address": "0x0b1e06ede8428baff62686fc0c3b77f278dccd04", "ens": null, "is_whale": false, "blockchain": "ETH", "is_contract": false, "is_blue_chip_holder": false, "is_super_blue_chip_holder": false, "is_multi_sign_wallet": false, "das": null, "alias": null}, "receiver": {"address": "0x279d04bb8e72af9e7dc56adb3aa7caa7e4efe188", "ens": null, "is_whale": false, "blockchain": "ETH", "is_contract": false, "is_blue_chip_holder": false, "is_super_blue_chip_holder": false, "is_multi_sign_wallet": false, "das": null, "alias": null}, "event": "sale", "quantity": 1, "tx_hash": "0xceced0051012170b04da9ed2a6b08a64e167c5d2ef9faad3ab37110927a05899", "time": 1709031971, "nft": {"contract_address": "0xc274a97f1691ef390f662067e95a6eff1f99b504", "token_id": "5841", "name": "TinFun #5841", "blockchain": "ETH", "image": "https://lh3.googleusercontent.com/qazpxwX0K-APAmaU07fFxwt9Zh7R00BRGOox9gEHbYTYoadSeXaMYMFqG3T7BV6KxZlaLBqoXY6xyTLiF6iceqbFyuafWgeawN8", "contract_type": "ERC721"}, "collection": {"collection_id": "65a13036c284b18008bd25b7", "name": "TinFun", "logo": "https://i.seadn.io/s/raw/files/a531bedf317b5ffe5a35d559b5c94cd9.jpg?w=500&auto=format", "slug": "tin-fun"}, "gas_fee": {"value": 0.0113, "raw_value": 11300000000000000, "usd": 36.7466, "payment_token": {"address": "0x0000000000000000000000000000000000000000", "symbol": "ETH", "decimals": 18}}, "price": {"value": 0.277, "raw_value": 277000000000000000, "usd": 903.4968222402443, "payment_token": {"address": "0x0000000000000000000000000000000000000000", "symbol": "ETH", "decimals": 18}}, "marketplace_path": ["blur"], "fees": [{"fee_type": "royalty", "recipient": "0x6650dc11f439f14d4dfbea75233bd9b0099a0647", "bps": 50, "price": {"value": 0.001385, "raw_value": 1385000000000000, "usd": 4.462219, "payment_token": {"address": "0x0000000000000000000000000000000000000000", "symbol": "ETH", "decimals": 18}}}], "trait_offer_target": null}, {"blockchain": "ETH", "sender": {"address": "0x56e9a4f31079eed1d91ab6db850c06795caba483", "ens": null, "is_whale": false, "blockchain": "ETH", "is_contract": false, "is_blue_chip_holder": false, "is_super_blue_chip_holder": false, "is_multi_sign_wallet": false, "das": null, "alias": null}, "receiver": {"address": "0x0b1e06ede8428baff62686fc0c3b77f278dccd04", "ens": null, "is_whale": false, "blockchain": "ETH", "is_contract": false, "is_blue_chip_holder": false, "is_super_blue_chip_holder": false, "is_multi_sign_wallet": false, "das": null, "alias": null}, "event": "sale", "quantity": 1, "tx_hash": "0x99ae7755e39fad7e07cb2b398a1edced301856c659f8944d8cb9948a6f1855cc", "time": 1708786187, "nft": {"contract_address": "0xc274a97f1691ef390f662067e95a6eff1f99b504", "token_id": "5841", "name": "TinFun #5841", "blockchain": "ETH", "image": "https://lh3.googleusercontent.com/qazpxwX0K-APAmaU07fFxwt9Zh7R00BRGOox9gEHbYTYoadSeXaMYMFqG3T7BV6KxZlaLBqoXY6xyTLiF6iceqbFyuafWgeawN8", "contract_type": "ERC721"}, "collection": {"collection_id": "65a13036c284b18008bd25b7", "name": "TinFun", "logo": "https://i.seadn.io/s/raw/files/a531bedf317b5ffe5a35d559b5c94cd9.jpg?w=500&auto=format", "slug": "tin-fun"}, "gas_fee": {"value": 0.0053, "raw_value": 5300000000000000, "usd": 15.6927, "payment_token": {"address": "0x0000000000000000000000000000000000000000", "symbol": "ETH", "decimals": 18}}, "price": {"value": 0.469, "raw_value": 469000000000000000, "usd": 1390.8950463046488, "payment_token": {"address": "0x0000000000000000000000000000000000000000", "symbol": "ETH", "decimals": 18}}, "marketplace_path": ["blur"], "fees": [{"fee_type": "royalty", "recipient": "0x6650dc11f439f14d4dfbea75233bd9b0099a0647", "bps": 50, "price": {"value": 0.002345, "raw_value": 2345000000000000, "usd": 6.943937, "payment_token": {"address": "0x0000000000000000000000000000000000000000", "symbol": "ETH", "decimals": 18}}}], "trait_offer_target": null}]