[{"blockchain": "ETH", "sender": {"address": "0x5af52b96375bbb9dbc9d6f5c40a4c76d07e81ace", "ens": null, "is_whale": false, "blockchain": "ETH", "is_contract": false, "is_blue_chip_holder": false, "is_super_blue_chip_holder": false, "is_multi_sign_wallet": false, "das": null, "alias": null}, "receiver": {"address": "0x8177e9fa379b85e01b2b30140ddc446b9875106a", "ens": null, "is_whale": false, "blockchain": "ETH", "is_contract": true, "is_blue_chip_holder": false, "is_super_blue_chip_holder": false, "is_multi_sign_wallet": false, "das": null, "alias": null}, "event": "transfer", "quantity": 1, "tx_hash": "0x56e2721786e19d5c8152a5d5f8a2d7654747222961c0e0569b4395bb607edc89", "time": 1711755815, "nft": {"contract_address": "0xc274a97f1691ef390f662067e95a6eff1f99b504", "token_id": "2263", "name": "TinFun #2263", "blockchain": "ETH", "image": "https://lh3.googleusercontent.com/ciQxG8l7-J8LQ3yontRYkQvghBpTGUpnmbP8tLA4LU9YhXuX6B137h6NBL6USVA-COpbINitJ7mErjxcCXAfPqGHEih-ZmOL7g", "contract_type": "ERC721"}, "collection": {"collection_id": "65a13036c284b18008bd25b7", "name": "TinFun", "logo": "https://i.seadn.io/s/raw/files/a531bedf317b5ffe5a35d559b5c94cd9.jpg?w=500&auto=format", "slug": "tin-fun"}, "gas_fee": {"value": 0.0018, "raw_value": 1800000000000000, "usd": 6.4606, "payment_token": {"address": "0x0000000000000000000000000000000000000000", "symbol": "ETH", "decimals": 18}}, "price": null, "marketplace_path": [], "fees": [], "trait_offer_target": null}, {"blockchain": "ETH", "sender": {"address": "0xef0b56692f78a44cf4034b07f80204757c31bcc9", "ens": null, "is_whale": false, "blockchain": "ETH", "is_contract": true, "is_blue_chip_holder": false, "is_super_blue_chip_holder": false, "is_multi_sign_wallet": false, "das": null, "alias": null}, "receiver": {"address": "0x5af52b96375bbb9dbc9d6f5c40a4c76d07e81ace", "ens": null, "is_whale": false, "blockchain": "ETH", "is_contract": false, "is_blue_chip_holder": false, "is_super_blue_chip_holder": false, "is_multi_sign_wallet": false, "das": null, "alias": null}, "event": "transfer", "quantity": 1, "tx_hash": "0xcf3d2a6fa42299962c4dbd2bfd72c41f81cdb16969e4ddf83fe388f5f739c99e", "time": 1711755587, "nft": {"contract_address": "0xc274a97f1691ef390f662067e95a6eff1f99b504", "token_id": "2263", "name": "TinFun #2263", "blockchain": "ETH", "image": "https://lh3.googleusercontent.com/ciQxG8l7-J8LQ3yontRYkQvghBpTGUpnmbP8tLA4LU9YhXuX6B137h6NBL6USVA-COpbINitJ7mErjxcCXAfPqGHEih-ZmOL7g", "contract_type": "ERC721"}, "collection": {"collection_id": "65a13036c284b18008bd25b7", "name": "TinFun", "logo": "https://i.seadn.io/s/raw/files/a531bedf317b5ffe5a35d559b5c94cd9.jpg?w=500&auto=format", "slug": "tin-fun"}, "gas_fee": {"value": 0.0047, "raw_value": 4700000000000000, "usd": 16.6041, "payment_token": {"address": "0x0000000000000000000000000000000000000000", "symbol": "ETH", "decimals": 18}}, "price": null, "marketplace_path": [], "fees": [{"fee_type": "marketplace", "recipient": "0x0000a26b00c1f0df003000390027140000faa719", "bps": 50, "price": {"value": 0.001244, "raw_value": 1244000000000000, "usd": 4.349429, "payment_token": {"address": "0x0000000000000000000000000000000000000000", "symbol": "ETH", "decimals": 18}}}], "trait_offer_target": null}, {"blockchain": "ETH", "sender": {"address": "0x7b7d68358380ad0adfe8a40b265efd00b6b0b0ad", "ens": null, "is_whale": false, "blockchain": "ETH", "is_contract": false, "is_blue_chip_holder": false, "is_super_blue_chip_holder": false, "is_multi_sign_wallet": false, "das": null, "alias": null}, "receiver": {"address": "0xef0b56692f78a44cf4034b07f80204757c31bcc9", "ens": null, "is_whale": false, "blockchain": "ETH", "is_contract": true, "is_blue_chip_holder": false, "is_super_blue_chip_holder": false, "is_multi_sign_wallet": false, "das": null, "alias": null}, "event": "sale", "quantity": 1, "tx_hash": "0xcf3d2a6fa42299962c4dbd2bfd72c41f81cdb16969e4ddf83fe388f5f739c99e", "time": 1711755587, "nft": {"contract_address": "0xc274a97f1691ef390f662067e95a6eff1f99b504", "token_id": "2263", "name": "TinFun #2263", "blockchain": "ETH", "image": "https://lh3.googleusercontent.com/ciQxG8l7-J8LQ3yontRYkQvghBpTGUpnmbP8tLA4LU9YhXuX6B137h6NBL6USVA-COpbINitJ7mErjxcCXAfPqGHEih-ZmOL7g", "contract_type": "ERC721"}, "collection": {"collection_id": "65a13036c284b18008bd25b7", "name": "TinFun", "logo": "https://i.seadn.io/s/raw/files/a531bedf317b5ffe5a35d559b5c94cd9.jpg?w=500&auto=format", "slug": "tin-fun"}, "gas_fee": {"value": 0.0047, "raw_value": 4700000000000000, "usd": 16.6041, "payment_token": {"address": "0x0000000000000000000000000000000000000000", "symbol": "ETH", "decimals": 18}}, "price": {"value": 0.2488, "raw_value": 248800000000000000, "usd": 876.1529673085932, "payment_token": {"address": "0x0000000000000000000000000000000000000000", "symbol": "ETH", "decimals": 18}}, "marketplace_path": ["opensea"], "fees": [{"fee_type": "marketplace", "recipient": "0x0000a26b00c1f0df003000390027140000faa719", "bps": 50, "price": {"value": 0.001244, "raw_value": 1244000000000000, "usd": 4.349429, "payment_token": {"address": "0x0000000000000000000000000000000000000000", "symbol": "ETH", "decimals": 18}}}], "trait_offer_target": null}]