[{"blockchain": "ETH", "sender": {"address": "0xc0f65b93f77fa896bc60b4ffafa15c34f4cfd06d", "ens": null, "is_whale": false, "blockchain": "ETH", "is_contract": false, "is_blue_chip_holder": true, "is_super_blue_chip_holder": false, "is_multi_sign_wallet": false, "das": null, "alias": null}, "receiver": {"address": "0xd59f6a5079370ffc4d07fe95e8c12a1aee4d6e78", "ens": null, "is_whale": false, "blockchain": "ETH", "is_contract": false, "is_blue_chip_holder": false, "is_super_blue_chip_holder": false, "is_multi_sign_wallet": false, "das": null, "alias": null}, "event": "sale", "quantity": 1, "tx_hash": "0xf95e28e3aa8d11fd2e8dbc86af8e3c464a8f640fb5ec238e7cbb17bfb3229528", "time": 1711177043, "nft": {"contract_address": "0xc274a97f1691ef390f662067e95a6eff1f99b504", "token_id": "1479", "name": "TinFun #1479", "blockchain": "ETH", "image": "https://lh3.googleusercontent.com/vL0bQsTZdbl3CVvhuDfk5DoOO3Uyd6bmlBSCCTumPo9Q-CZtMkrdytUvZr4_ioBvDVP_1t3FiML8gXTpnm8oLBUleKUDMqs7dA", "contract_type": "ERC721"}, "collection": {"collection_id": "65a13036c284b18008bd25b7", "name": "TinFun", "logo": "https://i.seadn.io/s/raw/files/a531bedf317b5ffe5a35d559b5c94cd9.jpg?w=500&auto=format", "slug": "tin-fun"}, "gas_fee": {"value": 0.0165, "raw_value": 16500000000000000, "usd": 54.932, "payment_token": {"address": "0x0000000000000000000000000000000000000000", "symbol": "ETH", "decimals": 18}}, "price": {"value": 0.1619, "raw_value": 161900000000000000, "usd": 539.378322008539, "payment_token": {"address": "0x0000000000000000000000000000000000000000", "symbol": "ETH", "decimals": 18}}, "marketplace_path": ["blur-aggregator", "blur"], "fees": [{"fee_type": "royalty", "recipient": "0x6650dc11f439f14d4dfbea75233bd9b0099a0647", "bps": 50, "price": {"value": 0.000809, "raw_value": 809500000000000, "usd": 2.674953, "payment_token": {"address": "0x0000000000000000000000000000000000000000", "symbol": "ETH", "decimals": 18}}}], "trait_offer_target": null}, {"blockchain": "ETH", "sender": {"address": "0x683c6cb00dde8605d44dd038f341528a16666666", "ens": "iotx.eth", "is_whale": false, "blockchain": "ETH", "is_contract": false, "is_blue_chip_holder": false, "is_super_blue_chip_holder": false, "is_multi_sign_wallet": false, "das": null, "alias": "iotx.eth"}, "receiver": {"address": "0xc0f65b93f77fa896bc60b4ffafa15c34f4cfd06d", "ens": null, "is_whale": false, "blockchain": "ETH", "is_contract": false, "is_blue_chip_holder": true, "is_super_blue_chip_holder": false, "is_multi_sign_wallet": false, "das": null, "alias": null}, "event": "sale", "quantity": 1, "tx_hash": "0x521e813e7a85aa1599ea975c2b0d056e144ec3013d9ea7176c9fbdd8f33b042c", "time": 1710946967, "nft": {"contract_address": "0xc274a97f1691ef390f662067e95a6eff1f99b504", "token_id": "1479", "name": "TinFun #1479", "blockchain": "ETH", "image": "https://lh3.googleusercontent.com/vL0bQsTZdbl3CVvhuDfk5DoOO3Uyd6bmlBSCCTumPo9Q-CZtMkrdytUvZr4_ioBvDVP_1t3FiML8gXTpnm8oLBUleKUDMqs7dA", "contract_type": "ERC721"}, "collection": {"collection_id": "65a13036c284b18008bd25b7", "name": "TinFun", "logo": "https://i.seadn.io/s/raw/files/a531bedf317b5ffe5a35d559b5c94cd9.jpg?w=500&auto=format", "slug": "tin-fun"}, "gas_fee": {"value": 0.0308, "raw_value": 30800000000000000, "usd": 104.3056, "payment_token": {"address": "0x0000000000000000000000000000000000000000", "symbol": "ETH", "decimals": 18}}, "price": {"value": 0.16, "raw_value": 160000000000000000, "usd": 541.7313988914121, "payment_token": {"address": "0x0000000000000000000000000000000000000000", "symbol": "ETH", "decimals": 18}}, "marketplace_path": ["blur"], "fees": [{"fee_type": "royalty", "recipient": "0x6650dc11f439f14d4dfbea75233bd9b0099a0647", "bps": 500, "price": {"value": 0.008, "raw_value": 8000000000000000, "usd": 26.788581, "payment_token": {"address": "0x0000000000a39bb272e79075ade125fd351887ac", "symbol": "BETH", "decimals": 18}}}], "trait_offer_target": null}, {"blockchain": "ETH", "sender": {"address": "0x899ee6f1dc896c695918b6fc169ec43b84a3e74d", "ens": null, "is_whale": false, "blockchain": "ETH", "is_contract": false, "is_blue_chip_holder": false, "is_super_blue_chip_holder": false, "is_multi_sign_wallet": false, "das": null, "alias": null}, "receiver": {"address": "0x683c6cb00dde8605d44dd038f341528a16666666", "ens": "iotx.eth", "is_whale": false, "blockchain": "ETH", "is_contract": false, "is_blue_chip_holder": false, "is_super_blue_chip_holder": false, "is_multi_sign_wallet": false, "das": null, "alias": "iotx.eth"}, "event": "sale", "quantity": 1, "tx_hash": "0x596a56af5eb3b8a0730ed271a765459b09521404e6c94617a6e03234a885ad4f", "time": 1709033303, "nft": {"contract_address": "0xc274a97f1691ef390f662067e95a6eff1f99b504", "token_id": "1479", "name": "TinFun #1479", "blockchain": "ETH", "image": "https://lh3.googleusercontent.com/vL0bQsTZdbl3CVvhuDfk5DoOO3Uyd6bmlBSCCTumPo9Q-CZtMkrdytUvZr4_ioBvDVP_1t3FiML8gXTpnm8oLBUleKUDMqs7dA", "contract_type": "ERC721"}, "collection": {"collection_id": "65a13036c284b18008bd25b7", "name": "TinFun", "logo": "https://i.seadn.io/s/raw/files/a531bedf317b5ffe5a35d559b5c94cd9.jpg?w=500&auto=format", "slug": "tin-fun"}, "gas_fee": {"value": 0.018, "raw_value": 17999999999999998, "usd": 58.6445, "payment_token": {"address": "0x0000000000000000000000000000000000000000", "symbol": "ETH", "decimals": 18}}, "price": {"value": 0.2896942069, "raw_value": 289694206900000000, "usd": 944.9017882872125, "payment_token": {"address": "0x0000000000000000000000000000000000000000", "symbol": "ETH", "decimals": 18}}, "marketplace_path": ["blur-aggregator", "blur"], "fees": [{"fee_type": "royalty", "recipient": "0x6650dc11f439f14d4dfbea75233bd9b0099a0647", "bps": 50, "price": {"value": 0.001448, "raw_value": 1448471034500000, "usd": 4.666711, "payment_token": {"address": "0x0000000000000000000000000000000000000000", "symbol": "ETH", "decimals": 18}}}], "trait_offer_target": null}, {"blockchain": "ETH", "sender": {"address": "0xc02778ca23d01a74bb5d64524e78937db05b92eb", "ens": null, "is_whale": false, "blockchain": "ETH", "is_contract": false, "is_blue_chip_holder": false, "is_super_blue_chip_holder": false, "is_multi_sign_wallet": false, "das": null, "alias": null}, "receiver": {"address": "0x899ee6f1dc896c695918b6fc169ec43b84a3e74d", "ens": null, "is_whale": false, "blockchain": "ETH", "is_contract": false, "is_blue_chip_holder": false, "is_super_blue_chip_holder": false, "is_multi_sign_wallet": false, "das": null, "alias": null}, "event": "sale", "quantity": 1, "tx_hash": "0x574523fe2cd866493ea29528e7efb06a98e3e75aa59f1759f6cad5d8eff9eea6", "time": 1709029859, "nft": {"contract_address": "0xc274a97f1691ef390f662067e95a6eff1f99b504", "token_id": "1479", "name": "TinFun #1479", "blockchain": "ETH", "image": "https://lh3.googleusercontent.com/vL0bQsTZdbl3CVvhuDfk5DoOO3Uyd6bmlBSCCTumPo9Q-CZtMkrdytUvZr4_ioBvDVP_1t3FiML8gXTpnm8oLBUleKUDMqs7dA", "contract_type": "ERC721"}, "collection": {"collection_id": "65a13036c284b18008bd25b7", "name": "TinFun", "logo": "https://i.seadn.io/s/raw/files/a531bedf317b5ffe5a35d559b5c94cd9.jpg?w=500&auto=format", "slug": "tin-fun"}, "gas_fee": {"value": 0.0087, "raw_value": 8699999999999999, "usd": 28.4927, "payment_token": {"address": "0x0000000000000000000000000000000000000000", "symbol": "ETH", "decimals": 18}}, "price": {"value": 0.27, "raw_value": 270000000000000000, "usd": 880.1848134407032, "payment_token": {"address": "0x0000000000000000000000000000000000000000", "symbol": "ETH", "decimals": 18}}, "marketplace_path": ["blur"], "fees": [{"fee_type": "royalty", "recipient": "0x6650dc11f439f14d4dfbea75233bd9b0099a0647", "bps": 50, "price": {"value": 0.00135, "raw_value": 1350000000000000, "usd": 4.344974, "payment_token": {"address": "0x0000000000a39bb272e79075ade125fd351887ac", "symbol": "BETH", "decimals": 18}}}], "trait_offer_target": null}, {"blockchain": "ETH", "sender": {"address": "0x834d13ce6347e1cd1b2e66b1e04755097596d0d2", "ens": null, "is_whale": false, "blockchain": "ETH", "is_contract": false, "is_blue_chip_holder": false, "is_super_blue_chip_holder": false, "is_multi_sign_wallet": false, "das": null, "alias": null}, "receiver": {"address": "0xc02778ca23d01a74bb5d64524e78937db05b92eb", "ens": null, "is_whale": false, "blockchain": "ETH", "is_contract": false, "is_blue_chip_holder": false, "is_super_blue_chip_holder": false, "is_multi_sign_wallet": false, "das": null, "alias": null}, "event": "transfer", "quantity": 1, "tx_hash": "0x5bd63e670cff7dabc5dc98c1b0ce726572a7dd91fd4fe06a5379d9afc57a6869", "time": 1705161527, "nft": {"contract_address": "0xc274a97f1691ef390f662067e95a6eff1f99b504", "token_id": "1479", "name": "TinFun #1479", "blockchain": "ETH", "image": "https://lh3.googleusercontent.com/vL0bQsTZdbl3CVvhuDfk5DoOO3Uyd6bmlBSCCTumPo9Q-CZtMkrdytUvZr4_ioBvDVP_1t3FiML8gXTpnm8oLBUleKUDMqs7dA", "contract_type": "ERC721"}, "collection": {"collection_id": "65a13036c284b18008bd25b7", "name": "TinFun", "logo": "https://i.seadn.io/s/raw/files/a531bedf317b5ffe5a35d559b5c94cd9.jpg?w=500&auto=format", "slug": "tin-fun"}, "gas_fee": {"value": 0.0018, "raw_value": 1800000000000000, "usd": 4.4725, "payment_token": {"address": "0x0000000000000000000000000000000000000000", "symbol": "ETH", "decimals": 18}}, "price": null, "marketplace_path": [], "fees": [], "trait_offer_target": null}, {"blockchain": "ETH", "sender": {"address": "0x925c4798df848fa2bf11f44c97d36c38c19560f4", "ens": "surveyheart.eth", "is_whale": false, "blockchain": "ETH", "is_contract": false, "is_blue_chip_holder": false, "is_super_blue_chip_holder": false, "is_multi_sign_wallet": false, "das": null, "alias": "surveyheart.eth"}, "receiver": {"address": "0x834d13ce6347e1cd1b2e66b1e04755097596d0d2", "ens": null, "is_whale": false, "blockchain": "ETH", "is_contract": false, "is_blue_chip_holder": false, "is_super_blue_chip_holder": false, "is_multi_sign_wallet": false, "das": null, "alias": null}, "event": "transfer", "quantity": 1, "tx_hash": "0x93a61cb40469b530262ab6792327a636ccb9d0d2085dfe044a18356f243b80c1", "time": 1705064867, "nft": {"contract_address": "0xc274a97f1691ef390f662067e95a6eff1f99b504", "token_id": "1479", "name": "TinFun #1479", "blockchain": "ETH", "image": "https://lh3.googleusercontent.com/vL0bQsTZdbl3CVvhuDfk5DoOO3Uyd6bmlBSCCTumPo9Q-CZtMkrdytUvZr4_ioBvDVP_1t3FiML8gXTpnm8oLBUleKUDMqs7dA", "contract_type": "ERC721"}, "collection": {"collection_id": "65a13036c284b18008bd25b7", "name": "TinFun", "logo": "https://i.seadn.io/s/raw/files/a531bedf317b5ffe5a35d559b5c94cd9.jpg?w=500&auto=format", "slug": "tin-fun"}, "gas_fee": {"value": 0.0024, "raw_value": 2400000000000000, "usd": 6.4272, "payment_token": {"address": "0x0000000000000000000000000000000000000000", "symbol": "ETH", "decimals": 18}}, "price": null, "marketplace_path": [], "fees": [], "trait_offer_target": null}, {"blockchain": "ETH", "sender": {"address": "0x6bbd83382e96cb6f6a934c34836a6db1d9d41633", "ens": "nicenft.eth", "is_whale": false, "blockchain": "ETH", "is_contract": false, "is_blue_chip_holder": false, "is_super_blue_chip_holder": false, "is_multi_sign_wallet": false, "das": null, "alias": "nicenft.eth"}, "receiver": {"address": "0x925c4798df848fa2bf11f44c97d36c38c19560f4", "ens": "surveyheart.eth", "is_whale": false, "blockchain": "ETH", "is_contract": false, "is_blue_chip_holder": false, "is_super_blue_chip_holder": false, "is_multi_sign_wallet": false, "das": null, "alias": "surveyheart.eth"}, "event": "transfer", "quantity": 1, "tx_hash": "0x525b19cbd1fdb24368d1c16fcbdda90026a700b96136005bb23e51b72f9e4de3", "time": 1705064111, "nft": {"contract_address": "0xc274a97f1691ef390f662067e95a6eff1f99b504", "token_id": "1479", "name": "TinFun #1479", "blockchain": "ETH", "image": "https://lh3.googleusercontent.com/vL0bQsTZdbl3CVvhuDfk5DoOO3Uyd6bmlBSCCTumPo9Q-CZtMkrdytUvZr4_ioBvDVP_1t3FiML8gXTpnm8oLBUleKUDMqs7dA", "contract_type": "ERC721"}, "collection": {"collection_id": "65a13036c284b18008bd25b7", "name": "TinFun", "logo": "https://i.seadn.io/s/raw/files/a531bedf317b5ffe5a35d559b5c94cd9.jpg?w=500&auto=format", "slug": "tin-fun"}, "gas_fee": {"value": 0.003, "raw_value": 3000000000000000, "usd": 7.9264, "payment_token": {"address": "0x0000000000000000000000000000000000000000", "symbol": "ETH", "decimals": 18}}, "price": null, "marketplace_path": [], "fees": [], "trait_offer_target": null}]