[{"blockchain": "ETH", "sender": {"address": "0x7c7c9ce081becb5f44ef9eed3a90d99057d2eb53", "ens": "blockmemory.eth", "is_whale": false, "blockchain": "ETH", "is_contract": false, "is_blue_chip_holder": false, "is_super_blue_chip_holder": false, "is_multi_sign_wallet": false, "das": null, "alias": "blockmemory.eth"}, "receiver": {"address": "0x3eb879cc9a0ef4c6f1d870a40ae187768c278da2", "ens": "floorprotocol.eth", "is_whale": false, "blockchain": "ETH", "is_contract": true, "is_blue_chip_holder": true, "is_super_blue_chip_holder": false, "is_multi_sign_wallet": false, "das": null, "alias": "floorprotocol.eth"}, "event": "transfer", "quantity": 1, "tx_hash": "0x9812e0441d8808d530c4ad02eeda8851d9422976a1cbc92e6cd9abbf3aeae7c7", "time": 1706499779, "nft": {"contract_address": "0xc274a97f1691ef390f662067e95a6eff1f99b504", "token_id": "4529", "name": "TinFun #4529", "blockchain": "ETH", "image": "https://lh3.googleusercontent.com/907K_0OCBvAoERWpytr2JdR2PRzn9cQ7kVYNML1wgIW394H4bhdFBUftWb6DENTqCk3BgMMqtlSRn2flctGBTx5GfMFDlreoyg", "contract_type": "ERC721"}, "collection": {"collection_id": "65a13036c284b18008bd25b7", "name": "TinFun", "logo": "https://i.seadn.io/s/raw/files/a531bedf317b5ffe5a35d559b5c94cd9.jpg?w=500&auto=format", "slug": "tin-fun"}, "gas_fee": {"value": 0.0042, "raw_value": 4199999999999999, "usd": 9.5116, "payment_token": {"address": "0x0000000000000000000000000000000000000000", "symbol": "ETH", "decimals": 18}}, "price": null, "marketplace_path": ["floor"], "fees": [], "trait_offer_target": null}, {"blockchain": "ETH", "sender": {"address": "0x3eb879cc9a0ef4c6f1d870a40ae187768c278da2", "ens": "floorprotocol.eth", "is_whale": false, "blockchain": "ETH", "is_contract": true, "is_blue_chip_holder": true, "is_super_blue_chip_holder": true, "is_multi_sign_wallet": false, "das": null, "alias": "floorprotocol.eth"}, "receiver": {"address": "0x7c7c9ce081becb5f44ef9eed3a90d99057d2eb53", "ens": "blockmemory.eth", "is_whale": false, "blockchain": "ETH", "is_contract": false, "is_blue_chip_holder": false, "is_super_blue_chip_holder": true, "is_multi_sign_wallet": false, "das": null, "alias": "blockmemory.eth"}, "event": "transfer", "quantity": 1, "tx_hash": "0x44f03d75c366da2a411ab0b0ca69f88dbaa8a0ef67b69cb5a6b4646beab11e5e", "time": 1706499191, "nft": {"contract_address": "0xc274a97f1691ef390f662067e95a6eff1f99b504", "token_id": "4529", "name": "TinFun #4529", "blockchain": "ETH", "image": "https://lh3.googleusercontent.com/907K_0OCBvAoERWpytr2JdR2PRzn9cQ7kVYNML1wgIW394H4bhdFBUftWb6DENTqCk3BgMMqtlSRn2flctGBTx5GfMFDlreoyg", "contract_type": "ERC721"}, "collection": {"collection_id": "65a13036c284b18008bd25b7", "name": "TinFun", "logo": "https://i.seadn.io/s/raw/files/a531bedf317b5ffe5a35d559b5c94cd9.jpg?w=500&auto=format", "slug": "tin-fun"}, "gas_fee": {"value": 0.0021, "raw_value": 2099999999999999, "usd": 4.6829, "payment_token": {"address": "0x0000000000000000000000000000000000000000", "symbol": "ETH", "decimals": 18}}, "price": null, "marketplace_path": ["floor"], "fees": [], "trait_offer_target": null}, {"blockchain": "ETH", "sender": {"address": "0x1277f5266dead289eb6ab3f97a866f5854feb33d", "ens": null, "is_whale": false, "blockchain": "ETH", "is_contract": false, "is_blue_chip_holder": true, "is_super_blue_chip_holder": false, "is_multi_sign_wallet": false, "das": null, "alias": null}, "receiver": {"address": "0x3eb879cc9a0ef4c6f1d870a40ae187768c278da2", "ens": "floorprotocol.eth", "is_whale": false, "blockchain": "ETH", "is_contract": true, "is_blue_chip_holder": true, "is_super_blue_chip_holder": false, "is_multi_sign_wallet": false, "das": null, "alias": "floorprotocol.eth"}, "event": "sale", "quantity": 1, "tx_hash": "0x6a8c1e7580a3f85416f38fae86bcea1bb00a42bd4da16fcca5a1d80dc98a459c", "time": 1705652675, "nft": {"contract_address": "0xc274a97f1691ef390f662067e95a6eff1f99b504", "token_id": "4529", "name": "TinFun #4529", "blockchain": "ETH", "image": "https://lh3.googleusercontent.com/907K_0OCBvAoERWpytr2JdR2PRzn9cQ7kVYNML1wgIW394H4bhdFBUftWb6DENTqCk3BgMMqtlSRn2flctGBTx5GfMFDlreoyg", "contract_type": "ERC721"}, "collection": {"collection_id": "65a13036c284b18008bd25b7", "name": "TinFun", "logo": "https://i.seadn.io/s/raw/files/a531bedf317b5ffe5a35d559b5c94cd9.jpg?w=500&auto=format", "slug": "tin-fun"}, "gas_fee": {"value": 0.0086, "raw_value": 8600000000000000, "usd": 21.2681, "payment_token": {"address": "0x0000000000000000000000000000000000000000", "symbol": "ETH", "decimals": 18}}, "price": {"value": 0.6409634578039594, "raw_value": 640963457803959379, "usd": 1579.9637221978892, "payment_token": {"address": "0xc02aaa39b223fe8d0a0e5c4f27ead9083c756cc2", "symbol": "WETH", "decimals": 18}}, "marketplace_path": ["floor"], "fees": [], "trait_offer_target": null}, {"blockchain": "ETH", "sender": {"address": "0x1bce0c7750a7cee219b776d68476b109404c3313", "ens": null, "is_whale": false, "blockchain": "ETH", "is_contract": false, "is_blue_chip_holder": true, "is_super_blue_chip_holder": false, "is_multi_sign_wallet": false, "das": null, "alias": null}, "receiver": {"address": "0x1277f5266dead289eb6ab3f97a866f5854feb33d", "ens": null, "is_whale": false, "blockchain": "ETH", "is_contract": false, "is_blue_chip_holder": true, "is_super_blue_chip_holder": false, "is_multi_sign_wallet": false, "das": null, "alias": null}, "event": "sale", "quantity": 1, "tx_hash": "0xde7e45c067bba756ce879be20d3520a26bb12a0c959dd1f8441c0db1afc98fe0", "time": 1705651895, "nft": {"contract_address": "0xc274a97f1691ef390f662067e95a6eff1f99b504", "token_id": "4529", "name": "TinFun #4529", "blockchain": "ETH", "image": "https://lh3.googleusercontent.com/907K_0OCBvAoERWpytr2JdR2PRzn9cQ7kVYNML1wgIW394H4bhdFBUftWb6DENTqCk3BgMMqtlSRn2flctGBTx5GfMFDlreoyg", "contract_type": "ERC721"}, "collection": {"collection_id": "65a13036c284b18008bd25b7", "name": "TinFun", "logo": "https://i.seadn.io/s/raw/files/a531bedf317b5ffe5a35d559b5c94cd9.jpg?w=500&auto=format", "slug": "tin-fun"}, "gas_fee": {"value": 0.0045, "raw_value": 4499999999999999, "usd": 11.0233, "payment_token": {"address": "0x0000000000000000000000000000000000000000", "symbol": "ETH", "decimals": 18}}, "price": {"value": 0.63, "raw_value": 630000000000000000, "usd": 1551.7991239357323, "payment_token": {"address": "0x0000000000000000000000000000000000000000", "symbol": "ETH", "decimals": 18}}, "marketplace_path": ["blur"], "fees": [{"fee_type": "royalty", "recipient": "0x6650dc11f439f14d4dfbea75233bd9b0099a0647", "bps": 50, "price": {"value": 0.00315, "raw_value": 3150000000000000, "usd": 7.753771, "payment_token": {"address": "0x0000000000a39bb272e79075ade125fd351887ac", "symbol": "BETH", "decimals": 18}}}], "trait_offer_target": null}, {"blockchain": "ETH", "sender": {"address": "0xa68e3009ffcdc35951ae394b46609a0a0e88b1bf", "ens": null, "is_whale": false, "blockchain": "ETH", "is_contract": false, "is_blue_chip_holder": false, "is_super_blue_chip_holder": false, "is_multi_sign_wallet": false, "das": null, "alias": null}, "receiver": {"address": "0x1bce0c7750a7cee219b776d68476b109404c3313", "ens": null, "is_whale": false, "blockchain": "ETH", "is_contract": false, "is_blue_chip_holder": true, "is_super_blue_chip_holder": false, "is_multi_sign_wallet": false, "das": null, "alias": null}, "event": "sale", "quantity": 1, "tx_hash": "0x6c3e87ff947a2f653ce570163dc1c40223de86784d8095c6586b83be814dd0e3", "time": 1705640627, "nft": {"contract_address": "0xc274a97f1691ef390f662067e95a6eff1f99b504", "token_id": "4529", "name": "TinFun #4529", "blockchain": "ETH", "image": "https://lh3.googleusercontent.com/907K_0OCBvAoERWpytr2JdR2PRzn9cQ7kVYNML1wgIW394H4bhdFBUftWb6DENTqCk3BgMMqtlSRn2flctGBTx5GfMFDlreoyg", "contract_type": "ERC721"}, "collection": {"collection_id": "65a13036c284b18008bd25b7", "name": "TinFun", "logo": "https://i.seadn.io/s/raw/files/a531bedf317b5ffe5a35d559b5c94cd9.jpg?w=500&auto=format", "slug": "tin-fun"}, "gas_fee": {"value": 0.0043, "raw_value": 4300000000000000, "usd": 10.4657, "payment_token": {"address": "0x0000000000000000000000000000000000000000", "symbol": "ETH", "decimals": 18}}, "price": {"value": 0.65, "raw_value": 650000000000000000, "usd": 1598.5157441937051, "payment_token": {"address": "0x0000000000000000000000000000000000000000", "symbol": "ETH", "decimals": 18}}, "marketplace_path": ["blur"], "fees": [{"fee_type": "royalty", "recipient": "0x6650dc11f439f14d4dfbea75233bd9b0099a0647", "bps": 500, "price": {"value": 0.0325, "raw_value": 32500000000000000, "usd": 79.657796, "payment_token": {"address": "0x0000000000a39bb272e79075ade125fd351887ac", "symbol": "BETH", "decimals": 18}}}], "trait_offer_target": null}, {"blockchain": "ETH", "sender": {"address": "0x8a6200dd67bff35c1a9ff003be7587e4813a00b5", "ens": null, "is_whale": false, "blockchain": "ETH", "is_contract": false, "is_blue_chip_holder": false, "is_super_blue_chip_holder": false, "is_multi_sign_wallet": false, "das": null, "alias": null}, "receiver": {"address": "0xa68e3009ffcdc35951ae394b46609a0a0e88b1bf", "ens": null, "is_whale": false, "blockchain": "ETH", "is_contract": false, "is_blue_chip_holder": false, "is_super_blue_chip_holder": false, "is_multi_sign_wallet": false, "das": null, "alias": null}, "event": "transfer", "quantity": 1, "tx_hash": "0x1619f3fe9a1b9bf16d2c4faa150c0e071c082f63965df9a33b5bca1cb8386672", "time": 1705063811, "nft": {"contract_address": "0xc274a97f1691ef390f662067e95a6eff1f99b504", "token_id": "4529", "name": "TinFun #4529", "blockchain": "ETH", "image": "https://lh3.googleusercontent.com/907K_0OCBvAoERWpytr2JdR2PRzn9cQ7kVYNML1wgIW394H4bhdFBUftWb6DENTqCk3BgMMqtlSRn2flctGBTx5GfMFDlreoyg", "contract_type": "ERC721"}, "collection": {"collection_id": "65a13036c284b18008bd25b7", "name": "TinFun", "logo": "https://i.seadn.io/s/raw/files/a531bedf317b5ffe5a35d559b5c94cd9.jpg?w=500&auto=format", "slug": "tin-fun"}, "gas_fee": {"value": 0.0022, "raw_value": 2200000000000000, "usd": 5.8474, "payment_token": {"address": "0x0000000000000000000000000000000000000000", "symbol": "ETH", "decimals": 18}}, "price": null, "marketplace_path": [], "fees": [], "trait_offer_target": null}]