[{"blockchain": "ETH", "sender": {"address": "0x2e8f6f8662593134dc8311e312885921855332bc", "ens": "zohan.eth", "is_whale": false, "blockchain": "ETH", "is_contract": false, "is_blue_chip_holder": true, "is_super_blue_chip_holder": false, "is_multi_sign_wallet": false, "das": null, "alias": "zohan.eth"}, "receiver": {"address": "0x8177e9fa379b85e01b2b30140ddc446b9875106a", "ens": null, "is_whale": false, "blockchain": "ETH", "is_contract": true, "is_blue_chip_holder": false, "is_super_blue_chip_holder": false, "is_multi_sign_wallet": false, "das": null, "alias": null}, "event": "transfer", "quantity": 1, "tx_hash": "0xb6dd5f9a6cd90eccfcbd0044c67cdf13cf440f27514208ab21ad1b7a66e40642", "time": 1712886323, "nft": {"contract_address": "0xc274a97f1691ef390f662067e95a6eff1f99b504", "token_id": "3583", "name": "TinFun #3583", "blockchain": "ETH", "image": "https://lh3.googleusercontent.com/RwzS5rUxkyPWUsrVadZwDR--HMQuCuIZpSDMtID4FJvQbg5sJPXt4OEpjNFytPOfZACwZh1bzgKS6JwSBOhohKpQXdM6UZgQlg", "contract_type": "ERC721"}, "collection": {"collection_id": "65a13036c284b18008bd25b7", "name": "TinFun", "logo": "https://i.seadn.io/s/raw/files/a531bedf317b5ffe5a35d559b5c94cd9.jpg?w=500&auto=format", "slug": "tin-fun"}, "gas_fee": {"value": 0.002, "raw_value": 2000000000000000, "usd": 7.0535, "payment_token": {"address": "0x0000000000000000000000000000000000000000", "symbol": "ETH", "decimals": 18}}, "price": null, "marketplace_path": [], "fees": [], "trait_offer_target": null}]