[{"blockchain": "ETH", "sender": {"address": "0x189e48a7cca90ecad83b3ef44867c1ef49e30dbf", "ens": null, "is_whale": false, "blockchain": "ETH", "is_contract": false, "is_blue_chip_holder": false, "is_super_blue_chip_holder": false, "is_multi_sign_wallet": false, "das": null, "alias": null}, "receiver": {"address": "0x8177e9fa379b85e01b2b30140ddc446b9875106a", "ens": null, "is_whale": false, "blockchain": "ETH", "is_contract": true, "is_blue_chip_holder": false, "is_super_blue_chip_holder": false, "is_multi_sign_wallet": false, "das": null, "alias": null}, "event": "transfer", "quantity": 1, "tx_hash": "0x934de817f388a975c7cdf293ecc421426b091de5021acf154a7ad775eb4fac68", "time": 1711701911, "nft": {"contract_address": "0xc274a97f1691ef390f662067e95a6eff1f99b504", "token_id": "1195", "name": "TinFun #1195", "blockchain": "ETH", "image": "https://lh3.googleusercontent.com/TzVn1VY6-hWL0iAsNx7BHtl2H1b3pqkaRODI-wbwcJjS9451Up38T6HJ5Nb6QvIlb9Q8KKsCXOJMyj0MOI5SvFQGR9BIg5cAPA", "contract_type": "ERC721"}, "collection": {"collection_id": "65a13036c284b18008bd25b7", "name": "TinFun", "logo": "https://i.seadn.io/s/raw/files/a531bedf317b5ffe5a35d559b5c94cd9.jpg?w=500&auto=format", "slug": "tin-fun"}, "gas_fee": {"value": 0.0039, "raw_value": 3900000000000000, "usd": 13.7288, "payment_token": {"address": "0x0000000000000000000000000000000000000000", "symbol": "ETH", "decimals": 18}}, "price": null, "marketplace_path": [], "fees": [], "trait_offer_target": null}, {"blockchain": "ETH", "sender": {"address": "0x768c26e52234a0efdf77a033549fc074a6ff1663", "ens": null, "is_whale": false, "blockchain": "ETH", "is_contract": false, "is_blue_chip_holder": false, "is_super_blue_chip_holder": false, "is_multi_sign_wallet": false, "das": null, "alias": null}, "receiver": {"address": "0x189e48a7cca90ecad83b3ef44867c1ef49e30dbf", "ens": null, "is_whale": false, "blockchain": "ETH", "is_contract": false, "is_blue_chip_holder": false, "is_super_blue_chip_holder": false, "is_multi_sign_wallet": false, "das": null, "alias": null}, "event": "transfer", "quantity": 1, "tx_hash": "0x63f80cebfdc6074cc09ded5b8926affecc9e87fb08e19525776012e9df18fde4", "time": 1705115039, "nft": {"contract_address": "0xc274a97f1691ef390f662067e95a6eff1f99b504", "token_id": "1195", "name": "TinFun #1195", "blockchain": "ETH", "image": "https://lh3.googleusercontent.com/TzVn1VY6-hWL0iAsNx7BHtl2H1b3pqkaRODI-wbwcJjS9451Up38T6HJ5Nb6QvIlb9Q8KKsCXOJMyj0MOI5SvFQGR9BIg5cAPA", "contract_type": "ERC721"}, "collection": {"collection_id": "65a13036c284b18008bd25b7", "name": "TinFun", "logo": "https://i.seadn.io/s/raw/files/a531bedf317b5ffe5a35d559b5c94cd9.jpg?w=500&auto=format", "slug": "tin-fun"}, "gas_fee": {"value": 0.0036, "raw_value": 3600000000000000, "usd": 9.2046, "payment_token": {"address": "0x0000000000000000000000000000000000000000", "symbol": "ETH", "decimals": 18}}, "price": null, "marketplace_path": [], "fees": [], "trait_offer_target": null}]