[{"blockchain": "ETH", "sender": {"address": "0x9c731c50fb63ee893121245b58816e212f64df6e", "ens": null, "is_whale": false, "blockchain": "ETH", "is_contract": false, "is_blue_chip_holder": false, "is_super_blue_chip_holder": false, "is_multi_sign_wallet": false, "das": null, "alias": null}, "receiver": {"address": "0x42e3da8e7c1dbff7f9fe544fff5c4531ecd6f8a4", "ens": null, "is_whale": false, "blockchain": "ETH", "is_contract": false, "is_blue_chip_holder": false, "is_super_blue_chip_holder": false, "is_multi_sign_wallet": false, "das": null, "alias": null}, "event": "sale", "quantity": 1, "tx_hash": "0x33381fbb872191ff20401510e3846493a37cb0248d22d6509f3a7a52b40bffba", "time": 1707665963, "nft": {"contract_address": "0xc274a97f1691ef390f662067e95a6eff1f99b504", "token_id": "9927", "name": "TinFun #9927", "blockchain": "ETH", "image": "https://lh3.googleusercontent.com/Wa3OFMAb5sB38q5uFw43lP4QrmgIv5vzXmchfncj1PmKdzC4m2UiXQz3S-B50vMcfUBqLICYzOFnCKALM-ereLg3J4vOFhxpDjE", "contract_type": "ERC721"}, "collection": {"collection_id": "65a13036c284b18008bd25b7", "name": "TinFun", "logo": "https://i.seadn.io/s/raw/files/a531bedf317b5ffe5a35d559b5c94cd9.jpg?w=500&auto=format", "slug": "tin-fun"}, "gas_fee": {"value": 0.0136, "raw_value": 13600000000000000, "usd": 34.0938, "payment_token": {"address": "0x0000000000000000000000000000000000000000", "symbol": "ETH", "decimals": 18}}, "price": {"value": 0.53, "raw_value": 530000000000000000, "usd": 1333.1474342539475, "payment_token": {"address": "0x0000000000000000000000000000000000000000", "symbol": "ETH", "decimals": 18}}, "marketplace_path": ["blur"], "fees": [{"fee_type": "royalty", "recipient": "0x6650dc11f439f14d4dfbea75233bd9b0099a0647", "bps": 50, "price": {"value": 0.00265, "raw_value": 2650000000000000, "usd": 6.689459, "payment_token": {"address": "0x0000000000a39bb272e79075ade125fd351887ac", "symbol": "BETH", "decimals": 18}}}], "trait_offer_target": null}, {"blockchain": "ETH", "sender": {"address": "0x80af642e4c1e48a62fadf20dfe56b6c704c145de", "ens": "iluvpacman.eth", "is_whale": false, "blockchain": "ETH", "is_contract": false, "is_blue_chip_holder": false, "is_super_blue_chip_holder": false, "is_multi_sign_wallet": false, "das": null, "alias": "iluvpacman.eth"}, "receiver": {"address": "0x9c731c50fb63ee893121245b58816e212f64df6e", "ens": null, "is_whale": false, "blockchain": "ETH", "is_contract": false, "is_blue_chip_holder": false, "is_super_blue_chip_holder": false, "is_multi_sign_wallet": false, "das": null, "alias": null}, "event": "sale", "quantity": 1, "tx_hash": "0xd112beedc2151b9b7537f61e2a0c30259b2e6612d76b5a9ebea82fff783fc9fe", "time": 1707659879, "nft": {"contract_address": "0xc274a97f1691ef390f662067e95a6eff1f99b504", "token_id": "9927", "name": "TinFun #9927", "blockchain": "ETH", "image": "https://lh3.googleusercontent.com/Wa3OFMAb5sB38q5uFw43lP4QrmgIv5vzXmchfncj1PmKdzC4m2UiXQz3S-B50vMcfUBqLICYzOFnCKALM-ereLg3J4vOFhxpDjE", "contract_type": "ERC721"}, "collection": {"collection_id": "65a13036c284b18008bd25b7", "name": "TinFun", "logo": "https://i.seadn.io/s/raw/files/a531bedf317b5ffe5a35d559b5c94cd9.jpg?w=500&auto=format", "slug": "tin-fun"}, "gas_fee": {"value": 0.0044, "raw_value": 4400000000000000, "usd": 11.1247, "payment_token": {"address": "0x0000000000000000000000000000000000000000", "symbol": "ETH", "decimals": 18}}, "price": {"value": 0.56, "raw_value": 560000000000000000, "usd": 1413.6214494054848, "payment_token": {"address": "0x0000000000000000000000000000000000000000", "symbol": "ETH", "decimals": 18}}, "marketplace_path": ["blur"], "fees": [{"fee_type": "royalty", "recipient": "0x6650dc11f439f14d4dfbea75233bd9b0099a0647", "bps": 50, "price": {"value": 0.0028, "raw_value": 2800000000000000, "usd": 7.064363, "payment_token": {"address": "0x0000000000a39bb272e79075ade125fd351887ac", "symbol": "BETH", "decimals": 18}}}], "trait_offer_target": null}, {"blockchain": "ETH", "sender": {"address": "0x6c9434405b25da965b801d039572f752782bf555", "ens": null, "is_whale": false, "blockchain": "ETH", "is_contract": false, "is_blue_chip_holder": false, "is_super_blue_chip_holder": false, "is_multi_sign_wallet": false, "das": null, "alias": null}, "receiver": {"address": "0x80af642e4c1e48a62fadf20dfe56b6c704c145de", "ens": "iluvpacman.eth", "is_whale": false, "blockchain": "ETH", "is_contract": false, "is_blue_chip_holder": false, "is_super_blue_chip_holder": false, "is_multi_sign_wallet": false, "das": null, "alias": "iluvpacman.eth"}, "event": "sale", "quantity": 1, "tx_hash": "0xbb833c9a480ae2db6355b83deb19e9549f205cf35bb010ae521696e0dcf01470", "time": 1707643799, "nft": {"contract_address": "0xc274a97f1691ef390f662067e95a6eff1f99b504", "token_id": "9927", "name": "TinFun #9927", "blockchain": "ETH", "image": "https://lh3.googleusercontent.com/Wa3OFMAb5sB38q5uFw43lP4QrmgIv5vzXmchfncj1PmKdzC4m2UiXQz3S-B50vMcfUBqLICYzOFnCKALM-ereLg3J4vOFhxpDjE", "contract_type": "ERC721"}, "collection": {"collection_id": "65a13036c284b18008bd25b7", "name": "TinFun", "logo": "https://i.seadn.io/s/raw/files/a531bedf317b5ffe5a35d559b5c94cd9.jpg?w=500&auto=format", "slug": "tin-fun"}, "gas_fee": {"value": 0.0125, "raw_value": 12500000000000000, "usd": 31.5847, "payment_token": {"address": "0x0000000000000000000000000000000000000000", "symbol": "ETH", "decimals": 18}}, "price": {"value": 0.59, "raw_value": 590000000000000000, "usd": 1490.2261859006126, "payment_token": {"address": "0x0000000000000000000000000000000000000000", "symbol": "ETH", "decimals": 18}}, "marketplace_path": ["blur"], "fees": [{"fee_type": "royalty", "recipient": "0x6650dc11f439f14d4dfbea75233bd9b0099a0647", "bps": 50, "price": {"value": 0.00295, "raw_value": 2950000000000000, "usd": 7.465551, "payment_token": {"address": "0x0000000000a39bb272e79075ade125fd351887ac", "symbol": "BETH", "decimals": 18}}}], "trait_offer_target": null}, {"blockchain": "ETH", "sender": {"address": "0x590e0cec2589d296151d53902627b845ba3bdb2c", "ens": null, "is_whale": false, "blockchain": "ETH", "is_contract": false, "is_blue_chip_holder": false, "is_super_blue_chip_holder": false, "is_multi_sign_wallet": false, "das": null, "alias": null}, "receiver": {"address": "0x6c9434405b25da965b801d039572f752782bf555", "ens": null, "is_whale": false, "blockchain": "ETH", "is_contract": false, "is_blue_chip_holder": false, "is_super_blue_chip_holder": false, "is_multi_sign_wallet": false, "das": null, "alias": null}, "event": "transfer", "quantity": 1, "tx_hash": "0x0e9157908d29caeedd46ed1840e08353823aef041520f7236714dd5d33484174", "time": 1707639539, "nft": {"contract_address": "0xc274a97f1691ef390f662067e95a6eff1f99b504", "token_id": "9927", "name": "TinFun #9927", "blockchain": "ETH", "image": "https://lh3.googleusercontent.com/Wa3OFMAb5sB38q5uFw43lP4QrmgIv5vzXmchfncj1PmKdzC4m2UiXQz3S-B50vMcfUBqLICYzOFnCKALM-ereLg3J4vOFhxpDjE", "contract_type": "ERC721"}, "collection": {"collection_id": "65a13036c284b18008bd25b7", "name": "TinFun", "logo": "https://i.seadn.io/s/raw/files/a531bedf317b5ffe5a35d559b5c94cd9.jpg?w=500&auto=format", "slug": "tin-fun"}, "gas_fee": {"value": 0.0016, "raw_value": 1600000000000000, "usd": 4.1139, "payment_token": {"address": "0x0000000000000000000000000000000000000000", "symbol": "ETH", "decimals": 18}}, "price": null, "marketplace_path": [], "fees": [], "trait_offer_target": null}]