[{"blockchain": "ETH", "sender": {"address": "0xed8737e9a6852f3dfbc85ea911cebd6e8244628f", "ens": null, "is_whale": false, "blockchain": "ETH", "is_contract": false, "is_blue_chip_holder": false, "is_super_blue_chip_holder": false, "is_multi_sign_wallet": false, "das": null, "alias": null}, "receiver": {"address": "0xe8b18c01a076bf656019a4fa80c2fb0ea3893342", "ens": null, "is_whale": false, "blockchain": "ETH", "is_contract": false, "is_blue_chip_holder": false, "is_super_blue_chip_holder": false, "is_multi_sign_wallet": false, "das": null, "alias": null}, "event": "transfer", "quantity": 1, "tx_hash": "0x14816d7aa423a6ea736b20120374f109107ce4e2b24e50bafef955fbc3ae27b1", "time": 1705063511, "nft": {"contract_address": "0xc274a97f1691ef390f662067e95a6eff1f99b504", "token_id": "1875", "name": "TinFun #1875", "blockchain": "ETH", "image": "https://lh3.googleusercontent.com/FloYTHIP1vKy_yd4y_TAhUqpEMUBxTz41zmTCmQwPev5ZsNcApxFMuClgN9DMZifHaXy36TZ3ZT4tTF6elOHigebxKeeNuNoNA", "contract_type": "ERC721"}, "collection": {"collection_id": "65a13036c284b18008bd25b7", "name": "TinFun", "logo": "https://i.seadn.io/s/raw/files/a531bedf317b5ffe5a35d559b5c94cd9.jpg?w=500&auto=format", "slug": "tin-fun"}, "gas_fee": {"value": 0.0023, "raw_value": 2300000000000000, "usd": 6.1407, "payment_token": {"address": "0x0000000000000000000000000000000000000000", "symbol": "ETH", "decimals": 18}}, "price": null, "marketplace_path": [], "fees": [], "trait_offer_target": null}]