[{"blockchain": "ETH", "sender": {"address": "0x3b3d05ac4f5fcdd13545ee35087be1d5f4ae944f", "ens": null, "is_whale": false, "blockchain": "ETH", "is_contract": false, "is_blue_chip_holder": false, "is_super_blue_chip_holder": false, "is_multi_sign_wallet": false, "das": null, "alias": null}, "receiver": {"address": "0x8177e9fa379b85e01b2b30140ddc446b9875106a", "ens": null, "is_whale": false, "blockchain": "ETH", "is_contract": true, "is_blue_chip_holder": false, "is_super_blue_chip_holder": false, "is_multi_sign_wallet": false, "das": null, "alias": null}, "event": "transfer", "quantity": 1, "tx_hash": "0xf7fe82e7e8a3d4196245fc02717b6de917a2416a5f63748a9e5725a64ccb6a7a", "time": 1712994635, "nft": {"contract_address": "0xc274a97f1691ef390f662067e95a6eff1f99b504", "token_id": "1642", "name": "TinFun #1642", "blockchain": "ETH", "image": "https://lh3.googleusercontent.com/YPKhig3xlWrAYXDStEByUdySHm_yAbBV3LjEjl95js-9Nz0K2QaNA_q_fyqUUQIMuljoF4DINqZ2cVOTbwbVUZ72pIhKijprB5Q", "contract_type": "ERC721"}, "collection": {"collection_id": "65a13036c284b18008bd25b7", "name": "TinFun", "logo": "https://i.seadn.io/s/raw/files/a531bedf317b5ffe5a35d559b5c94cd9.jpg?w=500&auto=format", "slug": "tin-fun"}, "gas_fee": {"value": 0.0013, "raw_value": 1300000000000000, "usd": 4.4079, "payment_token": {"address": "0x0000000000000000000000000000000000000000", "symbol": "ETH", "decimals": 18}}, "price": null, "marketplace_path": [], "fees": [], "trait_offer_target": null}]