[{"blockchain": "ETH", "sender": {"address": "0xa5ede13efb427072a1ae18cd865aa28a93acf161", "ens": null, "is_whale": false, "blockchain": "ETH", "is_contract": false, "is_blue_chip_holder": false, "is_super_blue_chip_holder": false, "is_multi_sign_wallet": false, "das": null, "alias": null}, "receiver": {"address": "0x8177e9fa379b85e01b2b30140ddc446b9875106a", "ens": null, "is_whale": false, "blockchain": "ETH", "is_contract": true, "is_blue_chip_holder": false, "is_super_blue_chip_holder": false, "is_multi_sign_wallet": false, "das": null, "alias": null}, "event": "transfer", "quantity": 1, "tx_hash": "0xffe9006fbb4ca9dc8bef28e37ab4cb884d848b3577a2e5330df1087d9d3cc90b", "time": 1712847623, "nft": {"contract_address": "0xc274a97f1691ef390f662067e95a6eff1f99b504", "token_id": "4071", "name": "TinFun #4071", "blockchain": "ETH", "image": "https://lh3.googleusercontent.com/RbaOIknDF6KEjFZp0cboOE5kq3Av5ad-WNc3-hWaAxdH4nOJEWU3pv1RfvOfpVE4NPAo7w079RU2GMPnA6DjKlhZnn5EomwMNA", "contract_type": "ERC721"}, "collection": {"collection_id": "65a13036c284b18008bd25b7", "name": "TinFun", "logo": "https://i.seadn.io/s/raw/files/a531bedf317b5ffe5a35d559b5c94cd9.jpg?w=500&auto=format", "slug": "tin-fun"}, "gas_fee": {"value": 0.0022, "raw_value": 2200000000000000, "usd": 7.5684, "payment_token": {"address": "0x0000000000000000000000000000000000000000", "symbol": "ETH", "decimals": 18}}, "price": null, "marketplace_path": [], "fees": [], "trait_offer_target": null}, {"blockchain": "ETH", "sender": {"address": "0xc454b2c5efbcd616b3bda2674e52af15634cbc10", "ens": null, "is_whale": false, "blockchain": "ETH", "is_contract": false, "is_blue_chip_holder": false, "is_super_blue_chip_holder": false, "is_multi_sign_wallet": false, "das": null, "alias": null}, "receiver": {"address": "0xa5ede13efb427072a1ae18cd865aa28a93acf161", "ens": null, "is_whale": false, "blockchain": "ETH", "is_contract": false, "is_blue_chip_holder": false, "is_super_blue_chip_holder": false, "is_multi_sign_wallet": false, "das": null, "alias": null}, "event": "sale", "quantity": 1, "tx_hash": "0xf758490df0ada82ffd6de43c6dfdc61e7926dc89bac8f80ba53a895944ddfddf", "time": 1707064151, "nft": {"contract_address": "0xc274a97f1691ef390f662067e95a6eff1f99b504", "token_id": "4071", "name": "TinFun #4071", "blockchain": "ETH", "image": "https://lh3.googleusercontent.com/RbaOIknDF6KEjFZp0cboOE5kq3Av5ad-WNc3-hWaAxdH4nOJEWU3pv1RfvOfpVE4NPAo7w079RU2GMPnA6DjKlhZnn5EomwMNA", "contract_type": "ERC721"}, "collection": {"collection_id": "65a13036c284b18008bd25b7", "name": "TinFun", "logo": "https://i.seadn.io/s/raw/files/a531bedf317b5ffe5a35d559b5c94cd9.jpg?w=500&auto=format", "slug": "tin-fun"}, "gas_fee": {"value": 0.0038, "raw_value": 3800000000000000, "usd": 8.7192, "payment_token": {"address": "0x0000000000000000000000000000000000000000", "symbol": "ETH", "decimals": 18}}, "price": {"value": 0.582, "raw_value": 582000000000000000, "usd": 1339.4155380123307, "payment_token": {"address": "0x0000000000000000000000000000000000000000", "symbol": "ETH", "decimals": 18}}, "marketplace_path": ["blur-aggregator", "blur"], "fees": [{"fee_type": "royalty", "recipient": "0x6650dc11f439f14d4dfbea75233bd9b0099a0647", "bps": 50, "price": {"value": 0.00291, "raw_value": 2910000000000000, "usd": 6.703498, "payment_token": {"address": "0x0000000000000000000000000000000000000000", "symbol": "ETH", "decimals": 18}}}], "trait_offer_target": null}]