[{"blockchain": "ETH", "sender": {"address": "0xf8734fd8706e1999e8a98414ee2e5252fd1a395a", "ens": null, "is_whale": false, "blockchain": "ETH", "is_contract": false, "is_blue_chip_holder": true, "is_super_blue_chip_holder": false, "is_multi_sign_wallet": false, "das": null, "alias": null}, "receiver": {"address": "0xf5948da80098d6aeda33129e346f819bc3eed587", "ens": null, "is_whale": false, "blockchain": "ETH", "is_contract": false, "is_blue_chip_holder": false, "is_super_blue_chip_holder": false, "is_multi_sign_wallet": false, "das": null, "alias": null}, "event": "transfer", "quantity": 1, "tx_hash": "0x7a90f98fb3019cbb3b5ae98a849e588eec589fdc58b5e1887f2c47c1335c567d", "time": 1712655923, "nft": {"contract_address": "0xc274a97f1691ef390f662067e95a6eff1f99b504", "token_id": "6191", "name": "TinFun #6191", "blockchain": "ETH", "image": "https://lh3.googleusercontent.com/NWb-GBvmwoCjTPZv6psVJluG7sD4495GN9cHDnK0_fij2ThtGF29FaE_SR0kRTgzt68TofSJN0K9qJyECFVd2JPQT1BvtG-LJ6o", "contract_type": "ERC721"}, "collection": {"collection_id": "65a13036c284b18008bd25b7", "name": "TinFun", "logo": "https://i.seadn.io/s/raw/files/a531bedf317b5ffe5a35d559b5c94cd9.jpg?w=500&auto=format", "slug": "tin-fun"}, "gas_fee": {"value": 0.0016, "raw_value": 1600000000000000, "usd": 5.7765, "payment_token": {"address": "0x0000000000000000000000000000000000000000", "symbol": "ETH", "decimals": 18}}, "price": null, "marketplace_path": [], "fees": [], "trait_offer_target": null}, {"blockchain": "ETH", "sender": {"address": "0x7f1ada0a299896c1b5beb7f45204aa12fa59838c", "ens": "0xhaiwen.eth", "is_whale": false, "blockchain": "ETH", "is_contract": false, "is_blue_chip_holder": false, "is_super_blue_chip_holder": false, "is_multi_sign_wallet": false, "das": null, "alias": "0xhaiwen.eth"}, "receiver": {"address": "0xf8734fd8706e1999e8a98414ee2e5252fd1a395a", "ens": null, "is_whale": false, "blockchain": "ETH", "is_contract": false, "is_blue_chip_holder": true, "is_super_blue_chip_holder": false, "is_multi_sign_wallet": false, "das": null, "alias": null}, "event": "sale", "quantity": 1, "tx_hash": "0x7e87911f84324f0f3b3c8b2f52b95ab4910f300ae98319a8129e7cb63d776c53", "time": 1705119983, "nft": {"contract_address": "0xc274a97f1691ef390f662067e95a6eff1f99b504", "token_id": "6191", "name": "TinFun #6191", "blockchain": "ETH", "image": "https://lh3.googleusercontent.com/NWb-GBvmwoCjTPZv6psVJluG7sD4495GN9cHDnK0_fij2ThtGF29FaE_SR0kRTgzt68TofSJN0K9qJyECFVd2JPQT1BvtG-LJ6o", "contract_type": "ERC721"}, "collection": {"collection_id": "65a13036c284b18008bd25b7", "name": "TinFun", "logo": "https://i.seadn.io/s/raw/files/a531bedf317b5ffe5a35d559b5c94cd9.jpg?w=500&auto=format", "slug": "tin-fun"}, "gas_fee": {"value": 0.0058, "raw_value": 5800000000000000, "usd": 14.7897, "payment_token": {"address": "0x0000000000000000000000000000000000000000", "symbol": "ETH", "decimals": 18}}, "price": {"value": 0.799, "raw_value": 799000000000000000, "usd": 2035.7720813882427, "payment_token": {"address": "0x0000000000000000000000000000000000000000", "symbol": "ETH", "decimals": 18}}, "marketplace_path": ["element"], "fees": [], "trait_offer_target": null}, {"blockchain": "ETH", "sender": {"address": "0x2a0013fe6bd5901d4195fb4e1a91242aa8bdf8eb", "ens": null, "is_whale": false, "blockchain": "ETH", "is_contract": false, "is_blue_chip_holder": false, "is_super_blue_chip_holder": false, "is_multi_sign_wallet": false, "das": null, "alias": null}, "receiver": {"address": "0x7f1ada0a299896c1b5beb7f45204aa12fa59838c", "ens": "0xhaiwen.eth", "is_whale": false, "blockchain": "ETH", "is_contract": false, "is_blue_chip_holder": false, "is_super_blue_chip_holder": false, "is_multi_sign_wallet": false, "das": null, "alias": "0xhaiwen.eth"}, "event": "transfer", "quantity": 1, "tx_hash": "0xe00f39352e57311dcd34a3422792af53bab5cc0afb0d21b1d005be7e4030a874", "time": 1705118687, "nft": {"contract_address": "0xc274a97f1691ef390f662067e95a6eff1f99b504", "token_id": "6191", "name": "TinFun #6191", "blockchain": "ETH", "image": "https://lh3.googleusercontent.com/NWb-GBvmwoCjTPZv6psVJluG7sD4495GN9cHDnK0_fij2ThtGF29FaE_SR0kRTgzt68TofSJN0K9qJyECFVd2JPQT1BvtG-LJ6o", "contract_type": "ERC721"}, "collection": {"collection_id": "65a13036c284b18008bd25b7", "name": "TinFun", "logo": "https://i.seadn.io/s/raw/files/a531bedf317b5ffe5a35d559b5c94cd9.jpg?w=500&auto=format", "slug": "tin-fun"}, "gas_fee": {"value": 0.0009, "raw_value": 900000000000000, "usd": 2.177, "payment_token": {"address": "0x0000000000000000000000000000000000000000", "symbol": "ETH", "decimals": 18}}, "price": null, "marketplace_path": [], "fees": [], "trait_offer_target": null}]