[{"blockchain": "ETH", "sender": {"address": "0xf29146b178bb6bb448b1866d6470070e3f9f240a", "ens": null, "is_whale": false, "blockchain": "ETH", "is_contract": false, "is_blue_chip_holder": false, "is_super_blue_chip_holder": false, "is_multi_sign_wallet": false, "das": null, "alias": null}, "receiver": {"address": "0x8177e9fa379b85e01b2b30140ddc446b9875106a", "ens": null, "is_whale": false, "blockchain": "ETH", "is_contract": true, "is_blue_chip_holder": false, "is_super_blue_chip_holder": false, "is_multi_sign_wallet": false, "das": null, "alias": null}, "event": "transfer", "quantity": 1, "tx_hash": "0x3e80769d56d886b809f546a2df8292db88230ba23c4fd306daa59b4940c5cc11", "time": 1712931179, "nft": {"contract_address": "0xc274a97f1691ef390f662067e95a6eff1f99b504", "token_id": "2202", "name": "TinFun #2202", "blockchain": "ETH", "image": "https://lh3.googleusercontent.com/UdNue60SCQxAyIEjUfJMiLHdwHyDbrUfGUahw09dzpO-Lvc0z2YElO6qmlo58yAmBmxxrdQNHPPaQ6AsNbfHMIMAniWeFuXjSe8", "contract_type": "ERC721"}, "collection": {"collection_id": "65a13036c284b18008bd25b7", "name": "TinFun", "logo": "https://i.seadn.io/s/raw/files/a531bedf317b5ffe5a35d559b5c94cd9.jpg?w=500&auto=format", "slug": "tin-fun"}, "gas_fee": {"value": 0.0075, "raw_value": 7500000000000000, "usd": 25.9486, "payment_token": {"address": "0x0000000000000000000000000000000000000000", "symbol": "ETH", "decimals": 18}}, "price": null, "marketplace_path": [], "fees": [], "trait_offer_target": null}, {"blockchain": "ETH", "sender": {"address": "0x45b5f32ad88af8932bbab08d8ea4212bc766a4fe", "ens": null, "is_whale": false, "blockchain": "ETH", "is_contract": false, "is_blue_chip_holder": false, "is_super_blue_chip_holder": false, "is_multi_sign_wallet": false, "das": null, "alias": null}, "receiver": {"address": "0xf29146b178bb6bb448b1866d6470070e3f9f240a", "ens": null, "is_whale": false, "blockchain": "ETH", "is_contract": false, "is_blue_chip_holder": false, "is_super_blue_chip_holder": false, "is_multi_sign_wallet": false, "das": null, "alias": null}, "event": "transfer", "quantity": 1, "tx_hash": "0x553397aaf3808318fbd22b1fcaf99e1a3f7f29b1a3be963903c7e7ad4b4e10c4", "time": 1711171187, "nft": {"contract_address": "0xc274a97f1691ef390f662067e95a6eff1f99b504", "token_id": "2202", "name": "TinFun #2202", "blockchain": "ETH", "image": "https://lh3.googleusercontent.com/UdNue60SCQxAyIEjUfJMiLHdwHyDbrUfGUahw09dzpO-Lvc0z2YElO6qmlo58yAmBmxxrdQNHPPaQ6AsNbfHMIMAniWeFuXjSe8", "contract_type": "ERC721"}, "collection": {"collection_id": "65a13036c284b18008bd25b7", "name": "TinFun", "logo": "https://i.seadn.io/s/raw/files/a531bedf317b5ffe5a35d559b5c94cd9.jpg?w=500&auto=format", "slug": "tin-fun"}, "gas_fee": {"value": 0.0013, "raw_value": 1300000000000000, "usd": 4.4154, "payment_token": {"address": "0x0000000000000000000000000000000000000000", "symbol": "ETH", "decimals": 18}}, "price": null, "marketplace_path": [], "fees": [], "trait_offer_target": null}]