[{"blockchain": "ETH", "sender": {"address": "0x0840bef8b37f592eedffa580bd308381ec0a4fe7", "ens": "epochgroup.eth", "is_whale": false, "blockchain": "ETH", "is_contract": false, "is_blue_chip_holder": false, "is_super_blue_chip_holder": false, "is_multi_sign_wallet": false, "das": null, "alias": "epochgroup.eth"}, "receiver": {"address": "0x8177e9fa379b85e01b2b30140ddc446b9875106a", "ens": null, "is_whale": false, "blockchain": "ETH", "is_contract": true, "is_blue_chip_holder": false, "is_super_blue_chip_holder": false, "is_multi_sign_wallet": false, "das": null, "alias": null}, "event": "transfer", "quantity": 1, "tx_hash": "0xd86b04c965fa82653f97b15af7e3f64e9548b373609df0748a013232a036ec9a", "time": 1711699559, "nft": {"contract_address": "0xc274a97f1691ef390f662067e95a6eff1f99b504", "token_id": "3805", "name": "TinFun #3805", "blockchain": "ETH", "image": "https://lh3.googleusercontent.com/xvSL-JABhggsuYVQnWI597mMQ4o2i6DGfpNEqM_ic_BTv5w1TZis6JYlBptvt1G99vcjRuQv7Ve_0-lVcCa6Sx_eFpZ--0BNKHk", "contract_type": "ERC721"}, "collection": {"collection_id": "65a13036c284b18008bd25b7", "name": "TinFun", "logo": "https://i.seadn.io/s/raw/files/a531bedf317b5ffe5a35d559b5c94cd9.jpg?w=500&auto=format", "slug": "tin-fun"}, "gas_fee": {"value": 0.0266, "raw_value": 26600000000000000, "usd": 93.7627, "payment_token": {"address": "0x0000000000000000000000000000000000000000", "symbol": "ETH", "decimals": 18}}, "price": null, "marketplace_path": [], "fees": [], "trait_offer_target": null}, {"blockchain": "ETH", "sender": {"address": "0x5da0aaf574aa2d5ed401c26290c4be3741023ec2", "ens": null, "is_whale": false, "blockchain": "ETH", "is_contract": false, "is_blue_chip_holder": false, "is_super_blue_chip_holder": false, "is_multi_sign_wallet": false, "das": null, "alias": null}, "receiver": {"address": "0x0840bef8b37f592eedffa580bd308381ec0a4fe7", "ens": "epochgroup.eth", "is_whale": false, "blockchain": "ETH", "is_contract": false, "is_blue_chip_holder": false, "is_super_blue_chip_holder": false, "is_multi_sign_wallet": false, "das": null, "alias": "epochgroup.eth"}, "event": "sale", "quantity": 1, "tx_hash": "0xca31c35cf570c8875fc37a05273a7141561f33b08eef4648b1274c4a3f9e98de", "time": 1705067399, "nft": {"contract_address": "0xc274a97f1691ef390f662067e95a6eff1f99b504", "token_id": "3805", "name": "TinFun #3805", "blockchain": "ETH", "image": "https://lh3.googleusercontent.com/xvSL-JABhggsuYVQnWI597mMQ4o2i6DGfpNEqM_ic_BTv5w1TZis6JYlBptvt1G99vcjRuQv7Ve_0-lVcCa6Sx_eFpZ--0BNKHk", "contract_type": "ERC721"}, "collection": {"collection_id": "65a13036c284b18008bd25b7", "name": "TinFun", "logo": "https://i.seadn.io/s/raw/files/a531bedf317b5ffe5a35d559b5c94cd9.jpg?w=500&auto=format", "slug": "tin-fun"}, "gas_fee": {"value": 0.0136, "raw_value": 13600000000000000, "usd": 36.0469, "payment_token": {"address": "0x0000000000000000000000000000000000000000", "symbol": "ETH", "decimals": 18}}, "price": {"value": 0.78, "raw_value": 780000000000000000, "usd": 2067.318614105105, "payment_token": {"address": "0x0000000000000000000000000000000000000000", "symbol": "ETH", "decimals": 18}}, "marketplace_path": ["opensea"], "fees": [{"fee_type": "marketplace", "recipient": "0x0000a26b00c1f0df003000390027140000faa719", "bps": 50, "price": {"value": 0.0039, "raw_value": 3900000000000000, "usd": 10.222368, "payment_token": {"address": "0x0000000000000000000000000000000000000000", "symbol": "ETH", "decimals": 18}}}], "trait_offer_target": null}, {"blockchain": "ETH", "sender": {"address": "0xa6b4e4323903c5b024809ee839641a298dfbea82", "ens": "dharnidh.eth", "is_whale": false, "blockchain": "ETH", "is_contract": false, "is_blue_chip_holder": false, "is_super_blue_chip_holder": false, "is_multi_sign_wallet": false, "das": null, "alias": "dharnidh.eth"}, "receiver": {"address": "0x5da0aaf574aa2d5ed401c26290c4be3741023ec2", "ens": null, "is_whale": false, "blockchain": "ETH", "is_contract": false, "is_blue_chip_holder": false, "is_super_blue_chip_holder": false, "is_multi_sign_wallet": false, "das": null, "alias": null}, "event": "sale", "quantity": 1, "tx_hash": "0x0a66671eea4bfc4fcdb3ba917fac69f940ebb573f2de0324f453f8433917ad9c", "time": 1705065719, "nft": {"contract_address": "0xc274a97f1691ef390f662067e95a6eff1f99b504", "token_id": "3805", "name": "TinFun #3805", "blockchain": "ETH", "image": "https://lh3.googleusercontent.com/xvSL-JABhggsuYVQnWI597mMQ4o2i6DGfpNEqM_ic_BTv5w1TZis6JYlBptvt1G99vcjRuQv7Ve_0-lVcCa6Sx_eFpZ--0BNKHk", "contract_type": "ERC721"}, "collection": {"collection_id": "65a13036c284b18008bd25b7", "name": "TinFun", "logo": "https://i.seadn.io/s/raw/files/a531bedf317b5ffe5a35d559b5c94cd9.jpg?w=500&auto=format", "slug": "tin-fun"}, "gas_fee": {"value": 0.0055, "raw_value": 5500000000000000, "usd": 14.5846, "payment_token": {"address": "0x0000000000000000000000000000000000000000", "symbol": "ETH", "decimals": 18}}, "price": {"value": 0.74, "raw_value": 740000000000000000, "usd": 1961.3022749202278, "payment_token": {"address": "0x0000000000000000000000000000000000000000", "symbol": "ETH", "decimals": 18}}, "marketplace_path": ["blur-aggregator", "blur"], "fees": [{"fee_type": "royalty", "recipient": "0x6650dc11f439f14d4dfbea75233bd9b0099a0647", "bps": 50, "price": {"value": 0.0037, "raw_value": 3700000000000000, "usd": 9.698144, "payment_token": {"address": "0x0000000000000000000000000000000000000000", "symbol": "ETH", "decimals": 18}}}], "trait_offer_target": null}]