[{"blockchain": "ETH", "sender": {"address": "0x9655eb8230bd4f5ea4547f02a57098a7931ce635", "ens": "\u6b32\u4e70\u6842\u82b1\u540c\u8f7d\u9152.eth", "is_whale": false, "blockchain": "ETH", "is_contract": false, "is_blue_chip_holder": false, "is_super_blue_chip_holder": false, "is_multi_sign_wallet": false, "das": null, "alias": "\u6b32\u4e70\u6842\u82b1\u540c\u8f7d\u9152.eth"}, "receiver": {"address": "0x6400f6ebf6e958ec1887c92f30515bbad3745073", "ens": null, "is_whale": false, "blockchain": "ETH", "is_contract": false, "is_blue_chip_holder": true, "is_super_blue_chip_holder": false, "is_multi_sign_wallet": false, "das": null, "alias": null}, "event": "sale", "quantity": 1, "tx_hash": "0xd04052cdd8a7070fae9861327f248d2240ea971fe9704923c76fb237240f68d3", "time": 1706246807, "nft": {"contract_address": "0xc274a97f1691ef390f662067e95a6eff1f99b504", "token_id": "6353", "name": "TinFun #6353", "blockchain": "ETH", "image": "https://lh3.googleusercontent.com/qPsS86_OLoUpJEI52TbE7NXJTQMCXBVYYLynWM0mKEKWqf5io9722ikprw1bZzlDRq3U7F8yTz1VcyexKaBRhbyHqBAdR6xz69Q", "contract_type": "ERC721"}, "collection": {"collection_id": "65a13036c284b18008bd25b7", "name": "TinFun", "logo": "https://i.seadn.io/s/raw/files/a531bedf317b5ffe5a35d559b5c94cd9.jpg?w=500&auto=format", "slug": "tin-fun"}, "gas_fee": {"value": 0.0144, "raw_value": 14400000000000000, "usd": 32.0967, "payment_token": {"address": "0x0000000000000000000000000000000000000000", "symbol": "ETH", "decimals": 18}}, "price": {"value": 0.603, "raw_value": 603000000000000000, "usd": 1340.662861036646, "payment_token": {"address": "0x0000000000000000000000000000000000000000", "symbol": "ETH", "decimals": 18}}, "marketplace_path": ["blur-aggregator", "blur"], "fees": [{"fee_type": "royalty", "recipient": "0x6650dc11f439f14d4dfbea75233bd9b0099a0647", "bps": 50, "price": {"value": 0.003015, "raw_value": 3015000000000000, "usd": 6.713252, "payment_token": {"address": "0x0000000000000000000000000000000000000000", "symbol": "ETH", "decimals": 18}}}], "trait_offer_target": null}, {"blockchain": "ETH", "sender": {"address": "0x0e20fa2446237a25280fe4fc38ff68bc38888888", "ens": null, "is_whale": false, "blockchain": "ETH", "is_contract": false, "is_blue_chip_holder": false, "is_super_blue_chip_holder": false, "is_multi_sign_wallet": false, "das": null, "alias": null}, "receiver": {"address": "0x9655eb8230bd4f5ea4547f02a57098a7931ce635", "ens": "\u6b32\u4e70\u6842\u82b1\u540c\u8f7d\u9152.eth", "is_whale": false, "blockchain": "ETH", "is_contract": false, "is_blue_chip_holder": false, "is_super_blue_chip_holder": false, "is_multi_sign_wallet": false, "das": null, "alias": "\u6b32\u4e70\u6842\u82b1\u540c\u8f7d\u9152.eth"}, "event": "sale", "quantity": 1, "tx_hash": "0x5e6bdb30836b94101d87c29a66c1a37d6f1e134451aca35627200424a4a018b3", "time": 1705662575, "nft": {"contract_address": "0xc274a97f1691ef390f662067e95a6eff1f99b504", "token_id": "6353", "name": "TinFun #6353", "blockchain": "ETH", "image": "https://lh3.googleusercontent.com/qPsS86_OLoUpJEI52TbE7NXJTQMCXBVYYLynWM0mKEKWqf5io9722ikprw1bZzlDRq3U7F8yTz1VcyexKaBRhbyHqBAdR6xz69Q", "contract_type": "ERC721"}, "collection": {"collection_id": "65a13036c284b18008bd25b7", "name": "TinFun", "logo": "https://i.seadn.io/s/raw/files/a531bedf317b5ffe5a35d559b5c94cd9.jpg?w=500&auto=format", "slug": "tin-fun"}, "gas_fee": {"value": 0.0043, "raw_value": 4300000000000000, "usd": 10.7233, "payment_token": {"address": "0x0000000000000000000000000000000000000000", "symbol": "ETH", "decimals": 18}}, "price": {"value": 0.64789, "raw_value": 647890000000000000, "usd": 1611.7561106914127, "payment_token": {"address": "0x0000000000000000000000000000000000000000", "symbol": "ETH", "decimals": 18}}, "marketplace_path": ["blur-aggregator", "blur"], "fees": [{"fee_type": "royalty", "recipient": "0x6650dc11f439f14d4dfbea75233bd9b0099a0647", "bps": 50, "price": {"value": 0.003239, "raw_value": 3239450000000000, "usd": 8.004405, "payment_token": {"address": "0x0000000000000000000000000000000000000000", "symbol": "ETH", "decimals": 18}}}], "trait_offer_target": null}]