[{"blockchain": "ETH", "sender": {"address": "0xf4b0a3791f2ea863177053a98b7c23554109df68", "ens": null, "is_whale": false, "blockchain": "ETH", "is_contract": false, "is_blue_chip_holder": false, "is_super_blue_chip_holder": false, "is_multi_sign_wallet": false, "das": null, "alias": null}, "receiver": {"address": "0x1a77ae36bbe0bf3f47b020cb5fe0e457ac4e9715", "ens": null, "is_whale": false, "blockchain": "ETH", "is_contract": false, "is_blue_chip_holder": false, "is_super_blue_chip_holder": false, "is_multi_sign_wallet": false, "das": null, "alias": null}, "event": "sale", "quantity": 1, "tx_hash": "0xdc7825c40f76f29def10c4010652d74188306e6b83ed92616685944ddcd2ce14", "time": 1706089739, "nft": {"contract_address": "0xc274a97f1691ef390f662067e95a6eff1f99b504", "token_id": "5512", "name": "TinFun #5512", "blockchain": "ETH", "image": "https://lh3.googleusercontent.com/Vy-iW2PYOGzhLxpJPOyB0rznOCs_9lXqvMy_9lbLwUMgXG3p7pCd8zFSwl4lIlwN2-Ivv3Kr_oT-el8QVNQwNdMHNxoJ5TwbDQ", "contract_type": "ERC721"}, "collection": {"collection_id": "65a13036c284b18008bd25b7", "name": "TinFun", "logo": "https://i.seadn.io/s/raw/files/a531bedf317b5ffe5a35d559b5c94cd9.jpg?w=500&auto=format", "slug": "tin-fun"}, "gas_fee": {"value": 0.0041, "raw_value": 4100000000000000, "usd": 9.2737, "payment_token": {"address": "0x0000000000000000000000000000000000000000", "symbol": "ETH", "decimals": 18}}, "price": {"value": 0.55, "raw_value": 550000000000000000, "usd": 1229.0603186411622, "payment_token": {"address": "0x0000000000000000000000000000000000000000", "symbol": "ETH", "decimals": 18}}, "marketplace_path": ["blur"], "fees": [{"fee_type": "royalty", "recipient": "0x6650dc11f439f14d4dfbea75233bd9b0099a0647", "bps": 50, "price": {"value": 0.00275, "raw_value": 2750000000000000, "usd": 6.132989, "payment_token": {"address": "0x0000000000a39bb272e79075ade125fd351887ac", "symbol": "BETH", "decimals": 18}}}], "trait_offer_target": null}, {"blockchain": "ETH", "sender": {"address": "0x3eb879cc9a0ef4c6f1d870a40ae187768c278da2", "ens": "floorprotocol.eth", "is_whale": false, "blockchain": "ETH", "is_contract": true, "is_blue_chip_holder": true, "is_super_blue_chip_holder": true, "is_multi_sign_wallet": false, "das": null, "alias": "floorprotocol.eth"}, "receiver": {"address": "0xf4b0a3791f2ea863177053a98b7c23554109df68", "ens": null, "is_whale": false, "blockchain": "ETH", "is_contract": false, "is_blue_chip_holder": false, "is_super_blue_chip_holder": true, "is_multi_sign_wallet": false, "das": null, "alias": null}, "event": "transfer", "quantity": 1, "tx_hash": "0xa5128f59e149361e83c74fa18dfe48d63f8c743bfe7354beffc18f63603a7777", "time": 1706087903, "nft": {"contract_address": "0xc274a97f1691ef390f662067e95a6eff1f99b504", "token_id": "5512", "name": "TinFun #5512", "blockchain": "ETH", "image": "https://lh3.googleusercontent.com/Vy-iW2PYOGzhLxpJPOyB0rznOCs_9lXqvMy_9lbLwUMgXG3p7pCd8zFSwl4lIlwN2-Ivv3Kr_oT-el8QVNQwNdMHNxoJ5TwbDQ", "contract_type": "ERC721"}, "collection": {"collection_id": "65a13036c284b18008bd25b7", "name": "TinFun", "logo": "https://i.seadn.io/s/raw/files/a531bedf317b5ffe5a35d559b5c94cd9.jpg?w=500&auto=format", "slug": "tin-fun"}, "gas_fee": {"value": 0.0023, "raw_value": 2300000000000000, "usd": 5.0476, "payment_token": {"address": "0x0000000000000000000000000000000000000000", "symbol": "ETH", "decimals": 18}}, "price": null, "marketplace_path": ["floor"], "fees": [], "trait_offer_target": null}, {"blockchain": "ETH", "sender": {"address": "0x7c7c9ce081becb5f44ef9eed3a90d99057d2eb53", "ens": "blockmemory.eth", "is_whale": false, "blockchain": "ETH", "is_contract": false, "is_blue_chip_holder": false, "is_super_blue_chip_holder": false, "is_multi_sign_wallet": false, "das": null, "alias": "blockmemory.eth"}, "receiver": {"address": "0x3eb879cc9a0ef4c6f1d870a40ae187768c278da2", "ens": "floorprotocol.eth", "is_whale": false, "blockchain": "ETH", "is_contract": true, "is_blue_chip_holder": true, "is_super_blue_chip_holder": false, "is_multi_sign_wallet": false, "das": null, "alias": "floorprotocol.eth"}, "event": "sale", "quantity": 1, "tx_hash": "0x4e46dcd4ee8468e2bb049dfbfb82274fdbc2167609f60c14ee3de1f6f0d77d24", "time": 1705897943, "nft": {"contract_address": "0xc274a97f1691ef390f662067e95a6eff1f99b504", "token_id": "5512", "name": "TinFun #5512", "blockchain": "ETH", "image": "https://lh3.googleusercontent.com/Vy-iW2PYOGzhLxpJPOyB0rznOCs_9lXqvMy_9lbLwUMgXG3p7pCd8zFSwl4lIlwN2-Ivv3Kr_oT-el8QVNQwNdMHNxoJ5TwbDQ", "contract_type": "ERC721"}, "collection": {"collection_id": "65a13036c284b18008bd25b7", "name": "TinFun", "logo": "https://i.seadn.io/s/raw/files/a531bedf317b5ffe5a35d559b5c94cd9.jpg?w=500&auto=format", "slug": "tin-fun"}, "gas_fee": {"value": 0.0088, "raw_value": 8800000000000001, "usd": 21.4244, "payment_token": {"address": "0x0000000000000000000000000000000000000000", "symbol": "ETH", "decimals": 18}}, "price": {"value": 0.5330256719045192, "raw_value": 533025671904519248, "usd": 1297.2198725827004, "payment_token": {"address": "0xc02aaa39b223fe8d0a0e5c4f27ead9083c756cc2", "symbol": "WETH", "decimals": 18}}, "marketplace_path": ["floor"], "fees": [], "trait_offer_target": null}, {"blockchain": "ETH", "sender": {"address": "0xbc866b29ea6b3060ef487ea98492e7d1e03ea5bf", "ens": null, "is_whale": false, "blockchain": "ETH", "is_contract": false, "is_blue_chip_holder": true, "is_super_blue_chip_holder": false, "is_multi_sign_wallet": false, "das": null, "alias": null}, "receiver": {"address": "0x7c7c9ce081becb5f44ef9eed3a90d99057d2eb53", "ens": "blockmemory.eth", "is_whale": false, "blockchain": "ETH", "is_contract": false, "is_blue_chip_holder": false, "is_super_blue_chip_holder": false, "is_multi_sign_wallet": false, "das": null, "alias": "blockmemory.eth"}, "event": "sale", "quantity": 1, "tx_hash": "0xc0f9fe0979360b145babfc0f5c2b9f95a951693c9b9fe29e228aadc2374e38bc", "time": 1705897631, "nft": {"contract_address": "0xc274a97f1691ef390f662067e95a6eff1f99b504", "token_id": "5512", "name": "TinFun #5512", "blockchain": "ETH", "image": "https://lh3.googleusercontent.com/Vy-iW2PYOGzhLxpJPOyB0rznOCs_9lXqvMy_9lbLwUMgXG3p7pCd8zFSwl4lIlwN2-Ivv3Kr_oT-el8QVNQwNdMHNxoJ5TwbDQ", "contract_type": "ERC721"}, "collection": {"collection_id": "65a13036c284b18008bd25b7", "name": "TinFun", "logo": "https://i.seadn.io/s/raw/files/a531bedf317b5ffe5a35d559b5c94cd9.jpg?w=500&auto=format", "slug": "tin-fun"}, "gas_fee": {"value": 0.0038, "raw_value": 3800000000000000, "usd": 9.3389, "payment_token": {"address": "0x0000000000000000000000000000000000000000", "symbol": "ETH", "decimals": 18}}, "price": {"value": 0.53, "raw_value": 530000000000000000, "usd": 1290.607137852827, "payment_token": {"address": "0x0000000000000000000000000000000000000000", "symbol": "ETH", "decimals": 18}}, "marketplace_path": ["blur"], "fees": [{"fee_type": "royalty", "recipient": "0x6650dc11f439f14d4dfbea75233bd9b0099a0647", "bps": 50, "price": {"value": 0.00265, "raw_value": 2650000000000000, "usd": 6.460848, "payment_token": {"address": "0x0000000000a39bb272e79075ade125fd351887ac", "symbol": "BETH", "decimals": 18}}}], "trait_offer_target": null}, {"blockchain": "ETH", "sender": {"address": "0x9db66d15e466b4eab2e33b690569eaf50fd99f92", "ens": "laserdai.eth", "is_whale": false, "blockchain": "ETH", "is_contract": false, "is_blue_chip_holder": false, "is_super_blue_chip_holder": false, "is_multi_sign_wallet": false, "das": null, "alias": "laserdai.eth"}, "receiver": {"address": "0xbc866b29ea6b3060ef487ea98492e7d1e03ea5bf", "ens": null, "is_whale": false, "blockchain": "ETH", "is_contract": false, "is_blue_chip_holder": true, "is_super_blue_chip_holder": false, "is_multi_sign_wallet": false, "das": null, "alias": null}, "event": "sale", "quantity": 1, "tx_hash": "0xe54e8c18f635f1329427a37325e305f15e65701eca18354b3b5e371d6a3d56c7", "time": 1705786175, "nft": {"contract_address": "0xc274a97f1691ef390f662067e95a6eff1f99b504", "token_id": "5512", "name": "TinFun #5512", "blockchain": "ETH", "image": "https://lh3.googleusercontent.com/Vy-iW2PYOGzhLxpJPOyB0rznOCs_9lXqvMy_9lbLwUMgXG3p7pCd8zFSwl4lIlwN2-Ivv3Kr_oT-el8QVNQwNdMHNxoJ5TwbDQ", "contract_type": "ERC721"}, "collection": {"collection_id": "65a13036c284b18008bd25b7", "name": "TinFun", "logo": "https://i.seadn.io/s/raw/files/a531bedf317b5ffe5a35d559b5c94cd9.jpg?w=500&auto=format", "slug": "tin-fun"}, "gas_fee": {"value": 0.0044, "raw_value": 4400000000000000, "usd": 10.7726, "payment_token": {"address": "0x0000000000000000000000000000000000000000", "symbol": "ETH", "decimals": 18}}, "price": {"value": 0.57, "raw_value": 570000000000000000, "usd": 1406.822171989282, "payment_token": {"address": "0x0000000000000000000000000000000000000000", "symbol": "ETH", "decimals": 18}}, "marketplace_path": ["blur"], "fees": [{"fee_type": "royalty", "recipient": "0x6650dc11f439f14d4dfbea75233bd9b0099a0647", "bps": 50, "price": {"value": 0.00285, "raw_value": 2850000000000000, "usd": 7.007835, "payment_token": {"address": "0x0000000000a39bb272e79075ade125fd351887ac", "symbol": "BETH", "decimals": 18}}}], "trait_offer_target": null}]