[{"blockchain": "ETH", "sender": {"address": "0x271a20481843e0244678c5ea0983e74a2285dcea", "ens": "rexrexrex.eth", "is_whale": false, "blockchain": "ETH", "is_contract": false, "is_blue_chip_holder": false, "is_super_blue_chip_holder": false, "is_multi_sign_wallet": false, "das": null, "alias": "rexrexrex.eth"}, "receiver": {"address": "0xe0b2a5594266585558d3a88cb3299e721524641e", "ens": null, "is_whale": false, "blockchain": "ETH", "is_contract": false, "is_blue_chip_holder": true, "is_super_blue_chip_holder": false, "is_multi_sign_wallet": false, "das": null, "alias": null}, "event": "sale", "quantity": 1, "tx_hash": "0x60af2dde93d6b050ac473de7a8c914c50d8d5b3be0e5bd8535d77bcfaf471099", "time": 1705832807, "nft": {"contract_address": "0xc274a97f1691ef390f662067e95a6eff1f99b504", "token_id": "4401", "name": "TinFun #4401", "blockchain": "ETH", "image": "https://lh3.googleusercontent.com/Mm9DtiZ-1I4Ddk9VHIWlu-y2yTRV5kupyhIhnqfxcNsQknBuqDjT3IvPAkzf6OYCTNU6kRfcLhPp4PVWKPkmNPZ-Dxe2F4NQSy0", "contract_type": "ERC721"}, "collection": {"collection_id": "65a13036c284b18008bd25b7", "name": "TinFun", "logo": "https://i.seadn.io/s/raw/files/a531bedf317b5ffe5a35d559b5c94cd9.jpg?w=500&auto=format", "slug": "tin-fun"}, "gas_fee": {"value": 0.0028, "raw_value": 2800000000000000, "usd": 6.9101, "payment_token": {"address": "0x0000000000000000000000000000000000000000", "symbol": "ETH", "decimals": 18}}, "price": {"value": 0.6104, "raw_value": 610400000000000000, "usd": 1509.7799562115224, "payment_token": {"address": "0xc02aaa39b223fe8d0a0e5c4f27ead9083c756cc2", "symbol": "WETH", "decimals": 18}}, "marketplace_path": ["opensea"], "fees": [{"fee_type": "marketplace", "recipient": "0x0000a26b00c1f0df003000390027140000faa719", "bps": 250, "price": {"value": 0.01526, "raw_value": 15260000000000000, "usd": 37.745057, "payment_token": {"address": "0xc02aaa39b223fe8d0a0e5c4f27ead9083c756cc2", "symbol": "WETH", "decimals": 18}}}], "trait_offer_target": null}, {"blockchain": "ETH", "sender": {"address": "0x987ee3015856d86f292433fa515efc3060931080", "ens": null, "is_whale": false, "blockchain": "ETH", "is_contract": false, "is_blue_chip_holder": false, "is_super_blue_chip_holder": false, "is_multi_sign_wallet": false, "das": null, "alias": null}, "receiver": {"address": "0x271a20481843e0244678c5ea0983e74a2285dcea", "ens": "rexrexrex.eth", "is_whale": false, "blockchain": "ETH", "is_contract": false, "is_blue_chip_holder": false, "is_super_blue_chip_holder": false, "is_multi_sign_wallet": false, "das": null, "alias": "rexrexrex.eth"}, "event": "sale", "quantity": 1, "tx_hash": "0xd26f9f1adf360720de388f8b969ddb0da40fb962e5953fd2370a829e348fad31", "time": 1705076039, "nft": {"contract_address": "0xc274a97f1691ef390f662067e95a6eff1f99b504", "token_id": "4401", "name": "TinFun #4401", "blockchain": "ETH", "image": "https://lh3.googleusercontent.com/Mm9DtiZ-1I4Ddk9VHIWlu-y2yTRV5kupyhIhnqfxcNsQknBuqDjT3IvPAkzf6OYCTNU6kRfcLhPp4PVWKPkmNPZ-Dxe2F4NQSy0", "contract_type": "ERC721"}, "collection": {"collection_id": "65a13036c284b18008bd25b7", "name": "TinFun", "logo": "https://i.seadn.io/s/raw/files/a531bedf317b5ffe5a35d559b5c94cd9.jpg?w=500&auto=format", "slug": "tin-fun"}, "gas_fee": {"value": 0.0072, "raw_value": 7200000000000000, "usd": 19.0188, "payment_token": {"address": "0x0000000000000000000000000000000000000000", "symbol": "ETH", "decimals": 18}}, "price": {"value": 0.8779, "raw_value": 877900000000000000, "usd": 2323.3221175089307, "payment_token": {"address": "0x0000000000000000000000000000000000000000", "symbol": "ETH", "decimals": 18}}, "marketplace_path": ["blur"], "fees": [{"fee_type": "royalty", "recipient": "0x6650dc11f439f14d4dfbea75233bd9b0099a0647", "bps": 50, "price": {"value": 0.00439, "raw_value": 4389500000000000, "usd": 11.736043, "payment_token": {"address": "0x0000000000000000000000000000000000000000", "symbol": "ETH", "decimals": 18}}}], "trait_offer_target": null}]