[{"blockchain": "ETH", "sender": {"address": "0x3354b506eea1d81f62bb7c51e2bd0035ed886278", "ens": null, "is_whale": false, "blockchain": "ETH", "is_contract": false, "is_blue_chip_holder": false, "is_super_blue_chip_holder": false, "is_multi_sign_wallet": false, "das": null, "alias": null}, "receiver": {"address": "0x8177e9fa379b85e01b2b30140ddc446b9875106a", "ens": null, "is_whale": false, "blockchain": "ETH", "is_contract": true, "is_blue_chip_holder": false, "is_super_blue_chip_holder": false, "is_multi_sign_wallet": false, "das": null, "alias": null}, "event": "transfer", "quantity": 1, "tx_hash": "0x4174f101fbd0f58d3ceaf70744b235dbe48cb8532add2cd6b42cc87c2def512b", "time": 1712910059, "nft": {"contract_address": "0xc274a97f1691ef390f662067e95a6eff1f99b504", "token_id": "4509", "name": "TinFun #4509", "blockchain": "ETH", "image": "https://lh3.googleusercontent.com/JfveI3dWQh10KW7v0BS1iGwNb8PllETLGGKHcKzx2eeTvKNrjw6y6rjEP-cf-7nIqyTkNatz-EMFeBY0bA524pktqtjrBJsYNrg", "contract_type": "ERC721"}, "collection": {"collection_id": "65a13036c284b18008bd25b7", "name": "TinFun", "logo": "https://i.seadn.io/s/raw/files/a531bedf317b5ffe5a35d559b5c94cd9.jpg?w=500&auto=format", "slug": "tin-fun"}, "gas_fee": {"value": 0.0024, "raw_value": 2400000000000000, "usd": 8.4528, "payment_token": {"address": "0x0000000000000000000000000000000000000000", "symbol": "ETH", "decimals": 18}}, "price": null, "marketplace_path": [], "fees": [], "trait_offer_target": null}]