[{"blockchain": "ETH", "sender": {"address": "0x1af331dc34dd7c5c62af28b5685328318b61888a", "ens": "lasercat397.eth", "is_whale": false, "blockchain": "ETH", "is_contract": false, "is_blue_chip_holder": true, "is_super_blue_chip_holder": false, "is_multi_sign_wallet": false, "das": null, "alias": "Lasercat"}, "receiver": {"address": "0x8177e9fa379b85e01b2b30140ddc446b9875106a", "ens": null, "is_whale": false, "blockchain": "ETH", "is_contract": true, "is_blue_chip_holder": false, "is_super_blue_chip_holder": false, "is_multi_sign_wallet": false, "das": null, "alias": null}, "event": "transfer", "quantity": 1, "tx_hash": "0xa6d25e8ebba058f63b73616b833502ddd4ef90a0174167c51d0838494e3ce5c2", "time": 1711697207, "nft": {"contract_address": "0xc274a97f1691ef390f662067e95a6eff1f99b504", "token_id": "4728", "name": "TinFun #4728", "blockchain": "ETH", "image": "https://lh3.googleusercontent.com/vuqggLBdP3JVVtd3fk37h1TbCYkdGk7Bc6Tjm6bIxBfPCCP0SsRsrOk_6kGNaDxcr4HU6jyyN39aK4qMta6Rc3TzSzUABjuY6w", "contract_type": "ERC721"}, "collection": {"collection_id": "65a13036c284b18008bd25b7", "name": "TinFun", "logo": "https://i.seadn.io/s/raw/files/a531bedf317b5ffe5a35d559b5c94cd9.jpg?w=500&auto=format", "slug": "tin-fun"}, "gas_fee": {"value": 0.0888, "raw_value": 88800000000000000, "usd": 317.2785, "payment_token": {"address": "0x0000000000000000000000000000000000000000", "symbol": "ETH", "decimals": 18}}, "price": null, "marketplace_path": [], "fees": [], "trait_offer_target": null}, {"blockchain": "ETH", "sender": {"address": "0xdae23182536c8b74d4892a8e5e011f3dacf5b8e5", "ens": null, "is_whale": false, "blockchain": "ETH", "is_contract": false, "is_blue_chip_holder": false, "is_super_blue_chip_holder": false, "is_multi_sign_wallet": false, "das": null, "alias": null}, "receiver": {"address": "0x1af331dc34dd7c5c62af28b5685328318b61888a", "ens": "lasercat397.eth", "is_whale": false, "blockchain": "ETH", "is_contract": false, "is_blue_chip_holder": true, "is_super_blue_chip_holder": false, "is_multi_sign_wallet": false, "das": null, "alias": "Lasercat"}, "event": "sale", "quantity": 1, "tx_hash": "0x6bce9903910191d0df0cab3ab98ff86f19093d16f36904cd58152e2ac0bf9bb5", "time": 1711083743, "nft": {"contract_address": "0xc274a97f1691ef390f662067e95a6eff1f99b504", "token_id": "4728", "name": "TinFun #4728", "blockchain": "ETH", "image": "https://lh3.googleusercontent.com/vuqggLBdP3JVVtd3fk37h1TbCYkdGk7Bc6Tjm6bIxBfPCCP0SsRsrOk_6kGNaDxcr4HU6jyyN39aK4qMta6Rc3TzSzUABjuY6w", "contract_type": "ERC721"}, "collection": {"collection_id": "65a13036c284b18008bd25b7", "name": "TinFun", "logo": "https://i.seadn.io/s/raw/files/a531bedf317b5ffe5a35d559b5c94cd9.jpg?w=500&auto=format", "slug": "tin-fun"}, "gas_fee": {"value": 0.0145, "raw_value": 14500000000000000, "usd": 50.9947, "payment_token": {"address": "0x0000000000000000000000000000000000000000", "symbol": "ETH", "decimals": 18}}, "price": {"value": 0.1499, "raw_value": 149900000000000000, "usd": 526.60726677459, "payment_token": {"address": "0x0000000000000000000000000000000000000000", "symbol": "ETH", "decimals": 18}}, "marketplace_path": ["blur"], "fees": [{"fee_type": "royalty", "recipient": "0x6650dc11f439f14d4dfbea75233bd9b0099a0647", "bps": 50, "price": {"value": 0.000749, "raw_value": 749500000000000, "usd": 2.608143, "payment_token": {"address": "0x0000000000000000000000000000000000000000", "symbol": "ETH", "decimals": 18}}}], "trait_offer_target": null}, {"blockchain": "ETH", "sender": {"address": "0x5e97de239f3816d062595ef352e0ac5931a8e6c9", "ens": "\u8d5a1u\u5403\u8089\u5939\u998d.eth", "is_whale": false, "blockchain": "ETH", "is_contract": false, "is_blue_chip_holder": false, "is_super_blue_chip_holder": false, "is_multi_sign_wallet": false, "das": null, "alias": "\u8d5a1u\u5403\u8089\u5939\u998d.eth"}, "receiver": {"address": "0xdae23182536c8b74d4892a8e5e011f3dacf5b8e5", "ens": null, "is_whale": false, "blockchain": "ETH", "is_contract": false, "is_blue_chip_holder": false, "is_super_blue_chip_holder": false, "is_multi_sign_wallet": false, "das": null, "alias": null}, "event": "transfer", "quantity": 1, "tx_hash": "0x453fa0aed1a00260736ff47d2f82da008ef0b1d8ab0a2b9e205169a0a6eb22d9", "time": 1705296863, "nft": {"contract_address": "0xc274a97f1691ef390f662067e95a6eff1f99b504", "token_id": "4728", "name": "TinFun #4728", "blockchain": "ETH", "image": "https://lh3.googleusercontent.com/vuqggLBdP3JVVtd3fk37h1TbCYkdGk7Bc6Tjm6bIxBfPCCP0SsRsrOk_6kGNaDxcr4HU6jyyN39aK4qMta6Rc3TzSzUABjuY6w", "contract_type": "ERC721"}, "collection": {"collection_id": "65a13036c284b18008bd25b7", "name": "TinFun", "logo": "https://i.seadn.io/s/raw/files/a531bedf317b5ffe5a35d559b5c94cd9.jpg?w=500&auto=format", "slug": "tin-fun"}, "gas_fee": {"value": 0.001, "raw_value": 1000000000000000, "usd": 2.5856, "payment_token": {"address": "0x0000000000000000000000000000000000000000", "symbol": "ETH", "decimals": 18}}, "price": null, "marketplace_path": [], "fees": [], "trait_offer_target": null}]