[{"blockchain": "ETH", "sender": {"address": "0x08d065aee64cc961615fa41cff02ecf1dcdff258", "ens": null, "is_whale": false, "blockchain": "ETH", "is_contract": false, "is_blue_chip_holder": false, "is_super_blue_chip_holder": false, "is_multi_sign_wallet": false, "das": null, "alias": null}, "receiver": {"address": "0xc518d2c374cc39c162f0e1256d4a896c05da26b7", "ens": null, "is_whale": false, "blockchain": "ETH", "is_contract": false, "is_blue_chip_holder": false, "is_super_blue_chip_holder": false, "is_multi_sign_wallet": false, "das": null, "alias": null}, "event": "sale", "quantity": 1, "tx_hash": "0xd7afd289810dd1a8db5235138afe9533215b1237ddfd8fc00a55f8e888d4168b", "time": 1705066379, "nft": {"contract_address": "0xc274a97f1691ef390f662067e95a6eff1f99b504", "token_id": "3096", "name": "TinFun #3096", "blockchain": "ETH", "image": "https://lh3.googleusercontent.com/5IlMJ-WhDvW_pQwG-Cabm9-_CzB04dO1OouvfaZu9m1tPsvdRqawKOsNy0InIkZ-O4h6SYofb9sgjjy_xO6GwzU0SbdynqZWLLk", "contract_type": "ERC721"}, "collection": {"collection_id": "65a13036c284b18008bd25b7", "name": "TinFun", "logo": "https://i.seadn.io/s/raw/files/a531bedf317b5ffe5a35d559b5c94cd9.jpg?w=500&auto=format", "slug": "tin-fun"}, "gas_fee": {"value": 0.0043, "raw_value": 4300000000000000, "usd": 11.3422, "payment_token": {"address": "0x0000000000000000000000000000000000000000", "symbol": "ETH", "decimals": 18}}, "price": {"value": 0.8, "raw_value": 800000000000000000, "usd": 2120.3267836975438, "payment_token": {"address": "0x0000000000000000000000000000000000000000", "symbol": "ETH", "decimals": 18}}, "marketplace_path": ["opensea"], "fees": [{"fee_type": "marketplace", "recipient": "0x0000a26b00c1f0df003000390027140000faa719", "bps": 250, "price": {"value": 0.02, "raw_value": 20000000000000000, "usd": 52.4224, "payment_token": {"address": "0x0000000000000000000000000000000000000000", "symbol": "ETH", "decimals": 18}}}], "trait_offer_target": null}]