[{"blockchain": "ETH", "sender": {"address": "0x4b6b3694ddbcfbf1e828379dff7fe32e0b6d1301", "ens": null, "is_whale": false, "blockchain": "ETH", "is_contract": false, "is_blue_chip_holder": false, "is_super_blue_chip_holder": false, "is_multi_sign_wallet": false, "das": null, "alias": null}, "receiver": {"address": "0x8177e9fa379b85e01b2b30140ddc446b9875106a", "ens": null, "is_whale": false, "blockchain": "ETH", "is_contract": true, "is_blue_chip_holder": false, "is_super_blue_chip_holder": false, "is_multi_sign_wallet": false, "das": null, "alias": null}, "event": "transfer", "quantity": 1, "tx_hash": "0x2752c31d8b9cdaa456e899a22d0e8df8f1a44a9116f152b79da7a530fbdd2778", "time": 1712989247, "nft": {"contract_address": "0xc274a97f1691ef390f662067e95a6eff1f99b504", "token_id": "776", "name": "TinFun #776", "blockchain": "ETH", "image": "https://lh3.googleusercontent.com/uwxGuOctXntmxFb6zz2IXwgUYeSum3PENJa0x8PIMVivOMWbG1oG-U2KWSvyTH2Yt0l8xyyAUtsKQ7mv8x2PNTgVkRx8VUiEUQ0", "contract_type": "ERC721"}, "collection": {"collection_id": "65a13036c284b18008bd25b7", "name": "TinFun", "logo": "https://i.seadn.io/s/raw/files/a531bedf317b5ffe5a35d559b5c94cd9.jpg?w=500&auto=format", "slug": "tin-fun"}, "gas_fee": {"value": 0.0048, "raw_value": 4800000000000000, "usd": 15.632, "payment_token": {"address": "0x0000000000000000000000000000000000000000", "symbol": "ETH", "decimals": 18}}, "price": null, "marketplace_path": [], "fees": [], "trait_offer_target": null}, {"blockchain": "ETH", "sender": {"address": "0xa75397474a62bf30979dfc543fdf40c6155472d9", "ens": null, "is_whale": false, "blockchain": "ETH", "is_contract": false, "is_blue_chip_holder": false, "is_super_blue_chip_holder": false, "is_multi_sign_wallet": false, "das": null, "alias": null}, "receiver": {"address": "0x4b6b3694ddbcfbf1e828379dff7fe32e0b6d1301", "ens": null, "is_whale": false, "blockchain": "ETH", "is_contract": false, "is_blue_chip_holder": false, "is_super_blue_chip_holder": false, "is_multi_sign_wallet": false, "das": null, "alias": null}, "event": "sale", "quantity": 1, "tx_hash": "0x56899b69cf1e52d605e0b57eefa1fb0526b375336cee95e908f358e233d825b8", "time": 1705654019, "nft": {"contract_address": "0xc274a97f1691ef390f662067e95a6eff1f99b504", "token_id": "776", "name": "TinFun #776", "blockchain": "ETH", "image": "https://lh3.googleusercontent.com/uwxGuOctXntmxFb6zz2IXwgUYeSum3PENJa0x8PIMVivOMWbG1oG-U2KWSvyTH2Yt0l8xyyAUtsKQ7mv8x2PNTgVkRx8VUiEUQ0", "contract_type": "ERC721"}, "collection": {"collection_id": "65a13036c284b18008bd25b7", "name": "TinFun", "logo": "https://i.seadn.io/s/raw/files/a531bedf317b5ffe5a35d559b5c94cd9.jpg?w=500&auto=format", "slug": "tin-fun"}, "gas_fee": {"value": 0.0196, "raw_value": 19600000000000000, "usd": 48.2906, "payment_token": {"address": "0x0000000000000000000000000000000000000000", "symbol": "ETH", "decimals": 18}}, "price": {"value": 0.64, "raw_value": 640000000000000000, "usd": 1576.4308560616962, "payment_token": {"address": "0x0000000000000000000000000000000000000000", "symbol": "ETH", "decimals": 18}}, "marketplace_path": ["blur"], "fees": [{"fee_type": "royalty", "recipient": "0x6650dc11f439f14d4dfbea75233bd9b0099a0647", "bps": 50, "price": {"value": 0.0032, "raw_value": 3200000000000000, "usd": 7.876847, "payment_token": {"address": "0x0000000000000000000000000000000000000000", "symbol": "ETH", "decimals": 18}}}], "trait_offer_target": null}, {"blockchain": "ETH", "sender": {"address": "0x06e781abba9ae7394f9c772872562f95daa8ec7f", "ens": "0xxrz.eth", "is_whale": false, "blockchain": "ETH", "is_contract": false, "is_blue_chip_holder": false, "is_super_blue_chip_holder": false, "is_multi_sign_wallet": false, "das": null, "alias": "0xxrz.eth"}, "receiver": {"address": "0xa75397474a62bf30979dfc543fdf40c6155472d9", "ens": null, "is_whale": false, "blockchain": "ETH", "is_contract": false, "is_blue_chip_holder": false, "is_super_blue_chip_holder": false, "is_multi_sign_wallet": false, "das": null, "alias": null}, "event": "sale", "quantity": 1, "tx_hash": "0x9b433e654950ef159c839635312ec12b861b8775398df2003bed1104ff295a90", "time": 1705653359, "nft": {"contract_address": "0xc274a97f1691ef390f662067e95a6eff1f99b504", "token_id": "776", "name": "TinFun #776", "blockchain": "ETH", "image": "https://lh3.googleusercontent.com/uwxGuOctXntmxFb6zz2IXwgUYeSum3PENJa0x8PIMVivOMWbG1oG-U2KWSvyTH2Yt0l8xyyAUtsKQ7mv8x2PNTgVkRx8VUiEUQ0", "contract_type": "ERC721"}, "collection": {"collection_id": "65a13036c284b18008bd25b7", "name": "TinFun", "logo": "https://i.seadn.io/s/raw/files/a531bedf317b5ffe5a35d559b5c94cd9.jpg?w=500&auto=format", "slug": "tin-fun"}, "gas_fee": {"value": 0.0037, "raw_value": 3700000000000000, "usd": 9.128, "payment_token": {"address": "0x0000000000000000000000000000000000000000", "symbol": "ETH", "decimals": 18}}, "price": {"value": 0.63, "raw_value": 630000000000000000, "usd": 1551.7991239357323, "payment_token": {"address": "0x0000000000000000000000000000000000000000", "symbol": "ETH", "decimals": 18}}, "marketplace_path": ["blur"], "fees": [{"fee_type": "royalty", "recipient": "0x6650dc11f439f14d4dfbea75233bd9b0099a0647", "bps": 50, "price": {"value": 0.00315, "raw_value": 3150000000000000, "usd": 7.753771, "payment_token": {"address": "0x0000000000a39bb272e79075ade125fd351887ac", "symbol": "BETH", "decimals": 18}}}], "trait_offer_target": null}]