[{"blockchain": "ETH", "sender": {"address": "0x00443360afc097383a920baa01f853aa90fd05bf", "ens": null, "is_whale": false, "blockchain": "ETH", "is_contract": false, "is_blue_chip_holder": false, "is_super_blue_chip_holder": false, "is_multi_sign_wallet": false, "das": null, "alias": null}, "receiver": {"address": "0xbaac86df8115c566c833e4f8b6b7b80386bd2372", "ens": null, "is_whale": false, "blockchain": "ETH", "is_contract": false, "is_blue_chip_holder": false, "is_super_blue_chip_holder": false, "is_multi_sign_wallet": false, "das": null, "alias": null}, "event": "sale", "quantity": 1, "tx_hash": "0xe9df496f51e7a884157dd5930d13052eaf88117983b701eb9ca6d4409ece3970", "time": 1705069331, "nft": {"contract_address": "0xc274a97f1691ef390f662067e95a6eff1f99b504", "token_id": "3891", "name": "TinFun #3891", "blockchain": "ETH", "image": "https://lh3.googleusercontent.com/8oT4OvdAtmAYedTap-llGDb-aoxdCqtreX-nHq-8sgu_UUM5vj9ybeUZErx_sgC7gGtffFirCv_Nv0HCmYjlY58nctzANYy13eQ", "contract_type": "ERC721"}, "collection": {"collection_id": "65a13036c284b18008bd25b7", "name": "TinFun", "logo": "https://i.seadn.io/s/raw/files/a531bedf317b5ffe5a35d559b5c94cd9.jpg?w=500&auto=format", "slug": "tin-fun"}, "gas_fee": {"value": 0.0131, "raw_value": 13100000000000000, "usd": 34.9562, "payment_token": {"address": "0x0000000000000000000000000000000000000000", "symbol": "ETH", "decimals": 18}}, "price": {"value": 0.8, "raw_value": 800000000000000000, "usd": 2138.9302088117774, "payment_token": {"address": "0x0000000000000000000000000000000000000000", "symbol": "ETH", "decimals": 18}}, "marketplace_path": ["opensea"], "fees": [{"fee_type": "royalty", "recipient": "0x6650dc11f439f14d4dfbea75233bd9b0099a0647", "bps": 500, "price": {"value": 0.04, "raw_value": 40000000000000000, "usd": 105.907901, "payment_token": {"address": "0x0000000000000000000000000000000000000000", "symbol": "ETH", "decimals": 18}}}], "trait_offer_target": null}, {"blockchain": "ETH", "sender": {"address": "0x461a3b62264a6b507b7c183b7d5436529ddd7809", "ens": null, "is_whale": false, "blockchain": "ETH", "is_contract": false, "is_blue_chip_holder": false, "is_super_blue_chip_holder": false, "is_multi_sign_wallet": false, "das": null, "alias": null}, "receiver": {"address": "0x00443360afc097383a920baa01f853aa90fd05bf", "ens": null, "is_whale": false, "blockchain": "ETH", "is_contract": false, "is_blue_chip_holder": false, "is_super_blue_chip_holder": false, "is_multi_sign_wallet": false, "das": null, "alias": null}, "event": "transfer", "quantity": 1, "tx_hash": "0xe0af3da46d0630693e3466ce16c37b9a4ca22489af97bf6e4bdb43a7f9c17f69", "time": 1705063907, "nft": {"contract_address": "0xc274a97f1691ef390f662067e95a6eff1f99b504", "token_id": "3891", "name": "TinFun #3891", "blockchain": "ETH", "image": "https://lh3.googleusercontent.com/8oT4OvdAtmAYedTap-llGDb-aoxdCqtreX-nHq-8sgu_UUM5vj9ybeUZErx_sgC7gGtffFirCv_Nv0HCmYjlY58nctzANYy13eQ", "contract_type": "ERC721"}, "collection": {"collection_id": "65a13036c284b18008bd25b7", "name": "TinFun", "logo": "https://i.seadn.io/s/raw/files/a531bedf317b5ffe5a35d559b5c94cd9.jpg?w=500&auto=format", "slug": "tin-fun"}, "gas_fee": {"value": 0.0018, "raw_value": 1800000000000000, "usd": 4.6375, "payment_token": {"address": "0x0000000000000000000000000000000000000000", "symbol": "ETH", "decimals": 18}}, "price": null, "marketplace_path": [], "fees": [], "trait_offer_target": null}]