[{"blockchain": "ETH", "sender": {"address": "0xf4c52158451b527214cd30d4850d16bf4c667950", "ens": null, "is_whale": false, "blockchain": "ETH", "is_contract": false, "is_blue_chip_holder": false, "is_super_blue_chip_holder": false, "is_multi_sign_wallet": false, "das": null, "alias": null}, "receiver": {"address": "0x8177e9fa379b85e01b2b30140ddc446b9875106a", "ens": null, "is_whale": false, "blockchain": "ETH", "is_contract": true, "is_blue_chip_holder": false, "is_super_blue_chip_holder": false, "is_multi_sign_wallet": false, "das": null, "alias": null}, "event": "transfer", "quantity": 1, "tx_hash": "0x03795cb701ca695fa07b08fa6107bd61959bd7862f0db4a448370d1de16922dd", "time": 1711714943, "nft": {"contract_address": "0xc274a97f1691ef390f662067e95a6eff1f99b504", "token_id": "2500", "name": "TinFun #2500", "blockchain": "ETH", "image": "https://lh3.googleusercontent.com/VD2sTHF-4sLIDGD6bEfvqvVwBqB9gPTCxtHM-p3RllUACRysTsUIOFjHmkE-zcFqYJJUeR2CJ0Fy0IdEnqCAzdj4bOg1hk3dJTI", "contract_type": "ERC721"}, "collection": {"collection_id": "65a13036c284b18008bd25b7", "name": "TinFun", "logo": "https://i.seadn.io/s/raw/files/a531bedf317b5ffe5a35d559b5c94cd9.jpg?w=500&auto=format", "slug": "tin-fun"}, "gas_fee": {"value": 0.0061, "raw_value": 6100000000000000, "usd": 21.8231, "payment_token": {"address": "0x0000000000000000000000000000000000000000", "symbol": "ETH", "decimals": 18}}, "price": null, "marketplace_path": [], "fees": [], "trait_offer_target": null}, {"blockchain": "ETH", "sender": {"address": "0x3e581c091e596737181f4b7f120d0343f2289442", "ens": null, "is_whale": false, "blockchain": "ETH", "is_contract": false, "is_blue_chip_holder": false, "is_super_blue_chip_holder": false, "is_multi_sign_wallet": false, "das": null, "alias": null}, "receiver": {"address": "0xf4c52158451b527214cd30d4850d16bf4c667950", "ens": null, "is_whale": false, "blockchain": "ETH", "is_contract": false, "is_blue_chip_holder": false, "is_super_blue_chip_holder": false, "is_multi_sign_wallet": false, "das": null, "alias": null}, "event": "sale", "quantity": 1, "tx_hash": "0xe258707e5f16cec5f4e8ea25b4adf913d2cbcfdcadbaa17cd59cd3fe0cfd4218", "time": 1709033819, "nft": {"contract_address": "0xc274a97f1691ef390f662067e95a6eff1f99b504", "token_id": "2500", "name": "TinFun #2500", "blockchain": "ETH", "image": "https://lh3.googleusercontent.com/VD2sTHF-4sLIDGD6bEfvqvVwBqB9gPTCxtHM-p3RllUACRysTsUIOFjHmkE-zcFqYJJUeR2CJ0Fy0IdEnqCAzdj4bOg1hk3dJTI", "contract_type": "ERC721"}, "collection": {"collection_id": "65a13036c284b18008bd25b7", "name": "TinFun", "logo": "https://i.seadn.io/s/raw/files/a531bedf317b5ffe5a35d559b5c94cd9.jpg?w=500&auto=format", "slug": "tin-fun"}, "gas_fee": {"value": 0.0281, "raw_value": 28100000000000000, "usd": 91.5479, "payment_token": {"address": "0x0000000000000000000000000000000000000000", "symbol": "ETH", "decimals": 18}}, "price": {"value": 0.31, "raw_value": 310000000000000000, "usd": 1011.1336277778908, "payment_token": {"address": "0x0000000000000000000000000000000000000000", "symbol": "ETH", "decimals": 18}}, "marketplace_path": ["blur-aggregator", "blur"], "fees": [{"fee_type": "royalty", "recipient": "0x6650dc11f439f14d4dfbea75233bd9b0099a0647", "bps": 50, "price": {"value": 0.00155, "raw_value": 1550000000000000, "usd": 4.993819, "payment_token": {"address": "0x0000000000000000000000000000000000000000", "symbol": "ETH", "decimals": 18}}}], "trait_offer_target": null}]