[{"blockchain": "ETH", "sender": {"address": "0xcc023769b3b2bd1324f126285046f3506211e19a", "ens": null, "is_whale": false, "blockchain": "ETH", "is_contract": false, "is_blue_chip_holder": false, "is_super_blue_chip_holder": false, "is_multi_sign_wallet": false, "das": null, "alias": null}, "receiver": {"address": "0x8177e9fa379b85e01b2b30140ddc446b9875106a", "ens": null, "is_whale": false, "blockchain": "ETH", "is_contract": true, "is_blue_chip_holder": false, "is_super_blue_chip_holder": false, "is_multi_sign_wallet": false, "das": null, "alias": null}, "event": "transfer", "quantity": 1, "tx_hash": "0x178686efdf3d12c180a498ce79d4bfbaa5a178b85e0631f08096196caeaaeb76", "time": 1711700471, "nft": {"contract_address": "0xc274a97f1691ef390f662067e95a6eff1f99b504", "token_id": "193", "name": "TinFun #193", "blockchain": "ETH", "image": "https://lh3.googleusercontent.com/s-UxVg0ryxHuVEJxiKwgAWTzuMqQ3u2XIrQq1jSnnKvvcxX5ed2BMC76jewwLmesQaKmM_3my0Lds3nXK436-mRmhm7KIUvWyQ", "contract_type": "ERC721"}, "collection": {"collection_id": "65a13036c284b18008bd25b7", "name": "TinFun", "logo": "https://i.seadn.io/s/raw/files/a531bedf317b5ffe5a35d559b5c94cd9.jpg?w=500&auto=format", "slug": "tin-fun"}, "gas_fee": {"value": 0.0022, "raw_value": 2200000000000000, "usd": 7.8274, "payment_token": {"address": "0x0000000000000000000000000000000000000000", "symbol": "ETH", "decimals": 18}}, "price": null, "marketplace_path": [], "fees": [], "trait_offer_target": null}]