[{"blockchain": "ETH", "sender": {"address": "0x90ea999b0c5a20a48a807876f6b3b8830749a6e4", "ens": null, "is_whale": false, "blockchain": "ETH", "is_contract": false, "is_blue_chip_holder": false, "is_super_blue_chip_holder": false, "is_multi_sign_wallet": false, "das": null, "alias": null}, "receiver": {"address": "0x8177e9fa379b85e01b2b30140ddc446b9875106a", "ens": null, "is_whale": false, "blockchain": "ETH", "is_contract": true, "is_blue_chip_holder": false, "is_super_blue_chip_holder": false, "is_multi_sign_wallet": false, "das": null, "alias": null}, "event": "transfer", "quantity": 1, "tx_hash": "0x4fa7e1832d0f88e94806687a4a9eeadf090aabdeacfac0d0d01be9c04a594c54", "time": 1711792595, "nft": {"contract_address": "0xc274a97f1691ef390f662067e95a6eff1f99b504", "token_id": "7153", "name": "TinFun #7153", "blockchain": "ETH", "image": "https://lh3.googleusercontent.com/egtRfYY_YUmFifhSDeN3QXYB8B6QEyx_YouAMLfXKjkpHyBE7CJ2WoN3HM4VC_BQ5dpxuHx8InbN9iUJfAfJ_gEP73ORRTbauHY", "contract_type": "ERC721"}, "collection": {"collection_id": "65a13036c284b18008bd25b7", "name": "TinFun", "logo": "https://i.seadn.io/s/raw/files/a531bedf317b5ffe5a35d559b5c94cd9.jpg?w=500&auto=format", "slug": "tin-fun"}, "gas_fee": {"value": 0.0068, "raw_value": 6800000000000000, "usd": 23.8888, "payment_token": {"address": "0x0000000000000000000000000000000000000000", "symbol": "ETH", "decimals": 18}}, "price": null, "marketplace_path": [], "fees": [], "trait_offer_target": null}]