[{"blockchain": "ETH", "sender": {"address": "0x086ad9f9121d2bc3b3bc93d6251942a167c23b37", "ens": null, "is_whale": false, "blockchain": "ETH", "is_contract": false, "is_blue_chip_holder": false, "is_super_blue_chip_holder": false, "is_multi_sign_wallet": false, "das": null, "alias": null}, "receiver": {"address": "0x66666f58de1bcd762a5e5c5aff9cc3c906d66666", "ens": null, "is_whale": true, "blockchain": "ETH", "is_contract": false, "is_blue_chip_holder": true, "is_super_blue_chip_holder": false, "is_multi_sign_wallet": false, "das": null, "alias": null}, "event": "transfer", "quantity": 1, "tx_hash": "0xd65941b6f6d390a0a6bb720f62f271e4745e165f480d661b4a54ba26a66f4710", "time": 1708787579, "nft": {"contract_address": "0xc274a97f1691ef390f662067e95a6eff1f99b504", "token_id": "7283", "name": "TinFun #7283", "blockchain": "ETH", "image": "https://lh3.googleusercontent.com/CN7ZHxFmfYVRdtLx7PzleVm0ExB5ooU2s52eFCF9aeH5WAc8iAjg9aNv0LRrY6CjGdR9U8_Hzgj7HS88u5si98kIuNI77PfD0wQ4", "contract_type": "ERC721"}, "collection": {"collection_id": "65a13036c284b18008bd25b7", "name": "TinFun", "logo": "https://i.seadn.io/s/raw/files/a531bedf317b5ffe5a35d559b5c94cd9.jpg?w=500&auto=format", "slug": "tin-fun"}, "gas_fee": {"value": 0.0034, "raw_value": 3400000000000000, "usd": 10.0194, "payment_token": {"address": "0x0000000000000000000000000000000000000000", "symbol": "ETH", "decimals": 18}}, "price": null, "marketplace_path": [], "fees": [], "trait_offer_target": null}]