[{"blockchain": "ETH", "sender": {"address": "0x586c508fe13d854e8797fc55eb47b01700a46539", "ens": null, "is_whale": false, "blockchain": "ETH", "is_contract": false, "is_blue_chip_holder": false, "is_super_blue_chip_holder": false, "is_multi_sign_wallet": false, "das": null, "alias": null}, "receiver": {"address": "0x8177e9fa379b85e01b2b30140ddc446b9875106a", "ens": null, "is_whale": false, "blockchain": "ETH", "is_contract": true, "is_blue_chip_holder": false, "is_super_blue_chip_holder": false, "is_multi_sign_wallet": false, "das": null, "alias": null}, "event": "transfer", "quantity": 1, "tx_hash": "0x162c2dde03ebbe0992f11992eef9351ea5ff4cd8f648f8b7ca300a21abf3206e", "time": 1712991191, "nft": {"contract_address": "0xc274a97f1691ef390f662067e95a6eff1f99b504", "token_id": "4084", "name": "TinFun #4084", "blockchain": "ETH", "image": "https://lh3.googleusercontent.com/KuAgr1EJ5-D4IOhMCwKNd3bo8z-AVg4BRtmPyAzDXP2HfpV46Z2cOLcOtfxtkw-t3OXGihizIx5LjM7v-TqJSjFTn_tDjV0b4h8", "contract_type": "ERC721"}, "collection": {"collection_id": "65a13036c284b18008bd25b7", "name": "TinFun", "logo": "https://i.seadn.io/s/raw/files/a531bedf317b5ffe5a35d559b5c94cd9.jpg?w=500&auto=format", "slug": "tin-fun"}, "gas_fee": {"value": 0.0031, "raw_value": 3100000000000000, "usd": 10.0537, "payment_token": {"address": "0x0000000000000000000000000000000000000000", "symbol": "ETH", "decimals": 18}}, "price": null, "marketplace_path": [], "fees": [], "trait_offer_target": null}, {"blockchain": "ETH", "sender": {"address": "0x4cc3a4e364bb963d13cf427675d3f6a98b532c2e", "ens": null, "is_whale": false, "blockchain": "ETH", "is_contract": false, "is_blue_chip_holder": false, "is_super_blue_chip_holder": false, "is_multi_sign_wallet": false, "das": null, "alias": null}, "receiver": {"address": "0x586c508fe13d854e8797fc55eb47b01700a46539", "ens": null, "is_whale": false, "blockchain": "ETH", "is_contract": false, "is_blue_chip_holder": false, "is_super_blue_chip_holder": false, "is_multi_sign_wallet": false, "das": null, "alias": null}, "event": "transfer", "quantity": 1, "tx_hash": "0x8aab3b069ff956072a7033bc8819043505af1bc99d0ba7e462e7f3c7534669a5", "time": 1712990495, "nft": {"contract_address": "0xc274a97f1691ef390f662067e95a6eff1f99b504", "token_id": "4084", "name": "TinFun #4084", "blockchain": "ETH", "image": "https://lh3.googleusercontent.com/KuAgr1EJ5-D4IOhMCwKNd3bo8z-AVg4BRtmPyAzDXP2HfpV46Z2cOLcOtfxtkw-t3OXGihizIx5LjM7v-TqJSjFTn_tDjV0b4h8", "contract_type": "ERC721"}, "collection": {"collection_id": "65a13036c284b18008bd25b7", "name": "TinFun", "logo": "https://i.seadn.io/s/raw/files/a531bedf317b5ffe5a35d559b5c94cd9.jpg?w=500&auto=format", "slug": "tin-fun"}, "gas_fee": {"value": 0.0006, "raw_value": 600000000000000, "usd": 2.0235, "payment_token": {"address": "0x0000000000000000000000000000000000000000", "symbol": "ETH", "decimals": 18}}, "price": null, "marketplace_path": [], "fees": [], "trait_offer_target": null}, {"blockchain": "ETH", "sender": {"address": "0x0b96f55cc2fc2f690b5191ed9590b84209b3a93c", "ens": null, "is_whale": false, "blockchain": "ETH", "is_contract": false, "is_blue_chip_holder": false, "is_super_blue_chip_holder": false, "is_multi_sign_wallet": false, "das": null, "alias": null}, "receiver": {"address": "0x4cc3a4e364bb963d13cf427675d3f6a98b532c2e", "ens": null, "is_whale": false, "blockchain": "ETH", "is_contract": false, "is_blue_chip_holder": false, "is_super_blue_chip_holder": false, "is_multi_sign_wallet": false, "das": null, "alias": null}, "event": "transfer", "quantity": 1, "tx_hash": "0xa79114f582389b8987696bf0a4355d2be7cfc40799ca1f76e27e2e2f38db4ecc", "time": 1705063499, "nft": {"contract_address": "0xc274a97f1691ef390f662067e95a6eff1f99b504", "token_id": "4084", "name": "TinFun #4084", "blockchain": "ETH", "image": "https://lh3.googleusercontent.com/KuAgr1EJ5-D4IOhMCwKNd3bo8z-AVg4BRtmPyAzDXP2HfpV46Z2cOLcOtfxtkw-t3OXGihizIx5LjM7v-TqJSjFTn_tDjV0b4h8", "contract_type": "ERC721"}, "collection": {"collection_id": "65a13036c284b18008bd25b7", "name": "TinFun", "logo": "https://i.seadn.io/s/raw/files/a531bedf317b5ffe5a35d559b5c94cd9.jpg?w=500&auto=format", "slug": "tin-fun"}, "gas_fee": {"value": 0.0024, "raw_value": 2400000000000000, "usd": 6.3523, "payment_token": {"address": "0x0000000000000000000000000000000000000000", "symbol": "ETH", "decimals": 18}}, "price": null, "marketplace_path": [], "fees": [], "trait_offer_target": null}]