[{"blockchain": "ETH", "sender": {"address": "0x3e54531e8074176ee665c50491753929d55b3d9a", "ens": null, "is_whale": false, "blockchain": "ETH", "is_contract": false, "is_blue_chip_holder": false, "is_super_blue_chip_holder": false, "is_multi_sign_wallet": false, "das": null, "alias": null}, "receiver": {"address": "0x7fb076e8a54ec06408c5118a4bde074ef17deb9a", "ens": "eip-5058.eth", "is_whale": false, "blockchain": "ETH", "is_contract": false, "is_blue_chip_holder": false, "is_super_blue_chip_holder": false, "is_multi_sign_wallet": false, "das": null, "alias": "eip-5058.eth"}, "event": "sale", "quantity": 1, "tx_hash": "0x1275061e2f9eecd57cebf4d794eff1b52383842b244680c7098b80b28c64365f", "time": 1706554931, "nft": {"contract_address": "0xc274a97f1691ef390f662067e95a6eff1f99b504", "token_id": "2054", "name": "TinFun #2054", "blockchain": "ETH", "image": "https://lh3.googleusercontent.com/8z3WaZoCaHIrXLcDBtnUsAwYNp2CyJAkUs9cDNLDYx3hp-BHVItLjMaomaf40P0pW6smv5Byb74WkUJ7RPPqx_yqTcipR60N3d58", "contract_type": "ERC721"}, "collection": {"collection_id": "65a13036c284b18008bd25b7", "name": "TinFun", "logo": "https://i.seadn.io/s/raw/files/a531bedf317b5ffe5a35d559b5c94cd9.jpg?w=500&auto=format", "slug": "tin-fun"}, "gas_fee": {"value": 0.0033, "raw_value": 3300000000000000, "usd": 7.6477, "payment_token": {"address": "0x0000000000000000000000000000000000000000", "symbol": "ETH", "decimals": 18}}, "price": {"value": 0.568, "raw_value": 568000000000000000, "usd": 1306.4110661103155, "payment_token": {"address": "0x0000000000000000000000000000000000000000", "symbol": "ETH", "decimals": 18}}, "marketplace_path": ["element-aggregator", "opensea"], "fees": [{"fee_type": "royalty", "recipient": "0x6650dc11f439f14d4dfbea75233bd9b0099a0647", "bps": 500, "price": {"value": 0.0284, "raw_value": 28400000000000000, "usd": 65.312455, "payment_token": {"address": "0x0000000000000000000000000000000000000000", "symbol": "ETH", "decimals": 18}}}], "trait_offer_target": null}]