[{"blockchain": "ETH", "sender": {"address": "0xf71fa968bdbd0a4f4b97504137cb66b3d0e84f81", "ens": null, "is_whale": false, "blockchain": "ETH", "is_contract": false, "is_blue_chip_holder": false, "is_super_blue_chip_holder": false, "is_multi_sign_wallet": false, "das": null, "alias": null}, "receiver": {"address": "0x8177e9fa379b85e01b2b30140ddc446b9875106a", "ens": null, "is_whale": false, "blockchain": "ETH", "is_contract": true, "is_blue_chip_holder": false, "is_super_blue_chip_holder": false, "is_multi_sign_wallet": false, "das": null, "alias": null}, "event": "transfer", "quantity": 1, "tx_hash": "0x309944c76e34cbc1c7c2d302180fd141f273dad0fbac90e6f30d5eac8aaef9ec", "time": 1711854515, "nft": {"contract_address": "0xc274a97f1691ef390f662067e95a6eff1f99b504", "token_id": "1822", "name": "TinFun #1822", "blockchain": "ETH", "image": "https://lh3.googleusercontent.com/w2vD_cF483M52wQpmimdsbvHUzheseWiXJ-kD_oD7u8DkB1wA-oK4NM6oKxLVQfNMGKdY_E6ZmYpb1SgnpJhpglnlJm8rSpn5zA", "contract_type": "ERC721"}, "collection": {"collection_id": "65a13036c284b18008bd25b7", "name": "TinFun", "logo": "https://i.seadn.io/s/raw/files/a531bedf317b5ffe5a35d559b5c94cd9.jpg?w=500&auto=format", "slug": "tin-fun"}, "gas_fee": {"value": 0.0077, "raw_value": 7700000000000000, "usd": 27.3733, "payment_token": {"address": "0x0000000000000000000000000000000000000000", "symbol": "ETH", "decimals": 18}}, "price": null, "marketplace_path": [], "fees": [], "trait_offer_target": null}, {"blockchain": "ETH", "sender": {"address": "0x98b8ca7087cca3d9173bb059a4e54e81406b368c", "ens": null, "is_whale": false, "blockchain": "ETH", "is_contract": false, "is_blue_chip_holder": false, "is_super_blue_chip_holder": false, "is_multi_sign_wallet": false, "das": null, "alias": null}, "receiver": {"address": "0xf71fa968bdbd0a4f4b97504137cb66b3d0e84f81", "ens": null, "is_whale": false, "blockchain": "ETH", "is_contract": false, "is_blue_chip_holder": false, "is_super_blue_chip_holder": false, "is_multi_sign_wallet": false, "das": null, "alias": null}, "event": "sale", "quantity": 1, "tx_hash": "0x856a193612011d8a6907ba7a725bf5fb7f8dbccb55ede2461674b7aa7ac74979", "time": 1709028071, "nft": {"contract_address": "0xc274a97f1691ef390f662067e95a6eff1f99b504", "token_id": "1822", "name": "TinFun #1822", "blockchain": "ETH", "image": "https://lh3.googleusercontent.com/w2vD_cF483M52wQpmimdsbvHUzheseWiXJ-kD_oD7u8DkB1wA-oK4NM6oKxLVQfNMGKdY_E6ZmYpb1SgnpJhpglnlJm8rSpn5zA", "contract_type": "ERC721"}, "collection": {"collection_id": "65a13036c284b18008bd25b7", "name": "TinFun", "logo": "https://i.seadn.io/s/raw/files/a531bedf317b5ffe5a35d559b5c94cd9.jpg?w=500&auto=format", "slug": "tin-fun"}, "gas_fee": {"value": 0.0145, "raw_value": 14500000000000000, "usd": 47.3893, "payment_token": {"address": "0x0000000000000000000000000000000000000000", "symbol": "ETH", "decimals": 18}}, "price": {"value": 0.2895, "raw_value": 289500000000000000, "usd": 943.7537166336429, "payment_token": {"address": "0x0000000000000000000000000000000000000000", "symbol": "ETH", "decimals": 18}}, "marketplace_path": ["blur-aggregator", "blur"], "fees": [{"fee_type": "royalty", "recipient": "0x6650dc11f439f14d4dfbea75233bd9b0099a0647", "bps": 50, "price": {"value": 0.001448, "raw_value": 1447500000000000, "usd": 4.658778, "payment_token": {"address": "0x0000000000000000000000000000000000000000", "symbol": "ETH", "decimals": 18}}}], "trait_offer_target": null}, {"blockchain": "ETH", "sender": {"address": "0x0d8969db749fa22c8107ff3871e30b2da246984c", "ens": "yizhao.eth", "is_whale": false, "blockchain": "ETH", "is_contract": false, "is_blue_chip_holder": false, "is_super_blue_chip_holder": false, "is_multi_sign_wallet": false, "das": null, "alias": "yizhao.eth"}, "receiver": {"address": "0x98b8ca7087cca3d9173bb059a4e54e81406b368c", "ens": null, "is_whale": false, "blockchain": "ETH", "is_contract": false, "is_blue_chip_holder": false, "is_super_blue_chip_holder": false, "is_multi_sign_wallet": false, "das": null, "alias": null}, "event": "sale", "quantity": 1, "tx_hash": "0xa8f5063d92ffe164e6dab22a00fcb0712fc89d5e65f68086c1ca954fbaf4d9a4", "time": 1709025599, "nft": {"contract_address": "0xc274a97f1691ef390f662067e95a6eff1f99b504", "token_id": "1822", "name": "TinFun #1822", "blockchain": "ETH", "image": "https://lh3.googleusercontent.com/w2vD_cF483M52wQpmimdsbvHUzheseWiXJ-kD_oD7u8DkB1wA-oK4NM6oKxLVQfNMGKdY_E6ZmYpb1SgnpJhpglnlJm8rSpn5zA", "contract_type": "ERC721"}, "collection": {"collection_id": "65a13036c284b18008bd25b7", "name": "TinFun", "logo": "https://i.seadn.io/s/raw/files/a531bedf317b5ffe5a35d559b5c94cd9.jpg?w=500&auto=format", "slug": "tin-fun"}, "gas_fee": {"value": 0.0343, "raw_value": 34299999999999996, "usd": 110.6092, "payment_token": {"address": "0x0000000000000000000000000000000000000000", "symbol": "ETH", "decimals": 18}}, "price": {"value": 0.28, "raw_value": 280000000000000000, "usd": 902.1092148755396, "payment_token": {"address": "0x0000000000000000000000000000000000000000", "symbol": "ETH", "decimals": 18}}, "marketplace_path": ["blur"], "fees": [{"fee_type": "royalty", "recipient": "0x6650dc11f439f14d4dfbea75233bd9b0099a0647", "bps": 50, "price": {"value": 0.0014, "raw_value": 1400000000000000, "usd": 4.525538, "payment_token": {"address": "0x0000000000a39bb272e79075ade125fd351887ac", "symbol": "BETH", "decimals": 18}}}], "trait_offer_target": null}, {"blockchain": "ETH", "sender": {"address": "0x10940bbc025a29d13a1f24be3ba74dfd3addf021", "ens": null, "is_whale": false, "blockchain": "ETH", "is_contract": false, "is_blue_chip_holder": true, "is_super_blue_chip_holder": false, "is_multi_sign_wallet": false, "das": null, "alias": null}, "receiver": {"address": "0x0d8969db749fa22c8107ff3871e30b2da246984c", "ens": "yizhao.eth", "is_whale": false, "blockchain": "ETH", "is_contract": false, "is_blue_chip_holder": false, "is_super_blue_chip_holder": false, "is_multi_sign_wallet": false, "das": null, "alias": "yizhao.eth"}, "event": "sale", "quantity": 1, "tx_hash": "0x494c6ddd3eb51405fc1ddefbc0bb04ca95967278a8c1e4fb4ede4bba66882aba", "time": 1706247107, "nft": {"contract_address": "0xc274a97f1691ef390f662067e95a6eff1f99b504", "token_id": "1822", "name": "TinFun #1822", "blockchain": "ETH", "image": "https://lh3.googleusercontent.com/w2vD_cF483M52wQpmimdsbvHUzheseWiXJ-kD_oD7u8DkB1wA-oK4NM6oKxLVQfNMGKdY_E6ZmYpb1SgnpJhpglnlJm8rSpn5zA", "contract_type": "ERC721"}, "collection": {"collection_id": "65a13036c284b18008bd25b7", "name": "TinFun", "logo": "https://i.seadn.io/s/raw/files/a531bedf317b5ffe5a35d559b5c94cd9.jpg?w=500&auto=format", "slug": "tin-fun"}, "gas_fee": {"value": 0.0065, "raw_value": 6500000000000000, "usd": 14.4832, "payment_token": {"address": "0x0000000000000000000000000000000000000000", "symbol": "ETH", "decimals": 18}}, "price": {"value": 0.6087, "raw_value": 608700000000000000, "usd": 1353.3357935539077, "payment_token": {"address": "0x0000000000000000000000000000000000000000", "symbol": "ETH", "decimals": 18}}, "marketplace_path": ["blur-aggregator", "blur"], "fees": [{"fee_type": "royalty", "recipient": "0x6650dc11f439f14d4dfbea75233bd9b0099a0647", "bps": 50, "price": {"value": 0.003044, "raw_value": 3043500000000000, "usd": 6.776711, "payment_token": {"address": "0x0000000000000000000000000000000000000000", "symbol": "ETH", "decimals": 18}}}], "trait_offer_target": null}, {"blockchain": "ETH", "sender": {"address": "0x8513fafe1813b6ec3bbd9fc4baf5340bda8d670b", "ens": "yelow.eth", "is_whale": false, "blockchain": "ETH", "is_contract": false, "is_blue_chip_holder": true, "is_super_blue_chip_holder": false, "is_multi_sign_wallet": false, "das": null, "alias": "yelow.eth"}, "receiver": {"address": "0x10940bbc025a29d13a1f24be3ba74dfd3addf021", "ens": null, "is_whale": false, "blockchain": "ETH", "is_contract": false, "is_blue_chip_holder": true, "is_super_blue_chip_holder": false, "is_multi_sign_wallet": false, "das": null, "alias": null}, "event": "sale", "quantity": 1, "tx_hash": "0x4b05fa59a325e5599e1e1e30374937761f1a76d55d5589d581bddd6b5607bc93", "time": 1706246423, "nft": {"contract_address": "0xc274a97f1691ef390f662067e95a6eff1f99b504", "token_id": "1822", "name": "TinFun #1822", "blockchain": "ETH", "image": "https://lh3.googleusercontent.com/w2vD_cF483M52wQpmimdsbvHUzheseWiXJ-kD_oD7u8DkB1wA-oK4NM6oKxLVQfNMGKdY_E6ZmYpb1SgnpJhpglnlJm8rSpn5zA", "contract_type": "ERC721"}, "collection": {"collection_id": "65a13036c284b18008bd25b7", "name": "TinFun", "logo": "https://i.seadn.io/s/raw/files/a531bedf317b5ffe5a35d559b5c94cd9.jpg?w=500&auto=format", "slug": "tin-fun"}, "gas_fee": {"value": 0.0078, "raw_value": 7800000000000000, "usd": 17.2963, "payment_token": {"address": "0x0000000000000000000000000000000000000000", "symbol": "ETH", "decimals": 18}}, "price": {"value": 0.59489, "raw_value": 594890000000000000, "usd": 1322.631723718226, "payment_token": {"address": "0x0000000000000000000000000000000000000000", "symbol": "ETH", "decimals": 18}}, "marketplace_path": ["blur-aggregator", "blur"], "fees": [{"fee_type": "royalty", "recipient": "0x6650dc11f439f14d4dfbea75233bd9b0099a0647", "bps": 50, "price": {"value": 0.002974, "raw_value": 2974450000000000, "usd": 6.622963, "payment_token": {"address": "0x0000000000000000000000000000000000000000", "symbol": "ETH", "decimals": 18}}}], "trait_offer_target": null}, {"blockchain": "ETH", "sender": {"address": "0xefbfe95cd5f0bf7cdc790804feba2a11b5317de2", "ens": null, "is_whale": false, "blockchain": "ETH", "is_contract": false, "is_blue_chip_holder": true, "is_super_blue_chip_holder": false, "is_multi_sign_wallet": false, "das": null, "alias": null}, "receiver": {"address": "0x8513fafe1813b6ec3bbd9fc4baf5340bda8d670b", "ens": "yelow.eth", "is_whale": false, "blockchain": "ETH", "is_contract": false, "is_blue_chip_holder": true, "is_super_blue_chip_holder": false, "is_multi_sign_wallet": false, "das": null, "alias": "yelow.eth"}, "event": "sale", "quantity": 1, "tx_hash": "0x88ceee9961df16f29bb6c1f9e9c14909ddc5996adb386759b748d5b36978a20b", "time": 1705894607, "nft": {"contract_address": "0xc274a97f1691ef390f662067e95a6eff1f99b504", "token_id": "1822", "name": "TinFun #1822", "blockchain": "ETH", "image": "https://lh3.googleusercontent.com/w2vD_cF483M52wQpmimdsbvHUzheseWiXJ-kD_oD7u8DkB1wA-oK4NM6oKxLVQfNMGKdY_E6ZmYpb1SgnpJhpglnlJm8rSpn5zA", "contract_type": "ERC721"}, "collection": {"collection_id": "65a13036c284b18008bd25b7", "name": "TinFun", "logo": "https://i.seadn.io/s/raw/files/a531bedf317b5ffe5a35d559b5c94cd9.jpg?w=500&auto=format", "slug": "tin-fun"}, "gas_fee": {"value": 0.0048, "raw_value": 4800000000000000, "usd": 11.7407, "payment_token": {"address": "0x0000000000000000000000000000000000000000", "symbol": "ETH", "decimals": 18}}, "price": {"value": 0.57, "raw_value": 570000000000000000, "usd": 1387.7895821320617, "payment_token": {"address": "0x0000000000000000000000000000000000000000", "symbol": "ETH", "decimals": 18}}, "marketplace_path": ["blur"], "fees": [{"fee_type": "royalty", "recipient": "0x6650dc11f439f14d4dfbea75233bd9b0099a0647", "bps": 50, "price": {"value": 0.00285, "raw_value": 2850000000000000, "usd": 7.010455, "payment_token": {"address": "0x0000000000a39bb272e79075ade125fd351887ac", "symbol": "BETH", "decimals": 18}}}], "trait_offer_target": null}, {"blockchain": "ETH", "sender": {"address": "0x10940bbc025a29d13a1f24be3ba74dfd3addf021", "ens": null, "is_whale": false, "blockchain": "ETH", "is_contract": false, "is_blue_chip_holder": true, "is_super_blue_chip_holder": false, "is_multi_sign_wallet": false, "das": null, "alias": null}, "receiver": {"address": "0xefbfe95cd5f0bf7cdc790804feba2a11b5317de2", "ens": null, "is_whale": false, "blockchain": "ETH", "is_contract": false, "is_blue_chip_holder": true, "is_super_blue_chip_holder": false, "is_multi_sign_wallet": false, "das": null, "alias": null}, "event": "sale", "quantity": 1, "tx_hash": "0xfed76ce5a06946f6bac3dc62bc14dc5b75196daf0498b0efe96bda9360aec3a2", "time": 1705776083, "nft": {"contract_address": "0xc274a97f1691ef390f662067e95a6eff1f99b504", "token_id": "1822", "name": "TinFun #1822", "blockchain": "ETH", "image": "https://lh3.googleusercontent.com/w2vD_cF483M52wQpmimdsbvHUzheseWiXJ-kD_oD7u8DkB1wA-oK4NM6oKxLVQfNMGKdY_E6ZmYpb1SgnpJhpglnlJm8rSpn5zA", "contract_type": "ERC721"}, "collection": {"collection_id": "65a13036c284b18008bd25b7", "name": "TinFun", "logo": "https://i.seadn.io/s/raw/files/a531bedf317b5ffe5a35d559b5c94cd9.jpg?w=500&auto=format", "slug": "tin-fun"}, "gas_fee": {"value": 0.0045, "raw_value": 4499999999999999, "usd": 10.9866, "payment_token": {"address": "0x0000000000000000000000000000000000000000", "symbol": "ETH", "decimals": 18}}, "price": {"value": 0.62, "raw_value": 620000000000000000, "usd": 1527.3044557691726, "payment_token": {"address": "0x0000000000000000000000000000000000000000", "symbol": "ETH", "decimals": 18}}, "marketplace_path": ["blur"], "fees": [{"fee_type": "royalty", "recipient": "0x6650dc11f439f14d4dfbea75233bd9b0099a0647", "bps": 50, "price": {"value": 0.0031, "raw_value": 3100000000000000, "usd": 7.633409, "payment_token": {"address": "0x0000000000a39bb272e79075ade125fd351887ac", "symbol": "BETH", "decimals": 18}}}], "trait_offer_target": null}, {"blockchain": "ETH", "sender": {"address": "0x1521afa07276caeba08df576dfecc771712a3928", "ens": null, "is_whale": false, "blockchain": "ETH", "is_contract": false, "is_blue_chip_holder": false, "is_super_blue_chip_holder": false, "is_multi_sign_wallet": false, "das": null, "alias": null}, "receiver": {"address": "0x10940bbc025a29d13a1f24be3ba74dfd3addf021", "ens": null, "is_whale": false, "blockchain": "ETH", "is_contract": false, "is_blue_chip_holder": true, "is_super_blue_chip_holder": false, "is_multi_sign_wallet": false, "das": null, "alias": null}, "event": "sale", "quantity": 1, "tx_hash": "0xa9f4f6f011b1b7651bcdeff04c3a762b944fb2e139d8803ee287a1ad0b55176e", "time": 1705125479, "nft": {"contract_address": "0xc274a97f1691ef390f662067e95a6eff1f99b504", "token_id": "1822", "name": "TinFun #1822", "blockchain": "ETH", "image": "https://lh3.googleusercontent.com/w2vD_cF483M52wQpmimdsbvHUzheseWiXJ-kD_oD7u8DkB1wA-oK4NM6oKxLVQfNMGKdY_E6ZmYpb1SgnpJhpglnlJm8rSpn5zA", "contract_type": "ERC721"}, "collection": {"collection_id": "65a13036c284b18008bd25b7", "name": "TinFun", "logo": "https://i.seadn.io/s/raw/files/a531bedf317b5ffe5a35d559b5c94cd9.jpg?w=500&auto=format", "slug": "tin-fun"}, "gas_fee": {"value": 0.002, "raw_value": 2000000000000000, "usd": 5.1948, "payment_token": {"address": "0x0000000000000000000000000000000000000000", "symbol": "ETH", "decimals": 18}}, "price": {"value": 0.8479, "raw_value": 847900000000000000, "usd": 2159.6672971790545, "payment_token": {"address": "0x0000000000000000000000000000000000000000", "symbol": "ETH", "decimals": 18}}, "marketplace_path": ["blur-aggregator", "opensea"], "fees": [{"fee_type": "marketplace", "recipient": "0x0000a26b00c1f0df003000390027140000faa719", "bps": 250, "price": {"value": 0.021198, "raw_value": 21197500000000000, "usd": 53.968475, "payment_token": {"address": "0x0000000000000000000000000000000000000000", "symbol": "ETH", "decimals": 18}}}], "trait_offer_target": null}, {"blockchain": "ETH", "sender": {"address": "0xc321961a52df6cd77815d73206bf315086c8f877", "ens": null, "is_whale": false, "blockchain": "ETH", "is_contract": false, "is_blue_chip_holder": false, "is_super_blue_chip_holder": false, "is_multi_sign_wallet": false, "das": null, "alias": null}, "receiver": {"address": "0x1521afa07276caeba08df576dfecc771712a3928", "ens": null, "is_whale": false, "blockchain": "ETH", "is_contract": false, "is_blue_chip_holder": false, "is_super_blue_chip_holder": false, "is_multi_sign_wallet": false, "das": null, "alias": null}, "event": "transfer", "quantity": 1, "tx_hash": "0xcd7564578e531bf2d392697fa76ff8f12877c167ce8ed861edb04a46979adf52", "time": 1705068287, "nft": {"contract_address": "0xc274a97f1691ef390f662067e95a6eff1f99b504", "token_id": "1822", "name": "TinFun #1822", "blockchain": "ETH", "image": "https://lh3.googleusercontent.com/w2vD_cF483M52wQpmimdsbvHUzheseWiXJ-kD_oD7u8DkB1wA-oK4NM6oKxLVQfNMGKdY_E6ZmYpb1SgnpJhpglnlJm8rSpn5zA", "contract_type": "ERC721"}, "collection": {"collection_id": "65a13036c284b18008bd25b7", "name": "TinFun", "logo": "https://i.seadn.io/s/raw/files/a531bedf317b5ffe5a35d559b5c94cd9.jpg?w=500&auto=format", "slug": "tin-fun"}, "gas_fee": {"value": 0.0019, "raw_value": 1900000000000000, "usd": 5.0694, "payment_token": {"address": "0x0000000000000000000000000000000000000000", "symbol": "ETH", "decimals": 18}}, "price": null, "marketplace_path": [], "fees": [], "trait_offer_target": null}]