[{"blockchain": "ETH", "sender": {"address": "0x1af331dc34dd7c5c62af28b5685328318b61888a", "ens": "lasercat397.eth", "is_whale": false, "blockchain": "ETH", "is_contract": false, "is_blue_chip_holder": true, "is_super_blue_chip_holder": false, "is_multi_sign_wallet": false, "das": null, "alias": "Lasercat"}, "receiver": {"address": "0x8177e9fa379b85e01b2b30140ddc446b9875106a", "ens": null, "is_whale": false, "blockchain": "ETH", "is_contract": true, "is_blue_chip_holder": false, "is_super_blue_chip_holder": false, "is_multi_sign_wallet": false, "das": null, "alias": null}, "event": "transfer", "quantity": 1, "tx_hash": "0xa6d25e8ebba058f63b73616b833502ddd4ef90a0174167c51d0838494e3ce5c2", "time": 1711697207, "nft": {"contract_address": "0xc274a97f1691ef390f662067e95a6eff1f99b504", "token_id": "2432", "name": "TinFun #2432", "blockchain": "ETH", "image": "https://lh3.googleusercontent.com/DPk8etlg_aFUsJYLLCH9bKRjrjK-f_HJ43R0gpCxoQZeGBNXSAmXt-q6dNHyyTWI5NCbZzq-K63t-oGJiSB-Z5paFnKP7DRWdDO_", "contract_type": "ERC721"}, "collection": {"collection_id": "65a13036c284b18008bd25b7", "name": "TinFun", "logo": "https://i.seadn.io/s/raw/files/a531bedf317b5ffe5a35d559b5c94cd9.jpg?w=500&auto=format", "slug": "tin-fun"}, "gas_fee": {"value": 0.0888, "raw_value": 88800000000000000, "usd": 317.2785, "payment_token": {"address": "0x0000000000000000000000000000000000000000", "symbol": "ETH", "decimals": 18}}, "price": null, "marketplace_path": [], "fees": [], "trait_offer_target": null}, {"blockchain": "ETH", "sender": {"address": "0x1e2ab2c1ee48aa5c705e6a638087bf7fc1877095", "ens": "333488.eth", "is_whale": false, "blockchain": "ETH", "is_contract": false, "is_blue_chip_holder": true, "is_super_blue_chip_holder": false, "is_multi_sign_wallet": false, "das": null, "alias": "333488.eth"}, "receiver": {"address": "0x1af331dc34dd7c5c62af28b5685328318b61888a", "ens": "lasercat397.eth", "is_whale": false, "blockchain": "ETH", "is_contract": false, "is_blue_chip_holder": true, "is_super_blue_chip_holder": false, "is_multi_sign_wallet": false, "das": null, "alias": "Lasercat"}, "event": "sale", "quantity": 1, "tx_hash": "0x095ffe68c94a02f2aa2fa268c9c47ad2bb8f57c11f970dd6f8905e294e6b4f04", "time": 1710518351, "nft": {"contract_address": "0xc274a97f1691ef390f662067e95a6eff1f99b504", "token_id": "2432", "name": "TinFun #2432", "blockchain": "ETH", "image": "https://lh3.googleusercontent.com/DPk8etlg_aFUsJYLLCH9bKRjrjK-f_HJ43R0gpCxoQZeGBNXSAmXt-q6dNHyyTWI5NCbZzq-K63t-oGJiSB-Z5paFnKP7DRWdDO_", "contract_type": "ERC721"}, "collection": {"collection_id": "65a13036c284b18008bd25b7", "name": "TinFun", "logo": "https://i.seadn.io/s/raw/files/a531bedf317b5ffe5a35d559b5c94cd9.jpg?w=500&auto=format", "slug": "tin-fun"}, "gas_fee": {"value": 0.0974, "raw_value": 97400000000000000, "usd": 362.4503, "payment_token": {"address": "0x0000000000000000000000000000000000000000", "symbol": "ETH", "decimals": 18}}, "price": {"value": 0.208, "raw_value": 208000000000000000, "usd": 773.770010315427, "payment_token": {"address": "0x0000000000000000000000000000000000000000", "symbol": "ETH", "decimals": 18}}, "marketplace_path": ["blur-aggregator", "blur"], "fees": [{"fee_type": "royalty", "recipient": "0x6650dc11f439f14d4dfbea75233bd9b0099a0647", "bps": 50, "price": {"value": 0.00104, "raw_value": 1040000000000000, "usd": 3.84547, "payment_token": {"address": "0x0000000000000000000000000000000000000000", "symbol": "ETH", "decimals": 18}}}], "trait_offer_target": null}, {"blockchain": "ETH", "sender": {"address": "0x7674c3d61e9764fca0dc2fed6c9a914fe2d9334d", "ens": null, "is_whale": false, "blockchain": "ETH", "is_contract": false, "is_blue_chip_holder": false, "is_super_blue_chip_holder": false, "is_multi_sign_wallet": false, "das": null, "alias": null}, "receiver": {"address": "0x1e2ab2c1ee48aa5c705e6a638087bf7fc1877095", "ens": "333488.eth", "is_whale": false, "blockchain": "ETH", "is_contract": false, "is_blue_chip_holder": true, "is_super_blue_chip_holder": false, "is_multi_sign_wallet": false, "das": null, "alias": "333488.eth"}, "event": "sale", "quantity": 1, "tx_hash": "0x0b3e723dd1fcde85916ce38898d54ca9598773a0618fbca680aa965967efed11", "time": 1708783967, "nft": {"contract_address": "0xc274a97f1691ef390f662067e95a6eff1f99b504", "token_id": "2432", "name": "TinFun #2432", "blockchain": "ETH", "image": "https://lh3.googleusercontent.com/DPk8etlg_aFUsJYLLCH9bKRjrjK-f_HJ43R0gpCxoQZeGBNXSAmXt-q6dNHyyTWI5NCbZzq-K63t-oGJiSB-Z5paFnKP7DRWdDO_", "contract_type": "ERC721"}, "collection": {"collection_id": "65a13036c284b18008bd25b7", "name": "TinFun", "logo": "https://i.seadn.io/s/raw/files/a531bedf317b5ffe5a35d559b5c94cd9.jpg?w=500&auto=format", "slug": "tin-fun"}, "gas_fee": {"value": 0.0064, "raw_value": 6400000000000000, "usd": 18.8851, "payment_token": {"address": "0x0000000000000000000000000000000000000000", "symbol": "ETH", "decimals": 18}}, "price": {"value": 0.46, "raw_value": 460000000000000000, "usd": 1364.2040965887813, "payment_token": {"address": "0x0000000000000000000000000000000000000000", "symbol": "ETH", "decimals": 18}}, "marketplace_path": ["blur"], "fees": [{"fee_type": "royalty", "recipient": "0x6650dc11f439f14d4dfbea75233bd9b0099a0647", "bps": 50, "price": {"value": 0.0023, "raw_value": 2300000000000000, "usd": 6.810684, "payment_token": {"address": "0x0000000000a39bb272e79075ade125fd351887ac", "symbol": "BETH", "decimals": 18}}}], "trait_offer_target": null}]