[{"blockchain": "ETH", "sender": {"address": "0x6d02ce0cd50bff383035e1de5c8b2235fb22e4e8", "ens": null, "is_whale": false, "blockchain": "ETH", "is_contract": false, "is_blue_chip_holder": true, "is_super_blue_chip_holder": false, "is_multi_sign_wallet": false, "das": null, "alias": null}, "receiver": {"address": "0x3eb879cc9a0ef4c6f1d870a40ae187768c278da2", "ens": "floorprotocol.eth", "is_whale": false, "blockchain": "ETH", "is_contract": true, "is_blue_chip_holder": true, "is_super_blue_chip_holder": false, "is_multi_sign_wallet": false, "das": null, "alias": "floorprotocol.eth"}, "event": "sale", "quantity": 1, "tx_hash": "0xcc1430745c4daf4603c02dc7bfeff858af710b5ba3c3aaaa0eaac172663b8018", "time": 1708331675, "nft": {"contract_address": "0xc274a97f1691ef390f662067e95a6eff1f99b504", "token_id": "5640", "name": "TinFun #5640", "blockchain": "ETH", "image": "https://lh3.googleusercontent.com/W7Lb8VuxTOVYuXC3YbCRGp6Mnwryr1IHM_1q59oKxs8WgvrpNAER-SUozTdZ5SbJ52uWPKQbNgLjBvuQhCHaXkDBWERD1msPxw", "contract_type": "ERC721"}, "collection": {"collection_id": "65a13036c284b18008bd25b7", "name": "TinFun", "logo": "https://i.seadn.io/s/raw/files/a531bedf317b5ffe5a35d559b5c94cd9.jpg?w=500&auto=format", "slug": "tin-fun"}, "gas_fee": {"value": 0.0129, "raw_value": 12900000000000000, "usd": 37.8356, "payment_token": {"address": "0x0000000000000000000000000000000000000000", "symbol": "ETH", "decimals": 18}}, "price": {"value": 0.5278165169344404, "raw_value": 527816516934440379, "usd": 1542.8489520090423, "payment_token": {"address": "0xc02aaa39b223fe8d0a0e5c4f27ead9083c756cc2", "symbol": "WETH", "decimals": 18}}, "marketplace_path": ["floor"], "fees": [], "trait_offer_target": null}, {"blockchain": "ETH", "sender": {"address": "0x6f993d3ae0fbe1022d8a9496ebd343ff9bf1079e", "ens": "yourherochichi.eth", "is_whale": false, "blockchain": "ETH", "is_contract": false, "is_blue_chip_holder": false, "is_super_blue_chip_holder": false, "is_multi_sign_wallet": false, "das": null, "alias": "yourherochichi.eth"}, "receiver": {"address": "0x6d02ce0cd50bff383035e1de5c8b2235fb22e4e8", "ens": null, "is_whale": false, "blockchain": "ETH", "is_contract": false, "is_blue_chip_holder": true, "is_super_blue_chip_holder": false, "is_multi_sign_wallet": false, "das": null, "alias": null}, "event": "sale", "quantity": 1, "tx_hash": "0x6744d0a85ea2ba737ebcd3857728a6a8fd8e0c6bb1f1faa5ca0177ca2cfeb259", "time": 1708331639, "nft": {"contract_address": "0xc274a97f1691ef390f662067e95a6eff1f99b504", "token_id": "5640", "name": "TinFun #5640", "blockchain": "ETH", "image": "https://lh3.googleusercontent.com/W7Lb8VuxTOVYuXC3YbCRGp6Mnwryr1IHM_1q59oKxs8WgvrpNAER-SUozTdZ5SbJ52uWPKQbNgLjBvuQhCHaXkDBWERD1msPxw", "contract_type": "ERC721"}, "collection": {"collection_id": "65a13036c284b18008bd25b7", "name": "TinFun", "logo": "https://i.seadn.io/s/raw/files/a531bedf317b5ffe5a35d559b5c94cd9.jpg?w=500&auto=format", "slug": "tin-fun"}, "gas_fee": {"value": 0.0218, "raw_value": 21800000000000000, "usd": 63.7452, "payment_token": {"address": "0x0000000000000000000000000000000000000000", "symbol": "ETH", "decimals": 18}}, "price": {"value": 0.52, "raw_value": 520000000000000000, "usd": 1521.8912706460123, "payment_token": {"address": "0x0000000000000000000000000000000000000000", "symbol": "ETH", "decimals": 18}}, "marketplace_path": ["blur"], "fees": [{"fee_type": "royalty", "recipient": "0x6650dc11f439f14d4dfbea75233bd9b0099a0647", "bps": 50, "price": {"value": 0.0026, "raw_value": 2600000000000000, "usd": 7.558353, "payment_token": {"address": "0x0000000000a39bb272e79075ade125fd351887ac", "symbol": "BETH", "decimals": 18}}}], "trait_offer_target": null}, {"blockchain": "ETH", "sender": {"address": "0xfe6912f239641fad03889376c01f7bc11f617018", "ens": null, "is_whale": false, "blockchain": "ETH", "is_contract": false, "is_blue_chip_holder": false, "is_super_blue_chip_holder": false, "is_multi_sign_wallet": false, "das": null, "alias": null}, "receiver": {"address": "0x6f993d3ae0fbe1022d8a9496ebd343ff9bf1079e", "ens": "yourherochichi.eth", "is_whale": false, "blockchain": "ETH", "is_contract": false, "is_blue_chip_holder": false, "is_super_blue_chip_holder": false, "is_multi_sign_wallet": false, "das": null, "alias": "yourherochichi.eth"}, "event": "transfer", "quantity": 1, "tx_hash": "0x6039678e2bf0df1542be7943dba44f61763d9c1529c591be5b94c896f0a98c66", "time": 1705066967, "nft": {"contract_address": "0xc274a97f1691ef390f662067e95a6eff1f99b504", "token_id": "5640", "name": "TinFun #5640", "blockchain": "ETH", "image": "https://lh3.googleusercontent.com/W7Lb8VuxTOVYuXC3YbCRGp6Mnwryr1IHM_1q59oKxs8WgvrpNAER-SUozTdZ5SbJ52uWPKQbNgLjBvuQhCHaXkDBWERD1msPxw", "contract_type": "ERC721"}, "collection": {"collection_id": "65a13036c284b18008bd25b7", "name": "TinFun", "logo": "https://i.seadn.io/s/raw/files/a531bedf317b5ffe5a35d559b5c94cd9.jpg?w=500&auto=format", "slug": "tin-fun"}, "gas_fee": {"value": 0.0015, "raw_value": 1500000000000000, "usd": 4.0224, "payment_token": {"address": "0x0000000000000000000000000000000000000000", "symbol": "ETH", "decimals": 18}}, "price": null, "marketplace_path": [], "fees": [], "trait_offer_target": null}]