[{"blockchain": "ETH", "sender": {"address": "0x82d485bda243db146dee3fb8ddfa54c848ebba76", "ens": null, "is_whale": false, "blockchain": "ETH", "is_contract": false, "is_blue_chip_holder": false, "is_super_blue_chip_holder": false, "is_multi_sign_wallet": false, "das": null, "alias": null}, "receiver": {"address": "0x8177e9fa379b85e01b2b30140ddc446b9875106a", "ens": null, "is_whale": false, "blockchain": "ETH", "is_contract": true, "is_blue_chip_holder": false, "is_super_blue_chip_holder": false, "is_multi_sign_wallet": false, "das": null, "alias": null}, "event": "transfer", "quantity": 1, "tx_hash": "0x0f7957803db42e42b84543d46973872e0f0cc05fda03ef117f1e3d739ca7be79", "time": 1711699031, "nft": {"contract_address": "0xc274a97f1691ef390f662067e95a6eff1f99b504", "token_id": "5894", "name": "TinFun #5894", "blockchain": "ETH", "image": "https://lh3.googleusercontent.com/qOJ0mbWn431Saxh3QlkKZFRGbfiDf9yhnjlR7E7WNSCRpKxQIp5YVXjVJKivi6YD36T4NVAbru-jjxH7ZD-2pcSJgefEZJCoZf3c", "contract_type": "ERC721"}, "collection": {"collection_id": "65a13036c284b18008bd25b7", "name": "TinFun", "logo": "https://i.seadn.io/s/raw/files/a531bedf317b5ffe5a35d559b5c94cd9.jpg?w=500&auto=format", "slug": "tin-fun"}, "gas_fee": {"value": 0.0127, "raw_value": 12700000000000000, "usd": 45.5006, "payment_token": {"address": "0x0000000000000000000000000000000000000000", "symbol": "ETH", "decimals": 18}}, "price": null, "marketplace_path": [], "fees": [], "trait_offer_target": null}, {"blockchain": "ETH", "sender": {"address": "0x23b509d0cba132aa5d682d0545b19b07868da913", "ens": null, "is_whale": false, "blockchain": "ETH", "is_contract": false, "is_blue_chip_holder": false, "is_super_blue_chip_holder": false, "is_multi_sign_wallet": false, "das": null, "alias": null}, "receiver": {"address": "0x82d485bda243db146dee3fb8ddfa54c848ebba76", "ens": null, "is_whale": false, "blockchain": "ETH", "is_contract": false, "is_blue_chip_holder": false, "is_super_blue_chip_holder": false, "is_multi_sign_wallet": false, "das": null, "alias": null}, "event": "transfer", "quantity": 1, "tx_hash": "0x4c3c2b84fdb6b967d3f5366d944f62138f149bba4cae2beb4f626e49db3fa3bd", "time": 1705839251, "nft": {"contract_address": "0xc274a97f1691ef390f662067e95a6eff1f99b504", "token_id": "5894", "name": "TinFun #5894", "blockchain": "ETH", "image": "https://lh3.googleusercontent.com/qOJ0mbWn431Saxh3QlkKZFRGbfiDf9yhnjlR7E7WNSCRpKxQIp5YVXjVJKivi6YD36T4NVAbru-jjxH7ZD-2pcSJgefEZJCoZf3c", "contract_type": "ERC721"}, "collection": {"collection_id": "65a13036c284b18008bd25b7", "name": "TinFun", "logo": "https://i.seadn.io/s/raw/files/a531bedf317b5ffe5a35d559b5c94cd9.jpg?w=500&auto=format", "slug": "tin-fun"}, "gas_fee": {"value": 0.0007, "raw_value": 700000000000000, "usd": 1.6399, "payment_token": {"address": "0x0000000000000000000000000000000000000000", "symbol": "ETH", "decimals": 18}}, "price": null, "marketplace_path": [], "fees": [], "trait_offer_target": null}]