[{"blockchain": "ETH", "sender": {"address": "0x74cf3ea5447d3eca0d4b704f1d6caef053c910c7", "ens": null, "is_whale": false, "blockchain": "ETH", "is_contract": false, "is_blue_chip_holder": false, "is_super_blue_chip_holder": false, "is_multi_sign_wallet": false, "das": null, "alias": null}, "receiver": {"address": "0x819e94bfaedccbc7928612b291d3b9ff58d093f8", "ens": null, "is_whale": false, "blockchain": "ETH", "is_contract": false, "is_blue_chip_holder": false, "is_super_blue_chip_holder": false, "is_multi_sign_wallet": false, "das": null, "alias": null}, "event": "sale", "quantity": 1, "tx_hash": "0x0d35318b944912c6350d670e4e435bf9f3b88556b1b6581ec73674213d6464e5", "time": 1705067531, "nft": {"contract_address": "0xc274a97f1691ef390f662067e95a6eff1f99b504", "token_id": "4564", "name": "TinFun #4564", "blockchain": "ETH", "image": "https://lh3.googleusercontent.com/K2vMUZRRvZj4-BKsGIcLx20FrZTi0-IcJJHp4LHsCfOC7dYC9EqagJvEYKpERwfMX-WUUlwII-pD-cOteeof86mwf7dCLUePbRo", "contract_type": "ERC721"}, "collection": {"collection_id": "65a13036c284b18008bd25b7", "name": "TinFun", "logo": "https://i.seadn.io/s/raw/files/a531bedf317b5ffe5a35d559b5c94cd9.jpg?w=500&auto=format", "slug": "tin-fun"}, "gas_fee": {"value": 0.0047, "raw_value": 4700000000000000, "usd": 12.4528, "payment_token": {"address": "0x0000000000000000000000000000000000000000", "symbol": "ETH", "decimals": 18}}, "price": {"value": 0.777, "raw_value": 777000000000000000, "usd": 2059.367388666239, "payment_token": {"address": "0x0000000000000000000000000000000000000000", "symbol": "ETH", "decimals": 18}}, "marketplace_path": ["opensea"], "fees": [{"fee_type": "marketplace", "recipient": "0x0000a26b00c1f0df003000390027140000faa719", "bps": 50, "price": {"value": 0.003885, "raw_value": 3885000000000000, "usd": 10.183051, "payment_token": {"address": "0x0000000000000000000000000000000000000000", "symbol": "ETH", "decimals": 18}}}], "trait_offer_target": null}]