[{"blockchain": "ETH", "sender": {"address": "0xb21705e90c3e90fb9d3e8778a11d21d532a9563a", "ens": null, "is_whale": false, "blockchain": "ETH", "is_contract": false, "is_blue_chip_holder": false, "is_super_blue_chip_holder": false, "is_multi_sign_wallet": false, "das": null, "alias": null}, "receiver": {"address": "0x5c90f15144ca4959a9990442e4121a2343d5771f", "ens": "pengyuchang.eth", "is_whale": false, "blockchain": "ETH", "is_contract": false, "is_blue_chip_holder": false, "is_super_blue_chip_holder": false, "is_multi_sign_wallet": false, "das": null, "alias": "pengyuchang.eth"}, "event": "sale", "quantity": 1, "tx_hash": "0x773bb97e4a120b536c7e80f585a58c1de3f7545f2b1c4462a22b1ec914dea4e9", "time": 1705071983, "nft": {"contract_address": "0xc274a97f1691ef390f662067e95a6eff1f99b504", "token_id": "7738", "name": "TinFun #7738", "blockchain": "ETH", "image": "https://lh3.googleusercontent.com/qBZOr2O9D2BMCQYzmSUTB-1HMPQLlOBJAbKbhiaqLI4vxmRNDJOUGJKpmeQwyVw6FkOLj1IAcUTrL43jHqKKq41qxq9KtcNeUKY", "contract_type": "ERC721"}, "collection": {"collection_id": "65a13036c284b18008bd25b7", "name": "TinFun", "logo": "https://i.seadn.io/s/raw/files/a531bedf317b5ffe5a35d559b5c94cd9.jpg?w=500&auto=format", "slug": "tin-fun"}, "gas_fee": {"value": 0.008, "raw_value": 8000000000000000, "usd": 21.5915, "payment_token": {"address": "0x0000000000000000000000000000000000000000", "symbol": "ETH", "decimals": 18}}, "price": {"value": 0.89, "raw_value": 890000000000000000, "usd": 2408.9967252815018, "payment_token": {"address": "0x0000000000000000000000000000000000000000", "symbol": "ETH", "decimals": 18}}, "marketplace_path": ["blur"], "fees": [{"fee_type": "royalty", "recipient": "0x6650dc11f439f14d4dfbea75233bd9b0099a0647", "bps": 50, "price": {"value": 0.00445, "raw_value": 4450000000000000, "usd": 11.794318, "payment_token": {"address": "0x0000000000000000000000000000000000000000", "symbol": "ETH", "decimals": 18}}}], "trait_offer_target": null}, {"blockchain": "ETH", "sender": {"address": "0x3492e2b3cbb9a1fe52ffd3efddb7a96df72093ae", "ens": null, "is_whale": false, "blockchain": "ETH", "is_contract": false, "is_blue_chip_holder": false, "is_super_blue_chip_holder": false, "is_multi_sign_wallet": false, "das": null, "alias": null}, "receiver": {"address": "0xb21705e90c3e90fb9d3e8778a11d21d532a9563a", "ens": null, "is_whale": false, "blockchain": "ETH", "is_contract": false, "is_blue_chip_holder": false, "is_super_blue_chip_holder": false, "is_multi_sign_wallet": false, "das": null, "alias": null}, "event": "transfer", "quantity": 1, "tx_hash": "0xd03383ba2d58d40a927826b6ed0e64bf0da1c2f8152de17bd1cf74383f57afba", "time": 1705070771, "nft": {"contract_address": "0xc274a97f1691ef390f662067e95a6eff1f99b504", "token_id": "7738", "name": "TinFun #7738", "blockchain": "ETH", "image": "https://lh3.googleusercontent.com/qBZOr2O9D2BMCQYzmSUTB-1HMPQLlOBJAbKbhiaqLI4vxmRNDJOUGJKpmeQwyVw6FkOLj1IAcUTrL43jHqKKq41qxq9KtcNeUKY", "contract_type": "ERC721"}, "collection": {"collection_id": "65a13036c284b18008bd25b7", "name": "TinFun", "logo": "https://i.seadn.io/s/raw/files/a531bedf317b5ffe5a35d559b5c94cd9.jpg?w=500&auto=format", "slug": "tin-fun"}, "gas_fee": {"value": 0.0018, "raw_value": 1800000000000000, "usd": 4.719, "payment_token": {"address": "0x0000000000000000000000000000000000000000", "symbol": "ETH", "decimals": 18}}, "price": null, "marketplace_path": [], "fees": [], "trait_offer_target": null}]