[{"blockchain": "ETH", "sender": {"address": "0xac77191bf296a38ebddcca1492f59143ef4898df", "ens": null, "is_whale": false, "blockchain": "ETH", "is_contract": false, "is_blue_chip_holder": false, "is_super_blue_chip_holder": false, "is_multi_sign_wallet": false, "das": null, "alias": null}, "receiver": {"address": "0x8177e9fa379b85e01b2b30140ddc446b9875106a", "ens": null, "is_whale": false, "blockchain": "ETH", "is_contract": true, "is_blue_chip_holder": false, "is_super_blue_chip_holder": false, "is_multi_sign_wallet": false, "das": null, "alias": null}, "event": "transfer", "quantity": 1, "tx_hash": "0x9dfc0961cebd57b822f0e4a1d77917d73609edfca15616807a045f54bb544999", "time": 1711703075, "nft": {"contract_address": "0xc274a97f1691ef390f662067e95a6eff1f99b504", "token_id": "1394", "name": "TinFun #1394", "blockchain": "ETH", "image": "https://lh3.googleusercontent.com/EqvnobM4uc98s7ol9s7NZBJB-JQBTuF0JiXqwnRRPY1PRNg3MpcW_jPv0MVsHwjRqSmtOAkE-Fi_j6jcS42kwxRUBfdre-D16_s", "contract_type": "ERC721"}, "collection": {"collection_id": "65a13036c284b18008bd25b7", "name": "TinFun", "logo": "https://i.seadn.io/s/raw/files/a531bedf317b5ffe5a35d559b5c94cd9.jpg?w=500&auto=format", "slug": "tin-fun"}, "gas_fee": {"value": 0.0021, "raw_value": 2099999999999999, "usd": 7.3774, "payment_token": {"address": "0x0000000000000000000000000000000000000000", "symbol": "ETH", "decimals": 18}}, "price": null, "marketplace_path": [], "fees": [], "trait_offer_target": null}, {"blockchain": "ETH", "sender": {"address": "0xf20fec13e1eba7e7d4206ee3d4e24daca5ff507d", "ens": null, "is_whale": false, "blockchain": "ETH", "is_contract": false, "is_blue_chip_holder": false, "is_super_blue_chip_holder": false, "is_multi_sign_wallet": false, "das": null, "alias": null}, "receiver": {"address": "0xac77191bf296a38ebddcca1492f59143ef4898df", "ens": null, "is_whale": false, "blockchain": "ETH", "is_contract": false, "is_blue_chip_holder": false, "is_super_blue_chip_holder": false, "is_multi_sign_wallet": false, "das": null, "alias": null}, "event": "transfer", "quantity": 1, "tx_hash": "0xed6d048a676a23c34e08c56b76b269888e42a96ef08400ab7a1c4733d7be3c68", "time": 1711697987, "nft": {"contract_address": "0xc274a97f1691ef390f662067e95a6eff1f99b504", "token_id": "1394", "name": "TinFun #1394", "blockchain": "ETH", "image": "https://lh3.googleusercontent.com/EqvnobM4uc98s7ol9s7NZBJB-JQBTuF0JiXqwnRRPY1PRNg3MpcW_jPv0MVsHwjRqSmtOAkE-Fi_j6jcS42kwxRUBfdre-D16_s", "contract_type": "ERC721"}, "collection": {"collection_id": "65a13036c284b18008bd25b7", "name": "TinFun", "logo": "https://i.seadn.io/s/raw/files/a531bedf317b5ffe5a35d559b5c94cd9.jpg?w=500&auto=format", "slug": "tin-fun"}, "gas_fee": {"value": 0.0012, "raw_value": 1200000000000000, "usd": 4.1484, "payment_token": {"address": "0x0000000000000000000000000000000000000000", "symbol": "ETH", "decimals": 18}}, "price": null, "marketplace_path": [], "fees": [], "trait_offer_target": null}]