[{"blockchain": "ETH", "sender": {"address": "0xe13669c0b3ecbd9af60dbd77f4d4bb81c4f5080f", "ens": null, "is_whale": false, "blockchain": "ETH", "is_contract": false, "is_blue_chip_holder": false, "is_super_blue_chip_holder": false, "is_multi_sign_wallet": false, "das": null, "alias": null}, "receiver": {"address": "0x8177e9fa379b85e01b2b30140ddc446b9875106a", "ens": null, "is_whale": false, "blockchain": "ETH", "is_contract": true, "is_blue_chip_holder": false, "is_super_blue_chip_holder": false, "is_multi_sign_wallet": false, "das": null, "alias": null}, "event": "transfer", "quantity": 1, "tx_hash": "0xa4f6a36fa03e4dbf1a028e5aa83e8213ffe9967687762abf5cacea34e045e1ac", "time": 1712919035, "nft": {"contract_address": "0xc274a97f1691ef390f662067e95a6eff1f99b504", "token_id": "3813", "name": "TinFun #3813", "blockchain": "ETH", "image": "https://lh3.googleusercontent.com/tlqM9_HTmAlmYil5UAhBkCNhBfPgvZfXn1cDOPRWWY2P67rVoh86bUec7zJ4zru-sXQYAzMLYEgt88GGOtyveN8JKjIOFi3ZZiCW", "contract_type": "ERC721"}, "collection": {"collection_id": "65a13036c284b18008bd25b7", "name": "TinFun", "logo": "https://i.seadn.io/s/raw/files/a531bedf317b5ffe5a35d559b5c94cd9.jpg?w=500&auto=format", "slug": "tin-fun"}, "gas_fee": {"value": 0.0024, "raw_value": 2400000000000000, "usd": 8.5364, "payment_token": {"address": "0x0000000000000000000000000000000000000000", "symbol": "ETH", "decimals": 18}}, "price": null, "marketplace_path": [], "fees": [], "trait_offer_target": null}]