[{"blockchain": "ETH", "sender": {"address": "0x05cef1c81c1c3ee851795a2819b2c49e9243a28d", "ens": "\u4f60\u6211\u5c71\u524d\u6ca1\u76f8\u89c1\u5c71\u540e\u522b\u76f8\u9022.eth", "is_whale": false, "blockchain": "ETH", "is_contract": false, "is_blue_chip_holder": false, "is_super_blue_chip_holder": false, "is_multi_sign_wallet": false, "das": null, "alias": "\u4f60\u6211\u5c71\u524d\u6ca1\u76f8\u89c1\u5c71\u540e\u522b\u76f8\u9022.eth"}, "receiver": {"address": "0x8177e9fa379b85e01b2b30140ddc446b9875106a", "ens": null, "is_whale": false, "blockchain": "ETH", "is_contract": true, "is_blue_chip_holder": false, "is_super_blue_chip_holder": false, "is_multi_sign_wallet": false, "das": null, "alias": null}, "event": "transfer", "quantity": 1, "tx_hash": "0x42e1241049be80bec5f71fcf1c56e6ea54bb6fd66a325a33cfa6e6fe839c3569", "time": 1711955723, "nft": {"contract_address": "0xc274a97f1691ef390f662067e95a6eff1f99b504", "token_id": "5210", "name": "TinFun #5210", "blockchain": "ETH", "image": "https://lh3.googleusercontent.com/tUMP0zc9EDwa-MGv9pla8G0FOMqudUp7tJayhr7TPdvaSj_WLfYFuwKstc8KD2aO6g-YgLRXn4G2k_o9892djB0US34qFzpJAoA", "contract_type": "ERC721"}, "collection": {"collection_id": "65a13036c284b18008bd25b7", "name": "TinFun", "logo": "https://i.seadn.io/s/raw/files/a531bedf317b5ffe5a35d559b5c94cd9.jpg?w=500&auto=format", "slug": "tin-fun"}, "gas_fee": {"value": 0.0057, "raw_value": 5700000000000000, "usd": 20.3386, "payment_token": {"address": "0x0000000000000000000000000000000000000000", "symbol": "ETH", "decimals": 18}}, "price": null, "marketplace_path": [], "fees": [], "trait_offer_target": null}, {"blockchain": "ETH", "sender": {"address": "0xba2039974a2e088344b4dc804da8ef88ae00edd9", "ens": "zrool.eth", "is_whale": false, "blockchain": "ETH", "is_contract": false, "is_blue_chip_holder": false, "is_super_blue_chip_holder": false, "is_multi_sign_wallet": false, "das": null, "alias": "zrool.eth"}, "receiver": {"address": "0x05cef1c81c1c3ee851795a2819b2c49e9243a28d", "ens": "\u4f60\u6211\u5c71\u524d\u6ca1\u76f8\u89c1\u5c71\u540e\u522b\u76f8\u9022.eth", "is_whale": false, "blockchain": "ETH", "is_contract": false, "is_blue_chip_holder": false, "is_super_blue_chip_holder": false, "is_multi_sign_wallet": false, "das": null, "alias": "\u4f60\u6211\u5c71\u524d\u6ca1\u76f8\u89c1\u5c71\u540e\u522b\u76f8\u9022.eth"}, "event": "sale", "quantity": 1, "tx_hash": "0xad545f1be7342f9cbe9ef594751b795e5ff672f46bd7f26d6bc0c2c4380331e8", "time": 1705979111, "nft": {"contract_address": "0xc274a97f1691ef390f662067e95a6eff1f99b504", "token_id": "5210", "name": "TinFun #5210", "blockchain": "ETH", "image": "https://lh3.googleusercontent.com/tUMP0zc9EDwa-MGv9pla8G0FOMqudUp7tJayhr7TPdvaSj_WLfYFuwKstc8KD2aO6g-YgLRXn4G2k_o9892djB0US34qFzpJAoA", "contract_type": "ERC721"}, "collection": {"collection_id": "65a13036c284b18008bd25b7", "name": "TinFun", "logo": "https://i.seadn.io/s/raw/files/a531bedf317b5ffe5a35d559b5c94cd9.jpg?w=500&auto=format", "slug": "tin-fun"}, "gas_fee": {"value": 0.0094, "raw_value": 9400000000000000, "usd": 22.0702, "payment_token": {"address": "0x0000000000000000000000000000000000000000", "symbol": "ETH", "decimals": 18}}, "price": {"value": 0.51, "raw_value": 510000000000000000, "usd": 1191.9275621697557, "payment_token": {"address": "0x0000000000000000000000000000000000000000", "symbol": "ETH", "decimals": 18}}, "marketplace_path": ["blur"], "fees": [{"fee_type": "royalty", "recipient": "0x6650dc11f439f14d4dfbea75233bd9b0099a0647", "bps": 50, "price": {"value": 0.00255, "raw_value": 2550000000000000, "usd": 5.925037, "payment_token": {"address": "0x0000000000a39bb272e79075ade125fd351887ac", "symbol": "BETH", "decimals": 18}}}], "trait_offer_target": null}, {"blockchain": "ETH", "sender": {"address": "0x1bce0c7750a7cee219b776d68476b109404c3313", "ens": null, "is_whale": false, "blockchain": "ETH", "is_contract": false, "is_blue_chip_holder": true, "is_super_blue_chip_holder": false, "is_multi_sign_wallet": false, "das": null, "alias": null}, "receiver": {"address": "0xba2039974a2e088344b4dc804da8ef88ae00edd9", "ens": "zrool.eth", "is_whale": false, "blockchain": "ETH", "is_contract": false, "is_blue_chip_holder": false, "is_super_blue_chip_holder": false, "is_multi_sign_wallet": false, "das": null, "alias": "zrool.eth"}, "event": "sale", "quantity": 1, "tx_hash": "0xe9f6c08ea55271ca8e9e50a0e9a303e743089fe68abc159a11cdd90abb3f3be8", "time": 1705976783, "nft": {"contract_address": "0xc274a97f1691ef390f662067e95a6eff1f99b504", "token_id": "5210", "name": "TinFun #5210", "blockchain": "ETH", "image": "https://lh3.googleusercontent.com/tUMP0zc9EDwa-MGv9pla8G0FOMqudUp7tJayhr7TPdvaSj_WLfYFuwKstc8KD2aO6g-YgLRXn4G2k_o9892djB0US34qFzpJAoA", "contract_type": "ERC721"}, "collection": {"collection_id": "65a13036c284b18008bd25b7", "name": "TinFun", "logo": "https://i.seadn.io/s/raw/files/a531bedf317b5ffe5a35d559b5c94cd9.jpg?w=500&auto=format", "slug": "tin-fun"}, "gas_fee": {"value": 0.0294, "raw_value": 29400000000000000, "usd": 68.6164, "payment_token": {"address": "0x0000000000000000000000000000000000000000", "symbol": "ETH", "decimals": 18}}, "price": {"value": 0.54, "raw_value": 540000000000000000, "usd": 1259.386247253277, "payment_token": {"address": "0x0000000000000000000000000000000000000000", "symbol": "ETH", "decimals": 18}}, "marketplace_path": ["blur"], "fees": [{"fee_type": "royalty", "recipient": "0x6650dc11f439f14d4dfbea75233bd9b0099a0647", "bps": 50, "price": {"value": 0.0027, "raw_value": 2700000000000000, "usd": 6.239569, "payment_token": {"address": "0x0000000000a39bb272e79075ade125fd351887ac", "symbol": "BETH", "decimals": 18}}}], "trait_offer_target": null}, {"blockchain": "ETH", "sender": {"address": "0x7181abec856bcbc77cfcd8ee8c85392ea403a878", "ens": null, "is_whale": false, "blockchain": "ETH", "is_contract": false, "is_blue_chip_holder": false, "is_super_blue_chip_holder": false, "is_multi_sign_wallet": false, "das": null, "alias": null}, "receiver": {"address": "0x1bce0c7750a7cee219b776d68476b109404c3313", "ens": null, "is_whale": false, "blockchain": "ETH", "is_contract": false, "is_blue_chip_holder": true, "is_super_blue_chip_holder": false, "is_multi_sign_wallet": false, "das": null, "alias": null}, "event": "sale", "quantity": 1, "tx_hash": "0x18b58395811d3d249973a0ffe7d49bb6f82a6d774c5c5b0aaac6ead93cfc43d0", "time": 1705969727, "nft": {"contract_address": "0xc274a97f1691ef390f662067e95a6eff1f99b504", "token_id": "5210", "name": "TinFun #5210", "blockchain": "ETH", "image": "https://lh3.googleusercontent.com/tUMP0zc9EDwa-MGv9pla8G0FOMqudUp7tJayhr7TPdvaSj_WLfYFuwKstc8KD2aO6g-YgLRXn4G2k_o9892djB0US34qFzpJAoA", "contract_type": "ERC721"}, "collection": {"collection_id": "65a13036c284b18008bd25b7", "name": "TinFun", "logo": "https://i.seadn.io/s/raw/files/a531bedf317b5ffe5a35d559b5c94cd9.jpg?w=500&auto=format", "slug": "tin-fun"}, "gas_fee": {"value": 0.0018, "raw_value": 1800000000000000, "usd": 4.1993, "payment_token": {"address": "0x0000000000000000000000000000000000000000", "symbol": "ETH", "decimals": 18}}, "price": {"value": 0.54, "raw_value": 540000000000000000, "usd": 1247.91385833972, "payment_token": {"address": "0x0000000000000000000000000000000000000000", "symbol": "ETH", "decimals": 18}}, "marketplace_path": ["blur"], "fees": [{"fee_type": "royalty", "recipient": "0x6650dc11f439f14d4dfbea75233bd9b0099a0647", "bps": 50, "price": {"value": 0.0027, "raw_value": 2700000000000000, "usd": 6.278527, "payment_token": {"address": "0x0000000000a39bb272e79075ade125fd351887ac", "symbol": "BETH", "decimals": 18}}}], "trait_offer_target": null}]