[{"blockchain": "ETH", "sender": {"address": "0x0df7743ab456b7cd0026a686b37c276facbd138e", "ens": null, "is_whale": false, "blockchain": "ETH", "is_contract": false, "is_blue_chip_holder": false, "is_super_blue_chip_holder": false, "is_multi_sign_wallet": false, "das": null, "alias": null}, "receiver": {"address": "0xf1f79aca91b20cdf8784c66f4ee086259f110bd2", "ens": null, "is_whale": false, "blockchain": "ETH", "is_contract": false, "is_blue_chip_holder": false, "is_super_blue_chip_holder": false, "is_multi_sign_wallet": false, "das": null, "alias": null}, "event": "sale", "quantity": 1, "tx_hash": "0x7dc724ec633957f2014fb9ce1d0c81de6a9896533e785f1250e8390023328e42", "time": 1709829899, "nft": {"contract_address": "0xc274a97f1691ef390f662067e95a6eff1f99b504", "token_id": "8249", "name": "TinFun #8249", "blockchain": "ETH", "image": "https://lh3.googleusercontent.com/V28YcZeRja3e7NKOVT4wOeL0x1rCSTkkJFv-HeaEIxsIFGWkVRTcMcaPwfYYEpkRXl7oQ7uxS95jRn6VEtKiMYHezLKblwcGFXyQ", "contract_type": "ERC721"}, "collection": {"collection_id": "65a13036c284b18008bd25b7", "name": "TinFun", "logo": "https://i.seadn.io/s/raw/files/a531bedf317b5ffe5a35d559b5c94cd9.jpg?w=500&auto=format", "slug": "tin-fun"}, "gas_fee": {"value": 0.0203, "raw_value": 20300000000000000, "usd": 77.8075, "payment_token": {"address": "0x0000000000000000000000000000000000000000", "symbol": "ETH", "decimals": 18}}, "price": {"value": 0.22, "raw_value": 220000000000000000, "usd": 845.2303322030117, "payment_token": {"address": "0x0000000000000000000000000000000000000000", "symbol": "ETH", "decimals": 18}}, "marketplace_path": ["blur"], "fees": [{"fee_type": "royalty", "recipient": "0x6650dc11f439f14d4dfbea75233bd9b0099a0647", "bps": 50, "price": {"value": 0.0011, "raw_value": 1100000000000000, "usd": 4.193544, "payment_token": {"address": "0x0000000000a39bb272e79075ade125fd351887ac", "symbol": "BETH", "decimals": 18}}}], "trait_offer_target": null}, {"blockchain": "ETH", "sender": {"address": "0x1ecbc285f34390516fb69797949d9d4ca3f86cff", "ens": "\u8d85\u7ea7\u65e0\u654c\u72c2\u66b4\u795e\u9f99\u70c8\u7130\u94e0\u7532\u6218\u58eb.eth", "is_whale": false, "blockchain": "ETH", "is_contract": false, "is_blue_chip_holder": false, "is_super_blue_chip_holder": false, "is_multi_sign_wallet": false, "das": null, "alias": "\u8d85\u7ea7\u65e0\u654c\u72c2\u66b4\u795e\u9f99\u70c8\u7130\u94e0\u7532\u6218\u58eb.eth"}, "receiver": {"address": "0x0df7743ab456b7cd0026a686b37c276facbd138e", "ens": null, "is_whale": false, "blockchain": "ETH", "is_contract": false, "is_blue_chip_holder": false, "is_super_blue_chip_holder": false, "is_multi_sign_wallet": false, "das": null, "alias": null}, "event": "sale", "quantity": 1, "tx_hash": "0xe6788fe26bc75496b4446e9163e7e1ba2cd2464ae6ace231ff196d0497c7e181", "time": 1705085351, "nft": {"contract_address": "0xc274a97f1691ef390f662067e95a6eff1f99b504", "token_id": "8249", "name": "TinFun #8249", "blockchain": "ETH", "image": "https://lh3.googleusercontent.com/V28YcZeRja3e7NKOVT4wOeL0x1rCSTkkJFv-HeaEIxsIFGWkVRTcMcaPwfYYEpkRXl7oQ7uxS95jRn6VEtKiMYHezLKblwcGFXyQ", "contract_type": "ERC721"}, "collection": {"collection_id": "65a13036c284b18008bd25b7", "name": "TinFun", "logo": "https://i.seadn.io/s/raw/files/a531bedf317b5ffe5a35d559b5c94cd9.jpg?w=500&auto=format", "slug": "tin-fun"}, "gas_fee": {"value": 0.0092, "raw_value": 9200000000000000, "usd": 23.9986, "payment_token": {"address": "0x0000000000000000000000000000000000000000", "symbol": "ETH", "decimals": 18}}, "price": {"value": 0.81249999, "raw_value": 812499990000000000, "usd": 2112.275191009454, "payment_token": {"address": "0x0000000000000000000000000000000000000000", "symbol": "ETH", "decimals": 18}}, "marketplace_path": ["blur-aggregator", "blur"], "fees": [{"fee_type": "royalty", "recipient": "0x6650dc11f439f14d4dfbea75233bd9b0099a0647", "bps": 50, "price": {"value": 0.004062, "raw_value": 4062499950000000, "usd": 10.75122, "payment_token": {"address": "0x0000000000000000000000000000000000000000", "symbol": "ETH", "decimals": 18}}}], "trait_offer_target": null}, {"blockchain": "ETH", "sender": {"address": "0x3fc87b02b54985e4467a091204e7aa745b46478b", "ens": null, "is_whale": false, "blockchain": "ETH", "is_contract": false, "is_blue_chip_holder": false, "is_super_blue_chip_holder": false, "is_multi_sign_wallet": false, "das": null, "alias": null}, "receiver": {"address": "0x1ecbc285f34390516fb69797949d9d4ca3f86cff", "ens": "\u8d85\u7ea7\u65e0\u654c\u72c2\u66b4\u795e\u9f99\u70c8\u7130\u94e0\u7532\u6218\u58eb.eth", "is_whale": false, "blockchain": "ETH", "is_contract": false, "is_blue_chip_holder": false, "is_super_blue_chip_holder": false, "is_multi_sign_wallet": false, "das": null, "alias": "\u8d85\u7ea7\u65e0\u654c\u72c2\u66b4\u795e\u9f99\u70c8\u7130\u94e0\u7532\u6218\u58eb.eth"}, "event": "sale", "quantity": 1, "tx_hash": "0x012cb0402e7bebe17470d91926f59b25671045793d9663697821d025598644a3", "time": 1705079615, "nft": {"contract_address": "0xc274a97f1691ef390f662067e95a6eff1f99b504", "token_id": "8249", "name": "TinFun #8249", "blockchain": "ETH", "image": "https://lh3.googleusercontent.com/V28YcZeRja3e7NKOVT4wOeL0x1rCSTkkJFv-HeaEIxsIFGWkVRTcMcaPwfYYEpkRXl7oQ7uxS95jRn6VEtKiMYHezLKblwcGFXyQ", "contract_type": "ERC721"}, "collection": {"collection_id": "65a13036c284b18008bd25b7", "name": "TinFun", "logo": "https://i.seadn.io/s/raw/files/a531bedf317b5ffe5a35d559b5c94cd9.jpg?w=500&auto=format", "slug": "tin-fun"}, "gas_fee": {"value": 0.0151, "raw_value": 15100000000000000, "usd": 39.5046, "payment_token": {"address": "0x0000000000000000000000000000000000000000", "symbol": "ETH", "decimals": 18}}, "price": {"value": 0.77, "raw_value": 770000000000000000, "usd": 2015.465679704586, "payment_token": {"address": "0x0000000000000000000000000000000000000000", "symbol": "ETH", "decimals": 18}}, "marketplace_path": ["blur"], "fees": [{"fee_type": "royalty", "recipient": "0x6650dc11f439f14d4dfbea75233bd9b0099a0647", "bps": 50, "price": {"value": 0.00385, "raw_value": 3850000000000000, "usd": 10.420941, "payment_token": {"address": "0x0000000000a39bb272e79075ade125fd351887ac", "symbol": "BETH", "decimals": 18}}}], "trait_offer_target": null}]