[{"blockchain": "ETH", "sender": {"address": "0x5e6adb51dca9bd7203384492dfdcd13e54b83422", "ens": null, "is_whale": false, "blockchain": "ETH", "is_contract": false, "is_blue_chip_holder": false, "is_super_blue_chip_holder": false, "is_multi_sign_wallet": false, "das": null, "alias": null}, "receiver": {"address": "0x8177e9fa379b85e01b2b30140ddc446b9875106a", "ens": null, "is_whale": false, "blockchain": "ETH", "is_contract": true, "is_blue_chip_holder": false, "is_super_blue_chip_holder": false, "is_multi_sign_wallet": false, "das": null, "alias": null}, "event": "transfer", "quantity": 1, "tx_hash": "0x926fc6929a3e6fe0f43c152a6f17be2a9a08f234568d66562d7b252e7ce66d81", "time": 1712967959, "nft": {"contract_address": "0xc274a97f1691ef390f662067e95a6eff1f99b504", "token_id": "1253", "name": "TinFun #1253", "blockchain": "ETH", "image": "https://lh3.googleusercontent.com/Zmk-DxHboMNRcFHsYv4AHO4EVB3smrkU0UrMIKTqfiWSdUoduyBbqrsYUxbWIsf4WJjf34teKp2LzVC9b_f_yLZ3EC0FGdZ0pTY", "contract_type": "ERC721"}, "collection": {"collection_id": "65a13036c284b18008bd25b7", "name": "TinFun", "logo": "https://i.seadn.io/s/raw/files/a531bedf317b5ffe5a35d559b5c94cd9.jpg?w=500&auto=format", "slug": "tin-fun"}, "gas_fee": {"value": 0.0076, "raw_value": 7600000000000000, "usd": 24.7736, "payment_token": {"address": "0x0000000000000000000000000000000000000000", "symbol": "ETH", "decimals": 18}}, "price": null, "marketplace_path": [], "fees": [], "trait_offer_target": null}, {"blockchain": "ETH", "sender": {"address": "0xcf400d698cbce8126e21cfb83ec655023981808f", "ens": null, "is_whale": false, "blockchain": "ETH", "is_contract": false, "is_blue_chip_holder": false, "is_super_blue_chip_holder": false, "is_multi_sign_wallet": false, "das": null, "alias": null}, "receiver": {"address": "0x5e6adb51dca9bd7203384492dfdcd13e54b83422", "ens": null, "is_whale": false, "blockchain": "ETH", "is_contract": false, "is_blue_chip_holder": false, "is_super_blue_chip_holder": false, "is_multi_sign_wallet": false, "das": null, "alias": null}, "event": "sale", "quantity": 1, "tx_hash": "0x40693e2f56ad9390d1448ea77106acfe4c509bdd967e9a2c06d380c62994c7c6", "time": 1705862099, "nft": {"contract_address": "0xc274a97f1691ef390f662067e95a6eff1f99b504", "token_id": "1253", "name": "TinFun #1253", "blockchain": "ETH", "image": "https://lh3.googleusercontent.com/Zmk-DxHboMNRcFHsYv4AHO4EVB3smrkU0UrMIKTqfiWSdUoduyBbqrsYUxbWIsf4WJjf34teKp2LzVC9b_f_yLZ3EC0FGdZ0pTY", "contract_type": "ERC721"}, "collection": {"collection_id": "65a13036c284b18008bd25b7", "name": "TinFun", "logo": "https://i.seadn.io/s/raw/files/a531bedf317b5ffe5a35d559b5c94cd9.jpg?w=500&auto=format", "slug": "tin-fun"}, "gas_fee": {"value": 0.0038, "raw_value": 3800000000000000, "usd": 9.4115, "payment_token": {"address": "0x0000000000000000000000000000000000000000", "symbol": "ETH", "decimals": 18}}, "price": {"value": 0.63, "raw_value": 630000000000000000, "usd": 1558.0896417440908, "payment_token": {"address": "0x0000000000000000000000000000000000000000", "symbol": "ETH", "decimals": 18}}, "marketplace_path": ["blur"], "fees": [{"fee_type": "royalty", "recipient": "0x6650dc11f439f14d4dfbea75233bd9b0099a0647", "bps": 50, "price": {"value": 0.00315, "raw_value": 3150000000000000, "usd": 7.77023, "payment_token": {"address": "0x0000000000a39bb272e79075ade125fd351887ac", "symbol": "BETH", "decimals": 18}}}], "trait_offer_target": null}, {"blockchain": "ETH", "sender": {"address": "0x1c4bc8f676f0cb3e173660b78454267f59705255", "ens": "capicapital.eth", "is_whale": false, "blockchain": "ETH", "is_contract": false, "is_blue_chip_holder": false, "is_super_blue_chip_holder": false, "is_multi_sign_wallet": false, "das": null, "alias": "capicapital.eth"}, "receiver": {"address": "0xcf400d698cbce8126e21cfb83ec655023981808f", "ens": null, "is_whale": false, "blockchain": "ETH", "is_contract": false, "is_blue_chip_holder": false, "is_super_blue_chip_holder": false, "is_multi_sign_wallet": false, "das": null, "alias": null}, "event": "sale", "quantity": 1, "tx_hash": "0x05eb0b3a63d48dcfc2f257bf1de1b399b27d65ce2fb8cb74b1be34ff2adb485a", "time": 1705644959, "nft": {"contract_address": "0xc274a97f1691ef390f662067e95a6eff1f99b504", "token_id": "1253", "name": "TinFun #1253", "blockchain": "ETH", "image": "https://lh3.googleusercontent.com/Zmk-DxHboMNRcFHsYv4AHO4EVB3smrkU0UrMIKTqfiWSdUoduyBbqrsYUxbWIsf4WJjf34teKp2LzVC9b_f_yLZ3EC0FGdZ0pTY", "contract_type": "ERC721"}, "collection": {"collection_id": "65a13036c284b18008bd25b7", "name": "TinFun", "logo": "https://i.seadn.io/s/raw/files/a531bedf317b5ffe5a35d559b5c94cd9.jpg?w=500&auto=format", "slug": "tin-fun"}, "gas_fee": {"value": 0.0034, "raw_value": 3400000000000000, "usd": 8.3966, "payment_token": {"address": "0x0000000000000000000000000000000000000000", "symbol": "ETH", "decimals": 18}}, "price": {"value": 0.65, "raw_value": 650000000000000000, "usd": 1599.9844680613644, "payment_token": {"address": "0x0000000000000000000000000000000000000000", "symbol": "ETH", "decimals": 18}}, "marketplace_path": ["blur"], "fees": [{"fee_type": "royalty", "recipient": "0x6650dc11f439f14d4dfbea75233bd9b0099a0647", "bps": 50, "price": {"value": 0.00325, "raw_value": 3250000000000000, "usd": 7.989019, "payment_token": {"address": "0x0000000000a39bb272e79075ade125fd351887ac", "symbol": "BETH", "decimals": 18}}}], "trait_offer_target": null}]