[{"blockchain": "ETH", "sender": {"address": "0x05fa91c59008813c95ec49e7dbcdd8890cc99fb7", "ens": null, "is_whale": false, "blockchain": "ETH", "is_contract": false, "is_blue_chip_holder": true, "is_super_blue_chip_holder": false, "is_multi_sign_wallet": false, "das": null, "alias": null}, "receiver": {"address": "0x203bcd11873db21a7474384c79cb909e2380339e", "ens": null, "is_whale": false, "blockchain": "ETH", "is_contract": false, "is_blue_chip_holder": false, "is_super_blue_chip_holder": false, "is_multi_sign_wallet": false, "das": null, "alias": null}, "event": "sale", "quantity": 1, "tx_hash": "0x56f07cff35573e9fd6079ac23693f2d6d0429f94fd9cf536e2c1da56d6375903", "time": 1705126391, "nft": {"contract_address": "0xc274a97f1691ef390f662067e95a6eff1f99b504", "token_id": "3274", "name": "TinFun #3274", "blockchain": "ETH", "image": "https://lh3.googleusercontent.com/WSrtozdRRrMNYoNwPryKj0rpqmYLd3L4i_0ySFzq_uzhfLD52dGikO6iF8KnO2lzQ_UJSjRwsJuoS1FjuiXbCuU23-UePw58bvFd", "contract_type": "ERC721"}, "collection": {"collection_id": "65a13036c284b18008bd25b7", "name": "TinFun", "logo": "https://i.seadn.io/s/raw/files/a531bedf317b5ffe5a35d559b5c94cd9.jpg?w=500&auto=format", "slug": "tin-fun"}, "gas_fee": {"value": 0.004, "raw_value": 4000000000000000, "usd": 10.1462, "payment_token": {"address": "0x0000000000000000000000000000000000000000", "symbol": "ETH", "decimals": 18}}, "price": {"value": 0.84, "raw_value": 840000000000000000, "usd": 2144.085032256416, "payment_token": {"address": "0x0000000000000000000000000000000000000000", "symbol": "ETH", "decimals": 18}}, "marketplace_path": ["blur"], "fees": [{"fee_type": "royalty", "recipient": "0x6650dc11f439f14d4dfbea75233bd9b0099a0647", "bps": 100, "price": {"value": 0.0084, "raw_value": 8400000000000000, "usd": 21.40236, "payment_token": {"address": "0x0000000000a39bb272e79075ade125fd351887ac", "symbol": "BETH", "decimals": 18}}}], "trait_offer_target": null}, {"blockchain": "ETH", "sender": {"address": "0xedf580abc7ec97b76f99dff1f433f01c4827b63d", "ens": null, "is_whale": false, "blockchain": "ETH", "is_contract": false, "is_blue_chip_holder": false, "is_super_blue_chip_holder": false, "is_multi_sign_wallet": false, "das": null, "alias": null}, "receiver": {"address": "0x05fa91c59008813c95ec49e7dbcdd8890cc99fb7", "ens": null, "is_whale": false, "blockchain": "ETH", "is_contract": false, "is_blue_chip_holder": true, "is_super_blue_chip_holder": false, "is_multi_sign_wallet": false, "das": null, "alias": null}, "event": "sale", "quantity": 1, "tx_hash": "0x3e486285510d012d7e4e5e38606eebf0104665b83e6e6fddd22b2b92fb7bddd5", "time": 1705108607, "nft": {"contract_address": "0xc274a97f1691ef390f662067e95a6eff1f99b504", "token_id": "3274", "name": "TinFun #3274", "blockchain": "ETH", "image": "https://lh3.googleusercontent.com/WSrtozdRRrMNYoNwPryKj0rpqmYLd3L4i_0ySFzq_uzhfLD52dGikO6iF8KnO2lzQ_UJSjRwsJuoS1FjuiXbCuU23-UePw58bvFd", "contract_type": "ERC721"}, "collection": {"collection_id": "65a13036c284b18008bd25b7", "name": "TinFun", "logo": "https://i.seadn.io/s/raw/files/a531bedf317b5ffe5a35d559b5c94cd9.jpg?w=500&auto=format", "slug": "tin-fun"}, "gas_fee": {"value": 0.0048, "raw_value": 4800000000000000, "usd": 12.1471, "payment_token": {"address": "0x0000000000000000000000000000000000000000", "symbol": "ETH", "decimals": 18}}, "price": {"value": 0.78399999, "raw_value": 783999990000000000, "usd": 1974.041530681539, "payment_token": {"address": "0x0000000000000000000000000000000000000000", "symbol": "ETH", "decimals": 18}}, "marketplace_path": ["blur-aggregator", "blur"], "fees": [{"fee_type": "royalty", "recipient": "0x6650dc11f439f14d4dfbea75233bd9b0099a0647", "bps": 50, "price": {"value": 0.00392, "raw_value": 3919999950000000, "usd": 9.791081, "payment_token": {"address": "0x0000000000000000000000000000000000000000", "symbol": "ETH", "decimals": 18}}}], "trait_offer_target": null}, {"blockchain": "ETH", "sender": {"address": "0x73d30ba3dc4ffd17c28cc2d75d12e50df98f29cf", "ens": "nakiri.eth", "is_whale": false, "blockchain": "ETH", "is_contract": false, "is_blue_chip_holder": false, "is_super_blue_chip_holder": false, "is_multi_sign_wallet": false, "das": null, "alias": "nakiri.eth"}, "receiver": {"address": "0xedf580abc7ec97b76f99dff1f433f01c4827b63d", "ens": null, "is_whale": false, "blockchain": "ETH", "is_contract": false, "is_blue_chip_holder": false, "is_super_blue_chip_holder": false, "is_multi_sign_wallet": false, "das": null, "alias": null}, "event": "sale", "quantity": 1, "tx_hash": "0x7c17c083ddcabb2e400374d1006d058bd453476630f24434700e970e8b552969", "time": 1705104827, "nft": {"contract_address": "0xc274a97f1691ef390f662067e95a6eff1f99b504", "token_id": "3274", "name": "TinFun #3274", "blockchain": "ETH", "image": "https://lh3.googleusercontent.com/WSrtozdRRrMNYoNwPryKj0rpqmYLd3L4i_0ySFzq_uzhfLD52dGikO6iF8KnO2lzQ_UJSjRwsJuoS1FjuiXbCuU23-UePw58bvFd", "contract_type": "ERC721"}, "collection": {"collection_id": "65a13036c284b18008bd25b7", "name": "TinFun", "logo": "https://i.seadn.io/s/raw/files/a531bedf317b5ffe5a35d559b5c94cd9.jpg?w=500&auto=format", "slug": "tin-fun"}, "gas_fee": {"value": 0.009, "raw_value": 8999999999999999, "usd": 22.705, "payment_token": {"address": "0x0000000000000000000000000000000000000000", "symbol": "ETH", "decimals": 18}}, "price": {"value": 0.78, "raw_value": 780000000000000000, "usd": 1967.8883688057738, "payment_token": {"address": "0x0000000000000000000000000000000000000000", "symbol": "ETH", "decimals": 18}}, "marketplace_path": ["blur"], "fees": [{"fee_type": "royalty", "recipient": "0x6650dc11f439f14d4dfbea75233bd9b0099a0647", "bps": 50, "price": {"value": 0.0039, "raw_value": 3900000000000000, "usd": 9.842156, "payment_token": {"address": "0x0000000000a39bb272e79075ade125fd351887ac", "symbol": "BETH", "decimals": 18}}}], "trait_offer_target": null}, {"blockchain": "ETH", "sender": {"address": "0x4c54bb73d7bfa2d97215fb3efcabe8ee2ad73c80", "ens": null, "is_whale": false, "blockchain": "ETH", "is_contract": false, "is_blue_chip_holder": false, "is_super_blue_chip_holder": false, "is_multi_sign_wallet": false, "das": null, "alias": null}, "receiver": {"address": "0x73d30ba3dc4ffd17c28cc2d75d12e50df98f29cf", "ens": "nakiri.eth", "is_whale": false, "blockchain": "ETH", "is_contract": false, "is_blue_chip_holder": false, "is_super_blue_chip_holder": false, "is_multi_sign_wallet": false, "das": null, "alias": "nakiri.eth"}, "event": "sale", "quantity": 1, "tx_hash": "0x842cca28fbd3c3de1b869b877276bc0c9e157776f7707e49ef2456233a771bf7", "time": 1705087019, "nft": {"contract_address": "0xc274a97f1691ef390f662067e95a6eff1f99b504", "token_id": "3274", "name": "TinFun #3274", "blockchain": "ETH", "image": "https://lh3.googleusercontent.com/WSrtozdRRrMNYoNwPryKj0rpqmYLd3L4i_0ySFzq_uzhfLD52dGikO6iF8KnO2lzQ_UJSjRwsJuoS1FjuiXbCuU23-UePw58bvFd", "contract_type": "ERC721"}, "collection": {"collection_id": "65a13036c284b18008bd25b7", "name": "TinFun", "logo": "https://i.seadn.io/s/raw/files/a531bedf317b5ffe5a35d559b5c94cd9.jpg?w=500&auto=format", "slug": "tin-fun"}, "gas_fee": {"value": 0.0038, "raw_value": 3800000000000000, "usd": 9.827, "payment_token": {"address": "0x0000000000000000000000000000000000000000", "symbol": "ETH", "decimals": 18}}, "price": {"value": 0.75, "raw_value": 750000000000000000, "usd": 1945.5790665162474, "payment_token": {"address": "0x0000000000000000000000000000000000000000", "symbol": "ETH", "decimals": 18}}, "marketplace_path": ["blur"], "fees": [{"fee_type": "royalty", "recipient": "0x6650dc11f439f14d4dfbea75233bd9b0099a0647", "bps": 50, "price": {"value": 0.00375, "raw_value": 3750000000000000, "usd": 9.81558, "payment_token": {"address": "0x0000000000a39bb272e79075ade125fd351887ac", "symbol": "BETH", "decimals": 18}}}], "trait_offer_target": null}]