[{"blockchain": "ETH", "sender": {"address": "0xfcf4a28b616fab313ad4e516e21359fb5a1f5a5d", "ens": "ivyboy.eth", "is_whale": false, "blockchain": "ETH", "is_contract": false, "is_blue_chip_holder": false, "is_super_blue_chip_holder": false, "is_multi_sign_wallet": false, "das": null, "alias": "ivyboy.eth"}, "receiver": {"address": "0x8177e9fa379b85e01b2b30140ddc446b9875106a", "ens": null, "is_whale": false, "blockchain": "ETH", "is_contract": true, "is_blue_chip_holder": false, "is_super_blue_chip_holder": false, "is_multi_sign_wallet": false, "das": null, "alias": null}, "event": "transfer", "quantity": 1, "tx_hash": "0x0a6f1eb71d51596e81f1f3c884a049fb2a672498f879d49d5af5a270f5fed17e", "time": 1713202055, "nft": {"contract_address": "0xc274a97f1691ef390f662067e95a6eff1f99b504", "token_id": "3346", "name": "TinFun #3346", "blockchain": "ETH", "image": "https://lh3.googleusercontent.com/VAfuLIbsnKSXWeAjrSiGJejYEszZNRRBnwj0tTct0B_aO2KQQJxOVGI1sVACFBtvrWZRxqO1py_hg7lpBHqR9wXoDArr0XZ1jQ", "contract_type": "ERC721"}, "collection": {"collection_id": "65a13036c284b18008bd25b7", "name": "TinFun", "logo": "https://i.seadn.io/s/raw/files/a531bedf317b5ffe5a35d559b5c94cd9.jpg?w=500&auto=format", "slug": "tin-fun"}, "gas_fee": {"value": 0.0018, "raw_value": 1800000000000000, "usd": 5.5067, "payment_token": {"address": "0x0000000000000000000000000000000000000000", "symbol": "ETH", "decimals": 18}}, "price": null, "marketplace_path": [], "fees": [], "trait_offer_target": null}]