[{"blockchain": "ETH", "sender": {"address": "0x0000000695f45f8ca40af5c3422502c4db8cbd8e", "ens": null, "is_whale": false, "blockchain": "ETH", "is_contract": false, "is_blue_chip_holder": false, "is_super_blue_chip_holder": false, "is_multi_sign_wallet": false, "das": null, "alias": null}, "receiver": {"address": "0x0d2893892f63944184c60b2d32519729bd072319", "ens": null, "is_whale": false, "blockchain": "ETH", "is_contract": false, "is_blue_chip_holder": false, "is_super_blue_chip_holder": false, "is_multi_sign_wallet": false, "das": null, "alias": null}, "event": "sale", "quantity": 1, "tx_hash": "0x6b7cce328496c0e7d88b65481fba9e8fb275edc21a06dce9d901143a6c3ccc20", "time": 1710190331, "nft": {"contract_address": "0xc274a97f1691ef390f662067e95a6eff1f99b504", "token_id": "1496", "name": "TinFun #1496", "blockchain": "ETH", "image": "https://lh3.googleusercontent.com/u9HYW8Y9O-VZ5ZkSnvFxsC6POm6MufgZqympk5iz6b9t3yN346i3cOqRnh3vHzLrwMtyxUUNSG12Zs31pVPMhzaxAnni2IrTp3c", "contract_type": "ERC721"}, "collection": {"collection_id": "65a13036c284b18008bd25b7", "name": "TinFun", "logo": "https://i.seadn.io/s/raw/files/a531bedf317b5ffe5a35d559b5c94cd9.jpg?w=500&auto=format", "slug": "tin-fun"}, "gas_fee": {"value": 0.0216, "raw_value": 21600000000000000, "usd": 87.3117, "payment_token": {"address": "0x0000000000000000000000000000000000000000", "symbol": "ETH", "decimals": 18}}, "price": {"value": 0.21, "raw_value": 210000000000000000, "usd": 846.9601183557866, "payment_token": {"address": "0x0000000000000000000000000000000000000000", "symbol": "ETH", "decimals": 18}}, "marketplace_path": ["blur"], "fees": [{"fee_type": "royalty", "recipient": "0x6650dc11f439f14d4dfbea75233bd9b0099a0647", "bps": 50, "price": {"value": 0.00105, "raw_value": 1050000000000000, "usd": 4.243728, "payment_token": {"address": "0x0000000000a39bb272e79075ade125fd351887ac", "symbol": "BETH", "decimals": 18}}}], "trait_offer_target": null}, {"blockchain": "ETH", "sender": {"address": "0x0a4a562e1d786dba307c1c0cb7cccc3383915118", "ens": null, "is_whale": false, "blockchain": "ETH", "is_contract": false, "is_blue_chip_holder": false, "is_super_blue_chip_holder": false, "is_multi_sign_wallet": false, "das": null, "alias": null}, "receiver": {"address": "0x0000000695f45f8ca40af5c3422502c4db8cbd8e", "ens": null, "is_whale": false, "blockchain": "ETH", "is_contract": false, "is_blue_chip_holder": false, "is_super_blue_chip_holder": false, "is_multi_sign_wallet": false, "das": null, "alias": null}, "event": "sale", "quantity": 1, "tx_hash": "0xf9937cbf22958c97d9d47b9b6ba48459e61466be05c05de1c18717013e2ab197", "time": 1708974731, "nft": {"contract_address": "0xc274a97f1691ef390f662067e95a6eff1f99b504", "token_id": "1496", "name": "TinFun #1496", "blockchain": "ETH", "image": "https://lh3.googleusercontent.com/u9HYW8Y9O-VZ5ZkSnvFxsC6POm6MufgZqympk5iz6b9t3yN346i3cOqRnh3vHzLrwMtyxUUNSG12Zs31pVPMhzaxAnni2IrTp3c", "contract_type": "ERC721"}, "collection": {"collection_id": "65a13036c284b18008bd25b7", "name": "TinFun", "logo": "https://i.seadn.io/s/raw/files/a531bedf317b5ffe5a35d559b5c94cd9.jpg?w=500&auto=format", "slug": "tin-fun"}, "gas_fee": {"value": 0.0119, "raw_value": 11900000000000000, "usd": 37.389, "payment_token": {"address": "0x0000000000000000000000000000000000000000", "symbol": "ETH", "decimals": 18}}, "price": {"value": 0.308, "raw_value": 308000000000000000, "usd": 966.4776262863884, "payment_token": {"address": "0x0000000000000000000000000000000000000000", "symbol": "ETH", "decimals": 18}}, "marketplace_path": ["blur"], "fees": [{"fee_type": "royalty", "recipient": "0x6650dc11f439f14d4dfbea75233bd9b0099a0647", "bps": 50, "price": {"value": 0.00154, "raw_value": 1540000000000000, "usd": 4.857932, "payment_token": {"address": "0x0000000000000000000000000000000000000000", "symbol": "ETH", "decimals": 18}}}], "trait_offer_target": null}, {"blockchain": "ETH", "sender": {"address": "0x3eb879cc9a0ef4c6f1d870a40ae187768c278da2", "ens": "floorprotocol.eth", "is_whale": false, "blockchain": "ETH", "is_contract": true, "is_blue_chip_holder": true, "is_super_blue_chip_holder": true, "is_multi_sign_wallet": false, "das": null, "alias": "floorprotocol.eth"}, "receiver": {"address": "0x0a4a562e1d786dba307c1c0cb7cccc3383915118", "ens": null, "is_whale": false, "blockchain": "ETH", "is_contract": false, "is_blue_chip_holder": false, "is_super_blue_chip_holder": true, "is_multi_sign_wallet": false, "das": null, "alias": null}, "event": "transfer", "quantity": 1, "tx_hash": "0x60e2fed642b592f14cb44c159723d9c54a6839a924c6ee433e384c973b12f489", "time": 1708974227, "nft": {"contract_address": "0xc274a97f1691ef390f662067e95a6eff1f99b504", "token_id": "1496", "name": "TinFun #1496", "blockchain": "ETH", "image": "https://lh3.googleusercontent.com/u9HYW8Y9O-VZ5ZkSnvFxsC6POm6MufgZqympk5iz6b9t3yN346i3cOqRnh3vHzLrwMtyxUUNSG12Zs31pVPMhzaxAnni2IrTp3c", "contract_type": "ERC721"}, "collection": {"collection_id": "65a13036c284b18008bd25b7", "name": "TinFun", "logo": "https://i.seadn.io/s/raw/files/a531bedf317b5ffe5a35d559b5c94cd9.jpg?w=500&auto=format", "slug": "tin-fun"}, "gas_fee": {"value": 0.0183, "raw_value": 18300000000000000, "usd": 57.5798, "payment_token": {"address": "0x0000000000000000000000000000000000000000", "symbol": "ETH", "decimals": 18}}, "price": null, "marketplace_path": ["floor"], "fees": [], "trait_offer_target": null}, {"blockchain": "ETH", "sender": {"address": "0xf12091d8d5712abd17d6fe4a325671c29a56f791", "ens": null, "is_whale": false, "blockchain": "ETH", "is_contract": false, "is_blue_chip_holder": false, "is_super_blue_chip_holder": false, "is_multi_sign_wallet": false, "das": null, "alias": null}, "receiver": {"address": "0x3eb879cc9a0ef4c6f1d870a40ae187768c278da2", "ens": "floorprotocol.eth", "is_whale": false, "blockchain": "ETH", "is_contract": true, "is_blue_chip_holder": true, "is_super_blue_chip_holder": false, "is_multi_sign_wallet": false, "das": null, "alias": "floorprotocol.eth"}, "event": "sale", "quantity": 1, "tx_hash": "0x0245dfa567a6814ef5c6b183a6d4c5d0e00929bf789bf39207a5d23741205f6f", "time": 1708787759, "nft": {"contract_address": "0xc274a97f1691ef390f662067e95a6eff1f99b504", "token_id": "1496", "name": "TinFun #1496", "blockchain": "ETH", "image": "https://lh3.googleusercontent.com/u9HYW8Y9O-VZ5ZkSnvFxsC6POm6MufgZqympk5iz6b9t3yN346i3cOqRnh3vHzLrwMtyxUUNSG12Zs31pVPMhzaxAnni2IrTp3c", "contract_type": "ERC721"}, "collection": {"collection_id": "65a13036c284b18008bd25b7", "name": "TinFun", "logo": "https://i.seadn.io/s/raw/files/a531bedf317b5ffe5a35d559b5c94cd9.jpg?w=500&auto=format", "slug": "tin-fun"}, "gas_fee": {"value": 0.0106, "raw_value": 10600000000000000, "usd": 31.4784, "payment_token": {"address": "0x0000000000000000000000000000000000000000", "symbol": "ETH", "decimals": 18}}, "price": {"value": 0.4062797009561777, "raw_value": 406279700956177713, "usd": 1202.0342348749377, "payment_token": {"address": "0xc02aaa39b223fe8d0a0e5c4f27ead9083c756cc2", "symbol": "WETH", "decimals": 18}}, "marketplace_path": ["floor"], "fees": [], "trait_offer_target": null}, {"blockchain": "ETH", "sender": {"address": "0x5d0d47f2eea897c2c56f79ff18ce0e3eb24bdd71", "ens": "esknft.eth", "is_whale": false, "blockchain": "ETH", "is_contract": false, "is_blue_chip_holder": false, "is_super_blue_chip_holder": false, "is_multi_sign_wallet": false, "das": null, "alias": "esknft.eth"}, "receiver": {"address": "0xf12091d8d5712abd17d6fe4a325671c29a56f791", "ens": null, "is_whale": false, "blockchain": "ETH", "is_contract": false, "is_blue_chip_holder": false, "is_super_blue_chip_holder": false, "is_multi_sign_wallet": false, "das": null, "alias": null}, "event": "sale", "quantity": 1, "tx_hash": "0x41cf58b84cefa64a05632bafbf24bf74de1fb1045c5b6aa95788e63717a90f82", "time": 1708787699, "nft": {"contract_address": "0xc274a97f1691ef390f662067e95a6eff1f99b504", "token_id": "1496", "name": "TinFun #1496", "blockchain": "ETH", "image": "https://lh3.googleusercontent.com/u9HYW8Y9O-VZ5ZkSnvFxsC6POm6MufgZqympk5iz6b9t3yN346i3cOqRnh3vHzLrwMtyxUUNSG12Zs31pVPMhzaxAnni2IrTp3c", "contract_type": "ERC721"}, "collection": {"collection_id": "65a13036c284b18008bd25b7", "name": "TinFun", "logo": "https://i.seadn.io/s/raw/files/a531bedf317b5ffe5a35d559b5c94cd9.jpg?w=500&auto=format", "slug": "tin-fun"}, "gas_fee": {"value": 0.0069, "raw_value": 6900000000000000, "usd": 20.2902, "payment_token": {"address": "0x0000000000000000000000000000000000000000", "symbol": "ETH", "decimals": 18}}, "price": {"value": 0.3939, "raw_value": 393900000000000000, "usd": 1165.8668488495941, "payment_token": {"address": "0x0000000000000000000000000000000000000000", "symbol": "ETH", "decimals": 18}}, "marketplace_path": ["blur-aggregator", "blur"], "fees": [{"fee_type": "royalty", "recipient": "0x6650dc11f439f14d4dfbea75233bd9b0099a0647", "bps": 50, "price": {"value": 0.001969, "raw_value": 1969500000000000, "usd": 5.823677, "payment_token": {"address": "0x0000000000000000000000000000000000000000", "symbol": "ETH", "decimals": 18}}}], "trait_offer_target": null}, {"blockchain": "ETH", "sender": {"address": "0xde9a9425b3ce28f66719ea606b1d1fdda210a94d", "ens": "lilili.eth", "is_whale": false, "blockchain": "ETH", "is_contract": false, "is_blue_chip_holder": false, "is_super_blue_chip_holder": false, "is_multi_sign_wallet": false, "das": null, "alias": "lilili.eth"}, "receiver": {"address": "0x5d0d47f2eea897c2c56f79ff18ce0e3eb24bdd71", "ens": "esknft.eth", "is_whale": false, "blockchain": "ETH", "is_contract": false, "is_blue_chip_holder": false, "is_super_blue_chip_holder": false, "is_multi_sign_wallet": false, "das": null, "alias": "esknft.eth"}, "event": "sale", "quantity": 1, "tx_hash": "0x60da3aa03624ea7f8654b69fbe204ed038e2140f69f21c1dfff6a42635755652", "time": 1708787615, "nft": {"contract_address": "0xc274a97f1691ef390f662067e95a6eff1f99b504", "token_id": "1496", "name": "TinFun #1496", "blockchain": "ETH", "image": "https://lh3.googleusercontent.com/u9HYW8Y9O-VZ5ZkSnvFxsC6POm6MufgZqympk5iz6b9t3yN346i3cOqRnh3vHzLrwMtyxUUNSG12Zs31pVPMhzaxAnni2IrTp3c", "contract_type": "ERC721"}, "collection": {"collection_id": "65a13036c284b18008bd25b7", "name": "TinFun", "logo": "https://i.seadn.io/s/raw/files/a531bedf317b5ffe5a35d559b5c94cd9.jpg?w=500&auto=format", "slug": "tin-fun"}, "gas_fee": {"value": 0.0063, "raw_value": 6300000000000000, "usd": 18.7107, "payment_token": {"address": "0x0000000000000000000000000000000000000000", "symbol": "ETH", "decimals": 18}}, "price": {"value": 0.39, "raw_value": 390000000000000000, "usd": 1154.3236127223704, "payment_token": {"address": "0x0000000000000000000000000000000000000000", "symbol": "ETH", "decimals": 18}}, "marketplace_path": ["blur"], "fees": [{"fee_type": "royalty", "recipient": "0x6650dc11f439f14d4dfbea75233bd9b0099a0647", "bps": 50, "price": {"value": 0.00195, "raw_value": 1950000000000000, "usd": 5.766017, "payment_token": {"address": "0x0000000000a39bb272e79075ade125fd351887ac", "symbol": "BETH", "decimals": 18}}}], "trait_offer_target": null}]