[{"blockchain": "ETH", "sender": {"address": "0x77771573c8e30832dbc51a523cadc8f784b1a050", "ens": "rabbitwtf.eth", "is_whale": false, "blockchain": "ETH", "is_contract": false, "is_blue_chip_holder": false, "is_super_blue_chip_holder": false, "is_multi_sign_wallet": false, "das": null, "alias": "rabbitwtf.eth"}, "receiver": {"address": "0x91dd5905419399912ae7ab3e3c6d64cf68a4d528", "ens": "zzman.eth", "is_whale": false, "blockchain": "ETH", "is_contract": false, "is_blue_chip_holder": false, "is_super_blue_chip_holder": false, "is_multi_sign_wallet": false, "das": null, "alias": "zzman.eth"}, "event": "sale", "quantity": 1, "tx_hash": "0x583e1b024c77b3e50d25c07d7ff0cb6507609ff79316d0f5c9aa45fddbafadf4", "time": 1705476059, "nft": {"contract_address": "0xc274a97f1691ef390f662067e95a6eff1f99b504", "token_id": "4138", "name": "TinFun #4138", "blockchain": "ETH", "image": "https://lh3.googleusercontent.com/85Dr_4GZl9uRj8PeFgUN0_yO6TLPOUIWMXp8vOz_d5O3cKybKn5eALyufwE3C8byCmr2DkjxF-ksGSimAlga5ri_aHO91yeGu7ID", "contract_type": "ERC721"}, "collection": {"collection_id": "65a13036c284b18008bd25b7", "name": "TinFun", "logo": "https://i.seadn.io/s/raw/files/a531bedf317b5ffe5a35d559b5c94cd9.jpg?w=500&auto=format", "slug": "tin-fun"}, "gas_fee": {"value": 0.0087, "raw_value": 8699999999999999, "usd": 22.3675, "payment_token": {"address": "0x0000000000000000000000000000000000000000", "symbol": "ETH", "decimals": 18}}, "price": {"value": 0.75, "raw_value": 750000000000000000, "usd": 1924.8280732225567, "payment_token": {"address": "0xc02aaa39b223fe8d0a0e5c4f27ead9083c756cc2", "symbol": "WETH", "decimals": 18}}, "marketplace_path": ["opensea"], "fees": [{"fee_type": "marketplace", "recipient": "0x0000a26b00c1f0df003000390027140000faa719", "bps": 250, "price": {"value": 0.01875, "raw_value": 18750000000000000, "usd": 48.141856, "payment_token": {"address": "0xc02aaa39b223fe8d0a0e5c4f27ead9083c756cc2", "symbol": "WETH", "decimals": 18}}}], "trait_offer_target": null}, {"blockchain": "ETH", "sender": {"address": "0xf05d1559a2a031f3a7025f784b28984ccab7eeb9", "ens": null, "is_whale": false, "blockchain": "ETH", "is_contract": false, "is_blue_chip_holder": false, "is_super_blue_chip_holder": false, "is_multi_sign_wallet": false, "das": null, "alias": null}, "receiver": {"address": "0x77771573c8e30832dbc51a523cadc8f784b1a050", "ens": "rabbitwtf.eth", "is_whale": false, "blockchain": "ETH", "is_contract": false, "is_blue_chip_holder": false, "is_super_blue_chip_holder": false, "is_multi_sign_wallet": false, "das": null, "alias": "rabbitwtf.eth"}, "event": "transfer", "quantity": 1, "tx_hash": "0x1d480e95e6620e92c0296af78c5b4ff8193f18a1637468c32cfb3d555f0079fa", "time": 1705063271, "nft": {"contract_address": "0xc274a97f1691ef390f662067e95a6eff1f99b504", "token_id": "4138", "name": "TinFun #4138", "blockchain": "ETH", "image": "https://lh3.googleusercontent.com/85Dr_4GZl9uRj8PeFgUN0_yO6TLPOUIWMXp8vOz_d5O3cKybKn5eALyufwE3C8byCmr2DkjxF-ksGSimAlga5ri_aHO91yeGu7ID", "contract_type": "ERC721"}, "collection": {"collection_id": "65a13036c284b18008bd25b7", "name": "TinFun", "logo": "https://i.seadn.io/s/raw/files/a531bedf317b5ffe5a35d559b5c94cd9.jpg?w=500&auto=format", "slug": "tin-fun"}, "gas_fee": {"value": 0.0016, "raw_value": 1600000000000000, "usd": 4.2531, "payment_token": {"address": "0x0000000000000000000000000000000000000000", "symbol": "ETH", "decimals": 18}}, "price": null, "marketplace_path": [], "fees": [], "trait_offer_target": null}]