[{"blockchain": "ETH", "sender": {"address": "0xdc79a042ef675f8aa6629ebbd8629d71f5097294", "ens": null, "is_whale": false, "blockchain": "ETH", "is_contract": false, "is_blue_chip_holder": false, "is_super_blue_chip_holder": false, "is_multi_sign_wallet": false, "das": null, "alias": null}, "receiver": {"address": "0x8177e9fa379b85e01b2b30140ddc446b9875106a", "ens": null, "is_whale": false, "blockchain": "ETH", "is_contract": true, "is_blue_chip_holder": false, "is_super_blue_chip_holder": false, "is_multi_sign_wallet": false, "das": null, "alias": null}, "event": "transfer", "quantity": 1, "tx_hash": "0xe38ad7217f4b239ee345c600d141a9726e65273fd582def5309be727cc28ee50", "time": 1711697375, "nft": {"contract_address": "0xc274a97f1691ef390f662067e95a6eff1f99b504", "token_id": "4289", "name": "TinFun #4289", "blockchain": "ETH", "image": "https://lh3.googleusercontent.com/uL7Abtok8eLny1rgTp48YVnxi6Kj9ohvTVgta0w3r_tqsdGkWJSChzFEmV5ZOkogpz4eS8rKBxhDCnkIe6zmzxjzo-pRuUs3IJ0u", "contract_type": "ERC721"}, "collection": {"collection_id": "65a13036c284b18008bd25b7", "name": "TinFun", "logo": "https://i.seadn.io/s/raw/files/a531bedf317b5ffe5a35d559b5c94cd9.jpg?w=500&auto=format", "slug": "tin-fun"}, "gas_fee": {"value": 0.0032, "raw_value": 3200000000000000, "usd": 11.5007, "payment_token": {"address": "0x0000000000000000000000000000000000000000", "symbol": "ETH", "decimals": 18}}, "price": null, "marketplace_path": [], "fees": [], "trait_offer_target": null}, {"blockchain": "ETH", "sender": {"address": "0x25b80eea4d00e3d58866e55f22052114d67693a6", "ens": null, "is_whale": false, "blockchain": "ETH", "is_contract": false, "is_blue_chip_holder": false, "is_super_blue_chip_holder": false, "is_multi_sign_wallet": false, "das": null, "alias": null}, "receiver": {"address": "0xdc79a042ef675f8aa6629ebbd8629d71f5097294", "ens": null, "is_whale": false, "blockchain": "ETH", "is_contract": false, "is_blue_chip_holder": false, "is_super_blue_chip_holder": false, "is_multi_sign_wallet": false, "das": null, "alias": null}, "event": "sale", "quantity": 1, "tx_hash": "0x41ab6ccaa8eb328547b044616d7a22bc7a13bc7c0351a1eda53aef8047f89672", "time": 1705940627, "nft": {"contract_address": "0xc274a97f1691ef390f662067e95a6eff1f99b504", "token_id": "4289", "name": "TinFun #4289", "blockchain": "ETH", "image": "https://lh3.googleusercontent.com/uL7Abtok8eLny1rgTp48YVnxi6Kj9ohvTVgta0w3r_tqsdGkWJSChzFEmV5ZOkogpz4eS8rKBxhDCnkIe6zmzxjzo-pRuUs3IJ0u", "contract_type": "ERC721"}, "collection": {"collection_id": "65a13036c284b18008bd25b7", "name": "TinFun", "logo": "https://i.seadn.io/s/raw/files/a531bedf317b5ffe5a35d559b5c94cd9.jpg?w=500&auto=format", "slug": "tin-fun"}, "gas_fee": {"value": 0.01, "raw_value": 10000000000000000, "usd": 23.759, "payment_token": {"address": "0x0000000000000000000000000000000000000000", "symbol": "ETH", "decimals": 18}}, "price": {"value": 0.543, "raw_value": 543000000000000000, "usd": 1290.0294827609948, "payment_token": {"address": "0x0000000000000000000000000000000000000000", "symbol": "ETH", "decimals": 18}}, "marketplace_path": ["blur-aggregator", "blur"], "fees": [{"fee_type": "royalty", "recipient": "0x6650dc11f439f14d4dfbea75233bd9b0099a0647", "bps": 50, "price": {"value": 0.002715, "raw_value": 2715000000000000, "usd": 6.478378, "payment_token": {"address": "0x0000000000000000000000000000000000000000", "symbol": "ETH", "decimals": 18}}}], "trait_offer_target": null}, {"blockchain": "ETH", "sender": {"address": "0x10940bbc025a29d13a1f24be3ba74dfd3addf021", "ens": null, "is_whale": false, "blockchain": "ETH", "is_contract": false, "is_blue_chip_holder": true, "is_super_blue_chip_holder": false, "is_multi_sign_wallet": false, "das": null, "alias": null}, "receiver": {"address": "0x25b80eea4d00e3d58866e55f22052114d67693a6", "ens": null, "is_whale": false, "blockchain": "ETH", "is_contract": false, "is_blue_chip_holder": false, "is_super_blue_chip_holder": false, "is_multi_sign_wallet": false, "das": null, "alias": null}, "event": "sale", "quantity": 1, "tx_hash": "0x8f03f5ff6dbac71db76aebd6a253b4aa45dcb174e27fcab36f3610a09cd64c4d", "time": 1705901531, "nft": {"contract_address": "0xc274a97f1691ef390f662067e95a6eff1f99b504", "token_id": "4289", "name": "TinFun #4289", "blockchain": "ETH", "image": "https://lh3.googleusercontent.com/uL7Abtok8eLny1rgTp48YVnxi6Kj9ohvTVgta0w3r_tqsdGkWJSChzFEmV5ZOkogpz4eS8rKBxhDCnkIe6zmzxjzo-pRuUs3IJ0u", "contract_type": "ERC721"}, "collection": {"collection_id": "65a13036c284b18008bd25b7", "name": "TinFun", "logo": "https://i.seadn.io/s/raw/files/a531bedf317b5ffe5a35d559b5c94cd9.jpg?w=500&auto=format", "slug": "tin-fun"}, "gas_fee": {"value": 0.0082, "raw_value": 8200000000000001, "usd": 19.8989, "payment_token": {"address": "0x0000000000000000000000000000000000000000", "symbol": "ETH", "decimals": 18}}, "price": {"value": 0.518, "raw_value": 518000000000000000, "usd": 1250.9740744397552, "payment_token": {"address": "0x0000000000000000000000000000000000000000", "symbol": "ETH", "decimals": 18}}, "marketplace_path": ["blur-aggregator", "blur"], "fees": [{"fee_type": "royalty", "recipient": "0x6650dc11f439f14d4dfbea75233bd9b0099a0647", "bps": 50, "price": {"value": 0.00259, "raw_value": 2590000000000000, "usd": 6.305921, "payment_token": {"address": "0x0000000000000000000000000000000000000000", "symbol": "ETH", "decimals": 18}}}], "trait_offer_target": null}, {"blockchain": "ETH", "sender": {"address": "0x8daefdcb135423a044ee1732dd2edc4d5161134c", "ens": null, "is_whale": false, "blockchain": "ETH", "is_contract": false, "is_blue_chip_holder": false, "is_super_blue_chip_holder": false, "is_multi_sign_wallet": false, "das": null, "alias": null}, "receiver": {"address": "0x10940bbc025a29d13a1f24be3ba74dfd3addf021", "ens": null, "is_whale": false, "blockchain": "ETH", "is_contract": false, "is_blue_chip_holder": true, "is_super_blue_chip_holder": false, "is_multi_sign_wallet": false, "das": null, "alias": null}, "event": "sale", "quantity": 1, "tx_hash": "0xacfbb277ad324d638c5c80105b710f296714e91b5a56c127194b0b8b09b6863b", "time": 1705467635, "nft": {"contract_address": "0xc274a97f1691ef390f662067e95a6eff1f99b504", "token_id": "4289", "name": "TinFun #4289", "blockchain": "ETH", "image": "https://lh3.googleusercontent.com/uL7Abtok8eLny1rgTp48YVnxi6Kj9ohvTVgta0w3r_tqsdGkWJSChzFEmV5ZOkogpz4eS8rKBxhDCnkIe6zmzxjzo-pRuUs3IJ0u", "contract_type": "ERC721"}, "collection": {"collection_id": "65a13036c284b18008bd25b7", "name": "TinFun", "logo": "https://i.seadn.io/s/raw/files/a531bedf317b5ffe5a35d559b5c94cd9.jpg?w=500&auto=format", "slug": "tin-fun"}, "gas_fee": {"value": 0.0083, "raw_value": 8300000000000000, "usd": 21.3566, "payment_token": {"address": "0x0000000000000000000000000000000000000000", "symbol": "ETH", "decimals": 18}}, "price": {"value": 0.75, "raw_value": 750000000000000000, "usd": 1925.6742489388027, "payment_token": {"address": "0x0000000000000000000000000000000000000000", "symbol": "ETH", "decimals": 18}}, "marketplace_path": ["blur"], "fees": [{"fee_type": "royalty", "recipient": "0x6650dc11f439f14d4dfbea75233bd9b0099a0647", "bps": 50, "price": {"value": 0.00375, "raw_value": 3750000000000000, "usd": 9.662813, "payment_token": {"address": "0x0000000000a39bb272e79075ade125fd351887ac", "symbol": "BETH", "decimals": 18}}}], "trait_offer_target": null}, {"blockchain": "ETH", "sender": {"address": "0xfb45e727389495f8dbf4d5bb7db11b96fd6b0567", "ens": null, "is_whale": false, "blockchain": "ETH", "is_contract": false, "is_blue_chip_holder": false, "is_super_blue_chip_holder": false, "is_multi_sign_wallet": false, "das": null, "alias": null}, "receiver": {"address": "0x8daefdcb135423a044ee1732dd2edc4d5161134c", "ens": null, "is_whale": false, "blockchain": "ETH", "is_contract": false, "is_blue_chip_holder": false, "is_super_blue_chip_holder": false, "is_multi_sign_wallet": false, "das": null, "alias": null}, "event": "sale", "quantity": 1, "tx_hash": "0x8595596101dc8fdfe7b0b76e9bfe3f79e7775715c6ef2ecae9b0603f8cda118a", "time": 1705077023, "nft": {"contract_address": "0xc274a97f1691ef390f662067e95a6eff1f99b504", "token_id": "4289", "name": "TinFun #4289", "blockchain": "ETH", "image": "https://lh3.googleusercontent.com/uL7Abtok8eLny1rgTp48YVnxi6Kj9ohvTVgta0w3r_tqsdGkWJSChzFEmV5ZOkogpz4eS8rKBxhDCnkIe6zmzxjzo-pRuUs3IJ0u", "contract_type": "ERC721"}, "collection": {"collection_id": "65a13036c284b18008bd25b7", "name": "TinFun", "logo": "https://i.seadn.io/s/raw/files/a531bedf317b5ffe5a35d559b5c94cd9.jpg?w=500&auto=format", "slug": "tin-fun"}, "gas_fee": {"value": 0.0064, "raw_value": 6400000000000000, "usd": 16.9691, "payment_token": {"address": "0x0000000000000000000000000000000000000000", "symbol": "ETH", "decimals": 18}}, "price": {"value": 0.865, "raw_value": 865000000000000000, "usd": 2289.182858691451, "payment_token": {"address": "0x0000000000000000000000000000000000000000", "symbol": "ETH", "decimals": 18}}, "marketplace_path": ["blur-aggregator", "blur"], "fees": [{"fee_type": "royalty", "recipient": "0x6650dc11f439f14d4dfbea75233bd9b0099a0647", "bps": 50, "price": {"value": 0.004325, "raw_value": 4325000000000000, "usd": 11.563591, "payment_token": {"address": "0x0000000000000000000000000000000000000000", "symbol": "ETH", "decimals": 18}}}], "trait_offer_target": null}]