[{"blockchain": "ETH", "sender": {"address": "0xd406df1cd0ec8f550c0132fd2094c6df348a57db", "ens": "astrobaby.eth", "is_whale": false, "blockchain": "ETH", "is_contract": false, "is_blue_chip_holder": false, "is_super_blue_chip_holder": false, "is_multi_sign_wallet": false, "das": null, "alias": "astrobaby.eth"}, "receiver": {"address": "0x8177e9fa379b85e01b2b30140ddc446b9875106a", "ens": null, "is_whale": false, "blockchain": "ETH", "is_contract": true, "is_blue_chip_holder": false, "is_super_blue_chip_holder": false, "is_multi_sign_wallet": false, "das": null, "alias": null}, "event": "transfer", "quantity": 1, "tx_hash": "0xe5666aa0f8c310c8e578d720d0e929dd048e2e5d08e04f8efc33687d6455d914", "time": 1711715387, "nft": {"contract_address": "0xc274a97f1691ef390f662067e95a6eff1f99b504", "token_id": "2687", "name": "TinFun #2687", "blockchain": "ETH", "image": "https://lh3.googleusercontent.com/uFdzTN1zqEsNK86XaziC6iJR-cCAervOXopUqmADo-AkqJytAJoPmFO7eC2lewzDV-XNSBjVMrtgNJs45OYLlyGg9hRMtYzS3M3M", "contract_type": "ERC721"}, "collection": {"collection_id": "65a13036c284b18008bd25b7", "name": "TinFun", "logo": "https://i.seadn.io/s/raw/files/a531bedf317b5ffe5a35d559b5c94cd9.jpg?w=500&auto=format", "slug": "tin-fun"}, "gas_fee": {"value": 0.0029, "raw_value": 2900000000000000, "usd": 10.148, "payment_token": {"address": "0x0000000000000000000000000000000000000000", "symbol": "ETH", "decimals": 18}}, "price": null, "marketplace_path": [], "fees": [], "trait_offer_target": null}, {"blockchain": "ETH", "sender": {"address": "0x41083d5526874b29b6d22dbd5fd32045dd2ebffc", "ens": null, "is_whale": false, "blockchain": "ETH", "is_contract": false, "is_blue_chip_holder": false, "is_super_blue_chip_holder": false, "is_multi_sign_wallet": false, "das": null, "alias": null}, "receiver": {"address": "0xd406df1cd0ec8f550c0132fd2094c6df348a57db", "ens": "astrobaby.eth", "is_whale": false, "blockchain": "ETH", "is_contract": false, "is_blue_chip_holder": false, "is_super_blue_chip_holder": false, "is_multi_sign_wallet": false, "das": null, "alias": "astrobaby.eth"}, "event": "sale", "quantity": 1, "tx_hash": "0x6dd696c1e8770594cf78bac0470f148e52f7ad5e0af2a849101478af8a281a6a", "time": 1708793555, "nft": {"contract_address": "0xc274a97f1691ef390f662067e95a6eff1f99b504", "token_id": "2687", "name": "TinFun #2687", "blockchain": "ETH", "image": "https://lh3.googleusercontent.com/uFdzTN1zqEsNK86XaziC6iJR-cCAervOXopUqmADo-AkqJytAJoPmFO7eC2lewzDV-XNSBjVMrtgNJs45OYLlyGg9hRMtYzS3M3M", "contract_type": "ERC721"}, "collection": {"collection_id": "65a13036c284b18008bd25b7", "name": "TinFun", "logo": "https://i.seadn.io/s/raw/files/a531bedf317b5ffe5a35d559b5c94cd9.jpg?w=500&auto=format", "slug": "tin-fun"}, "gas_fee": {"value": 0.007, "raw_value": 7000000000000000, "usd": 20.5637, "payment_token": {"address": "0x0000000000000000000000000000000000000000", "symbol": "ETH", "decimals": 18}}, "price": {"value": 0.3968999, "raw_value": 396899900000000000, "usd": 1173.0091740982364, "payment_token": {"address": "0x0000000000000000000000000000000000000000", "symbol": "ETH", "decimals": 18}}, "marketplace_path": ["blur-aggregator", "blur"], "fees": [{"fee_type": "royalty", "recipient": "0x6650dc11f439f14d4dfbea75233bd9b0099a0647", "bps": 50, "price": {"value": 0.001984, "raw_value": 1984499500000000, "usd": 5.885353, "payment_token": {"address": "0x0000000000000000000000000000000000000000", "symbol": "ETH", "decimals": 18}}}], "trait_offer_target": null}, {"blockchain": "ETH", "sender": {"address": "0xab4ce2a08cbea809692218dd7841f681b80069a9", "ens": "yourlocalroadman.eth", "is_whale": false, "blockchain": "ETH", "is_contract": false, "is_blue_chip_holder": true, "is_super_blue_chip_holder": false, "is_multi_sign_wallet": false, "das": null, "alias": "yourlocalroadman.eth"}, "receiver": {"address": "0x41083d5526874b29b6d22dbd5fd32045dd2ebffc", "ens": null, "is_whale": false, "blockchain": "ETH", "is_contract": false, "is_blue_chip_holder": false, "is_super_blue_chip_holder": false, "is_multi_sign_wallet": false, "das": null, "alias": null}, "event": "sale", "quantity": 1, "tx_hash": "0xa63de21b54ed052ac3c4a5e919ba70ec8e046cc5485b56102dee3a46dd0f3515", "time": 1708786751, "nft": {"contract_address": "0xc274a97f1691ef390f662067e95a6eff1f99b504", "token_id": "2687", "name": "TinFun #2687", "blockchain": "ETH", "image": "https://lh3.googleusercontent.com/uFdzTN1zqEsNK86XaziC6iJR-cCAervOXopUqmADo-AkqJytAJoPmFO7eC2lewzDV-XNSBjVMrtgNJs45OYLlyGg9hRMtYzS3M3M", "contract_type": "ERC721"}, "collection": {"collection_id": "65a13036c284b18008bd25b7", "name": "TinFun", "logo": "https://i.seadn.io/s/raw/files/a531bedf317b5ffe5a35d559b5c94cd9.jpg?w=500&auto=format", "slug": "tin-fun"}, "gas_fee": {"value": 0.0143, "raw_value": 14300000000000000, "usd": 42.5547, "payment_token": {"address": "0x0000000000000000000000000000000000000000", "symbol": "ETH", "decimals": 18}}, "price": {"value": 0.42, "raw_value": 420000000000000000, "usd": 1245.577653407148, "payment_token": {"address": "0x0000000000000000000000000000000000000000", "symbol": "ETH", "decimals": 18}}, "marketplace_path": ["blur"], "fees": [{"fee_type": "royalty", "recipient": "0x6650dc11f439f14d4dfbea75233bd9b0099a0647", "bps": 50, "price": {"value": 0.0021, "raw_value": 2100000000000000, "usd": 6.218451, "payment_token": {"address": "0x0000000000a39bb272e79075ade125fd351887ac", "symbol": "BETH", "decimals": 18}}}], "trait_offer_target": null}, {"blockchain": "ETH", "sender": {"address": "0x99b8091560cff188788114aea3cfcfd6868b96bd", "ens": null, "is_whale": false, "blockchain": "ETH", "is_contract": false, "is_blue_chip_holder": false, "is_super_blue_chip_holder": false, "is_multi_sign_wallet": false, "das": null, "alias": null}, "receiver": {"address": "0xab4ce2a08cbea809692218dd7841f681b80069a9", "ens": "yourlocalroadman.eth", "is_whale": false, "blockchain": "ETH", "is_contract": false, "is_blue_chip_holder": true, "is_super_blue_chip_holder": false, "is_multi_sign_wallet": false, "das": null, "alias": "yourlocalroadman.eth"}, "event": "sale", "quantity": 1, "tx_hash": "0x354fa1c97daef3b133e734b6a4a4fbb4444518ed2c10f1f05635045d4154432f", "time": 1708759091, "nft": {"contract_address": "0xc274a97f1691ef390f662067e95a6eff1f99b504", "token_id": "2687", "name": "TinFun #2687", "blockchain": "ETH", "image": "https://lh3.googleusercontent.com/uFdzTN1zqEsNK86XaziC6iJR-cCAervOXopUqmADo-AkqJytAJoPmFO7eC2lewzDV-XNSBjVMrtgNJs45OYLlyGg9hRMtYzS3M3M", "contract_type": "ERC721"}, "collection": {"collection_id": "65a13036c284b18008bd25b7", "name": "TinFun", "logo": "https://i.seadn.io/s/raw/files/a531bedf317b5ffe5a35d559b5c94cd9.jpg?w=500&auto=format", "slug": "tin-fun"}, "gas_fee": {"value": 0.0114, "raw_value": 11400000000000000, "usd": 33.6225, "payment_token": {"address": "0x0000000000000000000000000000000000000000", "symbol": "ETH", "decimals": 18}}, "price": {"value": 0.568, "raw_value": 568000000000000000, "usd": 1674.0767470705719, "payment_token": {"address": "0x0000000000000000000000000000000000000000", "symbol": "ETH", "decimals": 18}}, "marketplace_path": ["blur-aggregator", "opensea"], "fees": [{"fee_type": "marketplace", "recipient": "0x0000a26b00c1f0df003000390027140000faa719", "bps": 250, "price": {"value": 0.0142, "raw_value": 14200000000000000, "usd": 41.842398, "payment_token": {"address": "0x0000000000000000000000000000000000000000", "symbol": "ETH", "decimals": 18}}}], "trait_offer_target": null}]