[{"blockchain": "ETH", "sender": {"address": "0xae6de23e87a10be4dd897b631e3cd4d47f110efc", "ens": null, "is_whale": false, "blockchain": "ETH", "is_contract": false, "is_blue_chip_holder": false, "is_super_blue_chip_holder": false, "is_multi_sign_wallet": false, "das": null, "alias": null}, "receiver": {"address": "0x3eb879cc9a0ef4c6f1d870a40ae187768c278da2", "ens": "floorprotocol.eth", "is_whale": false, "blockchain": "ETH", "is_contract": true, "is_blue_chip_holder": true, "is_super_blue_chip_holder": false, "is_multi_sign_wallet": false, "das": null, "alias": "floorprotocol.eth"}, "event": "transfer", "quantity": 1, "tx_hash": "0x837e1f79f7831fdf225cf31f0ef2a173b471d60ab3c609bb2ec0576340659a89", "time": 1707047723, "nft": {"contract_address": "0xc274a97f1691ef390f662067e95a6eff1f99b504", "token_id": "3736", "name": "TinFun #3736", "blockchain": "ETH", "image": "https://lh3.googleusercontent.com/DmIpb2pQnWRlCY0n2AbujvOZYKiQJd_1Ox9JWIDGu78JR4jhIcDJeD0HTYPUvcoTuuTnGyN58U29kCOfux_GJYeMkBr5EMq75Eo2", "contract_type": "ERC721"}, "collection": {"collection_id": "65a13036c284b18008bd25b7", "name": "TinFun", "logo": "https://i.seadn.io/s/raw/files/a531bedf317b5ffe5a35d559b5c94cd9.jpg?w=500&auto=format", "slug": "tin-fun"}, "gas_fee": {"value": 0.0229, "raw_value": 22900000000000000, "usd": 52.7885, "payment_token": {"address": "0x0000000000000000000000000000000000000000", "symbol": "ETH", "decimals": 18}}, "price": null, "marketplace_path": ["floor"], "fees": [], "trait_offer_target": null}, {"blockchain": "ETH", "sender": {"address": "0x3eb879cc9a0ef4c6f1d870a40ae187768c278da2", "ens": "floorprotocol.eth", "is_whale": false, "blockchain": "ETH", "is_contract": true, "is_blue_chip_holder": true, "is_super_blue_chip_holder": true, "is_multi_sign_wallet": false, "das": null, "alias": "floorprotocol.eth"}, "receiver": {"address": "0xae6de23e87a10be4dd897b631e3cd4d47f110efc", "ens": null, "is_whale": false, "blockchain": "ETH", "is_contract": false, "is_blue_chip_holder": false, "is_super_blue_chip_holder": true, "is_multi_sign_wallet": false, "das": null, "alias": null}, "event": "transfer", "quantity": 1, "tx_hash": "0xab4792bd2799175def89248be98beade778b0ba186ca5ef7aa41cfff94ee2d44", "time": 1707047663, "nft": {"contract_address": "0xc274a97f1691ef390f662067e95a6eff1f99b504", "token_id": "3736", "name": "TinFun #3736", "blockchain": "ETH", "image": "https://lh3.googleusercontent.com/DmIpb2pQnWRlCY0n2AbujvOZYKiQJd_1Ox9JWIDGu78JR4jhIcDJeD0HTYPUvcoTuuTnGyN58U29kCOfux_GJYeMkBr5EMq75Eo2", "contract_type": "ERC721"}, "collection": {"collection_id": "65a13036c284b18008bd25b7", "name": "TinFun", "logo": "https://i.seadn.io/s/raw/files/a531bedf317b5ffe5a35d559b5c94cd9.jpg?w=500&auto=format", "slug": "tin-fun"}, "gas_fee": {"value": 0.01, "raw_value": 10000000000000000, "usd": 23.1032, "payment_token": {"address": "0x0000000000000000000000000000000000000000", "symbol": "ETH", "decimals": 18}}, "price": null, "marketplace_path": ["floor"], "fees": [], "trait_offer_target": null}, {"blockchain": "ETH", "sender": {"address": "0x1277f5266dead289eb6ab3f97a866f5854feb33d", "ens": null, "is_whale": false, "blockchain": "ETH", "is_contract": false, "is_blue_chip_holder": true, "is_super_blue_chip_holder": false, "is_multi_sign_wallet": false, "das": null, "alias": null}, "receiver": {"address": "0x3eb879cc9a0ef4c6f1d870a40ae187768c278da2", "ens": "floorprotocol.eth", "is_whale": false, "blockchain": "ETH", "is_contract": true, "is_blue_chip_holder": true, "is_super_blue_chip_holder": false, "is_multi_sign_wallet": false, "das": null, "alias": "floorprotocol.eth"}, "event": "sale", "quantity": 1, "tx_hash": "0xad1f7f395c1f9c87204f39d4300ff39d101c28a05e9fed36f9b137d9ab15b39e", "time": 1706401799, "nft": {"contract_address": "0xc274a97f1691ef390f662067e95a6eff1f99b504", "token_id": "3736", "name": "TinFun #3736", "blockchain": "ETH", "image": "https://lh3.googleusercontent.com/DmIpb2pQnWRlCY0n2AbujvOZYKiQJd_1Ox9JWIDGu78JR4jhIcDJeD0HTYPUvcoTuuTnGyN58U29kCOfux_GJYeMkBr5EMq75Eo2", "contract_type": "ERC721"}, "collection": {"collection_id": "65a13036c284b18008bd25b7", "name": "TinFun", "logo": "https://i.seadn.io/s/raw/files/a531bedf317b5ffe5a35d559b5c94cd9.jpg?w=500&auto=format", "slug": "tin-fun"}, "gas_fee": {"value": 0.0059, "raw_value": 5900000000000000, "usd": 13.3188, "payment_token": {"address": "0x0000000000000000000000000000000000000000", "symbol": "ETH", "decimals": 18}}, "price": {"value": 0.5723332312930481, "raw_value": 572333231293048103, "usd": 1297.9296359158282, "payment_token": {"address": "0xc02aaa39b223fe8d0a0e5c4f27ead9083c756cc2", "symbol": "WETH", "decimals": 18}}, "marketplace_path": ["floor"], "fees": [], "trait_offer_target": null}, {"blockchain": "ETH", "sender": {"address": "0x73d30ba3dc4ffd17c28cc2d75d12e50df98f29cf", "ens": "nakiri.eth", "is_whale": false, "blockchain": "ETH", "is_contract": false, "is_blue_chip_holder": false, "is_super_blue_chip_holder": false, "is_multi_sign_wallet": false, "das": null, "alias": "nakiri.eth"}, "receiver": {"address": "0x1277f5266dead289eb6ab3f97a866f5854feb33d", "ens": null, "is_whale": false, "blockchain": "ETH", "is_contract": false, "is_blue_chip_holder": true, "is_super_blue_chip_holder": false, "is_multi_sign_wallet": false, "das": null, "alias": null}, "event": "sale", "quantity": 1, "tx_hash": "0x5084cfceba52fb751144fd7bf8abb6d87c3aff1ac613fcd0c5f3f3d60d646a69", "time": 1706401691, "nft": {"contract_address": "0xc274a97f1691ef390f662067e95a6eff1f99b504", "token_id": "3736", "name": "TinFun #3736", "blockchain": "ETH", "image": "https://lh3.googleusercontent.com/DmIpb2pQnWRlCY0n2AbujvOZYKiQJd_1Ox9JWIDGu78JR4jhIcDJeD0HTYPUvcoTuuTnGyN58U29kCOfux_GJYeMkBr5EMq75Eo2", "contract_type": "ERC721"}, "collection": {"collection_id": "65a13036c284b18008bd25b7", "name": "TinFun", "logo": "https://i.seadn.io/s/raw/files/a531bedf317b5ffe5a35d559b5c94cd9.jpg?w=500&auto=format", "slug": "tin-fun"}, "gas_fee": {"value": 0.0049, "raw_value": 4900000000000000, "usd": 11.1315, "payment_token": {"address": "0x0000000000000000000000000000000000000000", "symbol": "ETH", "decimals": 18}}, "price": {"value": 0.57, "raw_value": 570000000000000000, "usd": 1292.8698959195788, "payment_token": {"address": "0x0000000000000000000000000000000000000000", "symbol": "ETH", "decimals": 18}}, "marketplace_path": ["blur"], "fees": [{"fee_type": "royalty", "recipient": "0x6650dc11f439f14d4dfbea75233bd9b0099a0647", "bps": 50, "price": {"value": 0.00285, "raw_value": 2850000000000000, "usd": 6.477174, "payment_token": {"address": "0x0000000000a39bb272e79075ade125fd351887ac", "symbol": "BETH", "decimals": 18}}}], "trait_offer_target": null}, {"blockchain": "ETH", "sender": {"address": "0xb9d3c889bed73e3a2035afebcf17a9f3b0fd9d3b", "ens": null, "is_whale": false, "blockchain": "ETH", "is_contract": false, "is_blue_chip_holder": false, "is_super_blue_chip_holder": false, "is_multi_sign_wallet": false, "das": null, "alias": null}, "receiver": {"address": "0x73d30ba3dc4ffd17c28cc2d75d12e50df98f29cf", "ens": "nakiri.eth", "is_whale": false, "blockchain": "ETH", "is_contract": false, "is_blue_chip_holder": false, "is_super_blue_chip_holder": false, "is_multi_sign_wallet": false, "das": null, "alias": "nakiri.eth"}, "event": "sale", "quantity": 1, "tx_hash": "0x1c92f0a71dd983ed65f10b5a360756db950bee188b56221f596de6b2ad00ae21", "time": 1706366447, "nft": {"contract_address": "0xc274a97f1691ef390f662067e95a6eff1f99b504", "token_id": "3736", "name": "TinFun #3736", "blockchain": "ETH", "image": "https://lh3.googleusercontent.com/DmIpb2pQnWRlCY0n2AbujvOZYKiQJd_1Ox9JWIDGu78JR4jhIcDJeD0HTYPUvcoTuuTnGyN58U29kCOfux_GJYeMkBr5EMq75Eo2", "contract_type": "ERC721"}, "collection": {"collection_id": "65a13036c284b18008bd25b7", "name": "TinFun", "logo": "https://i.seadn.io/s/raw/files/a531bedf317b5ffe5a35d559b5c94cd9.jpg?w=500&auto=format", "slug": "tin-fun"}, "gas_fee": {"value": 0.0073, "raw_value": 7300000000000000, "usd": 16.4703, "payment_token": {"address": "0x0000000000000000000000000000000000000000", "symbol": "ETH", "decimals": 18}}, "price": {"value": 0.59, "raw_value": 590000000000000000, "usd": 1337.8912974338812, "payment_token": {"address": "0x0000000000000000000000000000000000000000", "symbol": "ETH", "decimals": 18}}, "marketplace_path": ["blur"], "fees": [{"fee_type": "royalty", "recipient": "0x6650dc11f439f14d4dfbea75233bd9b0099a0647", "bps": 50, "price": {"value": 0.00295, "raw_value": 2950000000000000, "usd": 6.683085, "payment_token": {"address": "0x0000000000a39bb272e79075ade125fd351887ac", "symbol": "BETH", "decimals": 18}}}], "trait_offer_target": null}, {"blockchain": "ETH", "sender": {"address": "0x7c7c9ce081becb5f44ef9eed3a90d99057d2eb53", "ens": "blockmemory.eth", "is_whale": false, "blockchain": "ETH", "is_contract": false, "is_blue_chip_holder": false, "is_super_blue_chip_holder": false, "is_multi_sign_wallet": false, "das": null, "alias": "blockmemory.eth"}, "receiver": {"address": "0xb9d3c889bed73e3a2035afebcf17a9f3b0fd9d3b", "ens": null, "is_whale": false, "blockchain": "ETH", "is_contract": false, "is_blue_chip_holder": false, "is_super_blue_chip_holder": false, "is_multi_sign_wallet": false, "das": null, "alias": null}, "event": "sale", "quantity": 1, "tx_hash": "0x10d8430a290b3c871df1f8b383915c1743c370be73c3e435087286a8d60c4d02", "time": 1706248835, "nft": {"contract_address": "0xc274a97f1691ef390f662067e95a6eff1f99b504", "token_id": "3736", "name": "TinFun #3736", "blockchain": "ETH", "image": "https://lh3.googleusercontent.com/DmIpb2pQnWRlCY0n2AbujvOZYKiQJd_1Ox9JWIDGu78JR4jhIcDJeD0HTYPUvcoTuuTnGyN58U29kCOfux_GJYeMkBr5EMq75Eo2", "contract_type": "ERC721"}, "collection": {"collection_id": "65a13036c284b18008bd25b7", "name": "TinFun", "logo": "https://i.seadn.io/s/raw/files/a531bedf317b5ffe5a35d559b5c94cd9.jpg?w=500&auto=format", "slug": "tin-fun"}, "gas_fee": {"value": 0.0249, "raw_value": 24900000000000000, "usd": 55.2593, "payment_token": {"address": "0x0000000000000000000000000000000000000000", "symbol": "ETH", "decimals": 18}}, "price": {"value": 0.6, "raw_value": 600000000000000000, "usd": 1332.220147486819, "payment_token": {"address": "0x0000000000000000000000000000000000000000", "symbol": "ETH", "decimals": 18}}, "marketplace_path": ["blur"], "fees": [{"fee_type": "royalty", "recipient": "0x6650dc11f439f14d4dfbea75233bd9b0099a0647", "bps": 50, "price": {"value": 0.003, "raw_value": 3000000000000000, "usd": 6.665727, "payment_token": {"address": "0x0000000000a39bb272e79075ade125fd351887ac", "symbol": "BETH", "decimals": 18}}}], "trait_offer_target": null}, {"blockchain": "ETH", "sender": {"address": "0x3eb879cc9a0ef4c6f1d870a40ae187768c278da2", "ens": "floorprotocol.eth", "is_whale": false, "blockchain": "ETH", "is_contract": true, "is_blue_chip_holder": true, "is_super_blue_chip_holder": true, "is_multi_sign_wallet": false, "das": null, "alias": "floorprotocol.eth"}, "receiver": {"address": "0x7c7c9ce081becb5f44ef9eed3a90d99057d2eb53", "ens": "blockmemory.eth", "is_whale": false, "blockchain": "ETH", "is_contract": false, "is_blue_chip_holder": false, "is_super_blue_chip_holder": true, "is_multi_sign_wallet": false, "das": null, "alias": "blockmemory.eth"}, "event": "transfer", "quantity": 1, "tx_hash": "0xd15ec7618ad8f56c642ad3fc0a82316fd37c13e985ccbc1c807408b2d8c355a3", "time": 1706237195, "nft": {"contract_address": "0xc274a97f1691ef390f662067e95a6eff1f99b504", "token_id": "3736", "name": "TinFun #3736", "blockchain": "ETH", "image": "https://lh3.googleusercontent.com/DmIpb2pQnWRlCY0n2AbujvOZYKiQJd_1Ox9JWIDGu78JR4jhIcDJeD0HTYPUvcoTuuTnGyN58U29kCOfux_GJYeMkBr5EMq75Eo2", "contract_type": "ERC721"}, "collection": {"collection_id": "65a13036c284b18008bd25b7", "name": "TinFun", "logo": "https://i.seadn.io/s/raw/files/a531bedf317b5ffe5a35d559b5c94cd9.jpg?w=500&auto=format", "slug": "tin-fun"}, "gas_fee": {"value": 0.0059, "raw_value": 5900000000000000, "usd": 13.1661, "payment_token": {"address": "0x0000000000000000000000000000000000000000", "symbol": "ETH", "decimals": 18}}, "price": null, "marketplace_path": ["floor"], "fees": [], "trait_offer_target": null}, {"blockchain": "ETH", "sender": {"address": "0x66666f58de1bcd762a5e5c5aff9cc3c906d66666", "ens": null, "is_whale": true, "blockchain": "ETH", "is_contract": false, "is_blue_chip_holder": true, "is_super_blue_chip_holder": true, "is_multi_sign_wallet": false, "das": null, "alias": null}, "receiver": {"address": "0x3eb879cc9a0ef4c6f1d870a40ae187768c278da2", "ens": "floorprotocol.eth", "is_whale": false, "blockchain": "ETH", "is_contract": true, "is_blue_chip_holder": true, "is_super_blue_chip_holder": true, "is_multi_sign_wallet": false, "das": null, "alias": "floorprotocol.eth"}, "event": "transfer", "quantity": 1, "tx_hash": "0xb38a498809940e2b41be0e787624519365a102b35a2c1d3e84c4c162daa58d33", "time": 1705068287, "nft": {"contract_address": "0xc274a97f1691ef390f662067e95a6eff1f99b504", "token_id": "3736", "name": "TinFun #3736", "blockchain": "ETH", "image": "https://lh3.googleusercontent.com/DmIpb2pQnWRlCY0n2AbujvOZYKiQJd_1Ox9JWIDGu78JR4jhIcDJeD0HTYPUvcoTuuTnGyN58U29kCOfux_GJYeMkBr5EMq75Eo2", "contract_type": "ERC721"}, "collection": {"collection_id": "65a13036c284b18008bd25b7", "name": "TinFun", "logo": "https://i.seadn.io/s/raw/files/a531bedf317b5ffe5a35d559b5c94cd9.jpg?w=500&auto=format", "slug": "tin-fun"}, "gas_fee": {"value": 0.0503, "raw_value": 50300000000000000, "usd": 134.5018, "payment_token": {"address": "0x0000000000000000000000000000000000000000", "symbol": "ETH", "decimals": 18}}, "price": null, "marketplace_path": ["floor"], "fees": [], "trait_offer_target": null}, {"blockchain": "ETH", "sender": {"address": "0x2f38afeb3e70ee5005e9dc8363581527c693ad7e", "ens": null, "is_whale": false, "blockchain": "ETH", "is_contract": false, "is_blue_chip_holder": false, "is_super_blue_chip_holder": false, "is_multi_sign_wallet": false, "das": null, "alias": null}, "receiver": {"address": "0x66666f58de1bcd762a5e5c5aff9cc3c906d66666", "ens": null, "is_whale": true, "blockchain": "ETH", "is_contract": false, "is_blue_chip_holder": true, "is_super_blue_chip_holder": false, "is_multi_sign_wallet": false, "das": null, "alias": null}, "event": "sale", "quantity": 1, "tx_hash": "0xa7d88c3c2bb0ebc7eab534efa220ede5a0fc18af6ec5d2868763a7f46a939d36", "time": 1705068167, "nft": {"contract_address": "0xc274a97f1691ef390f662067e95a6eff1f99b504", "token_id": "3736", "name": "TinFun #3736", "blockchain": "ETH", "image": "https://lh3.googleusercontent.com/DmIpb2pQnWRlCY0n2AbujvOZYKiQJd_1Ox9JWIDGu78JR4jhIcDJeD0HTYPUvcoTuuTnGyN58U29kCOfux_GJYeMkBr5EMq75Eo2", "contract_type": "ERC721"}, "collection": {"collection_id": "65a13036c284b18008bd25b7", "name": "TinFun", "logo": "https://i.seadn.io/s/raw/files/a531bedf317b5ffe5a35d559b5c94cd9.jpg?w=500&auto=format", "slug": "tin-fun"}, "gas_fee": {"value": 0.0396, "raw_value": 39600000000000000, "usd": 105.9671, "payment_token": {"address": "0x0000000000000000000000000000000000000000", "symbol": "ETH", "decimals": 18}}, "price": {"value": 0.7498, "raw_value": 749800000000000000, "usd": 2004.7123382088384, "payment_token": {"address": "0x0000000000000000000000000000000000000000", "symbol": "ETH", "decimals": 18}}, "marketplace_path": ["openseapro", "opensea"], "fees": [{"fee_type": "marketplace", "recipient": "0x0000a26b00c1f0df003000390027140000faa719", "bps": 50, "price": {"value": 0.003749, "raw_value": 3749000000000000, "usd": 9.926218, "payment_token": {"address": "0x0000000000000000000000000000000000000000", "symbol": "ETH", "decimals": 18}}}], "trait_offer_target": null}]