[{"blockchain": "ETH", "sender": {"address": "0x2efdb6dd6daa243fdf30cac2391adb8350d5e322", "ens": null, "is_whale": false, "blockchain": "ETH", "is_contract": false, "is_blue_chip_holder": true, "is_super_blue_chip_holder": false, "is_multi_sign_wallet": false, "das": null, "alias": null}, "receiver": {"address": "0x592187439bae90b715f523c25ab17a9c18ddeeaf", "ens": null, "is_whale": false, "blockchain": "ETH", "is_contract": false, "is_blue_chip_holder": false, "is_super_blue_chip_holder": false, "is_multi_sign_wallet": false, "das": null, "alias": null}, "event": "sale", "quantity": 1, "tx_hash": "0xa3816ebb666726e3bee6b1712f9e6fa750826d1b0f6fcea469ef4ec181917ffb", "time": 1705182191, "nft": {"contract_address": "0xc274a97f1691ef390f662067e95a6eff1f99b504", "token_id": "3595", "name": "TinFun #3595", "blockchain": "ETH", "image": "https://lh3.googleusercontent.com/--G6xEECOxzuzEqZSs_gq4naI7gv6JUile4xiJctzMYM-Q92Y4a6mxLhONAQedTJUfoPMXfIEufeUT6ZBT5C7Pek2RA30Af2mZE", "contract_type": "ERC721"}, "collection": {"collection_id": "65a13036c284b18008bd25b7", "name": "TinFun", "logo": "https://i.seadn.io/s/raw/files/a531bedf317b5ffe5a35d559b5c94cd9.jpg?w=500&auto=format", "slug": "tin-fun"}, "gas_fee": {"value": 0.0023, "raw_value": 2300000000000000, "usd": 5.9371, "payment_token": {"address": "0x0000000000000000000000000000000000000000", "symbol": "ETH", "decimals": 18}}, "price": {"value": 0.818, "raw_value": 818000000000000000, "usd": 2100.7315437149073, "payment_token": {"address": "0x0000000000000000000000000000000000000000", "symbol": "ETH", "decimals": 18}}, "marketplace_path": ["opensea"], "fees": [{"fee_type": "marketplace", "recipient": "0x0000a26b00c1f0df003000390027140000faa719", "bps": 50, "price": {"value": 0.00409, "raw_value": 4090000000000000, "usd": 10.471456, "payment_token": {"address": "0x0000000000000000000000000000000000000000", "symbol": "ETH", "decimals": 18}}}], "trait_offer_target": null}, {"blockchain": "ETH", "sender": {"address": "0x941fd2cbaf59355a66ed7fea1917afed3af0d3c1", "ens": null, "is_whale": false, "blockchain": "ETH", "is_contract": false, "is_blue_chip_holder": false, "is_super_blue_chip_holder": false, "is_multi_sign_wallet": false, "das": null, "alias": null}, "receiver": {"address": "0x2efdb6dd6daa243fdf30cac2391adb8350d5e322", "ens": null, "is_whale": false, "blockchain": "ETH", "is_contract": false, "is_blue_chip_holder": true, "is_super_blue_chip_holder": false, "is_multi_sign_wallet": false, "das": null, "alias": null}, "event": "sale", "quantity": 1, "tx_hash": "0xc0e846f53932abd03f55c3a1b50b1b56515e9d1981d954bd55730610a7002e13", "time": 1705178195, "nft": {"contract_address": "0xc274a97f1691ef390f662067e95a6eff1f99b504", "token_id": "3595", "name": "TinFun #3595", "blockchain": "ETH", "image": "https://lh3.googleusercontent.com/--G6xEECOxzuzEqZSs_gq4naI7gv6JUile4xiJctzMYM-Q92Y4a6mxLhONAQedTJUfoPMXfIEufeUT6ZBT5C7Pek2RA30Af2mZE", "contract_type": "ERC721"}, "collection": {"collection_id": "65a13036c284b18008bd25b7", "name": "TinFun", "logo": "https://i.seadn.io/s/raw/files/a531bedf317b5ffe5a35d559b5c94cd9.jpg?w=500&auto=format", "slug": "tin-fun"}, "gas_fee": {"value": 0.0048, "raw_value": 4800000000000000, "usd": 12.3122, "payment_token": {"address": "0x0000000000000000000000000000000000000000", "symbol": "ETH", "decimals": 18}}, "price": {"value": 0.81, "raw_value": 810000000000000000, "usd": 2082.7061393237536, "payment_token": {"address": "0x0000000000000000000000000000000000000000", "symbol": "ETH", "decimals": 18}}, "marketplace_path": ["blur"], "fees": [{"fee_type": "royalty", "recipient": "0x6650dc11f439f14d4dfbea75233bd9b0099a0647", "bps": 500, "price": {"value": 0.0405, "raw_value": 40500000000000000, "usd": 103.498354, "payment_token": {"address": "0x0000000000a39bb272e79075ade125fd351887ac", "symbol": "BETH", "decimals": 18}}}], "trait_offer_target": null}]