[{"blockchain": "ETH", "sender": {"address": "0xe5019ac2f4e0d16745d42f3b75178ec3d2e060ad", "ens": null, "is_whale": false, "blockchain": "ETH", "is_contract": false, "is_blue_chip_holder": false, "is_super_blue_chip_holder": false, "is_multi_sign_wallet": false, "das": null, "alias": null}, "receiver": {"address": "0x8177e9fa379b85e01b2b30140ddc446b9875106a", "ens": null, "is_whale": false, "blockchain": "ETH", "is_contract": true, "is_blue_chip_holder": false, "is_super_blue_chip_holder": false, "is_multi_sign_wallet": false, "das": null, "alias": null}, "event": "transfer", "quantity": 1, "tx_hash": "0xf07af4c268b331b5bffc229de0d8c9c98452cb19481139453f91de9bdbd9019f", "time": 1712411399, "nft": {"contract_address": "0xc274a97f1691ef390f662067e95a6eff1f99b504", "token_id": "9730", "name": "TinFun #9730", "blockchain": "ETH", "image": "https://lh3.googleusercontent.com/D71zb1BOLqw7700PojqBQGLYjLqSZOVJsf2kuGaf_4vyjli49BdXmHuDNM4McSFv4ap3BEv9vyc9p8B8z6BQm3fUl1K-Fq30gjLh", "contract_type": "ERC721"}, "collection": {"collection_id": "65a13036c284b18008bd25b7", "name": "TinFun", "logo": "https://i.seadn.io/s/raw/files/a531bedf317b5ffe5a35d559b5c94cd9.jpg?w=500&auto=format", "slug": "tin-fun"}, "gas_fee": {"value": 0.0013, "raw_value": 1300000000000000, "usd": 4.4984, "payment_token": {"address": "0x0000000000000000000000000000000000000000", "symbol": "ETH", "decimals": 18}}, "price": null, "marketplace_path": [], "fees": [], "trait_offer_target": null}]