[{"blockchain": "ETH", "sender": {"address": "0x05cef1c81c1c3ee851795a2819b2c49e9243a28d", "ens": "\u4f60\u6211\u5c71\u524d\u6ca1\u76f8\u89c1\u5c71\u540e\u522b\u76f8\u9022.eth", "is_whale": false, "blockchain": "ETH", "is_contract": false, "is_blue_chip_holder": false, "is_super_blue_chip_holder": false, "is_multi_sign_wallet": false, "das": null, "alias": "\u4f60\u6211\u5c71\u524d\u6ca1\u76f8\u89c1\u5c71\u540e\u522b\u76f8\u9022.eth"}, "receiver": {"address": "0x8177e9fa379b85e01b2b30140ddc446b9875106a", "ens": null, "is_whale": false, "blockchain": "ETH", "is_contract": true, "is_blue_chip_holder": false, "is_super_blue_chip_holder": false, "is_multi_sign_wallet": false, "das": null, "alias": null}, "event": "transfer", "quantity": 1, "tx_hash": "0x42e1241049be80bec5f71fcf1c56e6ea54bb6fd66a325a33cfa6e6fe839c3569", "time": 1711955723, "nft": {"contract_address": "0xc274a97f1691ef390f662067e95a6eff1f99b504", "token_id": "7256", "name": "TinFun #7256", "blockchain": "ETH", "image": "https://lh3.googleusercontent.com/mAzlHo1wJK1UVsmsGa4lV1ayhTGWBxANMYMml8ef3a66TLCJfgbIobSQcwNpUDNcWtJEfhBBQgiZ-Su55AVAUan5qLvzh4AFFn8", "contract_type": "ERC721"}, "collection": {"collection_id": "65a13036c284b18008bd25b7", "name": "TinFun", "logo": "https://i.seadn.io/s/raw/files/a531bedf317b5ffe5a35d559b5c94cd9.jpg?w=500&auto=format", "slug": "tin-fun"}, "gas_fee": {"value": 0.0057, "raw_value": 5700000000000000, "usd": 20.3386, "payment_token": {"address": "0x0000000000000000000000000000000000000000", "symbol": "ETH", "decimals": 18}}, "price": null, "marketplace_path": [], "fees": [], "trait_offer_target": null}, {"blockchain": "ETH", "sender": {"address": "0xa65683124685877729d0fa4d1b8bcea4669b3113", "ens": null, "is_whale": false, "blockchain": "ETH", "is_contract": false, "is_blue_chip_holder": false, "is_super_blue_chip_holder": false, "is_multi_sign_wallet": false, "das": null, "alias": null}, "receiver": {"address": "0x05cef1c81c1c3ee851795a2819b2c49e9243a28d", "ens": "\u4f60\u6211\u5c71\u524d\u6ca1\u76f8\u89c1\u5c71\u540e\u522b\u76f8\u9022.eth", "is_whale": false, "blockchain": "ETH", "is_contract": false, "is_blue_chip_holder": false, "is_super_blue_chip_holder": false, "is_multi_sign_wallet": false, "das": null, "alias": "\u4f60\u6211\u5c71\u524d\u6ca1\u76f8\u89c1\u5c71\u540e\u522b\u76f8\u9022.eth"}, "event": "sale", "quantity": 1, "tx_hash": "0xb26a3541b8c89e42d287a021ac27104897b1f19c0d1938cb6eea8983538eaf6f", "time": 1705887479, "nft": {"contract_address": "0xc274a97f1691ef390f662067e95a6eff1f99b504", "token_id": "7256", "name": "TinFun #7256", "blockchain": "ETH", "image": "https://lh3.googleusercontent.com/mAzlHo1wJK1UVsmsGa4lV1ayhTGWBxANMYMml8ef3a66TLCJfgbIobSQcwNpUDNcWtJEfhBBQgiZ-Su55AVAUan5qLvzh4AFFn8", "contract_type": "ERC721"}, "collection": {"collection_id": "65a13036c284b18008bd25b7", "name": "TinFun", "logo": "https://i.seadn.io/s/raw/files/a531bedf317b5ffe5a35d559b5c94cd9.jpg?w=500&auto=format", "slug": "tin-fun"}, "gas_fee": {"value": 0.0019, "raw_value": 1900000000000000, "usd": 4.6871, "payment_token": {"address": "0x0000000000000000000000000000000000000000", "symbol": "ETH", "decimals": 18}}, "price": {"value": 0.57, "raw_value": 570000000000000000, "usd": 1402.0910662319254, "payment_token": {"address": "0x0000000000000000000000000000000000000000", "symbol": "ETH", "decimals": 18}}, "marketplace_path": ["blur"], "fees": [{"fee_type": "royalty", "recipient": "0x6650dc11f439f14d4dfbea75233bd9b0099a0647", "bps": 50, "price": {"value": 0.00285, "raw_value": 2850000000000000, "usd": 7.013197, "payment_token": {"address": "0x0000000000a39bb272e79075ade125fd351887ac", "symbol": "BETH", "decimals": 18}}}], "trait_offer_target": null}, {"blockchain": "ETH", "sender": {"address": "0x360d780bc97bc5be6dda22f00b2337dd907e14bb", "ens": "abcdefu.eth", "is_whale": false, "blockchain": "ETH", "is_contract": false, "is_blue_chip_holder": false, "is_super_blue_chip_holder": false, "is_multi_sign_wallet": false, "das": null, "alias": "abcdefu.eth"}, "receiver": {"address": "0xa65683124685877729d0fa4d1b8bcea4669b3113", "ens": null, "is_whale": false, "blockchain": "ETH", "is_contract": false, "is_blue_chip_holder": false, "is_super_blue_chip_holder": false, "is_multi_sign_wallet": false, "das": null, "alias": null}, "event": "sale", "quantity": 1, "tx_hash": "0xe30fdbe7453520798e84396df295f22a640d4b83be942238fffe71ec493ac199", "time": 1705863419, "nft": {"contract_address": "0xc274a97f1691ef390f662067e95a6eff1f99b504", "token_id": "7256", "name": "TinFun #7256", "blockchain": "ETH", "image": "https://lh3.googleusercontent.com/mAzlHo1wJK1UVsmsGa4lV1ayhTGWBxANMYMml8ef3a66TLCJfgbIobSQcwNpUDNcWtJEfhBBQgiZ-Su55AVAUan5qLvzh4AFFn8", "contract_type": "ERC721"}, "collection": {"collection_id": "65a13036c284b18008bd25b7", "name": "TinFun", "logo": "https://i.seadn.io/s/raw/files/a531bedf317b5ffe5a35d559b5c94cd9.jpg?w=500&auto=format", "slug": "tin-fun"}, "gas_fee": {"value": 0.0033, "raw_value": 3300000000000000, "usd": 8.1221, "payment_token": {"address": "0x0000000000000000000000000000000000000000", "symbol": "ETH", "decimals": 18}}, "price": {"value": 0.62, "raw_value": 620000000000000000, "usd": 1533.3580601291053, "payment_token": {"address": "0x0000000000000000000000000000000000000000", "symbol": "ETH", "decimals": 18}}, "marketplace_path": ["blur"], "fees": [{"fee_type": "royalty", "recipient": "0x6650dc11f439f14d4dfbea75233bd9b0099a0647", "bps": 500, "price": {"value": 0.031, "raw_value": 31000000000000000, "usd": 76.468926, "payment_token": {"address": "0x0000000000a39bb272e79075ade125fd351887ac", "symbol": "BETH", "decimals": 18}}}], "trait_offer_target": null}]