[{"blockchain": "ETH", "sender": {"address": "0xb7f826eb532d95ceeb7cea0415994a2e8b86304c", "ens": "0xsweeney.eth", "is_whale": false, "blockchain": "ETH", "is_contract": false, "is_blue_chip_holder": false, "is_super_blue_chip_holder": false, "is_multi_sign_wallet": false, "das": null, "alias": "0xsweeney.eth"}, "receiver": {"address": "0x8177e9fa379b85e01b2b30140ddc446b9875106a", "ens": null, "is_whale": false, "blockchain": "ETH", "is_contract": true, "is_blue_chip_holder": false, "is_super_blue_chip_holder": false, "is_multi_sign_wallet": false, "das": null, "alias": null}, "event": "transfer", "quantity": 1, "tx_hash": "0xd72c0b24f361709d01d0c600e7b41a6bc6f1c379e482cf84f0acf78b7c8b5053", "time": 1712960207, "nft": {"contract_address": "0xc274a97f1691ef390f662067e95a6eff1f99b504", "token_id": "7915", "name": "TinFun #7915", "blockchain": "ETH", "image": "https://lh3.googleusercontent.com/5nRf2va-_CNcuo6wsHsYgz1PfDLhTozaDWTmi0Z4A6JCHcSdr1kWE_0BaKZRFXj7hhUiwI2VxLosr8zUrtwA2a-Cfx93q8HSog", "contract_type": "ERC721"}, "collection": {"collection_id": "65a13036c284b18008bd25b7", "name": "TinFun", "logo": "https://i.seadn.io/s/raw/files/a531bedf317b5ffe5a35d559b5c94cd9.jpg?w=500&auto=format", "slug": "tin-fun"}, "gas_fee": {"value": 0.0018, "raw_value": 1800000000000000, "usd": 5.8018, "payment_token": {"address": "0x0000000000000000000000000000000000000000", "symbol": "ETH", "decimals": 18}}, "price": null, "marketplace_path": [], "fees": [], "trait_offer_target": null}, {"blockchain": "ETH", "sender": {"address": "0x7fd9d8136925545368ba04253a7140961f0ae573", "ens": null, "is_whale": false, "blockchain": "ETH", "is_contract": false, "is_blue_chip_holder": false, "is_super_blue_chip_holder": false, "is_multi_sign_wallet": false, "das": null, "alias": null}, "receiver": {"address": "0xb7f826eb532d95ceeb7cea0415994a2e8b86304c", "ens": "0xsweeney.eth", "is_whale": false, "blockchain": "ETH", "is_contract": false, "is_blue_chip_holder": false, "is_super_blue_chip_holder": false, "is_multi_sign_wallet": false, "das": null, "alias": "0xsweeney.eth"}, "event": "sale", "quantity": 1, "tx_hash": "0x3459afe34e5e3ec89179c2d97ea10ca2c6992ee7c39e8df5a14c021582a11d84", "time": 1712927339, "nft": {"contract_address": "0xc274a97f1691ef390f662067e95a6eff1f99b504", "token_id": "7915", "name": "TinFun #7915", "blockchain": "ETH", "image": "https://lh3.googleusercontent.com/5nRf2va-_CNcuo6wsHsYgz1PfDLhTozaDWTmi0Z4A6JCHcSdr1kWE_0BaKZRFXj7hhUiwI2VxLosr8zUrtwA2a-Cfx93q8HSog", "contract_type": "ERC721"}, "collection": {"collection_id": "65a13036c284b18008bd25b7", "name": "TinFun", "logo": "https://i.seadn.io/s/raw/files/a531bedf317b5ffe5a35d559b5c94cd9.jpg?w=500&auto=format", "slug": "tin-fun"}, "gas_fee": {"value": 0.0044, "raw_value": 4400000000000000, "usd": 15.2977, "payment_token": {"address": "0x0000000000000000000000000000000000000000", "symbol": "ETH", "decimals": 18}}, "price": {"value": 0.186, "raw_value": 186000000000000000, "usd": 650.3838019352634, "payment_token": {"address": "0x0000000000000000000000000000000000000000", "symbol": "ETH", "decimals": 18}}, "marketplace_path": ["opensea"], "fees": [], "trait_offer_target": null}, {"blockchain": "ETH", "sender": {"address": "0x27fd5a01677ad7b2c279c33993310f6c718cd724", "ens": null, "is_whale": false, "blockchain": "ETH", "is_contract": false, "is_blue_chip_holder": false, "is_super_blue_chip_holder": false, "is_multi_sign_wallet": false, "das": null, "alias": null}, "receiver": {"address": "0x7fd9d8136925545368ba04253a7140961f0ae573", "ens": null, "is_whale": false, "blockchain": "ETH", "is_contract": false, "is_blue_chip_holder": false, "is_super_blue_chip_holder": false, "is_multi_sign_wallet": false, "das": null, "alias": null}, "event": "sale", "quantity": 1, "tx_hash": "0x1b08932da5094f2c5433eee702aabd90c758d9a8dc9bd95dc980bf4c0c4f6099", "time": 1708737503, "nft": {"contract_address": "0xc274a97f1691ef390f662067e95a6eff1f99b504", "token_id": "7915", "name": "TinFun #7915", "blockchain": "ETH", "image": "https://lh3.googleusercontent.com/5nRf2va-_CNcuo6wsHsYgz1PfDLhTozaDWTmi0Z4A6JCHcSdr1kWE_0BaKZRFXj7hhUiwI2VxLosr8zUrtwA2a-Cfx93q8HSog", "contract_type": "ERC721"}, "collection": {"collection_id": "65a13036c284b18008bd25b7", "name": "TinFun", "logo": "https://i.seadn.io/s/raw/files/a531bedf317b5ffe5a35d559b5c94cd9.jpg?w=500&auto=format", "slug": "tin-fun"}, "gas_fee": {"value": 0.0042, "raw_value": 4199999999999999, "usd": 12.4661, "payment_token": {"address": "0x0000000000000000000000000000000000000000", "symbol": "ETH", "decimals": 18}}, "price": {"value": 0.566, "raw_value": 566000000000000000, "usd": 1660.2183784612116, "payment_token": {"address": "0x0000000000000000000000000000000000000000", "symbol": "ETH", "decimals": 18}}, "marketplace_path": ["opensea"], "fees": [{"fee_type": "marketplace", "recipient": "0x0000a26b00c1f0df003000390027140000faa719", "bps": 250, "price": {"value": 0.01415, "raw_value": 14150000000000000, "usd": 41.356215, "payment_token": {"address": "0x0000000000000000000000000000000000000000", "symbol": "ETH", "decimals": 18}}}], "trait_offer_target": null}]