[{"blockchain": "ETH", "sender": {"address": "0x18547d52bea2435e9c89f2df5f4c0de12a09f909", "ens": "theageofbronze.eth", "is_whale": false, "blockchain": "ETH", "is_contract": false, "is_blue_chip_holder": false, "is_super_blue_chip_holder": false, "is_multi_sign_wallet": false, "das": null, "alias": "theageofbronze.eth"}, "receiver": {"address": "0x8177e9fa379b85e01b2b30140ddc446b9875106a", "ens": null, "is_whale": false, "blockchain": "ETH", "is_contract": true, "is_blue_chip_holder": false, "is_super_blue_chip_holder": false, "is_multi_sign_wallet": false, "das": null, "alias": null}, "event": "transfer", "quantity": 1, "tx_hash": "0x1b0baed859f9e23df6b25fa4e35b765843e184c9e098c63f63e8ce7ae3317832", "time": 1711719287, "nft": {"contract_address": "0xc274a97f1691ef390f662067e95a6eff1f99b504", "token_id": "9663", "name": "TinFun #9663", "blockchain": "ETH", "image": "https://lh3.googleusercontent.com/jLVlnar9ZVTicb5YcVuV5WnuBbl3YLP3u-iRbv0ZUqwkRnGQg5UIAUYeV_rKRK_KofNnOMBGXuhHT2NA1KQ0E2xPY9vI70Kqig", "contract_type": "ERC721"}, "collection": {"collection_id": "65a13036c284b18008bd25b7", "name": "TinFun", "logo": "https://i.seadn.io/s/raw/files/a531bedf317b5ffe5a35d559b5c94cd9.jpg?w=500&auto=format", "slug": "tin-fun"}, "gas_fee": {"value": 0.0059, "raw_value": 5900000000000000, "usd": 20.9198, "payment_token": {"address": "0x0000000000000000000000000000000000000000", "symbol": "ETH", "decimals": 18}}, "price": null, "marketplace_path": [], "fees": [], "trait_offer_target": null}, {"blockchain": "ETH", "sender": {"address": "0x1af331dc34dd7c5c62af28b5685328318b61888a", "ens": "lasercat397.eth", "is_whale": false, "blockchain": "ETH", "is_contract": false, "is_blue_chip_holder": true, "is_super_blue_chip_holder": false, "is_multi_sign_wallet": false, "das": null, "alias": "Lasercat"}, "receiver": {"address": "0x18547d52bea2435e9c89f2df5f4c0de12a09f909", "ens": "theageofbronze.eth", "is_whale": false, "blockchain": "ETH", "is_contract": false, "is_blue_chip_holder": false, "is_super_blue_chip_holder": false, "is_multi_sign_wallet": false, "das": null, "alias": "theageofbronze.eth"}, "event": "transfer", "quantity": 1, "tx_hash": "0x908556403564af25937a9719dad5077754c7486658d11d8d5bef3d34413b0220", "time": 1709542763, "nft": {"contract_address": "0xc274a97f1691ef390f662067e95a6eff1f99b504", "token_id": "9663", "name": "TinFun #9663", "blockchain": "ETH", "image": "https://lh3.googleusercontent.com/jLVlnar9ZVTicb5YcVuV5WnuBbl3YLP3u-iRbv0ZUqwkRnGQg5UIAUYeV_rKRK_KofNnOMBGXuhHT2NA1KQ0E2xPY9vI70Kqig", "contract_type": "ERC721"}, "collection": {"collection_id": "65a13036c284b18008bd25b7", "name": "TinFun", "logo": "https://i.seadn.io/s/raw/files/a531bedf317b5ffe5a35d559b5c94cd9.jpg?w=500&auto=format", "slug": "tin-fun"}, "gas_fee": {"value": 0.0124, "raw_value": 12400000000000000, "usd": 43.1989, "payment_token": {"address": "0x0000000000000000000000000000000000000000", "symbol": "ETH", "decimals": 18}}, "price": null, "marketplace_path": [], "fees": [], "trait_offer_target": null}, {"blockchain": "ETH", "sender": {"address": "0x18547d52bea2435e9c89f2df5f4c0de12a09f909", "ens": "theageofbronze.eth", "is_whale": false, "blockchain": "ETH", "is_contract": false, "is_blue_chip_holder": false, "is_super_blue_chip_holder": false, "is_multi_sign_wallet": false, "das": null, "alias": "theageofbronze.eth"}, "receiver": {"address": "0x1af331dc34dd7c5c62af28b5685328318b61888a", "ens": "lasercat397.eth", "is_whale": false, "blockchain": "ETH", "is_contract": false, "is_blue_chip_holder": true, "is_super_blue_chip_holder": false, "is_multi_sign_wallet": false, "das": null, "alias": "Lasercat"}, "event": "transfer", "quantity": 1, "tx_hash": "0x7ee389b1ee566178d9e1da447fd0356fe5e6f4c6a3d4b4ae5c5699468d5b9c2c", "time": 1709538575, "nft": {"contract_address": "0xc274a97f1691ef390f662067e95a6eff1f99b504", "token_id": "9663", "name": "TinFun #9663", "blockchain": "ETH", "image": "https://lh3.googleusercontent.com/jLVlnar9ZVTicb5YcVuV5WnuBbl3YLP3u-iRbv0ZUqwkRnGQg5UIAUYeV_rKRK_KofNnOMBGXuhHT2NA1KQ0E2xPY9vI70Kqig", "contract_type": "ERC721"}, "collection": {"collection_id": "65a13036c284b18008bd25b7", "name": "TinFun", "logo": "https://i.seadn.io/s/raw/files/a531bedf317b5ffe5a35d559b5c94cd9.jpg?w=500&auto=format", "slug": "tin-fun"}, "gas_fee": {"value": 0.012, "raw_value": 12000000000000000, "usd": 41.7161, "payment_token": {"address": "0x0000000000000000000000000000000000000000", "symbol": "ETH", "decimals": 18}}, "price": null, "marketplace_path": [], "fees": [], "trait_offer_target": null}, {"blockchain": "ETH", "sender": {"address": "0x85a7951a4d6cbe216da59f169774510f0f172e86", "ens": null, "is_whale": false, "blockchain": "ETH", "is_contract": false, "is_blue_chip_holder": false, "is_super_blue_chip_holder": false, "is_multi_sign_wallet": false, "das": null, "alias": null}, "receiver": {"address": "0x18547d52bea2435e9c89f2df5f4c0de12a09f909", "ens": "theageofbronze.eth", "is_whale": false, "blockchain": "ETH", "is_contract": false, "is_blue_chip_holder": false, "is_super_blue_chip_holder": false, "is_multi_sign_wallet": false, "das": null, "alias": "theageofbronze.eth"}, "event": "sale", "quantity": 1, "tx_hash": "0x314b96f41b7adf6a5812ea571b8e8cb15b71ebd22f1d3c16cd450849e0e2197f", "time": 1709538023, "nft": {"contract_address": "0xc274a97f1691ef390f662067e95a6eff1f99b504", "token_id": "9663", "name": "TinFun #9663", "blockchain": "ETH", "image": "https://lh3.googleusercontent.com/jLVlnar9ZVTicb5YcVuV5WnuBbl3YLP3u-iRbv0ZUqwkRnGQg5UIAUYeV_rKRK_KofNnOMBGXuhHT2NA1KQ0E2xPY9vI70Kqig", "contract_type": "ERC721"}, "collection": {"collection_id": "65a13036c284b18008bd25b7", "name": "TinFun", "logo": "https://i.seadn.io/s/raw/files/a531bedf317b5ffe5a35d559b5c94cd9.jpg?w=500&auto=format", "slug": "tin-fun"}, "gas_fee": {"value": 0.0345, "raw_value": 34500000000000004, "usd": 119.9027, "payment_token": {"address": "0x0000000000000000000000000000000000000000", "symbol": "ETH", "decimals": 18}}, "price": {"value": 0.2049, "raw_value": 204900000000000000, "usd": 711.8757303606874, "payment_token": {"address": "0x0000000000000000000000000000000000000000", "symbol": "ETH", "decimals": 18}}, "marketplace_path": ["blur-aggregator", "blur"], "fees": [{"fee_type": "royalty", "recipient": "0x6650dc11f439f14d4dfbea75233bd9b0099a0647", "bps": 50, "price": {"value": 0.001025, "raw_value": 1024500000000000, "usd": 3.57071, "payment_token": {"address": "0x0000000000000000000000000000000000000000", "symbol": "ETH", "decimals": 18}}}], "trait_offer_target": null}, {"blockchain": "ETH", "sender": {"address": "0x334c036e3125dcb6d93e9b998f6d9d7a1be4b17f", "ens": "inverted.eth", "is_whale": false, "blockchain": "ETH", "is_contract": false, "is_blue_chip_holder": false, "is_super_blue_chip_holder": false, "is_multi_sign_wallet": false, "das": null, "alias": "inverted.eth"}, "receiver": {"address": "0x85a7951a4d6cbe216da59f169774510f0f172e86", "ens": null, "is_whale": false, "blockchain": "ETH", "is_contract": false, "is_blue_chip_holder": false, "is_super_blue_chip_holder": false, "is_multi_sign_wallet": false, "das": null, "alias": null}, "event": "sale", "quantity": 1, "tx_hash": "0xea0a4958e0ae8f3aa824d777640a8a55cb5750d7ab319b46992d0619672b716a", "time": 1709516675, "nft": {"contract_address": "0xc274a97f1691ef390f662067e95a6eff1f99b504", "token_id": "9663", "name": "TinFun #9663", "blockchain": "ETH", "image": "https://lh3.googleusercontent.com/jLVlnar9ZVTicb5YcVuV5WnuBbl3YLP3u-iRbv0ZUqwkRnGQg5UIAUYeV_rKRK_KofNnOMBGXuhHT2NA1KQ0E2xPY9vI70Kqig", "contract_type": "ERC721"}, "collection": {"collection_id": "65a13036c284b18008bd25b7", "name": "TinFun", "logo": "https://i.seadn.io/s/raw/files/a531bedf317b5ffe5a35d559b5c94cd9.jpg?w=500&auto=format", "slug": "tin-fun"}, "gas_fee": {"value": 0.1368, "raw_value": 136800000000000000, "usd": 476.9746, "payment_token": {"address": "0x0000000000000000000000000000000000000000", "symbol": "ETH", "decimals": 18}}, "price": {"value": 0.21, "raw_value": 210000000000000000, "usd": 732.121792861074, "payment_token": {"address": "0x0000000000000000000000000000000000000000", "symbol": "ETH", "decimals": 18}}, "marketplace_path": ["blur"], "fees": [{"fee_type": "royalty", "recipient": "0x6650dc11f439f14d4dfbea75233bd9b0099a0647", "bps": 50, "price": {"value": 0.00105, "raw_value": 1050000000000000, "usd": 3.647518, "payment_token": {"address": "0x0000000000a39bb272e79075ade125fd351887ac", "symbol": "BETH", "decimals": 18}}}], "trait_offer_target": null}, {"blockchain": "ETH", "sender": {"address": "0x25b80eea4d00e3d58866e55f22052114d67693a6", "ens": null, "is_whale": false, "blockchain": "ETH", "is_contract": false, "is_blue_chip_holder": false, "is_super_blue_chip_holder": false, "is_multi_sign_wallet": false, "das": null, "alias": null}, "receiver": {"address": "0x334c036e3125dcb6d93e9b998f6d9d7a1be4b17f", "ens": "inverted.eth", "is_whale": false, "blockchain": "ETH", "is_contract": false, "is_blue_chip_holder": false, "is_super_blue_chip_holder": false, "is_multi_sign_wallet": false, "das": null, "alias": "inverted.eth"}, "event": "sale", "quantity": 1, "tx_hash": "0xe00b43a15340d015cdda4fc40f77933e260f08c7fc4e3d29532039ce0dee66f5", "time": 1709118755, "nft": {"contract_address": "0xc274a97f1691ef390f662067e95a6eff1f99b504", "token_id": "9663", "name": "TinFun #9663", "blockchain": "ETH", "image": "https://lh3.googleusercontent.com/jLVlnar9ZVTicb5YcVuV5WnuBbl3YLP3u-iRbv0ZUqwkRnGQg5UIAUYeV_rKRK_KofNnOMBGXuhHT2NA1KQ0E2xPY9vI70Kqig", "contract_type": "ERC721"}, "collection": {"collection_id": "65a13036c284b18008bd25b7", "name": "TinFun", "logo": "https://i.seadn.io/s/raw/files/a531bedf317b5ffe5a35d559b5c94cd9.jpg?w=500&auto=format", "slug": "tin-fun"}, "gas_fee": {"value": 0.0442, "raw_value": 44200000000000000, "usd": 147.8938, "payment_token": {"address": "0x0000000000000000000000000000000000000000", "symbol": "ETH", "decimals": 18}}, "price": {"value": 0.28, "raw_value": 280000000000000000, "usd": 936.9596549301757, "payment_token": {"address": "0x0000000000000000000000000000000000000000", "symbol": "ETH", "decimals": 18}}, "marketplace_path": ["blur"], "fees": [{"fee_type": "royalty", "recipient": "0x6650dc11f439f14d4dfbea75233bd9b0099a0647", "bps": 50, "price": {"value": 0.0014, "raw_value": 1400000000000000, "usd": 4.665351, "payment_token": {"address": "0x0000000000a39bb272e79075ade125fd351887ac", "symbol": "BETH", "decimals": 18}}}], "trait_offer_target": null}, {"blockchain": "ETH", "sender": {"address": "0x8b0733665f10bca65a6723bfd9f95570eafb9176", "ens": null, "is_whale": false, "blockchain": "ETH", "is_contract": false, "is_blue_chip_holder": false, "is_super_blue_chip_holder": false, "is_multi_sign_wallet": false, "das": null, "alias": null}, "receiver": {"address": "0x25b80eea4d00e3d58866e55f22052114d67693a6", "ens": null, "is_whale": false, "blockchain": "ETH", "is_contract": false, "is_blue_chip_holder": false, "is_super_blue_chip_holder": false, "is_multi_sign_wallet": false, "das": null, "alias": null}, "event": "sale", "quantity": 1, "tx_hash": "0xa6c5f69178676609ad5c46ee1531d62364b1a537dad667c6ddb920f199cf2408", "time": 1708790891, "nft": {"contract_address": "0xc274a97f1691ef390f662067e95a6eff1f99b504", "token_id": "9663", "name": "TinFun #9663", "blockchain": "ETH", "image": "https://lh3.googleusercontent.com/jLVlnar9ZVTicb5YcVuV5WnuBbl3YLP3u-iRbv0ZUqwkRnGQg5UIAUYeV_rKRK_KofNnOMBGXuhHT2NA1KQ0E2xPY9vI70Kqig", "contract_type": "ERC721"}, "collection": {"collection_id": "65a13036c284b18008bd25b7", "name": "TinFun", "logo": "https://i.seadn.io/s/raw/files/a531bedf317b5ffe5a35d559b5c94cd9.jpg?w=500&auto=format", "slug": "tin-fun"}, "gas_fee": {"value": 0.0071, "raw_value": 7100000000000000, "usd": 20.953, "payment_token": {"address": "0x0000000000000000000000000000000000000000", "symbol": "ETH", "decimals": 18}}, "price": {"value": 0.38, "raw_value": 380000000000000000, "usd": 1123.062732334601, "payment_token": {"address": "0x0000000000000000000000000000000000000000", "symbol": "ETH", "decimals": 18}}, "marketplace_path": ["blur"], "fees": [{"fee_type": "royalty", "recipient": "0x6650dc11f439f14d4dfbea75233bd9b0099a0647", "bps": 50, "price": {"value": 0.0019, "raw_value": 1900000000000000, "usd": 5.634756, "payment_token": {"address": "0x0000000000a39bb272e79075ade125fd351887ac", "symbol": "BETH", "decimals": 18}}}], "trait_offer_target": null}, {"blockchain": "ETH", "sender": {"address": "0xf6890043babd0a2e50eaaff7378803b94823ae74", "ens": null, "is_whale": false, "blockchain": "ETH", "is_contract": false, "is_blue_chip_holder": false, "is_super_blue_chip_holder": false, "is_multi_sign_wallet": false, "das": null, "alias": null}, "receiver": {"address": "0x8b0733665f10bca65a6723bfd9f95570eafb9176", "ens": null, "is_whale": false, "blockchain": "ETH", "is_contract": false, "is_blue_chip_holder": false, "is_super_blue_chip_holder": false, "is_multi_sign_wallet": false, "das": null, "alias": null}, "event": "sale", "quantity": 1, "tx_hash": "0x59d995b334d1e84ca9c352babbf99d7b0d9e74a85e9a60a1f3817446d8fea0e1", "time": 1707365939, "nft": {"contract_address": "0xc274a97f1691ef390f662067e95a6eff1f99b504", "token_id": "9663", "name": "TinFun #9663", "blockchain": "ETH", "image": "https://lh3.googleusercontent.com/jLVlnar9ZVTicb5YcVuV5WnuBbl3YLP3u-iRbv0ZUqwkRnGQg5UIAUYeV_rKRK_KofNnOMBGXuhHT2NA1KQ0E2xPY9vI70Kqig", "contract_type": "ERC721"}, "collection": {"collection_id": "65a13036c284b18008bd25b7", "name": "TinFun", "logo": "https://i.seadn.io/s/raw/files/a531bedf317b5ffe5a35d559b5c94cd9.jpg?w=500&auto=format", "slug": "tin-fun"}, "gas_fee": {"value": 0.0075, "raw_value": 7500000000000000, "usd": 18.1624, "payment_token": {"address": "0x0000000000000000000000000000000000000000", "symbol": "ETH", "decimals": 18}}, "price": {"value": 0.561, "raw_value": 561000000000000000, "usd": 1365.170533948743, "payment_token": {"address": "0xc02aaa39b223fe8d0a0e5c4f27ead9083c756cc2", "symbol": "WETH", "decimals": 18}}, "marketplace_path": ["opensea"], "fees": [{"fee_type": "royalty", "recipient": "0x6650dc11f439f14d4dfbea75233bd9b0099a0647", "bps": 500, "price": {"value": 0.02805, "raw_value": 28050000000000000, "usd": 68.484538, "payment_token": {"address": "0xc02aaa39b223fe8d0a0e5c4f27ead9083c756cc2", "symbol": "WETH", "decimals": 18}}}], "trait_offer_target": null}, {"blockchain": "ETH", "sender": {"address": "0x14b27e03a394cadec25b2b20573e1ce88f482e91", "ens": null, "is_whale": false, "blockchain": "ETH", "is_contract": false, "is_blue_chip_holder": true, "is_super_blue_chip_holder": false, "is_multi_sign_wallet": false, "das": null, "alias": null}, "receiver": {"address": "0xf6890043babd0a2e50eaaff7378803b94823ae74", "ens": null, "is_whale": false, "blockchain": "ETH", "is_contract": false, "is_blue_chip_holder": false, "is_super_blue_chip_holder": false, "is_multi_sign_wallet": false, "das": null, "alias": null}, "event": "sale", "quantity": 1, "tx_hash": "0x31df831518eadf857667572ee90ac4222214426e7d6a628fbd08e81cb6453327", "time": 1706753399, "nft": {"contract_address": "0xc274a97f1691ef390f662067e95a6eff1f99b504", "token_id": "9663", "name": "TinFun #9663", "blockchain": "ETH", "image": "https://lh3.googleusercontent.com/jLVlnar9ZVTicb5YcVuV5WnuBbl3YLP3u-iRbv0ZUqwkRnGQg5UIAUYeV_rKRK_KofNnOMBGXuhHT2NA1KQ0E2xPY9vI70Kqig", "contract_type": "ERC721"}, "collection": {"collection_id": "65a13036c284b18008bd25b7", "name": "TinFun", "logo": "https://i.seadn.io/s/raw/files/a531bedf317b5ffe5a35d559b5c94cd9.jpg?w=500&auto=format", "slug": "tin-fun"}, "gas_fee": {"value": 0.0074, "raw_value": 7400000000000000, "usd": 16.5602, "payment_token": {"address": "0x0000000000000000000000000000000000000000", "symbol": "ETH", "decimals": 18}}, "price": {"value": 0.553, "raw_value": 553000000000000000, "usd": 1240.7625692353895, "payment_token": {"address": "0x0000000000000000000000000000000000000000", "symbol": "ETH", "decimals": 18}}, "marketplace_path": ["blur"], "fees": [{"fee_type": "royalty", "recipient": "0x6650dc11f439f14d4dfbea75233bd9b0099a0647", "bps": 50, "price": {"value": 0.002765, "raw_value": 2765000000000000, "usd": 6.310215, "payment_token": {"address": "0x0000000000000000000000000000000000000000", "symbol": "ETH", "decimals": 18}}}], "trait_offer_target": null}, {"blockchain": "ETH", "sender": {"address": "0xbf0fa95135241104d36b8f34c2929f96160e7648", "ens": null, "is_whale": false, "blockchain": "ETH", "is_contract": false, "is_blue_chip_holder": false, "is_super_blue_chip_holder": false, "is_multi_sign_wallet": false, "das": null, "alias": null}, "receiver": {"address": "0x14b27e03a394cadec25b2b20573e1ce88f482e91", "ens": null, "is_whale": false, "blockchain": "ETH", "is_contract": false, "is_blue_chip_holder": true, "is_super_blue_chip_holder": false, "is_multi_sign_wallet": false, "das": null, "alias": null}, "event": "transfer", "quantity": 1, "tx_hash": "0x4d95d31fab4e1c3a57ea7aab4e83cb5f3beadbc8f69b761682027db84bbeb40b", "time": 1706056919, "nft": {"contract_address": "0xc274a97f1691ef390f662067e95a6eff1f99b504", "token_id": "9663", "name": "TinFun #9663", "blockchain": "ETH", "image": "https://lh3.googleusercontent.com/jLVlnar9ZVTicb5YcVuV5WnuBbl3YLP3u-iRbv0ZUqwkRnGQg5UIAUYeV_rKRK_KofNnOMBGXuhHT2NA1KQ0E2xPY9vI70Kqig", "contract_type": "ERC721"}, "collection": {"collection_id": "65a13036c284b18008bd25b7", "name": "TinFun", "logo": "https://i.seadn.io/s/raw/files/a531bedf317b5ffe5a35d559b5c94cd9.jpg?w=500&auto=format", "slug": "tin-fun"}, "gas_fee": {"value": 0.0006, "raw_value": 600000000000000, "usd": 1.3619, "payment_token": {"address": "0x0000000000000000000000000000000000000000", "symbol": "ETH", "decimals": 18}}, "price": null, "marketplace_path": [], "fees": [], "trait_offer_target": null}, {"blockchain": "ETH", "sender": {"address": "0x14b27e03a394cadec25b2b20573e1ce88f482e91", "ens": null, "is_whale": false, "blockchain": "ETH", "is_contract": false, "is_blue_chip_holder": true, "is_super_blue_chip_holder": false, "is_multi_sign_wallet": false, "das": null, "alias": null}, "receiver": {"address": "0xbf0fa95135241104d36b8f34c2929f96160e7648", "ens": null, "is_whale": false, "blockchain": "ETH", "is_contract": false, "is_blue_chip_holder": false, "is_super_blue_chip_holder": false, "is_multi_sign_wallet": false, "das": null, "alias": null}, "event": "transfer", "quantity": 1, "tx_hash": "0x5c9ad1f9d1ea4736391f5f2847a821d5820550375615cae90ba2b3fa49d798af", "time": 1705348151, "nft": {"contract_address": "0xc274a97f1691ef390f662067e95a6eff1f99b504", "token_id": "9663", "name": "TinFun #9663", "blockchain": "ETH", "image": "https://lh3.googleusercontent.com/jLVlnar9ZVTicb5YcVuV5WnuBbl3YLP3u-iRbv0ZUqwkRnGQg5UIAUYeV_rKRK_KofNnOMBGXuhHT2NA1KQ0E2xPY9vI70Kqig", "contract_type": "ERC721"}, "collection": {"collection_id": "65a13036c284b18008bd25b7", "name": "TinFun", "logo": "https://i.seadn.io/s/raw/files/a531bedf317b5ffe5a35d559b5c94cd9.jpg?w=500&auto=format", "slug": "tin-fun"}, "gas_fee": {"value": 0.0015, "raw_value": 1500000000000000, "usd": 3.9256, "payment_token": {"address": "0x0000000000000000000000000000000000000000", "symbol": "ETH", "decimals": 18}}, "price": null, "marketplace_path": [], "fees": [], "trait_offer_target": null}, {"blockchain": "ETH", "sender": {"address": "0x991299ca8d3069599a52aa5e5107a5dfc728dfce", "ens": null, "is_whale": false, "blockchain": "ETH", "is_contract": false, "is_blue_chip_holder": false, "is_super_blue_chip_holder": false, "is_multi_sign_wallet": false, "das": null, "alias": null}, "receiver": {"address": "0x14b27e03a394cadec25b2b20573e1ce88f482e91", "ens": null, "is_whale": false, "blockchain": "ETH", "is_contract": false, "is_blue_chip_holder": true, "is_super_blue_chip_holder": false, "is_multi_sign_wallet": false, "das": null, "alias": null}, "event": "transfer", "quantity": 1, "tx_hash": "0x813e35003e7644bdc494fafa194d7103cca49bf3d46538a408d548246dd00559", "time": 1705077227, "nft": {"contract_address": "0xc274a97f1691ef390f662067e95a6eff1f99b504", "token_id": "9663", "name": "TinFun #9663", "blockchain": "ETH", "image": "https://lh3.googleusercontent.com/jLVlnar9ZVTicb5YcVuV5WnuBbl3YLP3u-iRbv0ZUqwkRnGQg5UIAUYeV_rKRK_KofNnOMBGXuhHT2NA1KQ0E2xPY9vI70Kqig", "contract_type": "ERC721"}, "collection": {"collection_id": "65a13036c284b18008bd25b7", "name": "TinFun", "logo": "https://i.seadn.io/s/raw/files/a531bedf317b5ffe5a35d559b5c94cd9.jpg?w=500&auto=format", "slug": "tin-fun"}, "gas_fee": {"value": 0.0022, "raw_value": 2200000000000000, "usd": 5.7004, "payment_token": {"address": "0x0000000000000000000000000000000000000000", "symbol": "ETH", "decimals": 18}}, "price": null, "marketplace_path": [], "fees": [], "trait_offer_target": null}]