[{"blockchain": "ETH", "sender": {"address": "0x3eb879cc9a0ef4c6f1d870a40ae187768c278da2", "ens": "floorprotocol.eth", "is_whale": false, "blockchain": "ETH", "is_contract": true, "is_blue_chip_holder": true, "is_super_blue_chip_holder": true, "is_multi_sign_wallet": false, "das": null, "alias": "floorprotocol.eth"}, "receiver": {"address": "0x37078e0ee1b0e31024a7a7298cde95028018113a", "ens": null, "is_whale": false, "blockchain": "ETH", "is_contract": false, "is_blue_chip_holder": true, "is_super_blue_chip_holder": true, "is_multi_sign_wallet": false, "das": null, "alias": null}, "event": "transfer", "quantity": 1, "tx_hash": "0x3cc239f0893349b6f53cad6512e15182883932a42c1b3f5b074e408c7fdb02fd", "time": 1705286651, "nft": {"contract_address": "0xc274a97f1691ef390f662067e95a6eff1f99b504", "token_id": "2279", "name": "TinFun #2279", "blockchain": "ETH", "image": "https://lh3.googleusercontent.com/lo2Ga-QA94tZ1yTK5z9IFPTi804aQ3-eB_sXyJNdqWvTAp_l7K27P5IWJunZDFcVay829URHveXQc1coQKnl-9LbrYXYtRaQ-Jg", "contract_type": "ERC721"}, "collection": {"collection_id": "65a13036c284b18008bd25b7", "name": "TinFun", "logo": "https://i.seadn.io/s/raw/files/a531bedf317b5ffe5a35d559b5c94cd9.jpg?w=500&auto=format", "slug": "tin-fun"}, "gas_fee": {"value": 0.0039, "raw_value": 3900000000000000, "usd": 9.6983, "payment_token": {"address": "0x0000000000000000000000000000000000000000", "symbol": "ETH", "decimals": 18}}, "price": null, "marketplace_path": ["floor"], "fees": [], "trait_offer_target": null}, {"blockchain": "ETH", "sender": {"address": "0x66666f58de1bcd762a5e5c5aff9cc3c906d66666", "ens": null, "is_whale": true, "blockchain": "ETH", "is_contract": false, "is_blue_chip_holder": true, "is_super_blue_chip_holder": true, "is_multi_sign_wallet": false, "das": null, "alias": null}, "receiver": {"address": "0x3eb879cc9a0ef4c6f1d870a40ae187768c278da2", "ens": "floorprotocol.eth", "is_whale": false, "blockchain": "ETH", "is_contract": true, "is_blue_chip_holder": true, "is_super_blue_chip_holder": true, "is_multi_sign_wallet": false, "das": null, "alias": "floorprotocol.eth"}, "event": "transfer", "quantity": 1, "tx_hash": "0x9b08c69d05a22857714dd30e05d8638ba9d60f1485a041e338b5cd8fe3a43a75", "time": 1705072499, "nft": {"contract_address": "0xc274a97f1691ef390f662067e95a6eff1f99b504", "token_id": "2279", "name": "TinFun #2279", "blockchain": "ETH", "image": "https://lh3.googleusercontent.com/lo2Ga-QA94tZ1yTK5z9IFPTi804aQ3-eB_sXyJNdqWvTAp_l7K27P5IWJunZDFcVay829URHveXQc1coQKnl-9LbrYXYtRaQ-Jg", "contract_type": "ERC721"}, "collection": {"collection_id": "65a13036c284b18008bd25b7", "name": "TinFun", "logo": "https://i.seadn.io/s/raw/files/a531bedf317b5ffe5a35d559b5c94cd9.jpg?w=500&auto=format", "slug": "tin-fun"}, "gas_fee": {"value": 0.0299, "raw_value": 29900000000000000, "usd": 81.0173, "payment_token": {"address": "0x0000000000000000000000000000000000000000", "symbol": "ETH", "decimals": 18}}, "price": null, "marketplace_path": ["floor"], "fees": [], "trait_offer_target": null}, {"blockchain": "ETH", "sender": {"address": "0xfb934067c8b9cae42f3b296fe977409b4f8e1435", "ens": "mals.eth", "is_whale": false, "blockchain": "ETH", "is_contract": false, "is_blue_chip_holder": false, "is_super_blue_chip_holder": false, "is_multi_sign_wallet": false, "das": null, "alias": "mals.eth"}, "receiver": {"address": "0x66666f58de1bcd762a5e5c5aff9cc3c906d66666", "ens": null, "is_whale": true, "blockchain": "ETH", "is_contract": false, "is_blue_chip_holder": true, "is_super_blue_chip_holder": false, "is_multi_sign_wallet": false, "das": null, "alias": null}, "event": "sale", "quantity": 1, "tx_hash": "0x530517489efc9c27e9cb8d7acc9899542c217dd00a2f138094fe70d14c4696ff", "time": 1705071719, "nft": {"contract_address": "0xc274a97f1691ef390f662067e95a6eff1f99b504", "token_id": "2279", "name": "TinFun #2279", "blockchain": "ETH", "image": "https://lh3.googleusercontent.com/lo2Ga-QA94tZ1yTK5z9IFPTi804aQ3-eB_sXyJNdqWvTAp_l7K27P5IWJunZDFcVay829URHveXQc1coQKnl-9LbrYXYtRaQ-Jg", "contract_type": "ERC721"}, "collection": {"collection_id": "65a13036c284b18008bd25b7", "name": "TinFun", "logo": "https://i.seadn.io/s/raw/files/a531bedf317b5ffe5a35d559b5c94cd9.jpg?w=500&auto=format", "slug": "tin-fun"}, "gas_fee": {"value": 0.0154, "raw_value": 15400000000000000, "usd": 41.7096, "payment_token": {"address": "0x0000000000000000000000000000000000000000", "symbol": "ETH", "decimals": 18}}, "price": {"value": 0.85, "raw_value": 850000000000000000, "usd": 2300.727209538513, "payment_token": {"address": "0x0000000000000000000000000000000000000000", "symbol": "ETH", "decimals": 18}}, "marketplace_path": ["blur-aggregator", "blur"], "fees": [{"fee_type": "royalty", "recipient": "0x6650dc11f439f14d4dfbea75233bd9b0099a0647", "bps": 50, "price": {"value": 0.00425, "raw_value": 4250000000000000, "usd": 11.264236, "payment_token": {"address": "0x0000000000000000000000000000000000000000", "symbol": "ETH", "decimals": 18}}}], "trait_offer_target": null}, {"blockchain": "ETH", "sender": {"address": "0xc25a32bc2fc296ce54cb2cacac180585b0505f78", "ens": "wnagbigsky.eth", "is_whale": false, "blockchain": "ETH", "is_contract": false, "is_blue_chip_holder": false, "is_super_blue_chip_holder": false, "is_multi_sign_wallet": false, "das": null, "alias": "wnagbigsky.eth"}, "receiver": {"address": "0xfb934067c8b9cae42f3b296fe977409b4f8e1435", "ens": "mals.eth", "is_whale": false, "blockchain": "ETH", "is_contract": false, "is_blue_chip_holder": false, "is_super_blue_chip_holder": false, "is_multi_sign_wallet": false, "das": null, "alias": "mals.eth"}, "event": "sale", "quantity": 1, "tx_hash": "0x6a47cccec935938d67c6690941b40634da49f82f4e93df44da2200c411a3ee82", "time": 1705070855, "nft": {"contract_address": "0xc274a97f1691ef390f662067e95a6eff1f99b504", "token_id": "2279", "name": "TinFun #2279", "blockchain": "ETH", "image": "https://lh3.googleusercontent.com/lo2Ga-QA94tZ1yTK5z9IFPTi804aQ3-eB_sXyJNdqWvTAp_l7K27P5IWJunZDFcVay829URHveXQc1coQKnl-9LbrYXYtRaQ-Jg", "contract_type": "ERC721"}, "collection": {"collection_id": "65a13036c284b18008bd25b7", "name": "TinFun", "logo": "https://i.seadn.io/s/raw/files/a531bedf317b5ffe5a35d559b5c94cd9.jpg?w=500&auto=format", "slug": "tin-fun"}, "gas_fee": {"value": 0.0191, "raw_value": 19100000000000000, "usd": 50.9496, "payment_token": {"address": "0x0000000000000000000000000000000000000000", "symbol": "ETH", "decimals": 18}}, "price": {"value": 0.85, "raw_value": 850000000000000000, "usd": 2272.6133468625135, "payment_token": {"address": "0x0000000000000000000000000000000000000000", "symbol": "ETH", "decimals": 18}}, "marketplace_path": ["blur-aggregator", "opensea"], "fees": [{"fee_type": "marketplace", "recipient": "0x0000a26b00c1f0df003000390027140000faa719", "bps": 250, "price": {"value": 0.02125, "raw_value": 21250000000000000, "usd": 56.263572, "payment_token": {"address": "0x0000000000000000000000000000000000000000", "symbol": "ETH", "decimals": 18}}}, {"fee_type": "royalty", "recipient": "0x6650dc11f439f14d4dfbea75233bd9b0099a0647", "bps": 1, "price": {"value": 8.5e-05, "raw_value": 85000000000000, "usd": 0.225054, "payment_token": {"address": "0x0000000000000000000000000000000000000000", "symbol": "ETH", "decimals": 18}}}], "trait_offer_target": null}]