[{"blockchain": "ETH", "sender": {"address": "0x26191c965d044705a800638b581739d72833acad", "ens": "\u90a3\u5e74\u6211\u53cc\u624b\u63d2\u515c\u4e0d\u77e5\u9053\u4ec0\u4e48\u53eb\u505a\u5bf9\u624b.eth", "is_whale": false, "blockchain": "ETH", "is_contract": false, "is_blue_chip_holder": false, "is_super_blue_chip_holder": false, "is_multi_sign_wallet": false, "das": null, "alias": "\u90a3\u5e74\u6211\u53cc\u624b\u63d2\u515c\u4e0d\u77e5\u9053\u4ec0\u4e48\u53eb\u505a\u5bf9\u624b.eth"}, "receiver": {"address": "0x18b75bd2aedaa7a48ef31a3f8921feb384c73e23", "ens": null, "is_whale": false, "blockchain": "ETH", "is_contract": false, "is_blue_chip_holder": false, "is_super_blue_chip_holder": false, "is_multi_sign_wallet": false, "das": null, "alias": null}, "event": "transfer", "quantity": 1, "tx_hash": "0x5800f5f27b1de7dd8c4add10c4e1884ca3c4ea2fd531a542afc1d5a11a0c2da9", "time": 1705068167, "nft": {"contract_address": "0xc274a97f1691ef390f662067e95a6eff1f99b504", "token_id": "4155", "name": "TinFun #4155", "blockchain": "ETH", "image": "https://lh3.googleusercontent.com/Fss8sJv08LeXF7sta82qUdB8tqk307_DuaIWSgChkyvHQi8ZqJXWirRGb50IOILTPW21sclhVoSCsjE4Fu6_lWEPZXAou541Lg", "contract_type": "ERC721"}, "collection": {"collection_id": "65a13036c284b18008bd25b7", "name": "TinFun", "logo": "https://i.seadn.io/s/raw/files/a531bedf317b5ffe5a35d559b5c94cd9.jpg?w=500&auto=format", "slug": "tin-fun"}, "gas_fee": {"value": 0.0101, "raw_value": 10100000000000000, "usd": 27.0431, "payment_token": {"address": "0x0000000000000000000000000000000000000000", "symbol": "ETH", "decimals": 18}}, "price": null, "marketplace_path": [], "fees": [], "trait_offer_target": null}]