[{"blockchain": "ETH", "sender": {"address": "0x68dccf30c067de71a4b67945420af647ffe0ffad", "ens": "maesai.eth", "is_whale": false, "blockchain": "ETH", "is_contract": false, "is_blue_chip_holder": false, "is_super_blue_chip_holder": false, "is_multi_sign_wallet": false, "das": null, "alias": "maesai.eth"}, "receiver": {"address": "0x8177e9fa379b85e01b2b30140ddc446b9875106a", "ens": null, "is_whale": false, "blockchain": "ETH", "is_contract": true, "is_blue_chip_holder": false, "is_super_blue_chip_holder": false, "is_multi_sign_wallet": false, "das": null, "alias": null}, "event": "transfer", "quantity": 1, "tx_hash": "0xf5029131f119dae2f69c318d7cd06c5acad2b1b32764c445a4546fbd4c5d9b96", "time": 1711870403, "nft": {"contract_address": "0xc274a97f1691ef390f662067e95a6eff1f99b504", "token_id": "189", "name": "TinFun #189", "blockchain": "ETH", "image": "https://lh3.googleusercontent.com/SYEIrSUTLD3z53CFhJCt6O1wOYGoV9qyIQICB-RuxII00zGvPoInoB8jj_A-fCRAO3DWhBax9Jjbhfox0nMZ6xOztdbSCNmWlrE", "contract_type": "ERC721"}, "collection": {"collection_id": "65a13036c284b18008bd25b7", "name": "TinFun", "logo": "https://i.seadn.io/s/raw/files/a531bedf317b5ffe5a35d559b5c94cd9.jpg?w=500&auto=format", "slug": "tin-fun"}, "gas_fee": {"value": 0.0014, "raw_value": 1400000000000000, "usd": 4.9875, "payment_token": {"address": "0x0000000000000000000000000000000000000000", "symbol": "ETH", "decimals": 18}}, "price": null, "marketplace_path": [], "fees": [], "trait_offer_target": null}, {"blockchain": "ETH", "sender": {"address": "0x86ad68878d45239f0fd223a91fedba39bf243095", "ens": "jshun.eth", "is_whale": false, "blockchain": "ETH", "is_contract": false, "is_blue_chip_holder": false, "is_super_blue_chip_holder": false, "is_multi_sign_wallet": false, "das": null, "alias": "jshun.eth"}, "receiver": {"address": "0x68dccf30c067de71a4b67945420af647ffe0ffad", "ens": "maesai.eth", "is_whale": false, "blockchain": "ETH", "is_contract": false, "is_blue_chip_holder": false, "is_super_blue_chip_holder": false, "is_multi_sign_wallet": false, "das": null, "alias": "maesai.eth"}, "event": "transfer", "quantity": 1, "tx_hash": "0x8ada5de9fb45802dbffa7b41e9a11d49613b75dd2f9680b4736262154a62357a", "time": 1709737163, "nft": {"contract_address": "0xc274a97f1691ef390f662067e95a6eff1f99b504", "token_id": "189", "name": "TinFun #189", "blockchain": "ETH", "image": "https://lh3.googleusercontent.com/SYEIrSUTLD3z53CFhJCt6O1wOYGoV9qyIQICB-RuxII00zGvPoInoB8jj_A-fCRAO3DWhBax9Jjbhfox0nMZ6xOztdbSCNmWlrE", "contract_type": "ERC721"}, "collection": {"collection_id": "65a13036c284b18008bd25b7", "name": "TinFun", "logo": "https://i.seadn.io/s/raw/files/a531bedf317b5ffe5a35d559b5c94cd9.jpg?w=500&auto=format", "slug": "tin-fun"}, "gas_fee": {"value": 0.0095, "raw_value": 9500000000000000, "usd": 36.3298, "payment_token": {"address": "0x0000000000000000000000000000000000000000", "symbol": "ETH", "decimals": 18}}, "price": null, "marketplace_path": [], "fees": [], "trait_offer_target": null}]