[{"blockchain": "ETH", "sender": {"address": "0x7846e738f5509a23de53820fea3031ebe4def351", "ens": "nervape.eth", "is_whale": false, "blockchain": "ETH", "is_contract": false, "is_blue_chip_holder": false, "is_super_blue_chip_holder": false, "is_multi_sign_wallet": false, "das": "crius.bit", "alias": "nervape.eth"}, "receiver": {"address": "0x8177e9fa379b85e01b2b30140ddc446b9875106a", "ens": null, "is_whale": false, "blockchain": "ETH", "is_contract": true, "is_blue_chip_holder": false, "is_super_blue_chip_holder": false, "is_multi_sign_wallet": false, "das": null, "alias": null}, "event": "transfer", "quantity": 1, "tx_hash": "0x3016f902d852bb2573f757824e13b3fe63be3a8d9582ecbc38b10610cdfcc744", "time": 1711765103, "nft": {"contract_address": "0xc274a97f1691ef390f662067e95a6eff1f99b504", "token_id": "3517", "name": "TinFun #3517", "blockchain": "ETH", "image": "https://lh3.googleusercontent.com/ZdwqPEsnv_askREz5b-J_XlQYWed1_pckwrv265vP1xYBohB3KpI-Iikv0Z448-nRNQE-lhZ53ML5TPvihImgN4Rp5V14GTd-g", "contract_type": "ERC721"}, "collection": {"collection_id": "65a13036c284b18008bd25b7", "name": "TinFun", "logo": "https://i.seadn.io/s/raw/files/a531bedf317b5ffe5a35d559b5c94cd9.jpg?w=500&auto=format", "slug": "tin-fun"}, "gas_fee": {"value": 0.0016, "raw_value": 1600000000000000, "usd": 5.495, "payment_token": {"address": "0x0000000000000000000000000000000000000000", "symbol": "ETH", "decimals": 18}}, "price": null, "marketplace_path": [], "fees": [], "trait_offer_target": null}, {"blockchain": "ETH", "sender": {"address": "0x5688d6dfcb65187e21a25fe2e71cd56721ef9fe7", "ens": null, "is_whale": false, "blockchain": "ETH", "is_contract": false, "is_blue_chip_holder": false, "is_super_blue_chip_holder": false, "is_multi_sign_wallet": false, "das": null, "alias": null}, "receiver": {"address": "0x7846e738f5509a23de53820fea3031ebe4def351", "ens": "nervape.eth", "is_whale": false, "blockchain": "ETH", "is_contract": false, "is_blue_chip_holder": false, "is_super_blue_chip_holder": false, "is_multi_sign_wallet": false, "das": "crius.bit", "alias": "nervape.eth"}, "event": "sale", "quantity": 1, "tx_hash": "0xe4ea69b7998da0bebfecc949c94963a4a7d936e8baf1a9eef6491de764f21491", "time": 1705074647, "nft": {"contract_address": "0xc274a97f1691ef390f662067e95a6eff1f99b504", "token_id": "3517", "name": "TinFun #3517", "blockchain": "ETH", "image": "https://lh3.googleusercontent.com/ZdwqPEsnv_askREz5b-J_XlQYWed1_pckwrv265vP1xYBohB3KpI-Iikv0Z448-nRNQE-lhZ53ML5TPvihImgN4Rp5V14GTd-g", "contract_type": "ERC721"}, "collection": {"collection_id": "65a13036c284b18008bd25b7", "name": "TinFun", "logo": "https://i.seadn.io/s/raw/files/a531bedf317b5ffe5a35d559b5c94cd9.jpg?w=500&auto=format", "slug": "tin-fun"}, "gas_fee": {"value": 0.0069, "raw_value": 6900000000000000, "usd": 18.656, "payment_token": {"address": "0x0000000000000000000000000000000000000000", "symbol": "ETH", "decimals": 18}}, "price": {"value": 0.844, "raw_value": 844000000000000000, "usd": 2284.4867821770645, "payment_token": {"address": "0x0000000000000000000000000000000000000000", "symbol": "ETH", "decimals": 18}}, "marketplace_path": ["opensea"], "fees": [{"fee_type": "marketplace", "recipient": "0x0000a26b00c1f0df003000390027140000faa719", "bps": 50, "price": {"value": 0.00422, "raw_value": 4220000000000000, "usd": 11.184724, "payment_token": {"address": "0x0000000000000000000000000000000000000000", "symbol": "ETH", "decimals": 18}}}, {"fee_type": "royalty", "recipient": "0x6650dc11f439f14d4dfbea75233bd9b0099a0647", "bps": 10, "price": {"value": 0.000844, "raw_value": 844000000000000, "usd": 2.236945, "payment_token": {"address": "0x0000000000000000000000000000000000000000", "symbol": "ETH", "decimals": 18}}}], "trait_offer_target": null}]