[{"blockchain": "ETH", "sender": {"address": "0xf1582d82c0bb81a9e4a8a2cd3fef73271b00a9a9", "ens": null, "is_whale": false, "blockchain": "ETH", "is_contract": false, "is_blue_chip_holder": false, "is_super_blue_chip_holder": false, "is_multi_sign_wallet": false, "das": null, "alias": null}, "receiver": {"address": "0x8177e9fa379b85e01b2b30140ddc446b9875106a", "ens": null, "is_whale": false, "blockchain": "ETH", "is_contract": true, "is_blue_chip_holder": false, "is_super_blue_chip_holder": false, "is_multi_sign_wallet": false, "das": null, "alias": null}, "event": "transfer", "quantity": 1, "tx_hash": "0x7c85f77092630cc8e99dfd8f15142fa1d212fa65f07fa63907262427d9ba88b2", "time": 1711771331, "nft": {"contract_address": "0xc274a97f1691ef390f662067e95a6eff1f99b504", "token_id": "9049", "name": "TinFun #9049", "blockchain": "ETH", "image": "https://lh3.googleusercontent.com/gUoJv6hLOaUOOJsZ1v0l86AbVllSj-WZyAyDjblGfDbvQl11tmYF9DgqehU9HV4BYkBeh25l_3Z6u9H2U9Y9c8ifySTGbw98asab", "contract_type": "ERC721"}, "collection": {"collection_id": "65a13036c284b18008bd25b7", "name": "TinFun", "logo": "https://i.seadn.io/s/raw/files/a531bedf317b5ffe5a35d559b5c94cd9.jpg?w=500&auto=format", "slug": "tin-fun"}, "gas_fee": {"value": 0.0045, "raw_value": 4499999999999999, "usd": 15.8806, "payment_token": {"address": "0x0000000000000000000000000000000000000000", "symbol": "ETH", "decimals": 18}}, "price": null, "marketplace_path": [], "fees": [], "trait_offer_target": null}, {"blockchain": "ETH", "sender": {"address": "0xbf91944f333d2e55ee2692a090fb4e0fd8712d00", "ens": "meows.eth", "is_whale": false, "blockchain": "ETH", "is_contract": false, "is_blue_chip_holder": false, "is_super_blue_chip_holder": false, "is_multi_sign_wallet": false, "das": null, "alias": "meows.eth"}, "receiver": {"address": "0xf1582d82c0bb81a9e4a8a2cd3fef73271b00a9a9", "ens": null, "is_whale": false, "blockchain": "ETH", "is_contract": false, "is_blue_chip_holder": false, "is_super_blue_chip_holder": false, "is_multi_sign_wallet": false, "das": null, "alias": null}, "event": "sale", "quantity": 1, "tx_hash": "0x213cf247dbbd275ca9f83971d645eb45f6fea0cbf24b6668c4c8788b57cb83f1", "time": 1710413819, "nft": {"contract_address": "0xc274a97f1691ef390f662067e95a6eff1f99b504", "token_id": "9049", "name": "TinFun #9049", "blockchain": "ETH", "image": "https://lh3.googleusercontent.com/gUoJv6hLOaUOOJsZ1v0l86AbVllSj-WZyAyDjblGfDbvQl11tmYF9DgqehU9HV4BYkBeh25l_3Z6u9H2U9Y9c8ifySTGbw98asab", "contract_type": "ERC721"}, "collection": {"collection_id": "65a13036c284b18008bd25b7", "name": "TinFun", "logo": "https://i.seadn.io/s/raw/files/a531bedf317b5ffe5a35d559b5c94cd9.jpg?w=500&auto=format", "slug": "tin-fun"}, "gas_fee": {"value": 0.0147, "raw_value": 14700000000000000, "usd": 58.8061, "payment_token": {"address": "0x0000000000000000000000000000000000000000", "symbol": "ETH", "decimals": 18}}, "price": {"value": 0.165, "raw_value": 165000000000000000, "usd": 658.2526567620207, "payment_token": {"address": "0x0000000000000000000000000000000000000000", "symbol": "ETH", "decimals": 18}}, "marketplace_path": ["blur"], "fees": [{"fee_type": "royalty", "recipient": "0x6650dc11f439f14d4dfbea75233bd9b0099a0647", "bps": 50, "price": {"value": 0.000825, "raw_value": 825000000000000, "usd": 3.271968, "payment_token": {"address": "0x0000000000000000000000000000000000000000", "symbol": "ETH", "decimals": 18}}}], "trait_offer_target": null}]