[{"blockchain": "ETH", "sender": {"address": "0x3c02a8d11e3f7d530b7b494e124de680f64c516c", "ens": "jackygekko.eth", "is_whale": false, "blockchain": "ETH", "is_contract": false, "is_blue_chip_holder": true, "is_super_blue_chip_holder": false, "is_multi_sign_wallet": false, "das": null, "alias": "jackygekko.eth"}, "receiver": {"address": "0x3eb879cc9a0ef4c6f1d870a40ae187768c278da2", "ens": "floorprotocol.eth", "is_whale": false, "blockchain": "ETH", "is_contract": true, "is_blue_chip_holder": true, "is_super_blue_chip_holder": false, "is_multi_sign_wallet": false, "das": null, "alias": "floorprotocol.eth"}, "event": "sale", "quantity": 1, "tx_hash": "0x16674a17b081f7075187deca770ea21d0816294406bc2ae8468bacdc822854e1", "time": 1708922243, "nft": {"contract_address": "0xc274a97f1691ef390f662067e95a6eff1f99b504", "token_id": "2668", "name": "TinFun #2668", "blockchain": "ETH", "image": "https://lh3.googleusercontent.com/B9ABWZVUrTpTcJ7Yjpmosa_7iaO7tpSw3SEt87U2tCP-pp2Y2hesVeHfrbuNeEDIp0XWT8QywOz06dFa4Fwk6ZOjAGK5itVd85s", "contract_type": "ERC721"}, "collection": {"collection_id": "65a13036c284b18008bd25b7", "name": "TinFun", "logo": "https://i.seadn.io/s/raw/files/a531bedf317b5ffe5a35d559b5c94cd9.jpg?w=500&auto=format", "slug": "tin-fun"}, "gas_fee": {"value": 0.0212, "raw_value": 21200000000000000, "usd": 65.8317, "payment_token": {"address": "0x0000000000000000000000000000000000000000", "symbol": "ETH", "decimals": 18}}, "price": {"value": 0.2687438919647791, "raw_value": 268743891964779102, "usd": 833.1091106294051, "payment_token": {"address": "0xc02aaa39b223fe8d0a0e5c4f27ead9083c756cc2", "symbol": "WETH", "decimals": 18}}, "marketplace_path": ["floor"], "fees": [], "trait_offer_target": null}, {"blockchain": "ETH", "sender": {"address": "0x1b11b544fa42e1709599606bcaa0928fc8b21c06", "ens": "diamondpaperhand.eth", "is_whale": false, "blockchain": "ETH", "is_contract": false, "is_blue_chip_holder": false, "is_super_blue_chip_holder": false, "is_multi_sign_wallet": false, "das": null, "alias": "diamondpaperhand.eth"}, "receiver": {"address": "0x3c02a8d11e3f7d530b7b494e124de680f64c516c", "ens": "jackygekko.eth", "is_whale": false, "blockchain": "ETH", "is_contract": false, "is_blue_chip_holder": true, "is_super_blue_chip_holder": false, "is_multi_sign_wallet": false, "das": null, "alias": "jackygekko.eth"}, "event": "sale", "quantity": 1, "tx_hash": "0x514b56e5a83772bc6bc4ceeb3d07c908341d400e2957ca875da88de5e4923196", "time": 1708913459, "nft": {"contract_address": "0xc274a97f1691ef390f662067e95a6eff1f99b504", "token_id": "2668", "name": "TinFun #2668", "blockchain": "ETH", "image": "https://lh3.googleusercontent.com/B9ABWZVUrTpTcJ7Yjpmosa_7iaO7tpSw3SEt87U2tCP-pp2Y2hesVeHfrbuNeEDIp0XWT8QywOz06dFa4Fwk6ZOjAGK5itVd85s", "contract_type": "ERC721"}, "collection": {"collection_id": "65a13036c284b18008bd25b7", "name": "TinFun", "logo": "https://i.seadn.io/s/raw/files/a531bedf317b5ffe5a35d559b5c94cd9.jpg?w=500&auto=format", "slug": "tin-fun"}, "gas_fee": {"value": 0.0127, "raw_value": 12700000000000000, "usd": 39.3188, "payment_token": {"address": "0x0000000000000000000000000000000000000000", "symbol": "ETH", "decimals": 18}}, "price": {"value": 0.3, "raw_value": 300000000000000000, "usd": 931.9994226760305, "payment_token": {"address": "0x0000000000000000000000000000000000000000", "symbol": "ETH", "decimals": 18}}, "marketplace_path": ["blur"], "fees": [{"fee_type": "royalty", "recipient": "0x6650dc11f439f14d4dfbea75233bd9b0099a0647", "bps": 50, "price": {"value": 0.0015, "raw_value": 1500000000000000, "usd": 4.668794, "payment_token": {"address": "0x0000000000a39bb272e79075ade125fd351887ac", "symbol": "BETH", "decimals": 18}}}], "trait_offer_target": null}, {"blockchain": "ETH", "sender": {"address": "0x1b2ea757fb62a098da624e3a4e8b102f7ff86612", "ens": null, "is_whale": false, "blockchain": "ETH", "is_contract": false, "is_blue_chip_holder": false, "is_super_blue_chip_holder": false, "is_multi_sign_wallet": false, "das": null, "alias": null}, "receiver": {"address": "0x1b11b544fa42e1709599606bcaa0928fc8b21c06", "ens": "diamondpaperhand.eth", "is_whale": false, "blockchain": "ETH", "is_contract": false, "is_blue_chip_holder": false, "is_super_blue_chip_holder": false, "is_multi_sign_wallet": false, "das": null, "alias": "diamondpaperhand.eth"}, "event": "sale", "quantity": 1, "tx_hash": "0x2f810930ff7bd3387b1bf917be4e79e639143f2fe746c4a4511f556eafd64b4b", "time": 1708827983, "nft": {"contract_address": "0xc274a97f1691ef390f662067e95a6eff1f99b504", "token_id": "2668", "name": "TinFun #2668", "blockchain": "ETH", "image": "https://lh3.googleusercontent.com/B9ABWZVUrTpTcJ7Yjpmosa_7iaO7tpSw3SEt87U2tCP-pp2Y2hesVeHfrbuNeEDIp0XWT8QywOz06dFa4Fwk6ZOjAGK5itVd85s", "contract_type": "ERC721"}, "collection": {"collection_id": "65a13036c284b18008bd25b7", "name": "TinFun", "logo": "https://i.seadn.io/s/raw/files/a531bedf317b5ffe5a35d559b5c94cd9.jpg?w=500&auto=format", "slug": "tin-fun"}, "gas_fee": {"value": 0.0067, "raw_value": 6700000000000000, "usd": 20.3122, "payment_token": {"address": "0x0000000000000000000000000000000000000000", "symbol": "ETH", "decimals": 18}}, "price": {"value": 0.3459, "raw_value": 345900000000000000, "usd": 1043.5926539537859, "payment_token": {"address": "0x0000000000000000000000000000000000000000", "symbol": "ETH", "decimals": 18}}, "marketplace_path": ["blur-aggregator", "blur"], "fees": [{"fee_type": "royalty", "recipient": "0x6650dc11f439f14d4dfbea75233bd9b0099a0647", "bps": 50, "price": {"value": 0.001729, "raw_value": 1729500000000000, "usd": 5.175298, "payment_token": {"address": "0x0000000000000000000000000000000000000000", "symbol": "ETH", "decimals": 18}}}], "trait_offer_target": null}, {"blockchain": "ETH", "sender": {"address": "0xe129f31d658ccdcf79a8284c2ec5a2b5988e4adb", "ens": null, "is_whale": false, "blockchain": "ETH", "is_contract": false, "is_blue_chip_holder": false, "is_super_blue_chip_holder": false, "is_multi_sign_wallet": false, "das": null, "alias": null}, "receiver": {"address": "0x1b2ea757fb62a098da624e3a4e8b102f7ff86612", "ens": null, "is_whale": false, "blockchain": "ETH", "is_contract": false, "is_blue_chip_holder": false, "is_super_blue_chip_holder": false, "is_multi_sign_wallet": false, "das": null, "alias": null}, "event": "sale", "quantity": 1, "tx_hash": "0x60c17af9c5158905f2e9294e31adef522c50eea9cf3bb461ab1a79ade134fb5c", "time": 1705377143, "nft": {"contract_address": "0xc274a97f1691ef390f662067e95a6eff1f99b504", "token_id": "2668", "name": "TinFun #2668", "blockchain": "ETH", "image": "https://lh3.googleusercontent.com/B9ABWZVUrTpTcJ7Yjpmosa_7iaO7tpSw3SEt87U2tCP-pp2Y2hesVeHfrbuNeEDIp0XWT8QywOz06dFa4Fwk6ZOjAGK5itVd85s", "contract_type": "ERC721"}, "collection": {"collection_id": "65a13036c284b18008bd25b7", "name": "TinFun", "logo": "https://i.seadn.io/s/raw/files/a531bedf317b5ffe5a35d559b5c94cd9.jpg?w=500&auto=format", "slug": "tin-fun"}, "gas_fee": {"value": 0.0058, "raw_value": 5800000000000000, "usd": 14.6272, "payment_token": {"address": "0x0000000000000000000000000000000000000000", "symbol": "ETH", "decimals": 18}}, "price": {"value": 0.8137, "raw_value": 813700000000000000, "usd": 2046.6717856834196, "payment_token": {"address": "0x0000000000000000000000000000000000000000", "symbol": "ETH", "decimals": 18}}, "marketplace_path": ["blur"], "fees": [], "trait_offer_target": null}]