[{"blockchain": "ETH", "sender": {"address": "0x9a0cee6957091ecfb79b7dcdc30914c2a06505db", "ens": null, "is_whale": false, "blockchain": "ETH", "is_contract": false, "is_blue_chip_holder": false, "is_super_blue_chip_holder": false, "is_multi_sign_wallet": false, "das": null, "alias": null}, "receiver": {"address": "0x8177e9fa379b85e01b2b30140ddc446b9875106a", "ens": null, "is_whale": false, "blockchain": "ETH", "is_contract": true, "is_blue_chip_holder": false, "is_super_blue_chip_holder": false, "is_multi_sign_wallet": false, "das": null, "alias": null}, "event": "transfer", "quantity": 1, "tx_hash": "0xbc8d8d14a08fc508962d99985c1ff1faf7ae985e5c9af720db25aa939c01c14a", "time": 1711869815, "nft": {"contract_address": "0xc274a97f1691ef390f662067e95a6eff1f99b504", "token_id": "4929", "name": "TinFun #4929", "blockchain": "ETH", "image": "https://lh3.googleusercontent.com/SulpoRzPzpepuq8mo8gFAw47YtJQ65zu4XALeT51DP1NOvYldIY3MSiy0W-cxZcjdk20E0wlP4mdtdLbfuUH6wdfLlTuqP52Q_Pq", "contract_type": "ERC721"}, "collection": {"collection_id": "65a13036c284b18008bd25b7", "name": "TinFun", "logo": "https://i.seadn.io/s/raw/files/a531bedf317b5ffe5a35d559b5c94cd9.jpg?w=500&auto=format", "slug": "tin-fun"}, "gas_fee": {"value": 0.003, "raw_value": 3000000000000000, "usd": 10.8826, "payment_token": {"address": "0x0000000000000000000000000000000000000000", "symbol": "ETH", "decimals": 18}}, "price": null, "marketplace_path": [], "fees": [], "trait_offer_target": null}, {"blockchain": "ETH", "sender": {"address": "0x3ea458b5e4af1fea5f6fd0f37098d54e0931b98c", "ens": null, "is_whale": false, "blockchain": "ETH", "is_contract": false, "is_blue_chip_holder": false, "is_super_blue_chip_holder": false, "is_multi_sign_wallet": false, "das": null, "alias": null}, "receiver": {"address": "0x9a0cee6957091ecfb79b7dcdc30914c2a06505db", "ens": null, "is_whale": false, "blockchain": "ETH", "is_contract": false, "is_blue_chip_holder": false, "is_super_blue_chip_holder": false, "is_multi_sign_wallet": false, "das": null, "alias": null}, "event": "transfer", "quantity": 1, "tx_hash": "0xd3a988981232e4668c873200b653f3d7a52571ce793cacf0f870db6c3ebddbf7", "time": 1705279331, "nft": {"contract_address": "0xc274a97f1691ef390f662067e95a6eff1f99b504", "token_id": "4929", "name": "TinFun #4929", "blockchain": "ETH", "image": "https://lh3.googleusercontent.com/SulpoRzPzpepuq8mo8gFAw47YtJQ65zu4XALeT51DP1NOvYldIY3MSiy0W-cxZcjdk20E0wlP4mdtdLbfuUH6wdfLlTuqP52Q_Pq", "contract_type": "ERC721"}, "collection": {"collection_id": "65a13036c284b18008bd25b7", "name": "TinFun", "logo": "https://i.seadn.io/s/raw/files/a531bedf317b5ffe5a35d559b5c94cd9.jpg?w=500&auto=format", "slug": "tin-fun"}, "gas_fee": {"value": 0.0011, "raw_value": 1100000000000000, "usd": 2.5991, "payment_token": {"address": "0x0000000000000000000000000000000000000000", "symbol": "ETH", "decimals": 18}}, "price": null, "marketplace_path": [], "fees": [], "trait_offer_target": null}, {"blockchain": "ETH", "sender": {"address": "0x394b0ca58672253287a2b4bb2ee8ae73d3bad4c2", "ens": "99214.eth", "is_whale": false, "blockchain": "ETH", "is_contract": false, "is_blue_chip_holder": false, "is_super_blue_chip_holder": false, "is_multi_sign_wallet": false, "das": null, "alias": "99214.eth"}, "receiver": {"address": "0x3ea458b5e4af1fea5f6fd0f37098d54e0931b98c", "ens": null, "is_whale": false, "blockchain": "ETH", "is_contract": false, "is_blue_chip_holder": false, "is_super_blue_chip_holder": false, "is_multi_sign_wallet": false, "das": null, "alias": null}, "event": "transfer", "quantity": 1, "tx_hash": "0x7f22d45482dedbd12a40e0f640b22d53a0af2af56f54ba087607936df09a4df9", "time": 1705279163, "nft": {"contract_address": "0xc274a97f1691ef390f662067e95a6eff1f99b504", "token_id": "4929", "name": "TinFun #4929", "blockchain": "ETH", "image": "https://lh3.googleusercontent.com/SulpoRzPzpepuq8mo8gFAw47YtJQ65zu4XALeT51DP1NOvYldIY3MSiy0W-cxZcjdk20E0wlP4mdtdLbfuUH6wdfLlTuqP52Q_Pq", "contract_type": "ERC721"}, "collection": {"collection_id": "65a13036c284b18008bd25b7", "name": "TinFun", "logo": "https://i.seadn.io/s/raw/files/a531bedf317b5ffe5a35d559b5c94cd9.jpg?w=500&auto=format", "slug": "tin-fun"}, "gas_fee": {"value": 0.0016, "raw_value": 1600000000000000, "usd": 3.9977, "payment_token": {"address": "0x0000000000000000000000000000000000000000", "symbol": "ETH", "decimals": 18}}, "price": null, "marketplace_path": [], "fees": [], "trait_offer_target": null}]