[{"blockchain": "ETH", "sender": {"address": "0xf6b0ed4ce3ccf7f65655d61766fb385c787288a1", "ens": "khara.eth", "is_whale": false, "blockchain": "ETH", "is_contract": false, "is_blue_chip_holder": true, "is_super_blue_chip_holder": false, "is_multi_sign_wallet": false, "das": null, "alias": "khara.eth"}, "receiver": {"address": "0x8177e9fa379b85e01b2b30140ddc446b9875106a", "ens": null, "is_whale": false, "blockchain": "ETH", "is_contract": true, "is_blue_chip_holder": false, "is_super_blue_chip_holder": false, "is_multi_sign_wallet": false, "das": null, "alias": null}, "event": "transfer", "quantity": 1, "tx_hash": "0xa0618014731357676193ce65f7b77fb594dd75a3c45e6bb893cb5aaa27d77ea7", "time": 1711702487, "nft": {"contract_address": "0xc274a97f1691ef390f662067e95a6eff1f99b504", "token_id": "2131", "name": "TinFun #2131", "blockchain": "ETH", "image": "https://lh3.googleusercontent.com/3Ov5AXggSHXnFDGcb3UvpSYfHR3VgvVg0_TqCXMVjmGLg6MDExQiTOsgSwLmHSC6jci3mKCuxxW-xNvqaQJrUFFnwOE6uGfmeso", "contract_type": "ERC721"}, "collection": {"collection_id": "65a13036c284b18008bd25b7", "name": "TinFun", "logo": "https://i.seadn.io/s/raw/files/a531bedf317b5ffe5a35d559b5c94cd9.jpg?w=500&auto=format", "slug": "tin-fun"}, "gas_fee": {"value": 0.004, "raw_value": 4000000000000000, "usd": 14.0803, "payment_token": {"address": "0x0000000000000000000000000000000000000000", "symbol": "ETH", "decimals": 18}}, "price": null, "marketplace_path": [], "fees": [], "trait_offer_target": null}]