[{"blockchain": "ETH", "sender": {"address": "0x67bcf44718071d24d8fd1737b89e01ba151148d2", "ens": null, "is_whale": false, "blockchain": "ETH", "is_contract": false, "is_blue_chip_holder": false, "is_super_blue_chip_holder": false, "is_multi_sign_wallet": false, "das": null, "alias": null}, "receiver": {"address": "0x8177e9fa379b85e01b2b30140ddc446b9875106a", "ens": null, "is_whale": false, "blockchain": "ETH", "is_contract": true, "is_blue_chip_holder": false, "is_super_blue_chip_holder": false, "is_multi_sign_wallet": false, "das": null, "alias": null}, "event": "transfer", "quantity": 1, "tx_hash": "0x7d4d5bb8fb8507b830ca5f56f73bac1809f3196d4b4b9d66f24942239fb7a626", "time": 1711706723, "nft": {"contract_address": "0xc274a97f1691ef390f662067e95a6eff1f99b504", "token_id": "5928", "name": "TinFun #5928", "blockchain": "ETH", "image": "https://lh3.googleusercontent.com/tIegY6cq9N2h7T2xvUgq6kmAGC1UzTXQLB_FuJ2U-YeF6VukedzeDMhDNGXCEPs6f9XNfD_gEeg9w9l84FQf5IcyiJdVh35LMpRB", "contract_type": "ERC721"}, "collection": {"collection_id": "65a13036c284b18008bd25b7", "name": "TinFun", "logo": "https://i.seadn.io/s/raw/files/a531bedf317b5ffe5a35d559b5c94cd9.jpg?w=500&auto=format", "slug": "tin-fun"}, "gas_fee": {"value": 0.0033, "raw_value": 3300000000000000, "usd": 11.5729, "payment_token": {"address": "0x0000000000000000000000000000000000000000", "symbol": "ETH", "decimals": 18}}, "price": null, "marketplace_path": [], "fees": [], "trait_offer_target": null}, {"blockchain": "ETH", "sender": {"address": "0x1d85823064eb542e5f205a91ec0e5242cccb2874", "ens": "tyche7.eth", "is_whale": false, "blockchain": "ETH", "is_contract": false, "is_blue_chip_holder": false, "is_super_blue_chip_holder": false, "is_multi_sign_wallet": false, "das": null, "alias": "tyche7.eth"}, "receiver": {"address": "0x67bcf44718071d24d8fd1737b89e01ba151148d2", "ens": null, "is_whale": false, "blockchain": "ETH", "is_contract": false, "is_blue_chip_holder": false, "is_super_blue_chip_holder": false, "is_multi_sign_wallet": false, "das": null, "alias": null}, "event": "sale", "quantity": 1, "tx_hash": "0x4223398d457eecb0ac0fd63573d3678ab62480bdda2e75bdffd089535c99f6cd", "time": 1707645563, "nft": {"contract_address": "0xc274a97f1691ef390f662067e95a6eff1f99b504", "token_id": "5928", "name": "TinFun #5928", "blockchain": "ETH", "image": "https://lh3.googleusercontent.com/tIegY6cq9N2h7T2xvUgq6kmAGC1UzTXQLB_FuJ2U-YeF6VukedzeDMhDNGXCEPs6f9XNfD_gEeg9w9l84FQf5IcyiJdVh35LMpRB", "contract_type": "ERC721"}, "collection": {"collection_id": "65a13036c284b18008bd25b7", "name": "TinFun", "logo": "https://i.seadn.io/s/raw/files/a531bedf317b5ffe5a35d559b5c94cd9.jpg?w=500&auto=format", "slug": "tin-fun"}, "gas_fee": {"value": 0.0037, "raw_value": 3700000000000000, "usd": 9.2349, "payment_token": {"address": "0x0000000000000000000000000000000000000000", "symbol": "ETH", "decimals": 18}}, "price": {"value": 0.605, "raw_value": 605000000000000000, "usd": 1528.1132923218147, "payment_token": {"address": "0x0000000000000000000000000000000000000000", "symbol": "ETH", "decimals": 18}}, "marketplace_path": ["opensea"], "fees": [{"fee_type": "marketplace", "recipient": "0x0000a26b00c1f0df003000390027140000faa719", "bps": 50, "price": {"value": 0.003025, "raw_value": 3025000000000000, "usd": 7.655353, "payment_token": {"address": "0x0000000000000000000000000000000000000000", "symbol": "ETH", "decimals": 18}}}], "trait_offer_target": null}]