[{"blockchain": "ETH", "sender": {"address": "0xb1d7329263f71b49ad569f935ffbed69965904a2", "ens": null, "is_whale": false, "blockchain": "ETH", "is_contract": false, "is_blue_chip_holder": false, "is_super_blue_chip_holder": false, "is_multi_sign_wallet": false, "das": null, "alias": null}, "receiver": {"address": "0x8177e9fa379b85e01b2b30140ddc446b9875106a", "ens": null, "is_whale": false, "blockchain": "ETH", "is_contract": true, "is_blue_chip_holder": false, "is_super_blue_chip_holder": false, "is_multi_sign_wallet": false, "das": null, "alias": null}, "event": "transfer", "quantity": 1, "tx_hash": "0xc38413a4fa221ac847b3296e559a3215e5b7a0cd163fa1c4e8a5d9cd7e06d197", "time": 1713350327, "nft": {"contract_address": "0xc274a97f1691ef390f662067e95a6eff1f99b504", "token_id": "3311", "name": "TinFun #3311", "blockchain": "ETH", "image": "https://lh3.googleusercontent.com/2_L5Jd5rSGRLsNsrCmtG4L1WTYsPHX_ZzcxoRKHwYRW5fYV6LNXlxKEny2ufXhWvEEW-Jt-imXKeJIhMNFXAGiXAJcBPjdetl94", "contract_type": "ERC721"}, "collection": {"collection_id": "65a13036c284b18008bd25b7", "name": "TinFun", "logo": "https://i.seadn.io/s/raw/files/a531bedf317b5ffe5a35d559b5c94cd9.jpg?w=500&auto=format", "slug": "tin-fun"}, "gas_fee": {"value": 0.001, "raw_value": 1000000000000000, "usd": 3.061, "payment_token": {"address": "0x0000000000000000000000000000000000000000", "symbol": "ETH", "decimals": 18}}, "price": null, "marketplace_path": [], "fees": [], "trait_offer_target": null}, {"blockchain": "ETH", "sender": {"address": "0x10d138b6eeb94e9933e875c21602f6e02328dfdd", "ens": "\u6c5f\u5357\u7b2c\u4e00\u6df1\u60c5.eth", "is_whale": false, "blockchain": "ETH", "is_contract": false, "is_blue_chip_holder": false, "is_super_blue_chip_holder": false, "is_multi_sign_wallet": false, "das": null, "alias": "\u6c5f\u5357\u7b2c\u4e00\u6df1\u60c5.eth"}, "receiver": {"address": "0xb1d7329263f71b49ad569f935ffbed69965904a2", "ens": null, "is_whale": false, "blockchain": "ETH", "is_contract": false, "is_blue_chip_holder": false, "is_super_blue_chip_holder": false, "is_multi_sign_wallet": false, "das": null, "alias": null}, "event": "sale", "quantity": 1, "tx_hash": "0xb59e62fb832b912c7af95552963fbd93cc9527cd622b23a1b2838abe48821a8d", "time": 1712283971, "nft": {"contract_address": "0xc274a97f1691ef390f662067e95a6eff1f99b504", "token_id": "3311", "name": "TinFun #3311", "blockchain": "ETH", "image": "https://lh3.googleusercontent.com/2_L5Jd5rSGRLsNsrCmtG4L1WTYsPHX_ZzcxoRKHwYRW5fYV6LNXlxKEny2ufXhWvEEW-Jt-imXKeJIhMNFXAGiXAJcBPjdetl94", "contract_type": "ERC721"}, "collection": {"collection_id": "65a13036c284b18008bd25b7", "name": "TinFun", "logo": "https://i.seadn.io/s/raw/files/a531bedf317b5ffe5a35d559b5c94cd9.jpg?w=500&auto=format", "slug": "tin-fun"}, "gas_fee": {"value": 0.0026, "raw_value": 2600000000000000, "usd": 8.4675, "payment_token": {"address": "0x0000000000000000000000000000000000000000", "symbol": "ETH", "decimals": 18}}, "price": {"value": 0.22, "raw_value": 220000000000000000, "usd": 726.4493936001606, "payment_token": {"address": "0x0000000000000000000000000000000000000000", "symbol": "ETH", "decimals": 18}}, "marketplace_path": ["blur"], "fees": [{"fee_type": "royalty", "recipient": "0x6650dc11f439f14d4dfbea75233bd9b0099a0647", "bps": 50, "price": {"value": 0.0011, "raw_value": 1100000000000000, "usd": 3.663006, "payment_token": {"address": "0x0000000000000000000000000000000000000000", "symbol": "ETH", "decimals": 18}}}], "trait_offer_target": null}, {"blockchain": "ETH", "sender": {"address": "0x8c976b9aa5bc8cf2c2a2c75c0920e6da72bca199", "ens": null, "is_whale": false, "blockchain": "ETH", "is_contract": false, "is_blue_chip_holder": false, "is_super_blue_chip_holder": false, "is_multi_sign_wallet": false, "das": null, "alias": null}, "receiver": {"address": "0x10d138b6eeb94e9933e875c21602f6e02328dfdd", "ens": "\u6c5f\u5357\u7b2c\u4e00\u6df1\u60c5.eth", "is_whale": false, "blockchain": "ETH", "is_contract": false, "is_blue_chip_holder": false, "is_super_blue_chip_holder": false, "is_multi_sign_wallet": false, "das": null, "alias": "\u6c5f\u5357\u7b2c\u4e00\u6df1\u60c5.eth"}, "event": "transfer", "quantity": 1, "tx_hash": "0xea8fb012e0084ff53d90fb25dcb182a7d16dbac99dfbddc05ed96cdb5de212a5", "time": 1706116571, "nft": {"contract_address": "0xc274a97f1691ef390f662067e95a6eff1f99b504", "token_id": "3311", "name": "TinFun #3311", "blockchain": "ETH", "image": "https://lh3.googleusercontent.com/2_L5Jd5rSGRLsNsrCmtG4L1WTYsPHX_ZzcxoRKHwYRW5fYV6LNXlxKEny2ufXhWvEEW-Jt-imXKeJIhMNFXAGiXAJcBPjdetl94", "contract_type": "ERC721"}, "collection": {"collection_id": "65a13036c284b18008bd25b7", "name": "TinFun", "logo": "https://i.seadn.io/s/raw/files/a531bedf317b5ffe5a35d559b5c94cd9.jpg?w=500&auto=format", "slug": "tin-fun"}, "gas_fee": {"value": 0.0009, "raw_value": 900000000000000, "usd": 1.9465, "payment_token": {"address": "0x0000000000000000000000000000000000000000", "symbol": "ETH", "decimals": 18}}, "price": null, "marketplace_path": [], "fees": [], "trait_offer_target": null}, {"blockchain": "ETH", "sender": {"address": "0x0b468784beb3b0ffc171757b979f6998ca190d01", "ens": null, "is_whale": false, "blockchain": "ETH", "is_contract": false, "is_blue_chip_holder": false, "is_super_blue_chip_holder": false, "is_multi_sign_wallet": false, "das": null, "alias": null}, "receiver": {"address": "0x8c976b9aa5bc8cf2c2a2c75c0920e6da72bca199", "ens": null, "is_whale": false, "blockchain": "ETH", "is_contract": false, "is_blue_chip_holder": false, "is_super_blue_chip_holder": false, "is_multi_sign_wallet": false, "das": null, "alias": null}, "event": "transfer", "quantity": 1, "tx_hash": "0x6bac1736cf2d3e8bac2e561f8d6efdb9e4606470fcce4fc24b85a687ddb89ee6", "time": 1705073663, "nft": {"contract_address": "0xc274a97f1691ef390f662067e95a6eff1f99b504", "token_id": "3311", "name": "TinFun #3311", "blockchain": "ETH", "image": "https://lh3.googleusercontent.com/2_L5Jd5rSGRLsNsrCmtG4L1WTYsPHX_ZzcxoRKHwYRW5fYV6LNXlxKEny2ufXhWvEEW-Jt-imXKeJIhMNFXAGiXAJcBPjdetl94", "contract_type": "ERC721"}, "collection": {"collection_id": "65a13036c284b18008bd25b7", "name": "TinFun", "logo": "https://i.seadn.io/s/raw/files/a531bedf317b5ffe5a35d559b5c94cd9.jpg?w=500&auto=format", "slug": "tin-fun"}, "gas_fee": {"value": 0.0033, "raw_value": 3300000000000000, "usd": 9.0369, "payment_token": {"address": "0x0000000000000000000000000000000000000000", "symbol": "ETH", "decimals": 18}}, "price": null, "marketplace_path": [], "fees": [], "trait_offer_target": null}]