[{"blockchain": "ETH", "sender": {"address": "0x2efdb6dd6daa243fdf30cac2391adb8350d5e322", "ens": null, "is_whale": false, "blockchain": "ETH", "is_contract": false, "is_blue_chip_holder": true, "is_super_blue_chip_holder": false, "is_multi_sign_wallet": false, "das": null, "alias": null}, "receiver": {"address": "0xf1f79aca91b20cdf8784c66f4ee086259f110bd2", "ens": null, "is_whale": false, "blockchain": "ETH", "is_contract": false, "is_blue_chip_holder": false, "is_super_blue_chip_holder": false, "is_multi_sign_wallet": false, "das": null, "alias": null}, "event": "sale", "quantity": 1, "tx_hash": "0xda72e1e340ae9d746445b319ed48e3efba58c3c8e926b3435afb2ae9cd4a0f11", "time": 1709579171, "nft": {"contract_address": "0xc274a97f1691ef390f662067e95a6eff1f99b504", "token_id": "2804", "name": "TinFun #2804", "blockchain": "ETH", "image": "https://lh3.googleusercontent.com/VbQisDrLKdjDdK5_NGNmWMMbeM8-kXPM2PQiqNPEm7E8iOs8ZWUf1_DcsrSbjHHP9I1tq8-0MNh23JzlMyUmkuDZtaikTw_-5Nc", "contract_type": "ERC721"}, "collection": {"collection_id": "65a13036c284b18008bd25b7", "name": "TinFun", "logo": "https://i.seadn.io/s/raw/files/a531bedf317b5ffe5a35d559b5c94cd9.jpg?w=500&auto=format", "slug": "tin-fun"}, "gas_fee": {"value": 0.139, "raw_value": 139000000000000016, "usd": 499.9865, "payment_token": {"address": "0x0000000000000000000000000000000000000000", "symbol": "ETH", "decimals": 18}}, "price": {"value": 0.218999, "raw_value": 218999000000000000, "usd": 787.8012915417727, "payment_token": {"address": "0x0000000000000000000000000000000000000000", "symbol": "ETH", "decimals": 18}}, "marketplace_path": ["blur-aggregator", "blur"], "fees": [{"fee_type": "royalty", "recipient": "0x6650dc11f439f14d4dfbea75233bd9b0099a0647", "bps": 50, "price": {"value": 0.001095, "raw_value": 1094995000000000, "usd": 3.890164, "payment_token": {"address": "0x0000000000000000000000000000000000000000", "symbol": "ETH", "decimals": 18}}}], "trait_offer_target": null}, {"blockchain": "ETH", "sender": {"address": "0xc780c0077d8ae0bdba795a687d0de17d65d58796", "ens": null, "is_whale": false, "blockchain": "ETH", "is_contract": false, "is_blue_chip_holder": false, "is_super_blue_chip_holder": false, "is_multi_sign_wallet": false, "das": null, "alias": null}, "receiver": {"address": "0x2efdb6dd6daa243fdf30cac2391adb8350d5e322", "ens": null, "is_whale": false, "blockchain": "ETH", "is_contract": false, "is_blue_chip_holder": true, "is_super_blue_chip_holder": false, "is_multi_sign_wallet": false, "das": null, "alias": null}, "event": "sale", "quantity": 1, "tx_hash": "0x531a98542fef1dff1b82f31547cb54b6562843134d7010b4b4783dda1c350c29", "time": 1709560331, "nft": {"contract_address": "0xc274a97f1691ef390f662067e95a6eff1f99b504", "token_id": "2804", "name": "TinFun #2804", "blockchain": "ETH", "image": "https://lh3.googleusercontent.com/VbQisDrLKdjDdK5_NGNmWMMbeM8-kXPM2PQiqNPEm7E8iOs8ZWUf1_DcsrSbjHHP9I1tq8-0MNh23JzlMyUmkuDZtaikTw_-5Nc", "contract_type": "ERC721"}, "collection": {"collection_id": "65a13036c284b18008bd25b7", "name": "TinFun", "logo": "https://i.seadn.io/s/raw/files/a531bedf317b5ffe5a35d559b5c94cd9.jpg?w=500&auto=format", "slug": "tin-fun"}, "gas_fee": {"value": 0.0117, "raw_value": 11700000000000000, "usd": 40.8904, "payment_token": {"address": "0x0000000000000000000000000000000000000000", "symbol": "ETH", "decimals": 18}}, "price": {"value": 0.21, "raw_value": 210000000000000000, "usd": 736.5813901311305, "payment_token": {"address": "0x0000000000000000000000000000000000000000", "symbol": "ETH", "decimals": 18}}, "marketplace_path": ["blur"], "fees": [{"fee_type": "royalty", "recipient": "0x6650dc11f439f14d4dfbea75233bd9b0099a0647", "bps": 50, "price": {"value": 0.00105, "raw_value": 1050000000000000, "usd": 3.673895, "payment_token": {"address": "0x0000000000a39bb272e79075ade125fd351887ac", "symbol": "BETH", "decimals": 18}}}], "trait_offer_target": null}, {"blockchain": "ETH", "sender": {"address": "0xbd23d74267fccbd3496db251692ff598dd89d5af", "ens": "ethkuan.eth", "is_whale": false, "blockchain": "ETH", "is_contract": false, "is_blue_chip_holder": true, "is_super_blue_chip_holder": false, "is_multi_sign_wallet": false, "das": null, "alias": "ethkuan.eth"}, "receiver": {"address": "0xc780c0077d8ae0bdba795a687d0de17d65d58796", "ens": null, "is_whale": false, "blockchain": "ETH", "is_contract": false, "is_blue_chip_holder": false, "is_super_blue_chip_holder": false, "is_multi_sign_wallet": false, "das": null, "alias": null}, "event": "sale", "quantity": 1, "tx_hash": "0x97562e853a43c708550ffb79aaa7de765e7aad63e219f490171bb1795768b687", "time": 1709554487, "nft": {"contract_address": "0xc274a97f1691ef390f662067e95a6eff1f99b504", "token_id": "2804", "name": "TinFun #2804", "blockchain": "ETH", "image": "https://lh3.googleusercontent.com/VbQisDrLKdjDdK5_NGNmWMMbeM8-kXPM2PQiqNPEm7E8iOs8ZWUf1_DcsrSbjHHP9I1tq8-0MNh23JzlMyUmkuDZtaikTw_-5Nc", "contract_type": "ERC721"}, "collection": {"collection_id": "65a13036c284b18008bd25b7", "name": "TinFun", "logo": "https://i.seadn.io/s/raw/files/a531bedf317b5ffe5a35d559b5c94cd9.jpg?w=500&auto=format", "slug": "tin-fun"}, "gas_fee": {"value": 0.0194, "raw_value": 19400000000000000, "usd": 68.1384, "payment_token": {"address": "0x0000000000000000000000000000000000000000", "symbol": "ETH", "decimals": 18}}, "price": {"value": 0.2, "raw_value": 200000000000000000, "usd": 701.5502877625383, "payment_token": {"address": "0x0000000000000000000000000000000000000000", "symbol": "ETH", "decimals": 18}}, "marketplace_path": ["blur"], "fees": [{"fee_type": "royalty", "recipient": "0x6650dc11f439f14d4dfbea75233bd9b0099a0647", "bps": 50, "price": {"value": 0.001, "raw_value": 1000000000000000, "usd": 3.525636, "payment_token": {"address": "0x0000000000a39bb272e79075ade125fd351887ac", "symbol": "BETH", "decimals": 18}}}], "trait_offer_target": null}, {"blockchain": "ETH", "sender": {"address": "0xda714bfafbc2b139bf6e91d9809fac5a104a9798", "ens": null, "is_whale": false, "blockchain": "ETH", "is_contract": false, "is_blue_chip_holder": false, "is_super_blue_chip_holder": false, "is_multi_sign_wallet": false, "das": null, "alias": null}, "receiver": {"address": "0xbd23d74267fccbd3496db251692ff598dd89d5af", "ens": "ethkuan.eth", "is_whale": false, "blockchain": "ETH", "is_contract": false, "is_blue_chip_holder": true, "is_super_blue_chip_holder": false, "is_multi_sign_wallet": false, "das": null, "alias": "ethkuan.eth"}, "event": "sale", "quantity": 1, "tx_hash": "0x914985b6d5b4a93a63ad980fc711451d5a5e24074381b9776bc2f31ddc85e2bf", "time": 1708942919, "nft": {"contract_address": "0xc274a97f1691ef390f662067e95a6eff1f99b504", "token_id": "2804", "name": "TinFun #2804", "blockchain": "ETH", "image": "https://lh3.googleusercontent.com/VbQisDrLKdjDdK5_NGNmWMMbeM8-kXPM2PQiqNPEm7E8iOs8ZWUf1_DcsrSbjHHP9I1tq8-0MNh23JzlMyUmkuDZtaikTw_-5Nc", "contract_type": "ERC721"}, "collection": {"collection_id": "65a13036c284b18008bd25b7", "name": "TinFun", "logo": "https://i.seadn.io/s/raw/files/a531bedf317b5ffe5a35d559b5c94cd9.jpg?w=500&auto=format", "slug": "tin-fun"}, "gas_fee": {"value": 0.0049, "raw_value": 4900000000000000, "usd": 15.0519, "payment_token": {"address": "0x0000000000000000000000000000000000000000", "symbol": "ETH", "decimals": 18}}, "price": {"value": 0.2616, "raw_value": 261600000000000000, "usd": 795.7417382509896, "payment_token": {"address": "0x0000000000000000000000000000000000000000", "symbol": "ETH", "decimals": 18}}, "marketplace_path": ["blur-aggregator", "blur"], "fees": [{"fee_type": "royalty", "recipient": "0x6650dc11f439f14d4dfbea75233bd9b0099a0647", "bps": 50, "price": {"value": 0.001308, "raw_value": 1308000000000000, "usd": 4.038214, "payment_token": {"address": "0x0000000000000000000000000000000000000000", "symbol": "ETH", "decimals": 18}}}], "trait_offer_target": null}, {"blockchain": "ETH", "sender": {"address": "0xc9c55fecc58721e57a844e16a583cb682a0a8bea", "ens": null, "is_whale": false, "blockchain": "ETH", "is_contract": false, "is_blue_chip_holder": false, "is_super_blue_chip_holder": false, "is_multi_sign_wallet": false, "das": null, "alias": null}, "receiver": {"address": "0xda714bfafbc2b139bf6e91d9809fac5a104a9798", "ens": null, "is_whale": false, "blockchain": "ETH", "is_contract": false, "is_blue_chip_holder": false, "is_super_blue_chip_holder": false, "is_multi_sign_wallet": false, "das": null, "alias": null}, "event": "sale", "quantity": 1, "tx_hash": "0xf1bc0cac19f58375f202961b060f7eb509a8ed1678ca659abf5d09eec0281c6f", "time": 1708932611, "nft": {"contract_address": "0xc274a97f1691ef390f662067e95a6eff1f99b504", "token_id": "2804", "name": "TinFun #2804", "blockchain": "ETH", "image": "https://lh3.googleusercontent.com/VbQisDrLKdjDdK5_NGNmWMMbeM8-kXPM2PQiqNPEm7E8iOs8ZWUf1_DcsrSbjHHP9I1tq8-0MNh23JzlMyUmkuDZtaikTw_-5Nc", "contract_type": "ERC721"}, "collection": {"collection_id": "65a13036c284b18008bd25b7", "name": "TinFun", "logo": "https://i.seadn.io/s/raw/files/a531bedf317b5ffe5a35d559b5c94cd9.jpg?w=500&auto=format", "slug": "tin-fun"}, "gas_fee": {"value": 0.0334, "raw_value": 33400000000000000, "usd": 103.9985, "payment_token": {"address": "0x0000000000000000000000000000000000000000", "symbol": "ETH", "decimals": 18}}, "price": {"value": 0.26, "raw_value": 260000000000000000, "usd": 809.4588953211554, "payment_token": {"address": "0x0000000000000000000000000000000000000000", "symbol": "ETH", "decimals": 18}}, "marketplace_path": ["blur"], "fees": [{"fee_type": "royalty", "recipient": "0x6650dc11f439f14d4dfbea75233bd9b0099a0647", "bps": 50, "price": {"value": 0.0013, "raw_value": 1300000000000000, "usd": 4.034567, "payment_token": {"address": "0x0000000000a39bb272e79075ade125fd351887ac", "symbol": "BETH", "decimals": 18}}}], "trait_offer_target": null}, {"blockchain": "ETH", "sender": {"address": "0x75e0433ca87be944d96194e15fa14205109ce50c", "ens": null, "is_whale": false, "blockchain": "ETH", "is_contract": false, "is_blue_chip_holder": false, "is_super_blue_chip_holder": false, "is_multi_sign_wallet": false, "das": null, "alias": null}, "receiver": {"address": "0xc9c55fecc58721e57a844e16a583cb682a0a8bea", "ens": null, "is_whale": false, "blockchain": "ETH", "is_contract": false, "is_blue_chip_holder": false, "is_super_blue_chip_holder": false, "is_multi_sign_wallet": false, "das": null, "alias": null}, "event": "sale", "quantity": 1, "tx_hash": "0xb2237ac973c764ab4ee9858d016269ce5787349684c08536bcebdac95bcbe9ee", "time": 1708742747, "nft": {"contract_address": "0xc274a97f1691ef390f662067e95a6eff1f99b504", "token_id": "2804", "name": "TinFun #2804", "blockchain": "ETH", "image": "https://lh3.googleusercontent.com/VbQisDrLKdjDdK5_NGNmWMMbeM8-kXPM2PQiqNPEm7E8iOs8ZWUf1_DcsrSbjHHP9I1tq8-0MNh23JzlMyUmkuDZtaikTw_-5Nc", "contract_type": "ERC721"}, "collection": {"collection_id": "65a13036c284b18008bd25b7", "name": "TinFun", "logo": "https://i.seadn.io/s/raw/files/a531bedf317b5ffe5a35d559b5c94cd9.jpg?w=500&auto=format", "slug": "tin-fun"}, "gas_fee": {"value": 0.0039, "raw_value": 3900000000000000, "usd": 11.3816, "payment_token": {"address": "0x0000000000000000000000000000000000000000", "symbol": "ETH", "decimals": 18}}, "price": {"value": 0.56, "raw_value": 560000000000000000, "usd": 1629.2348520318662, "payment_token": {"address": "0x0000000000000000000000000000000000000000", "symbol": "ETH", "decimals": 18}}, "marketplace_path": ["blur"], "fees": [{"fee_type": "royalty", "recipient": "0x6650dc11f439f14d4dfbea75233bd9b0099a0647", "bps": 50, "price": {"value": 0.0028, "raw_value": 2800000000000000, "usd": 8.181496, "payment_token": {"address": "0x0000000000a39bb272e79075ade125fd351887ac", "symbol": "BETH", "decimals": 18}}}], "trait_offer_target": null}]