[{"blockchain": "ETH", "sender": {"address": "0x5e6adb51dca9bd7203384492dfdcd13e54b83422", "ens": null, "is_whale": false, "blockchain": "ETH", "is_contract": false, "is_blue_chip_holder": false, "is_super_blue_chip_holder": false, "is_multi_sign_wallet": false, "das": null, "alias": null}, "receiver": {"address": "0x8177e9fa379b85e01b2b30140ddc446b9875106a", "ens": null, "is_whale": false, "blockchain": "ETH", "is_contract": true, "is_blue_chip_holder": false, "is_super_blue_chip_holder": false, "is_multi_sign_wallet": false, "das": null, "alias": null}, "event": "transfer", "quantity": 1, "tx_hash": "0x926fc6929a3e6fe0f43c152a6f17be2a9a08f234568d66562d7b252e7ce66d81", "time": 1712967959, "nft": {"contract_address": "0xc274a97f1691ef390f662067e95a6eff1f99b504", "token_id": "7104", "name": "TinFun #7104", "blockchain": "ETH", "image": "https://lh3.googleusercontent.com/VPCCZvveWfNr7k3iVyd0psm8aUk5D7MM1MLp4A30VDfJGPnUnHQ_BW4mksmdqb0FoirPZNqPEcTKAGF5_bLnMvZFn0EshR136Oc", "contract_type": "ERC721"}, "collection": {"collection_id": "65a13036c284b18008bd25b7", "name": "TinFun", "logo": "https://i.seadn.io/s/raw/files/a531bedf317b5ffe5a35d559b5c94cd9.jpg?w=500&auto=format", "slug": "tin-fun"}, "gas_fee": {"value": 0.0076, "raw_value": 7600000000000000, "usd": 24.7736, "payment_token": {"address": "0x0000000000000000000000000000000000000000", "symbol": "ETH", "decimals": 18}}, "price": null, "marketplace_path": [], "fees": [], "trait_offer_target": null}]