[{"blockchain": "ETH", "sender": {"address": "0xe47e1ac440a31a8c77c825cf30d9a91f6352bc84", "ens": "commus.eth", "is_whale": false, "blockchain": "ETH", "is_contract": false, "is_blue_chip_holder": true, "is_super_blue_chip_holder": false, "is_multi_sign_wallet": false, "das": null, "alias": "commus.eth"}, "receiver": {"address": "0x5b5cb229bdb83e279a494cbaff799d1b8453f3ef", "ens": null, "is_whale": false, "blockchain": "ETH", "is_contract": false, "is_blue_chip_holder": false, "is_super_blue_chip_holder": false, "is_multi_sign_wallet": false, "das": null, "alias": null}, "event": "sale", "quantity": 1, "tx_hash": "0x01c867c051c9792cec74dc868c231d253517d6a7ca89fb9b21d5a337287636ed", "time": 1705667627, "nft": {"contract_address": "0xc274a97f1691ef390f662067e95a6eff1f99b504", "token_id": "737", "name": "TinFun #737", "blockchain": "ETH", "image": "https://lh3.googleusercontent.com/qsM2VNJlbYh6ahLl2DeJtcS0KqRmnCyuzlpr1_Qg1oSGCChgltot3s_SK4CcXINdqdM2OrVK57J19yWu5Y1Cz7ZXWbTwaKyCXso", "contract_type": "ERC721"}, "collection": {"collection_id": "65a13036c284b18008bd25b7", "name": "TinFun", "logo": "https://i.seadn.io/s/raw/files/a531bedf317b5ffe5a35d559b5c94cd9.jpg?w=500&auto=format", "slug": "tin-fun"}, "gas_fee": {"value": 0.004, "raw_value": 4000000000000000, "usd": 9.9069, "payment_token": {"address": "0x0000000000000000000000000000000000000000", "symbol": "ETH", "decimals": 18}}, "price": {"value": 0.64, "raw_value": 640000000000000000, "usd": 1591.6854040660064, "payment_token": {"address": "0x0000000000000000000000000000000000000000", "symbol": "ETH", "decimals": 18}}, "marketplace_path": ["blur"], "fees": [{"fee_type": "royalty", "recipient": "0x6650dc11f439f14d4dfbea75233bd9b0099a0647", "bps": 50, "price": {"value": 0.0032, "raw_value": 3200000000000000, "usd": 7.932886, "payment_token": {"address": "0x0000000000000000000000000000000000000000", "symbol": "ETH", "decimals": 18}}}], "trait_offer_target": null}, {"blockchain": "ETH", "sender": {"address": "0x61753e80c1462582ada37073cf887b8ed5ce3660", "ens": null, "is_whale": false, "blockchain": "ETH", "is_contract": false, "is_blue_chip_holder": true, "is_super_blue_chip_holder": false, "is_multi_sign_wallet": false, "das": null, "alias": null}, "receiver": {"address": "0xe47e1ac440a31a8c77c825cf30d9a91f6352bc84", "ens": "commus.eth", "is_whale": false, "blockchain": "ETH", "is_contract": false, "is_blue_chip_holder": true, "is_super_blue_chip_holder": false, "is_multi_sign_wallet": false, "das": null, "alias": "commus.eth"}, "event": "sale", "quantity": 1, "tx_hash": "0x3fb50481b07d783dea43bd0a6410549fab8132feb32e4dc25832aa3be6fb635e", "time": 1705666943, "nft": {"contract_address": "0xc274a97f1691ef390f662067e95a6eff1f99b504", "token_id": "737", "name": "TinFun #737", "blockchain": "ETH", "image": "https://lh3.googleusercontent.com/qsM2VNJlbYh6ahLl2DeJtcS0KqRmnCyuzlpr1_Qg1oSGCChgltot3s_SK4CcXINdqdM2OrVK57J19yWu5Y1Cz7ZXWbTwaKyCXso", "contract_type": "ERC721"}, "collection": {"collection_id": "65a13036c284b18008bd25b7", "name": "TinFun", "logo": "https://i.seadn.io/s/raw/files/a531bedf317b5ffe5a35d559b5c94cd9.jpg?w=500&auto=format", "slug": "tin-fun"}, "gas_fee": {"value": 0.0036, "raw_value": 3600000000000000, "usd": 8.9573, "payment_token": {"address": "0x0000000000000000000000000000000000000000", "symbol": "ETH", "decimals": 18}}, "price": {"value": 0.64, "raw_value": 640000000000000000, "usd": 1591.6854040660064, "payment_token": {"address": "0x0000000000000000000000000000000000000000", "symbol": "ETH", "decimals": 18}}, "marketplace_path": ["blur"], "fees": [{"fee_type": "royalty", "recipient": "0x6650dc11f439f14d4dfbea75233bd9b0099a0647", "bps": 50, "price": {"value": 0.0032, "raw_value": 3200000000000000, "usd": 7.932886, "payment_token": {"address": "0x0000000000a39bb272e79075ade125fd351887ac", "symbol": "BETH", "decimals": 18}}}], "trait_offer_target": null}, {"blockchain": "ETH", "sender": {"address": "0x0fa1d9e1a6a57dbcafabaeed2fd80fc5df8aec23", "ens": null, "is_whale": false, "blockchain": "ETH", "is_contract": false, "is_blue_chip_holder": false, "is_super_blue_chip_holder": false, "is_multi_sign_wallet": false, "das": null, "alias": null}, "receiver": {"address": "0x61753e80c1462582ada37073cf887b8ed5ce3660", "ens": null, "is_whale": false, "blockchain": "ETH", "is_contract": false, "is_blue_chip_holder": true, "is_super_blue_chip_holder": false, "is_multi_sign_wallet": false, "das": null, "alias": null}, "event": "sale", "quantity": 1, "tx_hash": "0x39c100e818c29fe651a64355e3203682f88ef9bcd8d7ffedd2b46e353b46ea98", "time": 1705665095, "nft": {"contract_address": "0xc274a97f1691ef390f662067e95a6eff1f99b504", "token_id": "737", "name": "TinFun #737", "blockchain": "ETH", "image": "https://lh3.googleusercontent.com/qsM2VNJlbYh6ahLl2DeJtcS0KqRmnCyuzlpr1_Qg1oSGCChgltot3s_SK4CcXINdqdM2OrVK57J19yWu5Y1Cz7ZXWbTwaKyCXso", "contract_type": "ERC721"}, "collection": {"collection_id": "65a13036c284b18008bd25b7", "name": "TinFun", "logo": "https://i.seadn.io/s/raw/files/a531bedf317b5ffe5a35d559b5c94cd9.jpg?w=500&auto=format", "slug": "tin-fun"}, "gas_fee": {"value": 0.0055, "raw_value": 5500000000000000, "usd": 13.604, "payment_token": {"address": "0x0000000000000000000000000000000000000000", "symbol": "ETH", "decimals": 18}}, "price": {"value": 0.6258, "raw_value": 625800000000000000, "usd": 1551.1872005236758, "payment_token": {"address": "0xc02aaa39b223fe8d0a0e5c4f27ead9083c756cc2", "symbol": "WETH", "decimals": 18}}, "marketplace_path": ["opensea"], "fees": [{"fee_type": "royalty", "recipient": "0x6650dc11f439f14d4dfbea75233bd9b0099a0647", "bps": 500, "price": {"value": 0.03129, "raw_value": 31290000000000000, "usd": 77.314926, "payment_token": {"address": "0xc02aaa39b223fe8d0a0e5c4f27ead9083c756cc2", "symbol": "WETH", "decimals": 18}}}, {"fee_type": "marketplace", "recipient": "0x0000a26b00c1f0df003000390027140000faa719", "bps": 250, "price": {"value": 0.015645, "raw_value": 15645000000000000, "usd": 38.657463, "payment_token": {"address": "0xc02aaa39b223fe8d0a0e5c4f27ead9083c756cc2", "symbol": "WETH", "decimals": 18}}}], "trait_offer_target": null}, {"blockchain": "ETH", "sender": {"address": "0x68e62a95a95cd200eb34c18182de1800240350f5", "ens": null, "is_whale": false, "blockchain": "ETH", "is_contract": false, "is_blue_chip_holder": false, "is_super_blue_chip_holder": false, "is_multi_sign_wallet": false, "das": null, "alias": null}, "receiver": {"address": "0x0fa1d9e1a6a57dbcafabaeed2fd80fc5df8aec23", "ens": null, "is_whale": false, "blockchain": "ETH", "is_contract": false, "is_blue_chip_holder": false, "is_super_blue_chip_holder": false, "is_multi_sign_wallet": false, "das": null, "alias": null}, "event": "sale", "quantity": 1, "tx_hash": "0x6bbd3478f747718ae45f408fe207eaf37b7eb3cd6f49ab0caad0848f349e34a0", "time": 1705110227, "nft": {"contract_address": "0xc274a97f1691ef390f662067e95a6eff1f99b504", "token_id": "737", "name": "TinFun #737", "blockchain": "ETH", "image": "https://lh3.googleusercontent.com/qsM2VNJlbYh6ahLl2DeJtcS0KqRmnCyuzlpr1_Qg1oSGCChgltot3s_SK4CcXINdqdM2OrVK57J19yWu5Y1Cz7ZXWbTwaKyCXso", "contract_type": "ERC721"}, "collection": {"collection_id": "65a13036c284b18008bd25b7", "name": "TinFun", "logo": "https://i.seadn.io/s/raw/files/a531bedf317b5ffe5a35d559b5c94cd9.jpg?w=500&auto=format", "slug": "tin-fun"}, "gas_fee": {"value": 0.003, "raw_value": 3000000000000000, "usd": 7.6447, "payment_token": {"address": "0x0000000000000000000000000000000000000000", "symbol": "ETH", "decimals": 18}}, "price": {"value": 0.79, "raw_value": 790000000000000000, "usd": 1989.149016747329, "payment_token": {"address": "0x0000000000000000000000000000000000000000", "symbol": "ETH", "decimals": 18}}, "marketplace_path": ["blur-aggregator", "blur"], "fees": [{"fee_type": "royalty", "recipient": "0x6650dc11f439f14d4dfbea75233bd9b0099a0647", "bps": 50, "price": {"value": 0.00395, "raw_value": 3950000000000000, "usd": 9.866012, "payment_token": {"address": "0x0000000000000000000000000000000000000000", "symbol": "ETH", "decimals": 18}}}], "trait_offer_target": null}, {"blockchain": "ETH", "sender": {"address": "0xeb3ad84cdf708f8c9b3e74e026fc7c36da27bff3", "ens": null, "is_whale": false, "blockchain": "ETH", "is_contract": false, "is_blue_chip_holder": false, "is_super_blue_chip_holder": false, "is_multi_sign_wallet": false, "das": null, "alias": null}, "receiver": {"address": "0x68e62a95a95cd200eb34c18182de1800240350f5", "ens": null, "is_whale": false, "blockchain": "ETH", "is_contract": false, "is_blue_chip_holder": false, "is_super_blue_chip_holder": false, "is_multi_sign_wallet": false, "das": null, "alias": null}, "event": "transfer", "quantity": 1, "tx_hash": "0x30c5d696d66bd8a44a1bec3378075fe612f73bdf750108137411653ba9479182", "time": 1705064663, "nft": {"contract_address": "0xc274a97f1691ef390f662067e95a6eff1f99b504", "token_id": "737", "name": "TinFun #737", "blockchain": "ETH", "image": "https://lh3.googleusercontent.com/qsM2VNJlbYh6ahLl2DeJtcS0KqRmnCyuzlpr1_Qg1oSGCChgltot3s_SK4CcXINdqdM2OrVK57J19yWu5Y1Cz7ZXWbTwaKyCXso", "contract_type": "ERC721"}, "collection": {"collection_id": "65a13036c284b18008bd25b7", "name": "TinFun", "logo": "https://i.seadn.io/s/raw/files/a531bedf317b5ffe5a35d559b5c94cd9.jpg?w=500&auto=format", "slug": "tin-fun"}, "gas_fee": {"value": 0.0018, "raw_value": 1800000000000000, "usd": 4.702, "payment_token": {"address": "0x0000000000000000000000000000000000000000", "symbol": "ETH", "decimals": 18}}, "price": null, "marketplace_path": [], "fees": [], "trait_offer_target": null}]