[{"blockchain": "ETH", "sender": {"address": "0xf5851672ab7fc8729de7472dd273066b5e3b4de5", "ens": "gwnft.eth", "is_whale": false, "blockchain": "ETH", "is_contract": false, "is_blue_chip_holder": true, "is_super_blue_chip_holder": false, "is_multi_sign_wallet": false, "das": null, "alias": "gwnft.eth"}, "receiver": {"address": "0xd28cd87918545d173f15886a77008032d5ce6aaa", "ens": "eth0999.eth", "is_whale": false, "blockchain": "ETH", "is_contract": false, "is_blue_chip_holder": false, "is_super_blue_chip_holder": false, "is_multi_sign_wallet": false, "das": null, "alias": "eth0999.eth"}, "event": "sale", "quantity": 1, "tx_hash": "0x5e4c9d7c5b3e698c58a3ba47d455f3f4293c4bc0ac5c1a498c4531ac3fd15e0a", "time": 1705365419, "nft": {"contract_address": "0xc274a97f1691ef390f662067e95a6eff1f99b504", "token_id": "8571", "name": "TinFun #8571", "blockchain": "ETH", "image": "https://lh3.googleusercontent.com/RNfCl-F3WYGxcGyfsLq11dzO2BaFKQG9WXADimaRprRwIZF8wBv_WeR_soLB3LNel52iNVovWWoTiDoGeXC2ftvm052Sk8Xz32rJ", "contract_type": "ERC721"}, "collection": {"collection_id": "65a13036c284b18008bd25b7", "name": "TinFun", "logo": "https://i.seadn.io/s/raw/files/a531bedf317b5ffe5a35d559b5c94cd9.jpg?w=500&auto=format", "slug": "tin-fun"}, "gas_fee": {"value": 0.0302, "raw_value": 30200000000000000, "usd": 75.9079, "payment_token": {"address": "0x0000000000000000000000000000000000000000", "symbol": "ETH", "decimals": 18}}, "price": {"value": 0.8, "raw_value": 800000000000000000, "usd": 2008.5018499777918, "payment_token": {"address": "0x0000000000000000000000000000000000000000", "symbol": "ETH", "decimals": 18}}, "marketplace_path": ["blur-aggregator", "blur"], "fees": [], "trait_offer_target": null}, {"blockchain": "ETH", "sender": {"address": "0x1f40964008996655e5aa4e859ade0bb234330c55", "ens": null, "is_whale": false, "blockchain": "ETH", "is_contract": false, "is_blue_chip_holder": false, "is_super_blue_chip_holder": false, "is_multi_sign_wallet": false, "das": null, "alias": null}, "receiver": {"address": "0xf5851672ab7fc8729de7472dd273066b5e3b4de5", "ens": "gwnft.eth", "is_whale": false, "blockchain": "ETH", "is_contract": false, "is_blue_chip_holder": true, "is_super_blue_chip_holder": false, "is_multi_sign_wallet": false, "das": null, "alias": "gwnft.eth"}, "event": "transfer", "quantity": 1, "tx_hash": "0x249ee77d48de8802c68a3e7504a86b3a67358f2954d4fd85fb4880ef11293786", "time": 1705089215, "nft": {"contract_address": "0xc274a97f1691ef390f662067e95a6eff1f99b504", "token_id": "8571", "name": "TinFun #8571", "blockchain": "ETH", "image": "https://lh3.googleusercontent.com/RNfCl-F3WYGxcGyfsLq11dzO2BaFKQG9WXADimaRprRwIZF8wBv_WeR_soLB3LNel52iNVovWWoTiDoGeXC2ftvm052Sk8Xz32rJ", "contract_type": "ERC721"}, "collection": {"collection_id": "65a13036c284b18008bd25b7", "name": "TinFun", "logo": "https://i.seadn.io/s/raw/files/a531bedf317b5ffe5a35d559b5c94cd9.jpg?w=500&auto=format", "slug": "tin-fun"}, "gas_fee": {"value": 0.0013, "raw_value": 1300000000000000, "usd": 3.4447, "payment_token": {"address": "0x0000000000000000000000000000000000000000", "symbol": "ETH", "decimals": 18}}, "price": null, "marketplace_path": [], "fees": [], "trait_offer_target": null}]