[{"blockchain": "ETH", "sender": {"address": "0xf1582d82c0bb81a9e4a8a2cd3fef73271b00a9a9", "ens": null, "is_whale": false, "blockchain": "ETH", "is_contract": false, "is_blue_chip_holder": false, "is_super_blue_chip_holder": false, "is_multi_sign_wallet": false, "das": null, "alias": null}, "receiver": {"address": "0x8177e9fa379b85e01b2b30140ddc446b9875106a", "ens": null, "is_whale": false, "blockchain": "ETH", "is_contract": true, "is_blue_chip_holder": false, "is_super_blue_chip_holder": false, "is_multi_sign_wallet": false, "das": null, "alias": null}, "event": "transfer", "quantity": 1, "tx_hash": "0xc04a931724df590635a863b55659d7e88635d0881118823ac56a1ca6d2d748f1", "time": 1711870079, "nft": {"contract_address": "0xc274a97f1691ef390f662067e95a6eff1f99b504", "token_id": "8834", "name": "TinFun #8834", "blockchain": "ETH", "image": "https://lh3.googleusercontent.com/PG8wVlEYagcvWMcsemyZxTXRHRDj3R3roTmDH8-I83etCSr5ZmoL2iR_W7uH0KefnAZeQ25_QJlr5Jgw_uTex34RIOp1gFZNHw", "contract_type": "ERC721"}, "collection": {"collection_id": "65a13036c284b18008bd25b7", "name": "TinFun", "logo": "https://i.seadn.io/s/raw/files/a531bedf317b5ffe5a35d559b5c94cd9.jpg?w=500&auto=format", "slug": "tin-fun"}, "gas_fee": {"value": 0.0025, "raw_value": 2500000000000000, "usd": 9.0981, "payment_token": {"address": "0x0000000000000000000000000000000000000000", "symbol": "ETH", "decimals": 18}}, "price": null, "marketplace_path": [], "fees": [], "trait_offer_target": null}, {"blockchain": "ETH", "sender": {"address": "0x192317300b1574cd4fb2a104462ac4914f1a963a", "ens": null, "is_whale": false, "blockchain": "ETH", "is_contract": false, "is_blue_chip_holder": false, "is_super_blue_chip_holder": false, "is_multi_sign_wallet": false, "das": null, "alias": null}, "receiver": {"address": "0xf1582d82c0bb81a9e4a8a2cd3fef73271b00a9a9", "ens": null, "is_whale": false, "blockchain": "ETH", "is_contract": false, "is_blue_chip_holder": false, "is_super_blue_chip_holder": false, "is_multi_sign_wallet": false, "das": null, "alias": null}, "event": "transfer", "quantity": 1, "tx_hash": "0xe6b18e1312f86852bc912905db7cb27eefb9dd0a11bfec152fb514d40e2b323b", "time": 1711870043, "nft": {"contract_address": "0xc274a97f1691ef390f662067e95a6eff1f99b504", "token_id": "8834", "name": "TinFun #8834", "blockchain": "ETH", "image": "https://lh3.googleusercontent.com/PG8wVlEYagcvWMcsemyZxTXRHRDj3R3roTmDH8-I83etCSr5ZmoL2iR_W7uH0KefnAZeQ25_QJlr5Jgw_uTex34RIOp1gFZNHw", "contract_type": "ERC721"}, "collection": {"collection_id": "65a13036c284b18008bd25b7", "name": "TinFun", "logo": "https://i.seadn.io/s/raw/files/a531bedf317b5ffe5a35d559b5c94cd9.jpg?w=500&auto=format", "slug": "tin-fun"}, "gas_fee": {"value": 0.0009, "raw_value": 900000000000000, "usd": 3.2463, "payment_token": {"address": "0x0000000000000000000000000000000000000000", "symbol": "ETH", "decimals": 18}}, "price": null, "marketplace_path": [], "fees": [], "trait_offer_target": null}, {"blockchain": "ETH", "sender": {"address": "0xf1582d82c0bb81a9e4a8a2cd3fef73271b00a9a9", "ens": null, "is_whale": false, "blockchain": "ETH", "is_contract": false, "is_blue_chip_holder": false, "is_super_blue_chip_holder": false, "is_multi_sign_wallet": false, "das": null, "alias": null}, "receiver": {"address": "0x192317300b1574cd4fb2a104462ac4914f1a963a", "ens": null, "is_whale": false, "blockchain": "ETH", "is_contract": false, "is_blue_chip_holder": false, "is_super_blue_chip_holder": false, "is_multi_sign_wallet": false, "das": null, "alias": null}, "event": "transfer", "quantity": 1, "tx_hash": "0xa1d53a4ee0566589937043d16f302449e7b13108b06657b04fb5c2a519e76deb", "time": 1707216779, "nft": {"contract_address": "0xc274a97f1691ef390f662067e95a6eff1f99b504", "token_id": "8834", "name": "TinFun #8834", "blockchain": "ETH", "image": "https://lh3.googleusercontent.com/PG8wVlEYagcvWMcsemyZxTXRHRDj3R3roTmDH8-I83etCSr5ZmoL2iR_W7uH0KefnAZeQ25_QJlr5Jgw_uTex34RIOp1gFZNHw", "contract_type": "ERC721"}, "collection": {"collection_id": "65a13036c284b18008bd25b7", "name": "TinFun", "logo": "https://i.seadn.io/s/raw/files/a531bedf317b5ffe5a35d559b5c94cd9.jpg?w=500&auto=format", "slug": "tin-fun"}, "gas_fee": {"value": 0.0025, "raw_value": 2500000000000000, "usd": 5.8621, "payment_token": {"address": "0x0000000000000000000000000000000000000000", "symbol": "ETH", "decimals": 18}}, "price": null, "marketplace_path": [], "fees": [], "trait_offer_target": null}, {"blockchain": "ETH", "sender": {"address": "0x44c1df88807350508a2b3408e5231af1f2d5c81b", "ens": null, "is_whale": false, "blockchain": "ETH", "is_contract": false, "is_blue_chip_holder": false, "is_super_blue_chip_holder": false, "is_multi_sign_wallet": false, "das": null, "alias": null}, "receiver": {"address": "0xf1582d82c0bb81a9e4a8a2cd3fef73271b00a9a9", "ens": null, "is_whale": false, "blockchain": "ETH", "is_contract": false, "is_blue_chip_holder": false, "is_super_blue_chip_holder": false, "is_multi_sign_wallet": false, "das": null, "alias": null}, "event": "sale", "quantity": 1, "tx_hash": "0x2cb95d25a15c6f043d7a86db044496b0bacf4a66565991656812312a863c3ee6", "time": 1705880411, "nft": {"contract_address": "0xc274a97f1691ef390f662067e95a6eff1f99b504", "token_id": "8834", "name": "TinFun #8834", "blockchain": "ETH", "image": "https://lh3.googleusercontent.com/PG8wVlEYagcvWMcsemyZxTXRHRDj3R3roTmDH8-I83etCSr5ZmoL2iR_W7uH0KefnAZeQ25_QJlr5Jgw_uTex34RIOp1gFZNHw", "contract_type": "ERC721"}, "collection": {"collection_id": "65a13036c284b18008bd25b7", "name": "TinFun", "logo": "https://i.seadn.io/s/raw/files/a531bedf317b5ffe5a35d559b5c94cd9.jpg?w=500&auto=format", "slug": "tin-fun"}, "gas_fee": {"value": 0.0058, "raw_value": 5800000000000000, "usd": 14.2093, "payment_token": {"address": "0x0000000000000000000000000000000000000000", "symbol": "ETH", "decimals": 18}}, "price": {"value": 0.6, "raw_value": 600000000000000000, "usd": 1476.4624810273915, "payment_token": {"address": "0x0000000000000000000000000000000000000000", "symbol": "ETH", "decimals": 18}}, "marketplace_path": ["blur"], "fees": [{"fee_type": "royalty", "recipient": "0x6650dc11f439f14d4dfbea75233bd9b0099a0647", "bps": 50, "price": {"value": 0.003, "raw_value": 3000000000000000, "usd": 7.39898, "payment_token": {"address": "0x0000000000a39bb272e79075ade125fd351887ac", "symbol": "BETH", "decimals": 18}}}], "trait_offer_target": null}, {"blockchain": "ETH", "sender": {"address": "0x6a952452c6b71d60fa47cb8e5adeffa204473df7", "ens": null, "is_whale": false, "blockchain": "ETH", "is_contract": false, "is_blue_chip_holder": false, "is_super_blue_chip_holder": false, "is_multi_sign_wallet": false, "das": null, "alias": null}, "receiver": {"address": "0x44c1df88807350508a2b3408e5231af1f2d5c81b", "ens": null, "is_whale": false, "blockchain": "ETH", "is_contract": false, "is_blue_chip_holder": false, "is_super_blue_chip_holder": false, "is_multi_sign_wallet": false, "das": null, "alias": null}, "event": "sale", "quantity": 1, "tx_hash": "0x5047ba4d4477fb57bda0e1069d5288d173efeebdb14ec7134b027730782aa48f", "time": 1705719911, "nft": {"contract_address": "0xc274a97f1691ef390f662067e95a6eff1f99b504", "token_id": "8834", "name": "TinFun #8834", "blockchain": "ETH", "image": "https://lh3.googleusercontent.com/PG8wVlEYagcvWMcsemyZxTXRHRDj3R3roTmDH8-I83etCSr5ZmoL2iR_W7uH0KefnAZeQ25_QJlr5Jgw_uTex34RIOp1gFZNHw", "contract_type": "ERC721"}, "collection": {"collection_id": "65a13036c284b18008bd25b7", "name": "TinFun", "logo": "https://i.seadn.io/s/raw/files/a531bedf317b5ffe5a35d559b5c94cd9.jpg?w=500&auto=format", "slug": "tin-fun"}, "gas_fee": {"value": 0.016, "raw_value": 16000000000000000, "usd": 39.7379, "payment_token": {"address": "0x0000000000000000000000000000000000000000", "symbol": "ETH", "decimals": 18}}, "price": {"value": 0.6588, "raw_value": 658800000000000000, "usd": 1636.6634187986042, "payment_token": {"address": "0x0000000000000000000000000000000000000000", "symbol": "ETH", "decimals": 18}}, "marketplace_path": ["blur-aggregator", "opensea"], "fees": [{"fee_type": "marketplace", "recipient": "0x0000a26b00c1f0df003000390027140000faa719", "bps": 50, "price": {"value": 0.003294, "raw_value": 3294000000000000, "usd": 8.154494, "payment_token": {"address": "0x0000000000000000000000000000000000000000", "symbol": "ETH", "decimals": 18}}}], "trait_offer_target": null}]