[{"blockchain": "ETH", "sender": {"address": "0x21aea4ab20aa36e400cee883e458c278f33c5b70", "ens": null, "is_whale": false, "blockchain": "ETH", "is_contract": false, "is_blue_chip_holder": false, "is_super_blue_chip_holder": false, "is_multi_sign_wallet": false, "das": null, "alias": null}, "receiver": {"address": "0x8177e9fa379b85e01b2b30140ddc446b9875106a", "ens": null, "is_whale": false, "blockchain": "ETH", "is_contract": true, "is_blue_chip_holder": false, "is_super_blue_chip_holder": false, "is_multi_sign_wallet": false, "das": null, "alias": null}, "event": "transfer", "quantity": 1, "tx_hash": "0x01a7b28d0146da8fd2f4897b831ff5958f3f2160312c7fba145b41ef7cf08532", "time": 1712910455, "nft": {"contract_address": "0xc274a97f1691ef390f662067e95a6eff1f99b504", "token_id": "4544", "name": "TinFun #4544", "blockchain": "ETH", "image": "https://lh3.googleusercontent.com/HW8allttg61qyRAewlfyG6zGlaKMb9mFR4aPl1_aXYyQHnkVn0XriCrSTYVRRElABUGw9kDXlfzoIUL00Y-0dDMNhgKoXPMWRDs", "contract_type": "ERC721"}, "collection": {"collection_id": "65a13036c284b18008bd25b7", "name": "TinFun", "logo": "https://i.seadn.io/s/raw/files/a531bedf317b5ffe5a35d559b5c94cd9.jpg?w=500&auto=format", "slug": "tin-fun"}, "gas_fee": {"value": 0.0027, "raw_value": 2700000000000000, "usd": 9.6012, "payment_token": {"address": "0x0000000000000000000000000000000000000000", "symbol": "ETH", "decimals": 18}}, "price": null, "marketplace_path": [], "fees": [], "trait_offer_target": null}]