[{"blockchain": "ETH", "sender": {"address": "0x3fc55fda9d2beec9ce9e6715739e881a37decfba", "ens": null, "is_whale": false, "blockchain": "ETH", "is_contract": false, "is_blue_chip_holder": false, "is_super_blue_chip_holder": false, "is_multi_sign_wallet": false, "das": null, "alias": null}, "receiver": {"address": "0x8177e9fa379b85e01b2b30140ddc446b9875106a", "ens": null, "is_whale": false, "blockchain": "ETH", "is_contract": true, "is_blue_chip_holder": false, "is_super_blue_chip_holder": false, "is_multi_sign_wallet": false, "das": null, "alias": null}, "event": "transfer", "quantity": 1, "tx_hash": "0xbd5477429bde5a60dd1bb879da172ce14985255dd8d584ac34784820e5acc85d", "time": 1711705979, "nft": {"contract_address": "0xc274a97f1691ef390f662067e95a6eff1f99b504", "token_id": "672", "name": "TinFun #672", "blockchain": "ETH", "image": "https://lh3.googleusercontent.com/2CwDiTCK1nYrLW9HNo8EQXed9ofG_pqjwVus4eZR1i1uzSh39mCOxHDo1ZfmsLRjUc1mNEsaXg0PQEZM5_jh6McZ8qSRT_AajQ0", "contract_type": "ERC721"}, "collection": {"collection_id": "65a13036c284b18008bd25b7", "name": "TinFun", "logo": "https://i.seadn.io/s/raw/files/a531bedf317b5ffe5a35d559b5c94cd9.jpg?w=500&auto=format", "slug": "tin-fun"}, "gas_fee": {"value": 0.0041, "raw_value": 4100000000000000, "usd": 14.6235, "payment_token": {"address": "0x0000000000000000000000000000000000000000", "symbol": "ETH", "decimals": 18}}, "price": null, "marketplace_path": [], "fees": [], "trait_offer_target": null}]