[{"blockchain": "ETH", "sender": {"address": "0x1af331dc34dd7c5c62af28b5685328318b61888a", "ens": "lasercat397.eth", "is_whale": false, "blockchain": "ETH", "is_contract": false, "is_blue_chip_holder": true, "is_super_blue_chip_holder": false, "is_multi_sign_wallet": false, "das": null, "alias": "Lasercat"}, "receiver": {"address": "0x8177e9fa379b85e01b2b30140ddc446b9875106a", "ens": null, "is_whale": false, "blockchain": "ETH", "is_contract": true, "is_blue_chip_holder": false, "is_super_blue_chip_holder": false, "is_multi_sign_wallet": false, "das": null, "alias": null}, "event": "transfer", "quantity": 1, "tx_hash": "0xa6d25e8ebba058f63b73616b833502ddd4ef90a0174167c51d0838494e3ce5c2", "time": 1711697207, "nft": {"contract_address": "0xc274a97f1691ef390f662067e95a6eff1f99b504", "token_id": "6345", "name": "TinFun #6345", "blockchain": "ETH", "image": "https://lh3.googleusercontent.com/_0uXisHi4MxuglRD0SJmk3wXaG6XzSr62HMlDn5SjYqG6FQEwrSyhJsWLYdsDX6lbd-xZKBkDixquxU0KiEoZ6EyRaOiajWQm6o", "contract_type": "ERC721"}, "collection": {"collection_id": "65a13036c284b18008bd25b7", "name": "TinFun", "logo": "https://i.seadn.io/s/raw/files/a531bedf317b5ffe5a35d559b5c94cd9.jpg?w=500&auto=format", "slug": "tin-fun"}, "gas_fee": {"value": 0.0888, "raw_value": 88800000000000000, "usd": 317.2785, "payment_token": {"address": "0x0000000000000000000000000000000000000000", "symbol": "ETH", "decimals": 18}}, "price": null, "marketplace_path": [], "fees": [], "trait_offer_target": null}, {"blockchain": "ETH", "sender": {"address": "0x1e2ab2c1ee48aa5c705e6a638087bf7fc1877095", "ens": "333488.eth", "is_whale": false, "blockchain": "ETH", "is_contract": false, "is_blue_chip_holder": true, "is_super_blue_chip_holder": false, "is_multi_sign_wallet": false, "das": null, "alias": "333488.eth"}, "receiver": {"address": "0x1af331dc34dd7c5c62af28b5685328318b61888a", "ens": "lasercat397.eth", "is_whale": false, "blockchain": "ETH", "is_contract": false, "is_blue_chip_holder": true, "is_super_blue_chip_holder": false, "is_multi_sign_wallet": false, "das": null, "alias": "Lasercat"}, "event": "sale", "quantity": 1, "tx_hash": "0x095ffe68c94a02f2aa2fa268c9c47ad2bb8f57c11f970dd6f8905e294e6b4f04", "time": 1710518351, "nft": {"contract_address": "0xc274a97f1691ef390f662067e95a6eff1f99b504", "token_id": "6345", "name": "TinFun #6345", "blockchain": "ETH", "image": "https://lh3.googleusercontent.com/_0uXisHi4MxuglRD0SJmk3wXaG6XzSr62HMlDn5SjYqG6FQEwrSyhJsWLYdsDX6lbd-xZKBkDixquxU0KiEoZ6EyRaOiajWQm6o", "contract_type": "ERC721"}, "collection": {"collection_id": "65a13036c284b18008bd25b7", "name": "TinFun", "logo": "https://i.seadn.io/s/raw/files/a531bedf317b5ffe5a35d559b5c94cd9.jpg?w=500&auto=format", "slug": "tin-fun"}, "gas_fee": {"value": 0.0974, "raw_value": 97400000000000000, "usd": 362.4503, "payment_token": {"address": "0x0000000000000000000000000000000000000000", "symbol": "ETH", "decimals": 18}}, "price": {"value": 0.1969, "raw_value": 196900000000000000, "usd": 732.4774761110942, "payment_token": {"address": "0x0000000000000000000000000000000000000000", "symbol": "ETH", "decimals": 18}}, "marketplace_path": ["blur-aggregator", "blur"], "fees": [{"fee_type": "royalty", "recipient": "0x6650dc11f439f14d4dfbea75233bd9b0099a0647", "bps": 50, "price": {"value": 0.000984, "raw_value": 984500000000000, "usd": 3.640255, "payment_token": {"address": "0x0000000000000000000000000000000000000000", "symbol": "ETH", "decimals": 18}}}], "trait_offer_target": null}, {"blockchain": "ETH", "sender": {"address": "0x328fa40ec846bf6d683b2d6be9402dd1ff55d9df", "ens": null, "is_whale": false, "blockchain": "ETH", "is_contract": false, "is_blue_chip_holder": false, "is_super_blue_chip_holder": false, "is_multi_sign_wallet": false, "das": null, "alias": null}, "receiver": {"address": "0x1e2ab2c1ee48aa5c705e6a638087bf7fc1877095", "ens": "333488.eth", "is_whale": false, "blockchain": "ETH", "is_contract": false, "is_blue_chip_holder": true, "is_super_blue_chip_holder": false, "is_multi_sign_wallet": false, "das": null, "alias": "333488.eth"}, "event": "sale", "quantity": 1, "tx_hash": "0x490b77efd4a0d1cd9a6fa62c9a239cbca1904d4ae11ae8a55cf52c314894d0e3", "time": 1710144095, "nft": {"contract_address": "0xc274a97f1691ef390f662067e95a6eff1f99b504", "token_id": "6345", "name": "TinFun #6345", "blockchain": "ETH", "image": "https://lh3.googleusercontent.com/_0uXisHi4MxuglRD0SJmk3wXaG6XzSr62HMlDn5SjYqG6FQEwrSyhJsWLYdsDX6lbd-xZKBkDixquxU0KiEoZ6EyRaOiajWQm6o", "contract_type": "ERC721"}, "collection": {"collection_id": "65a13036c284b18008bd25b7", "name": "TinFun", "logo": "https://i.seadn.io/s/raw/files/a531bedf317b5ffe5a35d559b5c94cd9.jpg?w=500&auto=format", "slug": "tin-fun"}, "gas_fee": {"value": 0.0576, "raw_value": 57600000000000000, "usd": 230.5581, "payment_token": {"address": "0x0000000000000000000000000000000000000000", "symbol": "ETH", "decimals": 18}}, "price": {"value": 0.2, "raw_value": 200000000000000000, "usd": 800.4729571127044, "payment_token": {"address": "0x0000000000000000000000000000000000000000", "symbol": "ETH", "decimals": 18}}, "marketplace_path": ["blur"], "fees": [{"fee_type": "royalty", "recipient": "0x6650dc11f439f14d4dfbea75233bd9b0099a0647", "bps": 50, "price": {"value": 0.001, "raw_value": 1000000000000000, "usd": 3.845775, "payment_token": {"address": "0x0000000000a39bb272e79075ade125fd351887ac", "symbol": "BETH", "decimals": 18}}}], "trait_offer_target": null}, {"blockchain": "ETH", "sender": {"address": "0x16be2582ad35aa56a8a247c61ab0cb7b9ac8fe19", "ens": "cbbjeff.eth", "is_whale": false, "blockchain": "ETH", "is_contract": false, "is_blue_chip_holder": false, "is_super_blue_chip_holder": false, "is_multi_sign_wallet": false, "das": null, "alias": "cbbjeff.eth"}, "receiver": {"address": "0x328fa40ec846bf6d683b2d6be9402dd1ff55d9df", "ens": null, "is_whale": false, "blockchain": "ETH", "is_contract": false, "is_blue_chip_holder": false, "is_super_blue_chip_holder": false, "is_multi_sign_wallet": false, "das": null, "alias": null}, "event": "sale", "quantity": 1, "tx_hash": "0x18e6f0380b182c22ac69f7d10f714cd3b253e1ca8d308ae6e564ff7afe63f87e", "time": 1708823363, "nft": {"contract_address": "0xc274a97f1691ef390f662067e95a6eff1f99b504", "token_id": "6345", "name": "TinFun #6345", "blockchain": "ETH", "image": "https://lh3.googleusercontent.com/_0uXisHi4MxuglRD0SJmk3wXaG6XzSr62HMlDn5SjYqG6FQEwrSyhJsWLYdsDX6lbd-xZKBkDixquxU0KiEoZ6EyRaOiajWQm6o", "contract_type": "ERC721"}, "collection": {"collection_id": "65a13036c284b18008bd25b7", "name": "TinFun", "logo": "https://i.seadn.io/s/raw/files/a531bedf317b5ffe5a35d559b5c94cd9.jpg?w=500&auto=format", "slug": "tin-fun"}, "gas_fee": {"value": 0.0058, "raw_value": 5800000000000000, "usd": 17.2863, "payment_token": {"address": "0x0000000000000000000000000000000000000000", "symbol": "ETH", "decimals": 18}}, "price": {"value": 0.34, "raw_value": 340000000000000000, "usd": 1018.1849495133853, "payment_token": {"address": "0x0000000000000000000000000000000000000000", "symbol": "ETH", "decimals": 18}}, "marketplace_path": ["blur"], "fees": [{"fee_type": "royalty", "recipient": "0x6650dc11f439f14d4dfbea75233bd9b0099a0647", "bps": 50, "price": {"value": 0.0017, "raw_value": 1700000000000000, "usd": 5.080449, "payment_token": {"address": "0x0000000000a39bb272e79075ade125fd351887ac", "symbol": "BETH", "decimals": 18}}}], "trait_offer_target": null}, {"blockchain": "ETH", "sender": {"address": "0xa69833b9fda816f1bfc79517e7932e64708df0dd", "ens": null, "is_whale": false, "blockchain": "ETH", "is_contract": false, "is_blue_chip_holder": true, "is_super_blue_chip_holder": false, "is_multi_sign_wallet": false, "das": null, "alias": null}, "receiver": {"address": "0x16be2582ad35aa56a8a247c61ab0cb7b9ac8fe19", "ens": "cbbjeff.eth", "is_whale": false, "blockchain": "ETH", "is_contract": false, "is_blue_chip_holder": false, "is_super_blue_chip_holder": false, "is_multi_sign_wallet": false, "das": null, "alias": "cbbjeff.eth"}, "event": "sale", "quantity": 1, "tx_hash": "0x28be7346d1d33a5a42ded1dc4b5fb4d583637cf3a802968b1fcb8d1d0bb2edde", "time": 1708818371, "nft": {"contract_address": "0xc274a97f1691ef390f662067e95a6eff1f99b504", "token_id": "6345", "name": "TinFun #6345", "blockchain": "ETH", "image": "https://lh3.googleusercontent.com/_0uXisHi4MxuglRD0SJmk3wXaG6XzSr62HMlDn5SjYqG6FQEwrSyhJsWLYdsDX6lbd-xZKBkDixquxU0KiEoZ6EyRaOiajWQm6o", "contract_type": "ERC721"}, "collection": {"collection_id": "65a13036c284b18008bd25b7", "name": "TinFun", "logo": "https://i.seadn.io/s/raw/files/a531bedf317b5ffe5a35d559b5c94cd9.jpg?w=500&auto=format", "slug": "tin-fun"}, "gas_fee": {"value": 0.0176, "raw_value": 17600000000000002, "usd": 52.7161, "payment_token": {"address": "0x0000000000000000000000000000000000000000", "symbol": "ETH", "decimals": 18}}, "price": {"value": 0.34, "raw_value": 340000000000000000, "usd": 1016.0898949109946, "payment_token": {"address": "0x0000000000000000000000000000000000000000", "symbol": "ETH", "decimals": 18}}, "marketplace_path": ["blur"], "fees": [{"fee_type": "royalty", "recipient": "0x6650dc11f439f14d4dfbea75233bd9b0099a0647", "bps": 50, "price": {"value": 0.0017, "raw_value": 1700000000000000, "usd": 5.079577, "payment_token": {"address": "0x0000000000a39bb272e79075ade125fd351887ac", "symbol": "BETH", "decimals": 18}}}], "trait_offer_target": null}, {"blockchain": "ETH", "sender": {"address": "0x7b80cc59535ba047984099ba088e21021752d2d2", "ens": null, "is_whale": false, "blockchain": "ETH", "is_contract": false, "is_blue_chip_holder": false, "is_super_blue_chip_holder": false, "is_multi_sign_wallet": false, "das": null, "alias": null}, "receiver": {"address": "0xa69833b9fda816f1bfc79517e7932e64708df0dd", "ens": null, "is_whale": false, "blockchain": "ETH", "is_contract": false, "is_blue_chip_holder": true, "is_super_blue_chip_holder": false, "is_multi_sign_wallet": false, "das": null, "alias": null}, "event": "sale", "quantity": 1, "tx_hash": "0xcd006ef3dab38f491d5af0bced13f618b02a746671e2a972fc488ebc03dc7b7f", "time": 1708812935, "nft": {"contract_address": "0xc274a97f1691ef390f662067e95a6eff1f99b504", "token_id": "6345", "name": "TinFun #6345", "blockchain": "ETH", "image": "https://lh3.googleusercontent.com/_0uXisHi4MxuglRD0SJmk3wXaG6XzSr62HMlDn5SjYqG6FQEwrSyhJsWLYdsDX6lbd-xZKBkDixquxU0KiEoZ6EyRaOiajWQm6o", "contract_type": "ERC721"}, "collection": {"collection_id": "65a13036c284b18008bd25b7", "name": "TinFun", "logo": "https://i.seadn.io/s/raw/files/a531bedf317b5ffe5a35d559b5c94cd9.jpg?w=500&auto=format", "slug": "tin-fun"}, "gas_fee": {"value": 0.0058, "raw_value": 5800000000000000, "usd": 17.1829, "payment_token": {"address": "0x0000000000000000000000000000000000000000", "symbol": "ETH", "decimals": 18}}, "price": {"value": 0.35, "raw_value": 350000000000000000, "usd": 1044.9903346487488, "payment_token": {"address": "0x0000000000000000000000000000000000000000", "symbol": "ETH", "decimals": 18}}, "marketplace_path": ["blur"], "fees": [{"fee_type": "royalty", "recipient": "0x6650dc11f439f14d4dfbea75233bd9b0099a0647", "bps": 50, "price": {"value": 0.00175, "raw_value": 1750000000000000, "usd": 5.22796, "payment_token": {"address": "0x0000000000a39bb272e79075ade125fd351887ac", "symbol": "BETH", "decimals": 18}}}], "trait_offer_target": null}]