[{"blockchain": "ETH", "sender": {"address": "0xe932d82890e002804e02668b8269c618dd7e9707", "ens": "guanda.eth", "is_whale": false, "blockchain": "ETH", "is_contract": false, "is_blue_chip_holder": false, "is_super_blue_chip_holder": false, "is_multi_sign_wallet": false, "das": null, "alias": "guanda.eth"}, "receiver": {"address": "0x8177e9fa379b85e01b2b30140ddc446b9875106a", "ens": null, "is_whale": false, "blockchain": "ETH", "is_contract": true, "is_blue_chip_holder": false, "is_super_blue_chip_holder": false, "is_multi_sign_wallet": false, "das": null, "alias": null}, "event": "transfer", "quantity": 1, "tx_hash": "0x441b6264f77ee141fc917973760eb76922f7e363604f17a361a53b28d8be1705", "time": 1712199179, "nft": {"contract_address": "0xc274a97f1691ef390f662067e95a6eff1f99b504", "token_id": "3917", "name": "TinFun #3917", "blockchain": "ETH", "image": "https://lh3.googleusercontent.com/fLrPL-ce_dnnIA8Ae0cvzOwcoxaKpLVLi0I4sd-ARrNXKlVjFOq6dfn3l78QbU0DhY_rd0vE1JFXaqn7KBxkNjLDulIr2crNe3Vq", "contract_type": "ERC721"}, "collection": {"collection_id": "65a13036c284b18008bd25b7", "name": "TinFun", "logo": "https://i.seadn.io/s/raw/files/a531bedf317b5ffe5a35d559b5c94cd9.jpg?w=500&auto=format", "slug": "tin-fun"}, "gas_fee": {"value": 0.0028, "raw_value": 2800000000000000, "usd": 9.3999, "payment_token": {"address": "0x0000000000000000000000000000000000000000", "symbol": "ETH", "decimals": 18}}, "price": null, "marketplace_path": [], "fees": [], "trait_offer_target": null}]