[{"blockchain": "ETH", "sender": {"address": "0xec4f9dd55da80c42e81cc9165aa7d675c86f9419", "ens": "chenchao.eth", "is_whale": false, "blockchain": "ETH", "is_contract": false, "is_blue_chip_holder": true, "is_super_blue_chip_holder": false, "is_multi_sign_wallet": false, "das": null, "alias": "chenchao.eth"}, "receiver": {"address": "0x8177e9fa379b85e01b2b30140ddc446b9875106a", "ens": null, "is_whale": false, "blockchain": "ETH", "is_contract": true, "is_blue_chip_holder": false, "is_super_blue_chip_holder": false, "is_multi_sign_wallet": false, "das": null, "alias": null}, "event": "transfer", "quantity": 1, "tx_hash": "0xdada3f1467a56de441fd6a64db655a3e84d43fc81a8b4d4c7463c1cdf4d425b6", "time": 1711719743, "nft": {"contract_address": "0xc274a97f1691ef390f662067e95a6eff1f99b504", "token_id": "4010", "name": "TinFun #4010", "blockchain": "ETH", "image": "https://lh3.googleusercontent.com/70EJNOG3FqL48k4Sr3Z-bL1LuLJss-bsZ6bAvNxJ05eE3eiDlR8_n2Qhe7mbZ84uZ5k5uHHueBCFPNzfYu8y6xjws6co1ms2ha8", "contract_type": "ERC721"}, "collection": {"collection_id": "65a13036c284b18008bd25b7", "name": "TinFun", "logo": "https://i.seadn.io/s/raw/files/a531bedf317b5ffe5a35d559b5c94cd9.jpg?w=500&auto=format", "slug": "tin-fun"}, "gas_fee": {"value": 0.0067, "raw_value": 6700000000000000, "usd": 23.6107, "payment_token": {"address": "0x0000000000000000000000000000000000000000", "symbol": "ETH", "decimals": 18}}, "price": null, "marketplace_path": [], "fees": [], "trait_offer_target": null}, {"blockchain": "ETH", "sender": {"address": "0xf8beacd524bcada38cc77d80b002e9f074a81e99", "ens": null, "is_whale": false, "blockchain": "ETH", "is_contract": false, "is_blue_chip_holder": false, "is_super_blue_chip_holder": false, "is_multi_sign_wallet": false, "das": null, "alias": null}, "receiver": {"address": "0xec4f9dd55da80c42e81cc9165aa7d675c86f9419", "ens": "chenchao.eth", "is_whale": false, "blockchain": "ETH", "is_contract": false, "is_blue_chip_holder": true, "is_super_blue_chip_holder": false, "is_multi_sign_wallet": false, "das": null, "alias": "chenchao.eth"}, "event": "sale", "quantity": 1, "tx_hash": "0x483ad8f4b79ead5eb17bdd0d65ce1f12a03d19a15c7d4310b87da5c5e63b58f0", "time": 1705503827, "nft": {"contract_address": "0xc274a97f1691ef390f662067e95a6eff1f99b504", "token_id": "4010", "name": "TinFun #4010", "blockchain": "ETH", "image": "https://lh3.googleusercontent.com/70EJNOG3FqL48k4Sr3Z-bL1LuLJss-bsZ6bAvNxJ05eE3eiDlR8_n2Qhe7mbZ84uZ5k5uHHueBCFPNzfYu8y6xjws6co1ms2ha8", "contract_type": "ERC721"}, "collection": {"collection_id": "65a13036c284b18008bd25b7", "name": "TinFun", "logo": "https://i.seadn.io/s/raw/files/a531bedf317b5ffe5a35d559b5c94cd9.jpg?w=500&auto=format", "slug": "tin-fun"}, "gas_fee": {"value": 0.0096, "raw_value": 9600000000000000, "usd": 24.3796, "payment_token": {"address": "0x0000000000000000000000000000000000000000", "symbol": "ETH", "decimals": 18}}, "price": {"value": 0.75, "raw_value": 750000000000000000, "usd": 1910.7137192247767, "payment_token": {"address": "0x0000000000000000000000000000000000000000", "symbol": "ETH", "decimals": 18}}, "marketplace_path": ["blur"], "fees": [{"fee_type": "royalty", "recipient": "0x6650dc11f439f14d4dfbea75233bd9b0099a0647", "bps": 50, "price": {"value": 0.00375, "raw_value": 3750000000000000, "usd": 9.565084, "payment_token": {"address": "0x0000000000000000000000000000000000000000", "symbol": "ETH", "decimals": 18}}}], "trait_offer_target": null}, {"blockchain": "ETH", "sender": {"address": "0x64a03a4fca0a7a4eecaf3501be6bb8d181178c44", "ens": "\u94c1\u9053\u6e38\u51fb\u961f\u961f\u957f.eth", "is_whale": false, "blockchain": "ETH", "is_contract": false, "is_blue_chip_holder": false, "is_super_blue_chip_holder": false, "is_multi_sign_wallet": false, "das": null, "alias": "\u94c1\u9053\u6e38\u51fb\u961f\u961f\u957f.eth"}, "receiver": {"address": "0xf8beacd524bcada38cc77d80b002e9f074a81e99", "ens": null, "is_whale": false, "blockchain": "ETH", "is_contract": false, "is_blue_chip_holder": false, "is_super_blue_chip_holder": false, "is_multi_sign_wallet": false, "das": null, "alias": null}, "event": "sale", "quantity": 1, "tx_hash": "0xfca04e0d13c861d75a69b5f98e7d0c8cbc0f82944086bba5a807b219f5da4927", "time": 1705503059, "nft": {"contract_address": "0xc274a97f1691ef390f662067e95a6eff1f99b504", "token_id": "4010", "name": "TinFun #4010", "blockchain": "ETH", "image": "https://lh3.googleusercontent.com/70EJNOG3FqL48k4Sr3Z-bL1LuLJss-bsZ6bAvNxJ05eE3eiDlR8_n2Qhe7mbZ84uZ5k5uHHueBCFPNzfYu8y6xjws6co1ms2ha8", "contract_type": "ERC721"}, "collection": {"collection_id": "65a13036c284b18008bd25b7", "name": "TinFun", "logo": "https://i.seadn.io/s/raw/files/a531bedf317b5ffe5a35d559b5c94cd9.jpg?w=500&auto=format", "slug": "tin-fun"}, "gas_fee": {"value": 0.0226, "raw_value": 22600000000000000, "usd": 57.4202, "payment_token": {"address": "0x0000000000000000000000000000000000000000", "symbol": "ETH", "decimals": 18}}, "price": {"value": 0.75, "raw_value": 750000000000000000, "usd": 1906.5306611771955, "payment_token": {"address": "0x0000000000000000000000000000000000000000", "symbol": "ETH", "decimals": 18}}, "marketplace_path": ["blur"], "fees": [{"fee_type": "royalty", "recipient": "0x6650dc11f439f14d4dfbea75233bd9b0099a0647", "bps": 50, "price": {"value": 0.00375, "raw_value": 3750000000000000, "usd": 9.529485, "payment_token": {"address": "0x0000000000a39bb272e79075ade125fd351887ac", "symbol": "BETH", "decimals": 18}}}], "trait_offer_target": null}, {"blockchain": "ETH", "sender": {"address": "0x8a48f5716cc15bc573b41287d937853a60cfb0ce", "ens": "pengpengd.eth", "is_whale": false, "blockchain": "ETH", "is_contract": false, "is_blue_chip_holder": false, "is_super_blue_chip_holder": false, "is_multi_sign_wallet": false, "das": null, "alias": "pengpengd.eth"}, "receiver": {"address": "0x64a03a4fca0a7a4eecaf3501be6bb8d181178c44", "ens": "\u94c1\u9053\u6e38\u51fb\u961f\u961f\u957f.eth", "is_whale": false, "blockchain": "ETH", "is_contract": false, "is_blue_chip_holder": false, "is_super_blue_chip_holder": false, "is_multi_sign_wallet": false, "das": null, "alias": "\u94c1\u9053\u6e38\u51fb\u961f\u961f\u957f.eth"}, "event": "transfer", "quantity": 1, "tx_hash": "0x5ea4c342381fd77ed5b96409209161ce7c36b67024dcb200f758350aa8e1104e", "time": 1705064219, "nft": {"contract_address": "0xc274a97f1691ef390f662067e95a6eff1f99b504", "token_id": "4010", "name": "TinFun #4010", "blockchain": "ETH", "image": "https://lh3.googleusercontent.com/70EJNOG3FqL48k4Sr3Z-bL1LuLJss-bsZ6bAvNxJ05eE3eiDlR8_n2Qhe7mbZ84uZ5k5uHHueBCFPNzfYu8y6xjws6co1ms2ha8", "contract_type": "ERC721"}, "collection": {"collection_id": "65a13036c284b18008bd25b7", "name": "TinFun", "logo": "https://i.seadn.io/s/raw/files/a531bedf317b5ffe5a35d559b5c94cd9.jpg?w=500&auto=format", "slug": "tin-fun"}, "gas_fee": {"value": 0.0017, "raw_value": 1700000000000000, "usd": 4.5952, "payment_token": {"address": "0x0000000000000000000000000000000000000000", "symbol": "ETH", "decimals": 18}}, "price": null, "marketplace_path": [], "fees": [], "trait_offer_target": null}]