[{"blockchain": "ETH", "sender": {"address": "0x39f7b785bbc6be9d0acb3ce9330793b1d72fc71f", "ens": null, "is_whale": false, "blockchain": "ETH", "is_contract": false, "is_blue_chip_holder": false, "is_super_blue_chip_holder": false, "is_multi_sign_wallet": false, "das": null, "alias": null}, "receiver": {"address": "0x8177e9fa379b85e01b2b30140ddc446b9875106a", "ens": null, "is_whale": false, "blockchain": "ETH", "is_contract": true, "is_blue_chip_holder": false, "is_super_blue_chip_holder": false, "is_multi_sign_wallet": false, "das": null, "alias": null}, "event": "transfer", "quantity": 1, "tx_hash": "0x81de270eea906e5506d9994ca90d7c8f7bf86f446cdc63261af13f94b7301d18", "time": 1711699751, "nft": {"contract_address": "0xc274a97f1691ef390f662067e95a6eff1f99b504", "token_id": "7344", "name": "TinFun #7344", "blockchain": "ETH", "image": "https://lh3.googleusercontent.com/2qiVKcAtIjsyrHw_wnSG9nyB1XmFNp5vGmK-NfTD3eVNX450S8x5f8EIG2bOxN0BgpSF02iLBpnPiIw_p1SzVSA7ucWpe52MyQnl", "contract_type": "ERC721"}, "collection": {"collection_id": "65a13036c284b18008bd25b7", "name": "TinFun", "logo": "https://i.seadn.io/s/raw/files/a531bedf317b5ffe5a35d559b5c94cd9.jpg?w=500&auto=format", "slug": "tin-fun"}, "gas_fee": {"value": 0.0101, "raw_value": 10100000000000000, "usd": 35.441, "payment_token": {"address": "0x0000000000000000000000000000000000000000", "symbol": "ETH", "decimals": 18}}, "price": null, "marketplace_path": [], "fees": [], "trait_offer_target": null}, {"blockchain": "ETH", "sender": {"address": "0xdcf14b388c4758fd14492fd185577b9557459e8b", "ens": null, "is_whale": false, "blockchain": "ETH", "is_contract": false, "is_blue_chip_holder": false, "is_super_blue_chip_holder": false, "is_multi_sign_wallet": false, "das": null, "alias": null}, "receiver": {"address": "0x39f7b785bbc6be9d0acb3ce9330793b1d72fc71f", "ens": null, "is_whale": false, "blockchain": "ETH", "is_contract": false, "is_blue_chip_holder": false, "is_super_blue_chip_holder": false, "is_multi_sign_wallet": false, "das": null, "alias": null}, "event": "transfer", "quantity": 1, "tx_hash": "0x8b0ae38f2617105ee0e4a20f08788fef7a5922f6ef4ce423f43cc5bfb8a7765a", "time": 1711699535, "nft": {"contract_address": "0xc274a97f1691ef390f662067e95a6eff1f99b504", "token_id": "7344", "name": "TinFun #7344", "blockchain": "ETH", "image": "https://lh3.googleusercontent.com/2qiVKcAtIjsyrHw_wnSG9nyB1XmFNp5vGmK-NfTD3eVNX450S8x5f8EIG2bOxN0BgpSF02iLBpnPiIw_p1SzVSA7ucWpe52MyQnl", "contract_type": "ERC721"}, "collection": {"collection_id": "65a13036c284b18008bd25b7", "name": "TinFun", "logo": "https://i.seadn.io/s/raw/files/a531bedf317b5ffe5a35d559b5c94cd9.jpg?w=500&auto=format", "slug": "tin-fun"}, "gas_fee": {"value": 0.0161, "raw_value": 16100000000000000, "usd": 56.7958, "payment_token": {"address": "0x0000000000000000000000000000000000000000", "symbol": "ETH", "decimals": 18}}, "price": null, "marketplace_path": [], "fees": [], "trait_offer_target": null}, {"blockchain": "ETH", "sender": {"address": "0x281a468b6ca9cae0386456ad91fa67303bfc028e", "ens": null, "is_whale": false, "blockchain": "ETH", "is_contract": false, "is_blue_chip_holder": false, "is_super_blue_chip_holder": false, "is_multi_sign_wallet": false, "das": null, "alias": null}, "receiver": {"address": "0xdcf14b388c4758fd14492fd185577b9557459e8b", "ens": null, "is_whale": false, "blockchain": "ETH", "is_contract": false, "is_blue_chip_holder": false, "is_super_blue_chip_holder": false, "is_multi_sign_wallet": false, "das": null, "alias": null}, "event": "sale", "quantity": 1, "tx_hash": "0x5856a1db44180b1170032c44d855a538bb2727d4f1da7f1beefa5e5f27c21762", "time": 1709039279, "nft": {"contract_address": "0xc274a97f1691ef390f662067e95a6eff1f99b504", "token_id": "7344", "name": "TinFun #7344", "blockchain": "ETH", "image": "https://lh3.googleusercontent.com/2qiVKcAtIjsyrHw_wnSG9nyB1XmFNp5vGmK-NfTD3eVNX450S8x5f8EIG2bOxN0BgpSF02iLBpnPiIw_p1SzVSA7ucWpe52MyQnl", "contract_type": "ERC721"}, "collection": {"collection_id": "65a13036c284b18008bd25b7", "name": "TinFun", "logo": "https://i.seadn.io/s/raw/files/a531bedf317b5ffe5a35d559b5c94cd9.jpg?w=500&auto=format", "slug": "tin-fun"}, "gas_fee": {"value": 0.018, "raw_value": 17999999999999998, "usd": 58.6514, "payment_token": {"address": "0x0000000000000000000000000000000000000000", "symbol": "ETH", "decimals": 18}}, "price": {"value": 0.3077, "raw_value": 307700000000000000, "usd": 1003.0703089596757, "payment_token": {"address": "0x0000000000000000000000000000000000000000", "symbol": "ETH", "decimals": 18}}, "marketplace_path": ["blur"], "fees": [{"fee_type": "royalty", "recipient": "0x6650dc11f439f14d4dfbea75233bd9b0099a0647", "bps": 50, "price": {"value": 0.001538, "raw_value": 1538500000000000, "usd": 5.018158, "payment_token": {"address": "0x0000000000000000000000000000000000000000", "symbol": "ETH", "decimals": 18}}}], "trait_offer_target": null}, {"blockchain": "ETH", "sender": {"address": "0x9e4e84d1805b60e74c8e2a099a92436474ffa7c8", "ens": null, "is_whale": false, "blockchain": "ETH", "is_contract": false, "is_blue_chip_holder": false, "is_super_blue_chip_holder": false, "is_multi_sign_wallet": false, "das": null, "alias": null}, "receiver": {"address": "0x281a468b6ca9cae0386456ad91fa67303bfc028e", "ens": null, "is_whale": false, "blockchain": "ETH", "is_contract": false, "is_blue_chip_holder": false, "is_super_blue_chip_holder": false, "is_multi_sign_wallet": false, "das": null, "alias": null}, "event": "transfer", "quantity": 1, "tx_hash": "0x1b5566dab38444f767ab03b59a61f858f51ad1d5c8b1db2cb380c007d7606f70", "time": 1705064135, "nft": {"contract_address": "0xc274a97f1691ef390f662067e95a6eff1f99b504", "token_id": "7344", "name": "TinFun #7344", "blockchain": "ETH", "image": "https://lh3.googleusercontent.com/2qiVKcAtIjsyrHw_wnSG9nyB1XmFNp5vGmK-NfTD3eVNX450S8x5f8EIG2bOxN0BgpSF02iLBpnPiIw_p1SzVSA7ucWpe52MyQnl", "contract_type": "ERC721"}, "collection": {"collection_id": "65a13036c284b18008bd25b7", "name": "TinFun", "logo": "https://i.seadn.io/s/raw/files/a531bedf317b5ffe5a35d559b5c94cd9.jpg?w=500&auto=format", "slug": "tin-fun"}, "gas_fee": {"value": 0.0016, "raw_value": 1600000000000000, "usd": 4.1295, "payment_token": {"address": "0x0000000000000000000000000000000000000000", "symbol": "ETH", "decimals": 18}}, "price": null, "marketplace_path": [], "fees": [], "trait_offer_target": null}]