[{"blockchain": "ETH", "sender": {"address": "0x1277f5266dead289eb6ab3f97a866f5854feb33d", "ens": null, "is_whale": false, "blockchain": "ETH", "is_contract": false, "is_blue_chip_holder": true, "is_super_blue_chip_holder": false, "is_multi_sign_wallet": false, "das": null, "alias": null}, "receiver": {"address": "0x3eb879cc9a0ef4c6f1d870a40ae187768c278da2", "ens": "floorprotocol.eth", "is_whale": false, "blockchain": "ETH", "is_contract": true, "is_blue_chip_holder": true, "is_super_blue_chip_holder": false, "is_multi_sign_wallet": false, "das": null, "alias": "floorprotocol.eth"}, "event": "sale", "quantity": 1, "tx_hash": "0xde2df73e3add4abb5f68c0d556a8279fe2f2527ae317551226e3fb4b65bd05f7", "time": 1709103803, "nft": {"contract_address": "0xc274a97f1691ef390f662067e95a6eff1f99b504", "token_id": "3184", "name": "TinFun #3184", "blockchain": "ETH", "image": "https://lh3.googleusercontent.com/b0IxSyVvzlHBetXsR3Mf6Gc9cmdW0XZzkR3vpe08wgaHHY9_jr7NTPt3dHM88lHQGN4QNX-T1wteW8SMFtNKl5o4JJU1BNe7Lw", "contract_type": "ERC721"}, "collection": {"collection_id": "65a13036c284b18008bd25b7", "name": "TinFun", "logo": "https://i.seadn.io/s/raw/files/a531bedf317b5ffe5a35d559b5c94cd9.jpg?w=500&auto=format", "slug": "tin-fun"}, "gas_fee": {"value": 0.0183, "raw_value": 18300000000000000, "usd": 59.667, "payment_token": {"address": "0x0000000000000000000000000000000000000000", "symbol": "ETH", "decimals": 18}}, "price": {"value": 0.2863171134169145, "raw_value": 286317113416914533, "usd": 932.9967405682321, "payment_token": {"address": "0xc02aaa39b223fe8d0a0e5c4f27ead9083c756cc2", "symbol": "WETH", "decimals": 18}}, "marketplace_path": ["floor"], "fees": [], "trait_offer_target": null}, {"blockchain": "ETH", "sender": {"address": "0xa18289b75ce19804e2d6fb8bfa27b242553df976", "ens": null, "is_whale": false, "blockchain": "ETH", "is_contract": false, "is_blue_chip_holder": false, "is_super_blue_chip_holder": false, "is_multi_sign_wallet": false, "das": null, "alias": null}, "receiver": {"address": "0x1277f5266dead289eb6ab3f97a866f5854feb33d", "ens": null, "is_whale": false, "blockchain": "ETH", "is_contract": false, "is_blue_chip_holder": true, "is_super_blue_chip_holder": false, "is_multi_sign_wallet": false, "das": null, "alias": null}, "event": "sale", "quantity": 1, "tx_hash": "0x2704fc42ef9a139189aadeb70129a508fa212d9e85de1b4fbe6431fc3b7dcf7c", "time": 1709103743, "nft": {"contract_address": "0xc274a97f1691ef390f662067e95a6eff1f99b504", "token_id": "3184", "name": "TinFun #3184", "blockchain": "ETH", "image": "https://lh3.googleusercontent.com/b0IxSyVvzlHBetXsR3Mf6Gc9cmdW0XZzkR3vpe08wgaHHY9_jr7NTPt3dHM88lHQGN4QNX-T1wteW8SMFtNKl5o4JJU1BNe7Lw", "contract_type": "ERC721"}, "collection": {"collection_id": "65a13036c284b18008bd25b7", "name": "TinFun", "logo": "https://i.seadn.io/s/raw/files/a531bedf317b5ffe5a35d559b5c94cd9.jpg?w=500&auto=format", "slug": "tin-fun"}, "gas_fee": {"value": 0.0125, "raw_value": 12500000000000000, "usd": 40.8894, "payment_token": {"address": "0x0000000000000000000000000000000000000000", "symbol": "ETH", "decimals": 18}}, "price": {"value": 0.275, "raw_value": 275000000000000000, "usd": 896.809238881122, "payment_token": {"address": "0x0000000000000000000000000000000000000000", "symbol": "ETH", "decimals": 18}}, "marketplace_path": ["element"], "fees": [], "trait_offer_target": null}, {"blockchain": "ETH", "sender": {"address": "0xc78f274ec7aa0966e052626d160618a16c8a78da", "ens": null, "is_whale": false, "blockchain": "ETH", "is_contract": false, "is_blue_chip_holder": false, "is_super_blue_chip_holder": false, "is_multi_sign_wallet": false, "das": null, "alias": null}, "receiver": {"address": "0xa18289b75ce19804e2d6fb8bfa27b242553df976", "ens": null, "is_whale": false, "blockchain": "ETH", "is_contract": false, "is_blue_chip_holder": false, "is_super_blue_chip_holder": false, "is_multi_sign_wallet": false, "das": null, "alias": null}, "event": "sale", "quantity": 1, "tx_hash": "0xa47e272b7a89505f1d6b71623cd5a5c2abef3cbee4c4a53e472ee41e1e579014", "time": 1706692487, "nft": {"contract_address": "0xc274a97f1691ef390f662067e95a6eff1f99b504", "token_id": "3184", "name": "TinFun #3184", "blockchain": "ETH", "image": "https://lh3.googleusercontent.com/b0IxSyVvzlHBetXsR3Mf6Gc9cmdW0XZzkR3vpe08wgaHHY9_jr7NTPt3dHM88lHQGN4QNX-T1wteW8SMFtNKl5o4JJU1BNe7Lw", "contract_type": "ERC721"}, "collection": {"collection_id": "65a13036c284b18008bd25b7", "name": "TinFun", "logo": "https://i.seadn.io/s/raw/files/a531bedf317b5ffe5a35d559b5c94cd9.jpg?w=500&auto=format", "slug": "tin-fun"}, "gas_fee": {"value": 0.0146, "raw_value": 14600000000000000, "usd": 34.0644, "payment_token": {"address": "0x0000000000000000000000000000000000000000", "symbol": "ETH", "decimals": 18}}, "price": {"value": 0.545, "raw_value": 545000000000000000, "usd": 1274.2705037945927, "payment_token": {"address": "0x0000000000000000000000000000000000000000", "symbol": "ETH", "decimals": 18}}, "marketplace_path": ["element-aggregator", "opensea"], "fees": [{"fee_type": "marketplace", "recipient": "0x0000a26b00c1f0df003000390027140000faa719", "bps": 250, "price": {"value": 0.013625, "raw_value": 13625000000000000, "usd": 31.763679, "payment_token": {"address": "0x0000000000000000000000000000000000000000", "symbol": "ETH", "decimals": 18}}}, {"fee_type": "royalty", "recipient": "0x6650dc11f439f14d4dfbea75233bd9b0099a0647", "bps": 50, "price": {"value": 0.002725, "raw_value": 2725000000000000, "usd": 6.352736, "payment_token": {"address": "0x0000000000000000000000000000000000000000", "symbol": "ETH", "decimals": 18}}}], "trait_offer_target": null}, {"blockchain": "ETH", "sender": {"address": "0x0c7ae85c963dbc7f1bba6e339aaf794bfc12014f", "ens": "0xwl.eth", "is_whale": false, "blockchain": "ETH", "is_contract": false, "is_blue_chip_holder": false, "is_super_blue_chip_holder": false, "is_multi_sign_wallet": false, "das": null, "alias": "0xwl.eth"}, "receiver": {"address": "0xc78f274ec7aa0966e052626d160618a16c8a78da", "ens": null, "is_whale": false, "blockchain": "ETH", "is_contract": false, "is_blue_chip_holder": false, "is_super_blue_chip_holder": false, "is_multi_sign_wallet": false, "das": null, "alias": null}, "event": "sale", "quantity": 1, "tx_hash": "0xd1c953ee096a4b3deb99bae8928d2f5168b59f92655d319c7c9ff66da8650055", "time": 1705065047, "nft": {"contract_address": "0xc274a97f1691ef390f662067e95a6eff1f99b504", "token_id": "3184", "name": "TinFun #3184", "blockchain": "ETH", "image": "https://lh3.googleusercontent.com/b0IxSyVvzlHBetXsR3Mf6Gc9cmdW0XZzkR3vpe08wgaHHY9_jr7NTPt3dHM88lHQGN4QNX-T1wteW8SMFtNKl5o4JJU1BNe7Lw", "contract_type": "ERC721"}, "collection": {"collection_id": "65a13036c284b18008bd25b7", "name": "TinFun", "logo": "https://i.seadn.io/s/raw/files/a531bedf317b5ffe5a35d559b5c94cd9.jpg?w=500&auto=format", "slug": "tin-fun"}, "gas_fee": {"value": 0.0044, "raw_value": 4400000000000000, "usd": 11.5879, "payment_token": {"address": "0x0000000000000000000000000000000000000000", "symbol": "ETH", "decimals": 18}}, "price": {"value": 0.71, "raw_value": 710000000000000000, "usd": 1881.79002053157, "payment_token": {"address": "0x0000000000000000000000000000000000000000", "symbol": "ETH", "decimals": 18}}, "marketplace_path": ["blur-aggregator", "opensea"], "fees": [{"fee_type": "marketplace", "recipient": "0x0000a26b00c1f0df003000390027140000faa719", "bps": 50, "price": {"value": 0.00355, "raw_value": 3550000000000000, "usd": 9.304976, "payment_token": {"address": "0x0000000000000000000000000000000000000000", "symbol": "ETH", "decimals": 18}}}], "trait_offer_target": null}]