[{"blockchain": "ETH", "sender": {"address": "0xcf400d698cbce8126e21cfb83ec655023981808f", "ens": null, "is_whale": false, "blockchain": "ETH", "is_contract": false, "is_blue_chip_holder": false, "is_super_blue_chip_holder": false, "is_multi_sign_wallet": false, "das": null, "alias": null}, "receiver": {"address": "0x6400f6ebf6e958ec1887c92f30515bbad3745073", "ens": null, "is_whale": false, "blockchain": "ETH", "is_contract": false, "is_blue_chip_holder": true, "is_super_blue_chip_holder": false, "is_multi_sign_wallet": false, "das": null, "alias": null}, "event": "sale", "quantity": 1, "tx_hash": "0x05e4901a7dc2f3a25a44304aa02d4c295fc0d28038e0fb363f6316d37e9a01cd", "time": 1708804487, "nft": {"contract_address": "0xc274a97f1691ef390f662067e95a6eff1f99b504", "token_id": "8926", "name": "TinFun #8926", "blockchain": "ETH", "image": "https://lh3.googleusercontent.com/2bE9OwunVm6AdHncYI2_OYE-tRxtSFnZr70aT0WYRkUXUzwL6skZ4x8YrzN_xmaYQB5Nnv4_cSAMmIlCR8nYX3K5HrSZa0XJaRQ", "contract_type": "ERC721"}, "collection": {"collection_id": "65a13036c284b18008bd25b7", "name": "TinFun", "logo": "https://i.seadn.io/s/raw/files/a531bedf317b5ffe5a35d559b5c94cd9.jpg?w=500&auto=format", "slug": "tin-fun"}, "gas_fee": {"value": 0.0351, "raw_value": 35100000000000000, "usd": 104.5561, "payment_token": {"address": "0x0000000000000000000000000000000000000000", "symbol": "ETH", "decimals": 18}}, "price": {"value": 0.37, "raw_value": 370000000000000000, "usd": 1103.0053095181079, "payment_token": {"address": "0x0000000000000000000000000000000000000000", "symbol": "ETH", "decimals": 18}}, "marketplace_path": ["blur-aggregator", "blur"], "fees": [{"fee_type": "royalty", "recipient": "0x6650dc11f439f14d4dfbea75233bd9b0099a0647", "bps": 50, "price": {"value": 0.00185, "raw_value": 1850000000000000, "usd": 5.481582, "payment_token": {"address": "0x0000000000000000000000000000000000000000", "symbol": "ETH", "decimals": 18}}}], "trait_offer_target": null}, {"blockchain": "ETH", "sender": {"address": "0xf7f5090cf84771be616d738fefc5092f33f87b74", "ens": null, "is_whale": false, "blockchain": "ETH", "is_contract": false, "is_blue_chip_holder": false, "is_super_blue_chip_holder": false, "is_multi_sign_wallet": false, "das": null, "alias": null}, "receiver": {"address": "0xcf400d698cbce8126e21cfb83ec655023981808f", "ens": null, "is_whale": false, "blockchain": "ETH", "is_contract": false, "is_blue_chip_holder": false, "is_super_blue_chip_holder": false, "is_multi_sign_wallet": false, "das": null, "alias": null}, "event": "sale", "quantity": 1, "tx_hash": "0xddc1ffabebecb0c1d3332486ee980fcb14217fe20bcea09a710504e9edbca3f5", "time": 1705096607, "nft": {"contract_address": "0xc274a97f1691ef390f662067e95a6eff1f99b504", "token_id": "8926", "name": "TinFun #8926", "blockchain": "ETH", "image": "https://lh3.googleusercontent.com/2bE9OwunVm6AdHncYI2_OYE-tRxtSFnZr70aT0WYRkUXUzwL6skZ4x8YrzN_xmaYQB5Nnv4_cSAMmIlCR8nYX3K5HrSZa0XJaRQ", "contract_type": "ERC721"}, "collection": {"collection_id": "65a13036c284b18008bd25b7", "name": "TinFun", "logo": "https://i.seadn.io/s/raw/files/a531bedf317b5ffe5a35d559b5c94cd9.jpg?w=500&auto=format", "slug": "tin-fun"}, "gas_fee": {"value": 0.0046, "raw_value": 4600000000000000, "usd": 11.8345, "payment_token": {"address": "0x0000000000000000000000000000000000000000", "symbol": "ETH", "decimals": 18}}, "price": {"value": 0.732, "raw_value": 732000000000000000, "usd": 1880.8723127682742, "payment_token": {"address": "0x0000000000000000000000000000000000000000", "symbol": "ETH", "decimals": 18}}, "marketplace_path": ["blur-aggregator", "blur"], "fees": [{"fee_type": "royalty", "recipient": "0x6650dc11f439f14d4dfbea75233bd9b0099a0647", "bps": 50, "price": {"value": 0.00366, "raw_value": 3660000000000000, "usd": 9.494426, "payment_token": {"address": "0x0000000000000000000000000000000000000000", "symbol": "ETH", "decimals": 18}}}], "trait_offer_target": null}]