[{"blockchain": "ETH", "sender": {"address": "0x8a452d3291f2452c25b07fd035e1656a6cfeaad5", "ens": null, "is_whale": false, "blockchain": "ETH", "is_contract": false, "is_blue_chip_holder": true, "is_super_blue_chip_holder": false, "is_multi_sign_wallet": false, "das": null, "alias": null}, "receiver": {"address": "0x8177e9fa379b85e01b2b30140ddc446b9875106a", "ens": null, "is_whale": false, "blockchain": "ETH", "is_contract": true, "is_blue_chip_holder": false, "is_super_blue_chip_holder": false, "is_multi_sign_wallet": false, "das": null, "alias": null}, "event": "transfer", "quantity": 1, "tx_hash": "0xfe4162d2e961f95098f898a15280655a48c9f9214338c83dc1be4c9cd6b6f036", "time": 1712900579, "nft": {"contract_address": "0xc274a97f1691ef390f662067e95a6eff1f99b504", "token_id": "4513", "name": "TinFun #4513", "blockchain": "ETH", "image": "https://lh3.googleusercontent.com/v2F8JqvlBWc5jTc0aZuOhBg300IBO2Aomam-USjiOdsYn5yhKL9WQBci3-LCPRWm-X2oDP1detgL1KZcOLq4h9EFzf9DagJ7VPM", "contract_type": "ERC721"}, "collection": {"collection_id": "65a13036c284b18008bd25b7", "name": "TinFun", "logo": "https://i.seadn.io/s/raw/files/a531bedf317b5ffe5a35d559b5c94cd9.jpg?w=500&auto=format", "slug": "tin-fun"}, "gas_fee": {"value": 0.0024, "raw_value": 2400000000000000, "usd": 8.417, "payment_token": {"address": "0x0000000000000000000000000000000000000000", "symbol": "ETH", "decimals": 18}}, "price": null, "marketplace_path": [], "fees": [], "trait_offer_target": null}, {"blockchain": "ETH", "sender": {"address": "0x9bff96bf33fca895623fa9296c7e0564897231df", "ens": null, "is_whale": false, "blockchain": "ETH", "is_contract": false, "is_blue_chip_holder": false, "is_super_blue_chip_holder": false, "is_multi_sign_wallet": false, "das": null, "alias": null}, "receiver": {"address": "0x8a452d3291f2452c25b07fd035e1656a6cfeaad5", "ens": null, "is_whale": false, "blockchain": "ETH", "is_contract": false, "is_blue_chip_holder": true, "is_super_blue_chip_holder": false, "is_multi_sign_wallet": false, "das": null, "alias": null}, "event": "transfer", "quantity": 1, "tx_hash": "0x46db259aa5786113b1b1d1a3f56ba81ab38600a40078790b3c75aa12f9dd8ad4", "time": 1708784075, "nft": {"contract_address": "0xc274a97f1691ef390f662067e95a6eff1f99b504", "token_id": "4513", "name": "TinFun #4513", "blockchain": "ETH", "image": "https://lh3.googleusercontent.com/v2F8JqvlBWc5jTc0aZuOhBg300IBO2Aomam-USjiOdsYn5yhKL9WQBci3-LCPRWm-X2oDP1detgL1KZcOLq4h9EFzf9DagJ7VPM", "contract_type": "ERC721"}, "collection": {"collection_id": "65a13036c284b18008bd25b7", "name": "TinFun", "logo": "https://i.seadn.io/s/raw/files/a531bedf317b5ffe5a35d559b5c94cd9.jpg?w=500&auto=format", "slug": "tin-fun"}, "gas_fee": {"value": 0.0018, "raw_value": 1800000000000000, "usd": 5.3423, "payment_token": {"address": "0x0000000000000000000000000000000000000000", "symbol": "ETH", "decimals": 18}}, "price": null, "marketplace_path": [], "fees": [], "trait_offer_target": null}, {"blockchain": "ETH", "sender": {"address": "0xff9fbdd28c8d33f4cab89e469f6946c21f098be4", "ens": null, "is_whale": false, "blockchain": "ETH", "is_contract": false, "is_blue_chip_holder": false, "is_super_blue_chip_holder": false, "is_multi_sign_wallet": false, "das": null, "alias": null}, "receiver": {"address": "0x9bff96bf33fca895623fa9296c7e0564897231df", "ens": null, "is_whale": false, "blockchain": "ETH", "is_contract": false, "is_blue_chip_holder": false, "is_super_blue_chip_holder": false, "is_multi_sign_wallet": false, "das": null, "alias": null}, "event": "sale", "quantity": 1, "tx_hash": "0x99fe77a3ad99dfcf3fe2c38d0b55ec8b67958fd3b66b0286ee51b0a260121e8d", "time": 1708783319, "nft": {"contract_address": "0xc274a97f1691ef390f662067e95a6eff1f99b504", "token_id": "4513", "name": "TinFun #4513", "blockchain": "ETH", "image": "https://lh3.googleusercontent.com/v2F8JqvlBWc5jTc0aZuOhBg300IBO2Aomam-USjiOdsYn5yhKL9WQBci3-LCPRWm-X2oDP1detgL1KZcOLq4h9EFzf9DagJ7VPM", "contract_type": "ERC721"}, "collection": {"collection_id": "65a13036c284b18008bd25b7", "name": "TinFun", "logo": "https://i.seadn.io/s/raw/files/a531bedf317b5ffe5a35d559b5c94cd9.jpg?w=500&auto=format", "slug": "tin-fun"}, "gas_fee": {"value": 0.0053, "raw_value": 5300000000000000, "usd": 15.627, "payment_token": {"address": "0x0000000000000000000000000000000000000000", "symbol": "ETH", "decimals": 18}}, "price": {"value": 0.65, "raw_value": 650000000000000000, "usd": 1927.6797017015388, "payment_token": {"address": "0x0000000000000000000000000000000000000000", "symbol": "ETH", "decimals": 18}}, "marketplace_path": ["blur-aggregator", "blur"], "fees": [{"fee_type": "royalty", "recipient": "0x6650dc11f439f14d4dfbea75233bd9b0099a0647", "bps": 50, "price": {"value": 0.00325, "raw_value": 3250000000000000, "usd": 9.623793, "payment_token": {"address": "0x0000000000000000000000000000000000000000", "symbol": "ETH", "decimals": 18}}}], "trait_offer_target": null}, {"blockchain": "ETH", "sender": {"address": "0x0f177432183ff16f3a01f957ecce02b8e6568755", "ens": null, "is_whale": false, "blockchain": "ETH", "is_contract": false, "is_blue_chip_holder": false, "is_super_blue_chip_holder": false, "is_multi_sign_wallet": false, "das": null, "alias": null}, "receiver": {"address": "0xff9fbdd28c8d33f4cab89e469f6946c21f098be4", "ens": null, "is_whale": false, "blockchain": "ETH", "is_contract": false, "is_blue_chip_holder": false, "is_super_blue_chip_holder": false, "is_multi_sign_wallet": false, "das": null, "alias": null}, "event": "transfer", "quantity": 1, "tx_hash": "0x4fc6f40eac790c52e87b4eef8bf246d864d1a2cbe551ae7c03b2a8fe4f727b46", "time": 1705071779, "nft": {"contract_address": "0xc274a97f1691ef390f662067e95a6eff1f99b504", "token_id": "4513", "name": "TinFun #4513", "blockchain": "ETH", "image": "https://lh3.googleusercontent.com/v2F8JqvlBWc5jTc0aZuOhBg300IBO2Aomam-USjiOdsYn5yhKL9WQBci3-LCPRWm-X2oDP1detgL1KZcOLq4h9EFzf9DagJ7VPM", "contract_type": "ERC721"}, "collection": {"collection_id": "65a13036c284b18008bd25b7", "name": "TinFun", "logo": "https://i.seadn.io/s/raw/files/a531bedf317b5ffe5a35d559b5c94cd9.jpg?w=500&auto=format", "slug": "tin-fun"}, "gas_fee": {"value": 0.0024, "raw_value": 2400000000000000, "usd": 6.5742, "payment_token": {"address": "0x0000000000000000000000000000000000000000", "symbol": "ETH", "decimals": 18}}, "price": null, "marketplace_path": [], "fees": [], "trait_offer_target": null}]