[{"blockchain": "ETH", "sender": {"address": "0x1003cc9652a2a6fec5fcfd04230ea0d01b12fdf3", "ens": "hhhhde.eth", "is_whale": false, "blockchain": "ETH", "is_contract": false, "is_blue_chip_holder": false, "is_super_blue_chip_holder": false, "is_multi_sign_wallet": false, "das": null, "alias": "hhhhde.eth"}, "receiver": {"address": "0x8177e9fa379b85e01b2b30140ddc446b9875106a", "ens": null, "is_whale": false, "blockchain": "ETH", "is_contract": true, "is_blue_chip_holder": false, "is_super_blue_chip_holder": false, "is_multi_sign_wallet": false, "das": null, "alias": null}, "event": "transfer", "quantity": 1, "tx_hash": "0x98ecd3cbd5d9f672af9b53e2b80ed679298d3352dc370b60f33cacb717180732", "time": 1711849835, "nft": {"contract_address": "0xc274a97f1691ef390f662067e95a6eff1f99b504", "token_id": "214", "name": "TinFun #214", "blockchain": "ETH", "image": "https://lh3.googleusercontent.com/pvg6gCyJxkMJukPTLZVuQy7NLD_TDCFLr-4hk_rv3IxLb0hWHXe6c0wvghAqoUzNN5p58o-O3-lN8Hm7qy-4dPHZEutg-hGQVE41", "contract_type": "ERC721"}, "collection": {"collection_id": "65a13036c284b18008bd25b7", "name": "TinFun", "logo": "https://i.seadn.io/s/raw/files/a531bedf317b5ffe5a35d559b5c94cd9.jpg?w=500&auto=format", "slug": "tin-fun"}, "gas_fee": {"value": 0.0015, "raw_value": 1500000000000000, "usd": 5.1555, "payment_token": {"address": "0x0000000000000000000000000000000000000000", "symbol": "ETH", "decimals": 18}}, "price": null, "marketplace_path": [], "fees": [], "trait_offer_target": null}, {"blockchain": "ETH", "sender": {"address": "0x41083d5526874b29b6d22dbd5fd32045dd2ebffc", "ens": null, "is_whale": false, "blockchain": "ETH", "is_contract": false, "is_blue_chip_holder": false, "is_super_blue_chip_holder": false, "is_multi_sign_wallet": false, "das": null, "alias": null}, "receiver": {"address": "0x1003cc9652a2a6fec5fcfd04230ea0d01b12fdf3", "ens": "hhhhde.eth", "is_whale": false, "blockchain": "ETH", "is_contract": false, "is_blue_chip_holder": false, "is_super_blue_chip_holder": false, "is_multi_sign_wallet": false, "das": null, "alias": "hhhhde.eth"}, "event": "sale", "quantity": 1, "tx_hash": "0x34421bd01fff9228d2ab8b30f219351e789b52e8a0dbca272761358d303597af", "time": 1708785179, "nft": {"contract_address": "0xc274a97f1691ef390f662067e95a6eff1f99b504", "token_id": "214", "name": "TinFun #214", "blockchain": "ETH", "image": "https://lh3.googleusercontent.com/pvg6gCyJxkMJukPTLZVuQy7NLD_TDCFLr-4hk_rv3IxLb0hWHXe6c0wvghAqoUzNN5p58o-O3-lN8Hm7qy-4dPHZEutg-hGQVE41", "contract_type": "ERC721"}, "collection": {"collection_id": "65a13036c284b18008bd25b7", "name": "TinFun", "logo": "https://i.seadn.io/s/raw/files/a531bedf317b5ffe5a35d559b5c94cd9.jpg?w=500&auto=format", "slug": "tin-fun"}, "gas_fee": {"value": 0.0053, "raw_value": 5300000000000000, "usd": 15.5864, "payment_token": {"address": "0x0000000000000000000000000000000000000000", "symbol": "ETH", "decimals": 18}}, "price": {"value": 0.40999, "raw_value": 409990000000000000, "usd": 1215.8913860009445, "payment_token": {"address": "0x0000000000000000000000000000000000000000", "symbol": "ETH", "decimals": 18}}, "marketplace_path": ["blur-aggregator", "blur"], "fees": [{"fee_type": "royalty", "recipient": "0x6650dc11f439f14d4dfbea75233bd9b0099a0647", "bps": 50, "price": {"value": 0.00205, "raw_value": 2049950000000000, "usd": 6.070244, "payment_token": {"address": "0x0000000000000000000000000000000000000000", "symbol": "ETH", "decimals": 18}}}], "trait_offer_target": null}, {"blockchain": "ETH", "sender": {"address": "0x4993b35f56799fe504392d0bb1d57dfc3d73da70", "ens": "d00dz.eth", "is_whale": false, "blockchain": "ETH", "is_contract": false, "is_blue_chip_holder": false, "is_super_blue_chip_holder": false, "is_multi_sign_wallet": false, "das": null, "alias": "d00dz.eth"}, "receiver": {"address": "0x41083d5526874b29b6d22dbd5fd32045dd2ebffc", "ens": null, "is_whale": false, "blockchain": "ETH", "is_contract": false, "is_blue_chip_holder": false, "is_super_blue_chip_holder": false, "is_multi_sign_wallet": false, "das": null, "alias": null}, "event": "sale", "quantity": 1, "tx_hash": "0x752d71fe1ccb69a506de420863e20be8da044aed10a6ecbb76f307d4b55ce8ea", "time": 1708785083, "nft": {"contract_address": "0xc274a97f1691ef390f662067e95a6eff1f99b504", "token_id": "214", "name": "TinFun #214", "blockchain": "ETH", "image": "https://lh3.googleusercontent.com/pvg6gCyJxkMJukPTLZVuQy7NLD_TDCFLr-4hk_rv3IxLb0hWHXe6c0wvghAqoUzNN5p58o-O3-lN8Hm7qy-4dPHZEutg-hGQVE41", "contract_type": "ERC721"}, "collection": {"collection_id": "65a13036c284b18008bd25b7", "name": "TinFun", "logo": "https://i.seadn.io/s/raw/files/a531bedf317b5ffe5a35d559b5c94cd9.jpg?w=500&auto=format", "slug": "tin-fun"}, "gas_fee": {"value": 0.0039, "raw_value": 3900000000000000, "usd": 11.686, "payment_token": {"address": "0x0000000000000000000000000000000000000000", "symbol": "ETH", "decimals": 18}}, "price": {"value": 0.4, "raw_value": 400000000000000000, "usd": 1186.2644318163316, "payment_token": {"address": "0x0000000000000000000000000000000000000000", "symbol": "ETH", "decimals": 18}}, "marketplace_path": ["blur"], "fees": [{"fee_type": "royalty", "recipient": "0x6650dc11f439f14d4dfbea75233bd9b0099a0647", "bps": 50, "price": {"value": 0.002, "raw_value": 2000000000000000, "usd": 5.922334, "payment_token": {"address": "0x0000000000a39bb272e79075ade125fd351887ac", "symbol": "BETH", "decimals": 18}}}], "trait_offer_target": null}, {"blockchain": "ETH", "sender": {"address": "0x213c33cfceb095282df55aa27b085d6fe34f0c61", "ens": null, "is_whale": false, "blockchain": "ETH", "is_contract": false, "is_blue_chip_holder": false, "is_super_blue_chip_holder": false, "is_multi_sign_wallet": false, "das": null, "alias": null}, "receiver": {"address": "0x4993b35f56799fe504392d0bb1d57dfc3d73da70", "ens": "d00dz.eth", "is_whale": false, "blockchain": "ETH", "is_contract": false, "is_blue_chip_holder": false, "is_super_blue_chip_holder": false, "is_multi_sign_wallet": false, "das": null, "alias": "d00dz.eth"}, "event": "sale", "quantity": 1, "tx_hash": "0x6bbae6a78278edda46b68be3c876fe2cee2f2e6bdefb3c38c5d6490559d41a7b", "time": 1705392407, "nft": {"contract_address": "0xc274a97f1691ef390f662067e95a6eff1f99b504", "token_id": "214", "name": "TinFun #214", "blockchain": "ETH", "image": "https://lh3.googleusercontent.com/pvg6gCyJxkMJukPTLZVuQy7NLD_TDCFLr-4hk_rv3IxLb0hWHXe6c0wvghAqoUzNN5p58o-O3-lN8Hm7qy-4dPHZEutg-hGQVE41", "contract_type": "ERC721"}, "collection": {"collection_id": "65a13036c284b18008bd25b7", "name": "TinFun", "logo": "https://i.seadn.io/s/raw/files/a531bedf317b5ffe5a35d559b5c94cd9.jpg?w=500&auto=format", "slug": "tin-fun"}, "gas_fee": {"value": 0.004, "raw_value": 4000000000000000, "usd": 10.1711, "payment_token": {"address": "0x0000000000000000000000000000000000000000", "symbol": "ETH", "decimals": 18}}, "price": {"value": 0.79, "raw_value": 790000000000000000, "usd": 1994.8609476916306, "payment_token": {"address": "0x0000000000000000000000000000000000000000", "symbol": "ETH", "decimals": 18}}, "marketplace_path": ["blur-aggregator", "blur"], "fees": [{"fee_type": "royalty", "recipient": "0x6650dc11f439f14d4dfbea75233bd9b0099a0647", "bps": 50, "price": {"value": 0.00395, "raw_value": 3950000000000000, "usd": 9.997356, "payment_token": {"address": "0x0000000000000000000000000000000000000000", "symbol": "ETH", "decimals": 18}}}], "trait_offer_target": null}]