[{"blockchain": "ETH", "sender": {"address": "0x1af331dc34dd7c5c62af28b5685328318b61888a", "ens": "lasercat397.eth", "is_whale": false, "blockchain": "ETH", "is_contract": false, "is_blue_chip_holder": true, "is_super_blue_chip_holder": false, "is_multi_sign_wallet": false, "das": null, "alias": "Lasercat"}, "receiver": {"address": "0x8177e9fa379b85e01b2b30140ddc446b9875106a", "ens": null, "is_whale": false, "blockchain": "ETH", "is_contract": true, "is_blue_chip_holder": false, "is_super_blue_chip_holder": false, "is_multi_sign_wallet": false, "das": null, "alias": null}, "event": "transfer", "quantity": 1, "tx_hash": "0xa6d25e8ebba058f63b73616b833502ddd4ef90a0174167c51d0838494e3ce5c2", "time": 1711697207, "nft": {"contract_address": "0xc274a97f1691ef390f662067e95a6eff1f99b504", "token_id": "1711", "name": "TinFun #1711", "blockchain": "ETH", "image": "https://lh3.googleusercontent.com/6nTM1wDOKjIw_sfhXfdQfyWa7suelQYMpNHDeHgo_C1NZ9mv1w7uRx2ahzljY_-4uq4CrN4SpwyCVwnG9vpiXLgw8jgDDJzYshc", "contract_type": "ERC721"}, "collection": {"collection_id": "65a13036c284b18008bd25b7", "name": "TinFun", "logo": "https://i.seadn.io/s/raw/files/a531bedf317b5ffe5a35d559b5c94cd9.jpg?w=500&auto=format", "slug": "tin-fun"}, "gas_fee": {"value": 0.0888, "raw_value": 88800000000000000, "usd": 317.2785, "payment_token": {"address": "0x0000000000000000000000000000000000000000", "symbol": "ETH", "decimals": 18}}, "price": null, "marketplace_path": [], "fees": [], "trait_offer_target": null}, {"blockchain": "ETH", "sender": {"address": "0x31cc7d6cd8a3c863ef090984d5908e194cf8f372", "ens": "johnmoorec.eth", "is_whale": false, "blockchain": "ETH", "is_contract": false, "is_blue_chip_holder": false, "is_super_blue_chip_holder": false, "is_multi_sign_wallet": false, "das": null, "alias": "johnmoorec.eth"}, "receiver": {"address": "0x1af331dc34dd7c5c62af28b5685328318b61888a", "ens": "lasercat397.eth", "is_whale": false, "blockchain": "ETH", "is_contract": false, "is_blue_chip_holder": true, "is_super_blue_chip_holder": false, "is_multi_sign_wallet": false, "das": null, "alias": "Lasercat"}, "event": "sale", "quantity": 1, "tx_hash": "0x932b4521121084b3da14374fad2c160a6ef6e3b6bfbfd6fb259c9bee6ade54a5", "time": 1707372299, "nft": {"contract_address": "0xc274a97f1691ef390f662067e95a6eff1f99b504", "token_id": "1711", "name": "TinFun #1711", "blockchain": "ETH", "image": "https://lh3.googleusercontent.com/6nTM1wDOKjIw_sfhXfdQfyWa7suelQYMpNHDeHgo_C1NZ9mv1w7uRx2ahzljY_-4uq4CrN4SpwyCVwnG9vpiXLgw8jgDDJzYshc", "contract_type": "ERC721"}, "collection": {"collection_id": "65a13036c284b18008bd25b7", "name": "TinFun", "logo": "https://i.seadn.io/s/raw/files/a531bedf317b5ffe5a35d559b5c94cd9.jpg?w=500&auto=format", "slug": "tin-fun"}, "gas_fee": {"value": 0.0299, "raw_value": 29900000000000000, "usd": 72.2984, "payment_token": {"address": "0x0000000000000000000000000000000000000000", "symbol": "ETH", "decimals": 18}}, "price": {"value": 0.5672, "raw_value": 567200000000000000, "usd": 1373.7209766225833, "payment_token": {"address": "0x0000000000000000000000000000000000000000", "symbol": "ETH", "decimals": 18}}, "marketplace_path": ["blur-aggregator", "blur"], "fees": [{"fee_type": "royalty", "recipient": "0x6650dc11f439f14d4dfbea75233bd9b0099a0647", "bps": 50, "price": {"value": 0.002836, "raw_value": 2836000000000000, "usd": 6.898925, "payment_token": {"address": "0x0000000000000000000000000000000000000000", "symbol": "ETH", "decimals": 18}}}], "trait_offer_target": null}, {"blockchain": "ETH", "sender": {"address": "0xcf400d698cbce8126e21cfb83ec655023981808f", "ens": null, "is_whale": false, "blockchain": "ETH", "is_contract": false, "is_blue_chip_holder": false, "is_super_blue_chip_holder": false, "is_multi_sign_wallet": false, "das": null, "alias": null}, "receiver": {"address": "0x31cc7d6cd8a3c863ef090984d5908e194cf8f372", "ens": "johnmoorec.eth", "is_whale": false, "blockchain": "ETH", "is_contract": false, "is_blue_chip_holder": false, "is_super_blue_chip_holder": false, "is_multi_sign_wallet": false, "das": null, "alias": "johnmoorec.eth"}, "event": "sale", "quantity": 1, "tx_hash": "0x3d00f8948e4c77f0b55e98cf887eb00d6111d561667a24664abf7f490c4f4f43", "time": 1707281687, "nft": {"contract_address": "0xc274a97f1691ef390f662067e95a6eff1f99b504", "token_id": "1711", "name": "TinFun #1711", "blockchain": "ETH", "image": "https://lh3.googleusercontent.com/6nTM1wDOKjIw_sfhXfdQfyWa7suelQYMpNHDeHgo_C1NZ9mv1w7uRx2ahzljY_-4uq4CrN4SpwyCVwnG9vpiXLgw8jgDDJzYshc", "contract_type": "ERC721"}, "collection": {"collection_id": "65a13036c284b18008bd25b7", "name": "TinFun", "logo": "https://i.seadn.io/s/raw/files/a531bedf317b5ffe5a35d559b5c94cd9.jpg?w=500&auto=format", "slug": "tin-fun"}, "gas_fee": {"value": 0.0299, "raw_value": 29900000000000000, "usd": 70.7466, "payment_token": {"address": "0x0000000000000000000000000000000000000000", "symbol": "ETH", "decimals": 18}}, "price": {"value": 0.58, "raw_value": 580000000000000000, "usd": 1370.7923905237901, "payment_token": {"address": "0x0000000000000000000000000000000000000000", "symbol": "ETH", "decimals": 18}}, "marketplace_path": ["blur"], "fees": [{"fee_type": "royalty", "recipient": "0x6650dc11f439f14d4dfbea75233bd9b0099a0647", "bps": 50, "price": {"value": 0.0029, "raw_value": 2900000000000000, "usd": 6.889218, "payment_token": {"address": "0x0000000000a39bb272e79075ade125fd351887ac", "symbol": "BETH", "decimals": 18}}}], "trait_offer_target": null}, {"blockchain": "ETH", "sender": {"address": "0xb1d14a0c26346e396dc05da84e8ca82fad34009f", "ens": null, "is_whale": false, "blockchain": "ETH", "is_contract": false, "is_blue_chip_holder": false, "is_super_blue_chip_holder": false, "is_multi_sign_wallet": false, "das": null, "alias": null}, "receiver": {"address": "0xcf400d698cbce8126e21cfb83ec655023981808f", "ens": null, "is_whale": false, "blockchain": "ETH", "is_contract": false, "is_blue_chip_holder": false, "is_super_blue_chip_holder": false, "is_multi_sign_wallet": false, "das": null, "alias": null}, "event": "sale", "quantity": 1, "tx_hash": "0x5f64cedeeacc815b81c4bcdb0e98e4835365f57c0c9784eda0813637a5cbea75", "time": 1705571495, "nft": {"contract_address": "0xc274a97f1691ef390f662067e95a6eff1f99b504", "token_id": "1711", "name": "TinFun #1711", "blockchain": "ETH", "image": "https://lh3.googleusercontent.com/6nTM1wDOKjIw_sfhXfdQfyWa7suelQYMpNHDeHgo_C1NZ9mv1w7uRx2ahzljY_-4uq4CrN4SpwyCVwnG9vpiXLgw8jgDDJzYshc", "contract_type": "ERC721"}, "collection": {"collection_id": "65a13036c284b18008bd25b7", "name": "TinFun", "logo": "https://i.seadn.io/s/raw/files/a531bedf317b5ffe5a35d559b5c94cd9.jpg?w=500&auto=format", "slug": "tin-fun"}, "gas_fee": {"value": 0.0116, "raw_value": 11600000000000000, "usd": 29.4942, "payment_token": {"address": "0x0000000000000000000000000000000000000000", "symbol": "ETH", "decimals": 18}}, "price": {"value": 0.74, "raw_value": 740000000000000000, "usd": 1876.2700910794952, "payment_token": {"address": "0x0000000000000000000000000000000000000000", "symbol": "ETH", "decimals": 18}}, "marketplace_path": ["blur"], "fees": [{"fee_type": "royalty", "recipient": "0x6650dc11f439f14d4dfbea75233bd9b0099a0647", "bps": 50, "price": {"value": 0.0037, "raw_value": 3700000000000000, "usd": 9.362145, "payment_token": {"address": "0x0000000000a39bb272e79075ade125fd351887ac", "symbol": "BETH", "decimals": 18}}}], "trait_offer_target": null}, {"blockchain": "ETH", "sender": {"address": "0x645b2e639ae0b87d5e51b8e32bd15c4e286c5b2e", "ens": null, "is_whale": false, "blockchain": "ETH", "is_contract": false, "is_blue_chip_holder": false, "is_super_blue_chip_holder": false, "is_multi_sign_wallet": false, "das": null, "alias": null}, "receiver": {"address": "0xb1d14a0c26346e396dc05da84e8ca82fad34009f", "ens": null, "is_whale": false, "blockchain": "ETH", "is_contract": false, "is_blue_chip_holder": false, "is_super_blue_chip_holder": false, "is_multi_sign_wallet": false, "das": null, "alias": null}, "event": "sale", "quantity": 1, "tx_hash": "0x841ed5c38255db373483384316bffe093d0cb1f02986e3eae2774c5b7944572d", "time": 1705553435, "nft": {"contract_address": "0xc274a97f1691ef390f662067e95a6eff1f99b504", "token_id": "1711", "name": "TinFun #1711", "blockchain": "ETH", "image": "https://lh3.googleusercontent.com/6nTM1wDOKjIw_sfhXfdQfyWa7suelQYMpNHDeHgo_C1NZ9mv1w7uRx2ahzljY_-4uq4CrN4SpwyCVwnG9vpiXLgw8jgDDJzYshc", "contract_type": "ERC721"}, "collection": {"collection_id": "65a13036c284b18008bd25b7", "name": "TinFun", "logo": "https://i.seadn.io/s/raw/files/a531bedf317b5ffe5a35d559b5c94cd9.jpg?w=500&auto=format", "slug": "tin-fun"}, "gas_fee": {"value": 0.0048, "raw_value": 4800000000000000, "usd": 12.1257, "payment_token": {"address": "0x0000000000000000000000000000000000000000", "symbol": "ETH", "decimals": 18}}, "price": {"value": 0.74, "raw_value": 740000000000000000, "usd": 1869.9785514716434, "payment_token": {"address": "0x0000000000000000000000000000000000000000", "symbol": "ETH", "decimals": 18}}, "marketplace_path": ["blur-aggregator", "blur"], "fees": [{"fee_type": "royalty", "recipient": "0x6650dc11f439f14d4dfbea75233bd9b0099a0647", "bps": 50, "price": {"value": 0.0037, "raw_value": 3700000000000000, "usd": 9.325252, "payment_token": {"address": "0x0000000000000000000000000000000000000000", "symbol": "ETH", "decimals": 18}}}], "trait_offer_target": null}]