[{"blockchain": "ETH", "sender": {"address": "0x5c50f375471231c6871db353413f12570717538b", "ens": null, "is_whale": false, "blockchain": "ETH", "is_contract": false, "is_blue_chip_holder": false, "is_super_blue_chip_holder": false, "is_multi_sign_wallet": false, "das": null, "alias": null}, "receiver": {"address": "0x8177e9fa379b85e01b2b30140ddc446b9875106a", "ens": null, "is_whale": false, "blockchain": "ETH", "is_contract": true, "is_blue_chip_holder": false, "is_super_blue_chip_holder": false, "is_multi_sign_wallet": false, "das": null, "alias": null}, "event": "transfer", "quantity": 1, "tx_hash": "0x4fbe415ddbe80ad1dd26b212d9783a9c6792ee901b78af9e5b33b2d57df1e77c", "time": 1711699571, "nft": {"contract_address": "0xc274a97f1691ef390f662067e95a6eff1f99b504", "token_id": "873", "name": "TinFun #873", "blockchain": "ETH", "image": "https://lh3.googleusercontent.com/puV5ls3TbtXhn4c8pfwNZw4r9matcYgBwhLZlmWDgmB2zV6LGjzAvhF9_4KwN3BRRiBKGW_4vrV10KFcijbToWbeXJsK4SmskRs", "contract_type": "ERC721"}, "collection": {"collection_id": "65a13036c284b18008bd25b7", "name": "TinFun", "logo": "https://i.seadn.io/s/raw/files/a531bedf317b5ffe5a35d559b5c94cd9.jpg?w=500&auto=format", "slug": "tin-fun"}, "gas_fee": {"value": 0.0024, "raw_value": 2400000000000000, "usd": 8.5846, "payment_token": {"address": "0x0000000000000000000000000000000000000000", "symbol": "ETH", "decimals": 18}}, "price": null, "marketplace_path": [], "fees": [], "trait_offer_target": null}, {"blockchain": "ETH", "sender": {"address": "0x63520bc26ff17b09f49bf99be60ccce63013af5a", "ens": "moshy.eth", "is_whale": false, "blockchain": "ETH", "is_contract": false, "is_blue_chip_holder": false, "is_super_blue_chip_holder": false, "is_multi_sign_wallet": false, "das": null, "alias": "moshy.eth"}, "receiver": {"address": "0x5c50f375471231c6871db353413f12570717538b", "ens": null, "is_whale": false, "blockchain": "ETH", "is_contract": false, "is_blue_chip_holder": false, "is_super_blue_chip_holder": false, "is_multi_sign_wallet": false, "das": null, "alias": null}, "event": "sale", "quantity": 1, "tx_hash": "0x966e78e567a88ca0fc596392ef1c6ecd9c8fcf949c665bc04ea61e2f6bfa81f0", "time": 1708827695, "nft": {"contract_address": "0xc274a97f1691ef390f662067e95a6eff1f99b504", "token_id": "873", "name": "TinFun #873", "blockchain": "ETH", "image": "https://lh3.googleusercontent.com/puV5ls3TbtXhn4c8pfwNZw4r9matcYgBwhLZlmWDgmB2zV6LGjzAvhF9_4KwN3BRRiBKGW_4vrV10KFcijbToWbeXJsK4SmskRs", "contract_type": "ERC721"}, "collection": {"collection_id": "65a13036c284b18008bd25b7", "name": "TinFun", "logo": "https://i.seadn.io/s/raw/files/a531bedf317b5ffe5a35d559b5c94cd9.jpg?w=500&auto=format", "slug": "tin-fun"}, "gas_fee": {"value": 0.0069, "raw_value": 6900000000000000, "usd": 20.7014, "payment_token": {"address": "0x0000000000000000000000000000000000000000", "symbol": "ETH", "decimals": 18}}, "price": {"value": 0.584, "raw_value": 584000000000000000, "usd": 1761.94885778841, "payment_token": {"address": "0x0000000000000000000000000000000000000000", "symbol": "ETH", "decimals": 18}}, "marketplace_path": ["opensea"], "fees": [{"fee_type": "royalty", "recipient": "0x6650dc11f439f14d4dfbea75233bd9b0099a0647", "bps": 500, "price": {"value": 0.0292, "raw_value": 29200000000000000, "usd": 87.377108, "payment_token": {"address": "0x0000000000000000000000000000000000000000", "symbol": "ETH", "decimals": 18}}}, {"fee_type": "marketplace", "recipient": "0x0000a26b00c1f0df003000390027140000faa719", "bps": 250, "price": {"value": 0.0146, "raw_value": 14600000000000000, "usd": 43.688554, "payment_token": {"address": "0x0000000000000000000000000000000000000000", "symbol": "ETH", "decimals": 18}}}], "trait_offer_target": null}, {"blockchain": "ETH", "sender": {"address": "0x9c731c50fb63ee893121245b58816e212f64df6e", "ens": null, "is_whale": false, "blockchain": "ETH", "is_contract": false, "is_blue_chip_holder": false, "is_super_blue_chip_holder": false, "is_multi_sign_wallet": false, "das": null, "alias": null}, "receiver": {"address": "0x63520bc26ff17b09f49bf99be60ccce63013af5a", "ens": "moshy.eth", "is_whale": false, "blockchain": "ETH", "is_contract": false, "is_blue_chip_holder": false, "is_super_blue_chip_holder": false, "is_multi_sign_wallet": false, "das": null, "alias": "moshy.eth"}, "event": "sale", "quantity": 1, "tx_hash": "0x995c216a2387809fb62eec1aff319b2912f2ce02668e7b55444b4a89bcc22d44", "time": 1708771775, "nft": {"contract_address": "0xc274a97f1691ef390f662067e95a6eff1f99b504", "token_id": "873", "name": "TinFun #873", "blockchain": "ETH", "image": "https://lh3.googleusercontent.com/puV5ls3TbtXhn4c8pfwNZw4r9matcYgBwhLZlmWDgmB2zV6LGjzAvhF9_4KwN3BRRiBKGW_4vrV10KFcijbToWbeXJsK4SmskRs", "contract_type": "ERC721"}, "collection": {"collection_id": "65a13036c284b18008bd25b7", "name": "TinFun", "logo": "https://i.seadn.io/s/raw/files/a531bedf317b5ffe5a35d559b5c94cd9.jpg?w=500&auto=format", "slug": "tin-fun"}, "gas_fee": {"value": 0.0042, "raw_value": 4199999999999999, "usd": 12.4033, "payment_token": {"address": "0x0000000000000000000000000000000000000000", "symbol": "ETH", "decimals": 18}}, "price": {"value": 0.56879999999, "raw_value": 568799999990000000, "usd": 1682.8604978542503, "payment_token": {"address": "0x0000000000000000000000000000000000000000", "symbol": "ETH", "decimals": 18}}, "marketplace_path": ["blur-aggregator", "blur"], "fees": [{"fee_type": "royalty", "recipient": "0x6650dc11f439f14d4dfbea75233bd9b0099a0647", "bps": 50, "price": {"value": 0.002844, "raw_value": 2843999999950000, "usd": 8.425537, "payment_token": {"address": "0x0000000000000000000000000000000000000000", "symbol": "ETH", "decimals": 18}}}], "trait_offer_target": null}, {"blockchain": "ETH", "sender": {"address": "0x7cdd1e151245590f498723fe587ec88b698f8b9c", "ens": "holyj.eth", "is_whale": false, "blockchain": "ETH", "is_contract": false, "is_blue_chip_holder": false, "is_super_blue_chip_holder": false, "is_multi_sign_wallet": false, "das": null, "alias": "holyj.eth"}, "receiver": {"address": "0x9c731c50fb63ee893121245b58816e212f64df6e", "ens": null, "is_whale": false, "blockchain": "ETH", "is_contract": false, "is_blue_chip_holder": false, "is_super_blue_chip_holder": false, "is_multi_sign_wallet": false, "das": null, "alias": null}, "event": "sale", "quantity": 1, "tx_hash": "0xf8f923fd7cf85adb14843cc3c653fa4deab34659cd26cc5d5a51563df94780bc", "time": 1708771043, "nft": {"contract_address": "0xc274a97f1691ef390f662067e95a6eff1f99b504", "token_id": "873", "name": "TinFun #873", "blockchain": "ETH", "image": "https://lh3.googleusercontent.com/puV5ls3TbtXhn4c8pfwNZw4r9matcYgBwhLZlmWDgmB2zV6LGjzAvhF9_4KwN3BRRiBKGW_4vrV10KFcijbToWbeXJsK4SmskRs", "contract_type": "ERC721"}, "collection": {"collection_id": "65a13036c284b18008bd25b7", "name": "TinFun", "logo": "https://i.seadn.io/s/raw/files/a531bedf317b5ffe5a35d559b5c94cd9.jpg?w=500&auto=format", "slug": "tin-fun"}, "gas_fee": {"value": 0.0049, "raw_value": 4900000000000000, "usd": 14.6112, "payment_token": {"address": "0x0000000000000000000000000000000000000000", "symbol": "ETH", "decimals": 18}}, "price": {"value": 0.54, "raw_value": 540000000000000000, "usd": 1597.6523714087054, "payment_token": {"address": "0x0000000000000000000000000000000000000000", "symbol": "ETH", "decimals": 18}}, "marketplace_path": ["blur"], "fees": [{"fee_type": "royalty", "recipient": "0x6650dc11f439f14d4dfbea75233bd9b0099a0647", "bps": 50, "price": {"value": 0.0027, "raw_value": 2700000000000000, "usd": 7.998928, "payment_token": {"address": "0x0000000000a39bb272e79075ade125fd351887ac", "symbol": "BETH", "decimals": 18}}}], "trait_offer_target": null}, {"blockchain": "ETH", "sender": {"address": "0x1f1de5e6e9d22353bd48254b1af1b35af4e98eca", "ens": null, "is_whale": false, "blockchain": "ETH", "is_contract": false, "is_blue_chip_holder": false, "is_super_blue_chip_holder": false, "is_multi_sign_wallet": false, "das": null, "alias": null}, "receiver": {"address": "0x7cdd1e151245590f498723fe587ec88b698f8b9c", "ens": "holyj.eth", "is_whale": false, "blockchain": "ETH", "is_contract": false, "is_blue_chip_holder": false, "is_super_blue_chip_holder": false, "is_multi_sign_wallet": false, "das": null, "alias": "holyj.eth"}, "event": "sale", "quantity": 1, "tx_hash": "0x9e373593909194d78eb7fd2ebe9c7fcfc546c869f9fa516401773e05b506d915", "time": 1705073039, "nft": {"contract_address": "0xc274a97f1691ef390f662067e95a6eff1f99b504", "token_id": "873", "name": "TinFun #873", "blockchain": "ETH", "image": "https://lh3.googleusercontent.com/puV5ls3TbtXhn4c8pfwNZw4r9matcYgBwhLZlmWDgmB2zV6LGjzAvhF9_4KwN3BRRiBKGW_4vrV10KFcijbToWbeXJsK4SmskRs", "contract_type": "ERC721"}, "collection": {"collection_id": "65a13036c284b18008bd25b7", "name": "TinFun", "logo": "https://i.seadn.io/s/raw/files/a531bedf317b5ffe5a35d559b5c94cd9.jpg?w=500&auto=format", "slug": "tin-fun"}, "gas_fee": {"value": 0.0058, "raw_value": 5800000000000000, "usd": 15.6912, "payment_token": {"address": "0x0000000000000000000000000000000000000000", "symbol": "ETH", "decimals": 18}}, "price": {"value": 0.8698, "raw_value": 869800000000000000, "usd": 2354.3206198312923, "payment_token": {"address": "0x0000000000000000000000000000000000000000", "symbol": "ETH", "decimals": 18}}, "marketplace_path": ["opensea"], "fees": [{"fee_type": "marketplace", "recipient": "0x0000a26b00c1f0df003000390027140000faa719", "bps": 250, "price": {"value": 0.021745, "raw_value": 21745000000000000, "usd": 57.633132, "payment_token": {"address": "0x0000000000000000000000000000000000000000", "symbol": "ETH", "decimals": 18}}}], "trait_offer_target": null}]