[{"blockchain": "ETH", "sender": {"address": "0xd91dc7c83bd01b91cb25019dfc4e35bc6faab814", "ens": "valent1ne.eth", "is_whale": false, "blockchain": "ETH", "is_contract": false, "is_blue_chip_holder": false, "is_super_blue_chip_holder": false, "is_multi_sign_wallet": false, "das": null, "alias": "valent1ne.eth"}, "receiver": {"address": "0x8177e9fa379b85e01b2b30140ddc446b9875106a", "ens": null, "is_whale": false, "blockchain": "ETH", "is_contract": true, "is_blue_chip_holder": false, "is_super_blue_chip_holder": false, "is_multi_sign_wallet": false, "das": null, "alias": null}, "event": "transfer", "quantity": 1, "tx_hash": "0xae0840bbfdf0bfe4e3a98f83ca477fb46986c8c45d83e15b4567635c52a3fa13", "time": 1712931731, "nft": {"contract_address": "0xc274a97f1691ef390f662067e95a6eff1f99b504", "token_id": "5569", "name": "TinFun #5569", "blockchain": "ETH", "image": "https://lh3.googleusercontent.com/gv8AVl4jNsig5Tpk_HDO71WHyTR0z7HsAOthM-p7oP_yklr4Jw6gucqz5bg3gWr9o46FvmSyVUOzRAj-WJuOMrLMZ359r2zSzLY", "contract_type": "ERC721"}, "collection": {"collection_id": "65a13036c284b18008bd25b7", "name": "TinFun", "logo": "https://i.seadn.io/s/raw/files/a531bedf317b5ffe5a35d559b5c94cd9.jpg?w=500&auto=format", "slug": "tin-fun"}, "gas_fee": {"value": 0.0055, "raw_value": 5500000000000000, "usd": 19.0495, "payment_token": {"address": "0x0000000000000000000000000000000000000000", "symbol": "ETH", "decimals": 18}}, "price": null, "marketplace_path": [], "fees": [], "trait_offer_target": null}, {"blockchain": "ETH", "sender": {"address": "0x729650969f380a178806fc97735d03a8ee4d7694", "ens": null, "is_whale": false, "blockchain": "ETH", "is_contract": false, "is_blue_chip_holder": false, "is_super_blue_chip_holder": false, "is_multi_sign_wallet": false, "das": null, "alias": null}, "receiver": {"address": "0xd91dc7c83bd01b91cb25019dfc4e35bc6faab814", "ens": "valent1ne.eth", "is_whale": false, "blockchain": "ETH", "is_contract": false, "is_blue_chip_holder": false, "is_super_blue_chip_holder": false, "is_multi_sign_wallet": false, "das": null, "alias": "valent1ne.eth"}, "event": "sale", "quantity": 1, "tx_hash": "0x5cda15dc80f069ad8c336f309ca8707dfc601f53a6e8f40b6e4afbf85858d5aa", "time": 1707065363, "nft": {"contract_address": "0xc274a97f1691ef390f662067e95a6eff1f99b504", "token_id": "5569", "name": "TinFun #5569", "blockchain": "ETH", "image": "https://lh3.googleusercontent.com/gv8AVl4jNsig5Tpk_HDO71WHyTR0z7HsAOthM-p7oP_yklr4Jw6gucqz5bg3gWr9o46FvmSyVUOzRAj-WJuOMrLMZ359r2zSzLY", "contract_type": "ERC721"}, "collection": {"collection_id": "65a13036c284b18008bd25b7", "name": "TinFun", "logo": "https://i.seadn.io/s/raw/files/a531bedf317b5ffe5a35d559b5c94cd9.jpg?w=500&auto=format", "slug": "tin-fun"}, "gas_fee": {"value": 0.0105, "raw_value": 10500000000000000, "usd": 24.0846, "payment_token": {"address": "0x0000000000000000000000000000000000000000", "symbol": "ETH", "decimals": 18}}, "price": {"value": 0.606, "raw_value": 606000000000000000, "usd": 1394.6491684458288, "payment_token": {"address": "0x0000000000000000000000000000000000000000", "symbol": "ETH", "decimals": 18}}, "marketplace_path": ["blur-aggregator", "blur"], "fees": [{"fee_type": "royalty", "recipient": "0x6650dc11f439f14d4dfbea75233bd9b0099a0647", "bps": 50, "price": {"value": 0.00303, "raw_value": 3030000000000000, "usd": 6.979931, "payment_token": {"address": "0x0000000000000000000000000000000000000000", "symbol": "ETH", "decimals": 18}}}], "trait_offer_target": null}]