[{"blockchain": "ETH", "sender": {"address": "0xd3815d8f2d22edcf6d42bc5585fbc19912870ef9", "ens": null, "is_whale": false, "blockchain": "ETH", "is_contract": false, "is_blue_chip_holder": false, "is_super_blue_chip_holder": false, "is_multi_sign_wallet": false, "das": null, "alias": null}, "receiver": {"address": "0x8177e9fa379b85e01b2b30140ddc446b9875106a", "ens": null, "is_whale": false, "blockchain": "ETH", "is_contract": true, "is_blue_chip_holder": false, "is_super_blue_chip_holder": false, "is_multi_sign_wallet": false, "das": null, "alias": null}, "event": "transfer", "quantity": 1, "tx_hash": "0x787dc7bb279107b4247672c6ca0b55d59b759e2b37fc45771a6e486c3466a69d", "time": 1711883795, "nft": {"contract_address": "0xc274a97f1691ef390f662067e95a6eff1f99b504", "token_id": "1117", "name": "TinFun #1117", "blockchain": "ETH", "image": "https://lh3.googleusercontent.com/lkXnmNbg-7PlYwq972hCGNujgoj06MbgxqZqhN1eZYBwN_ZkyjICBLUOLez_B44lazEvqgKMpWNGVgSKtintQJVAt45lsumsIss2", "contract_type": "ERC721"}, "collection": {"collection_id": "65a13036c284b18008bd25b7", "name": "TinFun", "logo": "https://i.seadn.io/s/raw/files/a531bedf317b5ffe5a35d559b5c94cd9.jpg?w=500&auto=format", "slug": "tin-fun"}, "gas_fee": {"value": 0.0014, "raw_value": 1400000000000000, "usd": 5.0159, "payment_token": {"address": "0x0000000000000000000000000000000000000000", "symbol": "ETH", "decimals": 18}}, "price": null, "marketplace_path": [], "fees": [], "trait_offer_target": null}, {"blockchain": "ETH", "sender": {"address": "0xf13f6e9f08b23e8966e0ea176cd4479c90c2d0b1", "ens": null, "is_whale": false, "blockchain": "ETH", "is_contract": false, "is_blue_chip_holder": false, "is_super_blue_chip_holder": false, "is_multi_sign_wallet": false, "das": null, "alias": null}, "receiver": {"address": "0xd3815d8f2d22edcf6d42bc5585fbc19912870ef9", "ens": null, "is_whale": false, "blockchain": "ETH", "is_contract": false, "is_blue_chip_holder": false, "is_super_blue_chip_holder": false, "is_multi_sign_wallet": false, "das": null, "alias": null}, "event": "transfer", "quantity": 1, "tx_hash": "0x51d59931414e22cf8dc3c9eff6feca18a5a82f06315216d1cbf97e525feea335", "time": 1705266227, "nft": {"contract_address": "0xc274a97f1691ef390f662067e95a6eff1f99b504", "token_id": "1117", "name": "TinFun #1117", "blockchain": "ETH", "image": "https://lh3.googleusercontent.com/lkXnmNbg-7PlYwq972hCGNujgoj06MbgxqZqhN1eZYBwN_ZkyjICBLUOLez_B44lazEvqgKMpWNGVgSKtintQJVAt45lsumsIss2", "contract_type": "ERC721"}, "collection": {"collection_id": "65a13036c284b18008bd25b7", "name": "TinFun", "logo": "https://i.seadn.io/s/raw/files/a531bedf317b5ffe5a35d559b5c94cd9.jpg?w=500&auto=format", "slug": "tin-fun"}, "gas_fee": {"value": 0.002, "raw_value": 2000000000000000, "usd": 5.1126, "payment_token": {"address": "0x0000000000000000000000000000000000000000", "symbol": "ETH", "decimals": 18}}, "price": null, "marketplace_path": [], "fees": [], "trait_offer_target": null}]