[{"blockchain": "ETH", "sender": {"address": "0x4aa7336a0d92143bcf2cb69854a2b647a00defe1", "ens": null, "is_whale": false, "blockchain": "ETH", "is_contract": false, "is_blue_chip_holder": false, "is_super_blue_chip_holder": false, "is_multi_sign_wallet": false, "das": null, "alias": null}, "receiver": {"address": "0x8177e9fa379b85e01b2b30140ddc446b9875106a", "ens": null, "is_whale": false, "blockchain": "ETH", "is_contract": true, "is_blue_chip_holder": false, "is_super_blue_chip_holder": false, "is_multi_sign_wallet": false, "das": null, "alias": null}, "event": "transfer", "quantity": 1, "tx_hash": "0xc6e94e652179581fd953ac80667bccdcd39aa9d36b731a3baf1dac2c95d0d835", "time": 1712987375, "nft": {"contract_address": "0xc274a97f1691ef390f662067e95a6eff1f99b504", "token_id": "486", "name": "TinFun #486", "blockchain": "ETH", "image": "https://lh3.googleusercontent.com/0aBzOD8Eoo7OQ0BooIM-w7LH5L9PgGo9KeYUHnXu3MGGRmXwhNiQr543FzbRXL05DqKCh3BTdcVDfLNLH5G71w5c3Knccn0Ww70", "contract_type": "ERC721"}, "collection": {"collection_id": "65a13036c284b18008bd25b7", "name": "TinFun", "logo": "https://i.seadn.io/s/raw/files/a531bedf317b5ffe5a35d559b5c94cd9.jpg?w=500&auto=format", "slug": "tin-fun"}, "gas_fee": {"value": 0.0011, "raw_value": 1100000000000000, "usd": 3.6415, "payment_token": {"address": "0x0000000000000000000000000000000000000000", "symbol": "ETH", "decimals": 18}}, "price": null, "marketplace_path": [], "fees": [], "trait_offer_target": null}, {"blockchain": "ETH", "sender": {"address": "0xfa26f3b7b38ac7e7d9a05451444d6d1221267b6b", "ens": null, "is_whale": false, "blockchain": "ETH", "is_contract": false, "is_blue_chip_holder": false, "is_super_blue_chip_holder": false, "is_multi_sign_wallet": false, "das": null, "alias": null}, "receiver": {"address": "0x4aa7336a0d92143bcf2cb69854a2b647a00defe1", "ens": null, "is_whale": false, "blockchain": "ETH", "is_contract": false, "is_blue_chip_holder": false, "is_super_blue_chip_holder": false, "is_multi_sign_wallet": false, "das": null, "alias": null}, "event": "transfer", "quantity": 1, "tx_hash": "0x03b8540a7a8de57e584b0d49d95b2d32b86fb1c1798b61a662ed8c98d5ffeb8a", "time": 1711046171, "nft": {"contract_address": "0xc274a97f1691ef390f662067e95a6eff1f99b504", "token_id": "486", "name": "TinFun #486", "blockchain": "ETH", "image": "https://lh3.googleusercontent.com/0aBzOD8Eoo7OQ0BooIM-w7LH5L9PgGo9KeYUHnXu3MGGRmXwhNiQr543FzbRXL05DqKCh3BTdcVDfLNLH5G71w5c3Knccn0Ww70", "contract_type": "ERC721"}, "collection": {"collection_id": "65a13036c284b18008bd25b7", "name": "TinFun", "logo": "https://i.seadn.io/s/raw/files/a531bedf317b5ffe5a35d559b5c94cd9.jpg?w=500&auto=format", "slug": "tin-fun"}, "gas_fee": {"value": 0.004, "raw_value": 4000000000000000, "usd": 13.898, "payment_token": {"address": "0x0000000000000000000000000000000000000000", "symbol": "ETH", "decimals": 18}}, "price": null, "marketplace_path": [], "fees": [], "trait_offer_target": null}]