[{"blockchain": "ETH", "sender": {"address": "0x6f0891484f856da6468ff760aa1e59bf4879f6b6", "ens": null, "is_whale": false, "blockchain": "ETH", "is_contract": false, "is_blue_chip_holder": false, "is_super_blue_chip_holder": false, "is_multi_sign_wallet": false, "das": null, "alias": null}, "receiver": {"address": "0x8177e9fa379b85e01b2b30140ddc446b9875106a", "ens": null, "is_whale": false, "blockchain": "ETH", "is_contract": true, "is_blue_chip_holder": false, "is_super_blue_chip_holder": false, "is_multi_sign_wallet": false, "das": null, "alias": null}, "event": "transfer", "quantity": 1, "tx_hash": "0xcba30b41126384b8730dac535fce5610690327b6788767aebab4b792ef0bf3db", "time": 1711710107, "nft": {"contract_address": "0xc274a97f1691ef390f662067e95a6eff1f99b504", "token_id": "2042", "name": "TinFun #2042", "blockchain": "ETH", "image": "https://lh3.googleusercontent.com/U3r-FnhfRw71-bmlWd4d2hrbBNWQ7VfBypyHoW87srBnSQhp8dHrqOyE9A3z-3V9gH-6AVzVeH_i7lMXeExhTNn-YZIZBcvMuVzE", "contract_type": "ERC721"}, "collection": {"collection_id": "65a13036c284b18008bd25b7", "name": "TinFun", "logo": "https://i.seadn.io/s/raw/files/a531bedf317b5ffe5a35d559b5c94cd9.jpg?w=500&auto=format", "slug": "tin-fun"}, "gas_fee": {"value": 0.0048, "raw_value": 4800000000000000, "usd": 16.982, "payment_token": {"address": "0x0000000000000000000000000000000000000000", "symbol": "ETH", "decimals": 18}}, "price": null, "marketplace_path": [], "fees": [], "trait_offer_target": null}, {"blockchain": "ETH", "sender": {"address": "0x03c34f7350e2de6d543363bc70d2865969dd6a3a", "ens": null, "is_whale": false, "blockchain": "ETH", "is_contract": false, "is_blue_chip_holder": false, "is_super_blue_chip_holder": false, "is_multi_sign_wallet": false, "das": null, "alias": null}, "receiver": {"address": "0x6f0891484f856da6468ff760aa1e59bf4879f6b6", "ens": null, "is_whale": false, "blockchain": "ETH", "is_contract": false, "is_blue_chip_holder": false, "is_super_blue_chip_holder": false, "is_multi_sign_wallet": false, "das": null, "alias": null}, "event": "sale", "quantity": 1, "tx_hash": "0x466aceb2beac5ec2ea8c20b77e6a0284cc417de9cadd4f961d29288eb4d0b04b", "time": 1705231859, "nft": {"contract_address": "0xc274a97f1691ef390f662067e95a6eff1f99b504", "token_id": "2042", "name": "TinFun #2042", "blockchain": "ETH", "image": "https://lh3.googleusercontent.com/U3r-FnhfRw71-bmlWd4d2hrbBNWQ7VfBypyHoW87srBnSQhp8dHrqOyE9A3z-3V9gH-6AVzVeH_i7lMXeExhTNn-YZIZBcvMuVzE", "contract_type": "ERC721"}, "collection": {"collection_id": "65a13036c284b18008bd25b7", "name": "TinFun", "logo": "https://i.seadn.io/s/raw/files/a531bedf317b5ffe5a35d559b5c94cd9.jpg?w=500&auto=format", "slug": "tin-fun"}, "gas_fee": {"value": 0.0355, "raw_value": 35499999999999996, "usd": 90.2131, "payment_token": {"address": "0x0000000000000000000000000000000000000000", "symbol": "ETH", "decimals": 18}}, "price": {"value": 0.73, "raw_value": 730000000000000000, "usd": 1854.7823152158662, "payment_token": {"address": "0x0000000000000000000000000000000000000000", "symbol": "ETH", "decimals": 18}}, "marketplace_path": ["blur"], "fees": [{"fee_type": "royalty", "recipient": "0x6650dc11f439f14d4dfbea75233bd9b0099a0647", "bps": 50, "price": {"value": 0.00365, "raw_value": 3650000000000000, "usd": 9.315311, "payment_token": {"address": "0x0000000000a39bb272e79075ade125fd351887ac", "symbol": "BETH", "decimals": 18}}}], "trait_offer_target": null}, {"blockchain": "ETH", "sender": {"address": "0xef370be9544f1133c0623e5c5e80414fab83ea39", "ens": null, "is_whale": false, "blockchain": "ETH", "is_contract": false, "is_blue_chip_holder": false, "is_super_blue_chip_holder": false, "is_multi_sign_wallet": false, "das": null, "alias": null}, "receiver": {"address": "0x03c34f7350e2de6d543363bc70d2865969dd6a3a", "ens": null, "is_whale": false, "blockchain": "ETH", "is_contract": false, "is_blue_chip_holder": false, "is_super_blue_chip_holder": false, "is_multi_sign_wallet": false, "das": null, "alias": null}, "event": "sale", "quantity": 1, "tx_hash": "0x8ed379df2798735af4dc186bb5acc14e1ebae5c32fb377a2180ced3435139568", "time": 1705229603, "nft": {"contract_address": "0xc274a97f1691ef390f662067e95a6eff1f99b504", "token_id": "2042", "name": "TinFun #2042", "blockchain": "ETH", "image": "https://lh3.googleusercontent.com/U3r-FnhfRw71-bmlWd4d2hrbBNWQ7VfBypyHoW87srBnSQhp8dHrqOyE9A3z-3V9gH-6AVzVeH_i7lMXeExhTNn-YZIZBcvMuVzE", "contract_type": "ERC721"}, "collection": {"collection_id": "65a13036c284b18008bd25b7", "name": "TinFun", "logo": "https://i.seadn.io/s/raw/files/a531bedf317b5ffe5a35d559b5c94cd9.jpg?w=500&auto=format", "slug": "tin-fun"}, "gas_fee": {"value": 0.1085, "raw_value": 108500000000000000, "usd": 276.9562, "payment_token": {"address": "0x0000000000000000000000000000000000000000", "symbol": "ETH", "decimals": 18}}, "price": {"value": 0.75, "raw_value": 750000000000000000, "usd": 1914.4048660645506, "payment_token": {"address": "0x0000000000000000000000000000000000000000", "symbol": "ETH", "decimals": 18}}, "marketplace_path": ["blur"], "fees": [{"fee_type": "royalty", "recipient": "0x6650dc11f439f14d4dfbea75233bd9b0099a0647", "bps": 50, "price": {"value": 0.00375, "raw_value": 3750000000000000, "usd": 9.562184, "payment_token": {"address": "0x0000000000a39bb272e79075ade125fd351887ac", "symbol": "BETH", "decimals": 18}}}], "trait_offer_target": null}, {"blockchain": "ETH", "sender": {"address": "0x24fd0fcbcd5d09a900c3c18501d1688ccb5fbf14", "ens": null, "is_whale": false, "blockchain": "ETH", "is_contract": false, "is_blue_chip_holder": false, "is_super_blue_chip_holder": false, "is_multi_sign_wallet": false, "das": null, "alias": null}, "receiver": {"address": "0xef370be9544f1133c0623e5c5e80414fab83ea39", "ens": null, "is_whale": false, "blockchain": "ETH", "is_contract": false, "is_blue_chip_holder": false, "is_super_blue_chip_holder": false, "is_multi_sign_wallet": false, "das": null, "alias": null}, "event": "sale", "quantity": 1, "tx_hash": "0xf94c0737abd3cbe7edfc62755a78dbc975181feed9b237936de3bdd245191597", "time": 1705098167, "nft": {"contract_address": "0xc274a97f1691ef390f662067e95a6eff1f99b504", "token_id": "2042", "name": "TinFun #2042", "blockchain": "ETH", "image": "https://lh3.googleusercontent.com/U3r-FnhfRw71-bmlWd4d2hrbBNWQ7VfBypyHoW87srBnSQhp8dHrqOyE9A3z-3V9gH-6AVzVeH_i7lMXeExhTNn-YZIZBcvMuVzE", "contract_type": "ERC721"}, "collection": {"collection_id": "65a13036c284b18008bd25b7", "name": "TinFun", "logo": "https://i.seadn.io/s/raw/files/a531bedf317b5ffe5a35d559b5c94cd9.jpg?w=500&auto=format", "slug": "tin-fun"}, "gas_fee": {"value": 0.0868, "raw_value": 86800000000000000, "usd": 218.9555, "payment_token": {"address": "0x0000000000000000000000000000000000000000", "symbol": "ETH", "decimals": 18}}, "price": {"value": 0.8, "raw_value": 800000000000000000, "usd": 2018.9038804264503, "payment_token": {"address": "0x0000000000000000000000000000000000000000", "symbol": "ETH", "decimals": 18}}, "marketplace_path": ["blur-aggregator", "blur"], "fees": [{"fee_type": "royalty", "recipient": "0x6650dc11f439f14d4dfbea75233bd9b0099a0647", "bps": 50, "price": {"value": 0.004, "raw_value": 4000000000000000, "usd": 10.326056, "payment_token": {"address": "0x0000000000000000000000000000000000000000", "symbol": "ETH", "decimals": 18}}}], "trait_offer_target": null}]