[{"blockchain": "ETH", "sender": {"address": "0xdf4e0f7e6cbcb5a1b78fd0f3a71aff8e2a782112", "ens": "ethflash.eth", "is_whale": false, "blockchain": "ETH", "is_contract": false, "is_blue_chip_holder": false, "is_super_blue_chip_holder": false, "is_multi_sign_wallet": false, "das": null, "alias": "ethflash.eth"}, "receiver": {"address": "0x8177e9fa379b85e01b2b30140ddc446b9875106a", "ens": null, "is_whale": false, "blockchain": "ETH", "is_contract": true, "is_blue_chip_holder": false, "is_super_blue_chip_holder": false, "is_multi_sign_wallet": false, "das": null, "alias": null}, "event": "transfer", "quantity": 1, "tx_hash": "0x16041bdc8d1d023e1775519ac79838236ae97ade4ce26f85ca41aced3a6fe1a3", "time": 1711800023, "nft": {"contract_address": "0xc274a97f1691ef390f662067e95a6eff1f99b504", "token_id": "34", "name": "TinFun #34", "blockchain": "ETH", "image": "https://lh3.googleusercontent.com/-JtEUIxPE6l9Syubo5pMBkHAvclTRhouq69lS3QqIm3yzPKsBJlYG68Cb_bZ_R8rp_jVRncZxMDUt6udrZ1YzBRCTbITOwnyeg", "contract_type": "ERC721"}, "collection": {"collection_id": "65a13036c284b18008bd25b7", "name": "TinFun", "logo": "https://i.seadn.io/s/raw/files/a531bedf317b5ffe5a35d559b5c94cd9.jpg?w=500&auto=format", "slug": "tin-fun"}, "gas_fee": {"value": 0.0017, "raw_value": 1700000000000000, "usd": 6.2033, "payment_token": {"address": "0x0000000000000000000000000000000000000000", "symbol": "ETH", "decimals": 18}}, "price": null, "marketplace_path": [], "fees": [], "trait_offer_target": null}, {"blockchain": "ETH", "sender": {"address": "0xfa38e8da1547c872d710dde3a5cdd27747b72abd", "ens": null, "is_whale": false, "blockchain": "ETH", "is_contract": false, "is_blue_chip_holder": false, "is_super_blue_chip_holder": false, "is_multi_sign_wallet": false, "das": null, "alias": null}, "receiver": {"address": "0xdf4e0f7e6cbcb5a1b78fd0f3a71aff8e2a782112", "ens": "ethflash.eth", "is_whale": false, "blockchain": "ETH", "is_contract": false, "is_blue_chip_holder": false, "is_super_blue_chip_holder": false, "is_multi_sign_wallet": false, "das": null, "alias": "ethflash.eth"}, "event": "sale", "quantity": 1, "tx_hash": "0x267851c9ab39c5ebd8247ea1e14f79104de1b3051f56994a96534746254d38ea", "time": 1710491903, "nft": {"contract_address": "0xc274a97f1691ef390f662067e95a6eff1f99b504", "token_id": "34", "name": "TinFun #34", "blockchain": "ETH", "image": "https://lh3.googleusercontent.com/-JtEUIxPE6l9Syubo5pMBkHAvclTRhouq69lS3QqIm3yzPKsBJlYG68Cb_bZ_R8rp_jVRncZxMDUt6udrZ1YzBRCTbITOwnyeg", "contract_type": "ERC721"}, "collection": {"collection_id": "65a13036c284b18008bd25b7", "name": "TinFun", "logo": "https://i.seadn.io/s/raw/files/a531bedf317b5ffe5a35d559b5c94cd9.jpg?w=500&auto=format", "slug": "tin-fun"}, "gas_fee": {"value": 0.0084, "raw_value": 8399999999999999, "usd": 31.6161, "payment_token": {"address": "0x0000000000000000000000000000000000000000", "symbol": "ETH", "decimals": 18}}, "price": {"value": 0.17, "raw_value": 170000000000000000, "usd": 637.748022499599, "payment_token": {"address": "0x0000000000000000000000000000000000000000", "symbol": "ETH", "decimals": 18}}, "marketplace_path": ["blur"], "fees": [{"fee_type": "royalty", "recipient": "0x6650dc11f439f14d4dfbea75233bd9b0099a0647", "bps": 500, "price": {"value": 0.0085, "raw_value": 8500000000000000, "usd": 31.26261, "payment_token": {"address": "0x0000000000a39bb272e79075ade125fd351887ac", "symbol": "BETH", "decimals": 18}}}], "trait_offer_target": null}]