[{"blockchain": "ETH", "sender": {"address": "0x0840bef8b37f592eedffa580bd308381ec0a4fe7", "ens": "epochgroup.eth", "is_whale": false, "blockchain": "ETH", "is_contract": false, "is_blue_chip_holder": false, "is_super_blue_chip_holder": false, "is_multi_sign_wallet": false, "das": null, "alias": "epochgroup.eth"}, "receiver": {"address": "0x8177e9fa379b85e01b2b30140ddc446b9875106a", "ens": null, "is_whale": false, "blockchain": "ETH", "is_contract": true, "is_blue_chip_holder": false, "is_super_blue_chip_holder": false, "is_multi_sign_wallet": false, "das": null, "alias": null}, "event": "transfer", "quantity": 1, "tx_hash": "0xd86b04c965fa82653f97b15af7e3f64e9548b373609df0748a013232a036ec9a", "time": 1711699559, "nft": {"contract_address": "0xc274a97f1691ef390f662067e95a6eff1f99b504", "token_id": "2214", "name": "TinFun #2214", "blockchain": "ETH", "image": "https://lh3.googleusercontent.com/Xu2shcsAEuJ6VX8p9URP-JcRjJUbnlycu_fj5i1_f6a9JefeaHeMaq_BS2HC_ZePVOPDmQLvrbLN_aoyXX8x62yG8QevoLKMw_0", "contract_type": "ERC721"}, "collection": {"collection_id": "65a13036c284b18008bd25b7", "name": "TinFun", "logo": "https://i.seadn.io/s/raw/files/a531bedf317b5ffe5a35d559b5c94cd9.jpg?w=500&auto=format", "slug": "tin-fun"}, "gas_fee": {"value": 0.0266, "raw_value": 26600000000000000, "usd": 93.7627, "payment_token": {"address": "0x0000000000000000000000000000000000000000", "symbol": "ETH", "decimals": 18}}, "price": null, "marketplace_path": [], "fees": [], "trait_offer_target": null}, {"blockchain": "ETH", "sender": {"address": "0xcb27b783c2674c2745465d23f217f8d2206d371a", "ens": null, "is_whale": false, "blockchain": "ETH", "is_contract": false, "is_blue_chip_holder": false, "is_super_blue_chip_holder": false, "is_multi_sign_wallet": false, "das": null, "alias": null}, "receiver": {"address": "0x0840bef8b37f592eedffa580bd308381ec0a4fe7", "ens": "epochgroup.eth", "is_whale": false, "blockchain": "ETH", "is_contract": false, "is_blue_chip_holder": false, "is_super_blue_chip_holder": false, "is_multi_sign_wallet": false, "das": null, "alias": "epochgroup.eth"}, "event": "sale", "quantity": 1, "tx_hash": "0xb9ae22783f31eb69f2da1a5a726ef9da8a574482aa0f0a4efab4559bb4f53cc9", "time": 1705065587, "nft": {"contract_address": "0xc274a97f1691ef390f662067e95a6eff1f99b504", "token_id": "2214", "name": "TinFun #2214", "blockchain": "ETH", "image": "https://lh3.googleusercontent.com/Xu2shcsAEuJ6VX8p9URP-JcRjJUbnlycu_fj5i1_f6a9JefeaHeMaq_BS2HC_ZePVOPDmQLvrbLN_aoyXX8x62yG8QevoLKMw_0", "contract_type": "ERC721"}, "collection": {"collection_id": "65a13036c284b18008bd25b7", "name": "TinFun", "logo": "https://i.seadn.io/s/raw/files/a531bedf317b5ffe5a35d559b5c94cd9.jpg?w=500&auto=format", "slug": "tin-fun"}, "gas_fee": {"value": 0.0038, "raw_value": 3800000000000000, "usd": 10.0027, "payment_token": {"address": "0x0000000000000000000000000000000000000000", "symbol": "ETH", "decimals": 18}}, "price": {"value": 0.73, "raw_value": 730000000000000000, "usd": 1934.7981901240084, "payment_token": {"address": "0x0000000000000000000000000000000000000000", "symbol": "ETH", "decimals": 18}}, "marketplace_path": ["element"], "fees": [], "trait_offer_target": null}]