[{"blockchain": "ETH", "sender": {"address": "0x6948d7b5980e79fb949c862594a2477ca089974f", "ens": "joeyli.eth", "is_whale": false, "blockchain": "ETH", "is_contract": false, "is_blue_chip_holder": true, "is_super_blue_chip_holder": false, "is_multi_sign_wallet": false, "das": null, "alias": "joeyli.eth"}, "receiver": {"address": "0x5f173935a4ec358bb9a157824abff997bc2e5938", "ens": null, "is_whale": false, "blockchain": "ETH", "is_contract": false, "is_blue_chip_holder": false, "is_super_blue_chip_holder": false, "is_multi_sign_wallet": false, "das": null, "alias": null}, "event": "sale", "quantity": 1, "tx_hash": "0xe94d0924315b510f30672c3606b3218172e3d6d5b7d33e1f9a9881e5adbfc55c", "time": 1705543511, "nft": {"contract_address": "0xc274a97f1691ef390f662067e95a6eff1f99b504", "token_id": "243", "name": "TinFun #243", "blockchain": "ETH", "image": "https://lh3.googleusercontent.com/TIaOJk_yP6lrzKvQ9iwus2VHZEJWh91lCYfmi8VdW8tfinylcDf_4TveCYK5kaNaFcIG5iGKoGndCsvPJ_gx-9iEJQzdc8Eqiw", "contract_type": "ERC721"}, "collection": {"collection_id": "65a13036c284b18008bd25b7", "name": "TinFun", "logo": "https://i.seadn.io/s/raw/files/a531bedf317b5ffe5a35d559b5c94cd9.jpg?w=500&auto=format", "slug": "tin-fun"}, "gas_fee": {"value": 0.0151, "raw_value": 15100000000000000, "usd": 38.0383, "payment_token": {"address": "0x0000000000000000000000000000000000000000", "symbol": "ETH", "decimals": 18}}, "price": {"value": 0.74, "raw_value": 740000000000000000, "usd": 1865.0504184458816, "payment_token": {"address": "0x0000000000000000000000000000000000000000", "symbol": "ETH", "decimals": 18}}, "marketplace_path": ["blur-aggregator", "blur"], "fees": [{"fee_type": "royalty", "recipient": "0x6650dc11f439f14d4dfbea75233bd9b0099a0647", "bps": 50, "price": {"value": 0.0037, "raw_value": 3700000000000000, "usd": 9.355795, "payment_token": {"address": "0x0000000000000000000000000000000000000000", "symbol": "ETH", "decimals": 18}}}], "trait_offer_target": null}]