[{"blockchain": "ETH", "sender": {"address": "0xa62d7ad2fddbad38a0aba25e40cdfe2edfa4d183", "ens": "sauldataman.eth", "is_whale": false, "blockchain": "ETH", "is_contract": false, "is_blue_chip_holder": true, "is_super_blue_chip_holder": false, "is_multi_sign_wallet": false, "das": null, "alias": "sauldataman.eth"}, "receiver": {"address": "0x8177e9fa379b85e01b2b30140ddc446b9875106a", "ens": null, "is_whale": false, "blockchain": "ETH", "is_contract": true, "is_blue_chip_holder": false, "is_super_blue_chip_holder": false, "is_multi_sign_wallet": false, "das": null, "alias": null}, "event": "transfer", "quantity": 1, "tx_hash": "0xb569d8a28a54598e21749aff6138f7a74eeb006baa2b61307eb71d61f53f0f96", "time": 1711758407, "nft": {"contract_address": "0xc274a97f1691ef390f662067e95a6eff1f99b504", "token_id": "6492", "name": "TinFun #6492", "blockchain": "ETH", "image": "https://lh3.googleusercontent.com/EwFn8rgqZb8UZWIe-XfdoqW39tIS48fooHdf0LgUQHTD59bgjC61aIEG0JGBOJB_i8wYR7QNaozCSGIOWCq5LYgq2iQBCucbFA", "contract_type": "ERC721"}, "collection": {"collection_id": "65a13036c284b18008bd25b7", "name": "TinFun", "logo": "https://i.seadn.io/s/raw/files/a531bedf317b5ffe5a35d559b5c94cd9.jpg?w=500&auto=format", "slug": "tin-fun"}, "gas_fee": {"value": 0.007, "raw_value": 7000000000000000, "usd": 24.4654, "payment_token": {"address": "0x0000000000000000000000000000000000000000", "symbol": "ETH", "decimals": 18}}, "price": null, "marketplace_path": [], "fees": [], "trait_offer_target": null}]