[{"blockchain": "ETH", "sender": {"address": "0xe29c4b33b47ebda6b5d77e2beb829a487a64986a", "ens": null, "is_whale": false, "blockchain": "ETH", "is_contract": false, "is_blue_chip_holder": false, "is_super_blue_chip_holder": false, "is_multi_sign_wallet": false, "das": null, "alias": null}, "receiver": {"address": "0x1c169e10dd4bbbc387b970a76839c21f169b7706", "ens": "jjfujj.eth", "is_whale": false, "blockchain": "ETH", "is_contract": false, "is_blue_chip_holder": true, "is_super_blue_chip_holder": false, "is_multi_sign_wallet": false, "das": null, "alias": "jjfujj.eth"}, "event": "sale", "quantity": 1, "tx_hash": "0x633229cf51b68432c25c152ff5881220df4c82f1c8cbfe234605527ed275a702", "time": 1708833443, "nft": {"contract_address": "0xc274a97f1691ef390f662067e95a6eff1f99b504", "token_id": "609", "name": "TinFun #609", "blockchain": "ETH", "image": "https://lh3.googleusercontent.com/TKEWZatk9_PuXgEUw0fLV02GM6VWlX9G9LhsKN3dtlLtlQPCw9AwcLcYr_JRh50QHisPrKeIoD4a665QJb11GJzHDGxfe0wk-zMd", "contract_type": "ERC721"}, "collection": {"collection_id": "65a13036c284b18008bd25b7", "name": "TinFun", "logo": "https://i.seadn.io/s/raw/files/a531bedf317b5ffe5a35d559b5c94cd9.jpg?w=500&auto=format", "slug": "tin-fun"}, "gas_fee": {"value": 0.0073, "raw_value": 7300000000000000, "usd": 22.0702, "payment_token": {"address": "0x0000000000000000000000000000000000000000", "symbol": "ETH", "decimals": 18}}, "price": {"value": 0.3349, "raw_value": 334900000000000000, "usd": 1014.8937248361719, "payment_token": {"address": "0x0000000000000000000000000000000000000000", "symbol": "ETH", "decimals": 18}}, "marketplace_path": ["blur-aggregator", "blur"], "fees": [{"fee_type": "royalty", "recipient": "0x6650dc11f439f14d4dfbea75233bd9b0099a0647", "bps": 50, "price": {"value": 0.001674, "raw_value": 1674500000000000, "usd": 5.014561, "payment_token": {"address": "0x0000000000000000000000000000000000000000", "symbol": "ETH", "decimals": 18}}}], "trait_offer_target": null}, {"blockchain": "ETH", "sender": {"address": "0x100ee93639b5bb81cf1fb694f3874cc336439bc6", "ens": "\ud83e\udd74\ud83e\udd74\ud83e\udd74\ud83e\udd74\ud83e\udd74\ud83e\udd74\ud83e\udd74\ud83e\udd74\ud83e\udd74\ud83e\udd74\ud83e\udd74\ud83e\udd74\ud83e\udd74\ud83e\udd74\ud83e\udd74.eth", "is_whale": false, "blockchain": "ETH", "is_contract": false, "is_blue_chip_holder": false, "is_super_blue_chip_holder": false, "is_multi_sign_wallet": false, "das": null, "alias": "\ud83e\udd74\ud83e\udd74\ud83e\udd74\ud83e\udd74\ud83e\udd74\ud83e\udd74\ud83e\udd74\ud83e\udd74\ud83e\udd74\ud83e\udd74\ud83e\udd74\ud83e\udd74\ud83e\udd74\ud83e\udd74\ud83e\udd74.eth"}, "receiver": {"address": "0xe29c4b33b47ebda6b5d77e2beb829a487a64986a", "ens": null, "is_whale": false, "blockchain": "ETH", "is_contract": false, "is_blue_chip_holder": false, "is_super_blue_chip_holder": false, "is_multi_sign_wallet": false, "das": null, "alias": null}, "event": "sale", "quantity": 1, "tx_hash": "0x98810d7444249f321003b486f865d1fb2a87f6244dba5c128e59890aec001a1d", "time": 1705064531, "nft": {"contract_address": "0xc274a97f1691ef390f662067e95a6eff1f99b504", "token_id": "609", "name": "TinFun #609", "blockchain": "ETH", "image": "https://lh3.googleusercontent.com/TKEWZatk9_PuXgEUw0fLV02GM6VWlX9G9LhsKN3dtlLtlQPCw9AwcLcYr_JRh50QHisPrKeIoD4a665QJb11GJzHDGxfe0wk-zMd", "contract_type": "ERC721"}, "collection": {"collection_id": "65a13036c284b18008bd25b7", "name": "TinFun", "logo": "https://i.seadn.io/s/raw/files/a531bedf317b5ffe5a35d559b5c94cd9.jpg?w=500&auto=format", "slug": "tin-fun"}, "gas_fee": {"value": 0.0051, "raw_value": 5100000000000000, "usd": 13.6212, "payment_token": {"address": "0x0000000000000000000000000000000000000000", "symbol": "ETH", "decimals": 18}}, "price": {"value": 0.78, "raw_value": 780000000000000000, "usd": 2067.318614105105, "payment_token": {"address": "0x0000000000000000000000000000000000000000", "symbol": "ETH", "decimals": 18}}, "marketplace_path": ["opensea"], "fees": [{"fee_type": "royalty", "recipient": "0x6650dc11f439f14d4dfbea75233bd9b0099a0647", "bps": 500, "price": {"value": 0.039, "raw_value": 39000000000000000, "usd": 102.223681, "payment_token": {"address": "0x0000000000000000000000000000000000000000", "symbol": "ETH", "decimals": 18}}}], "trait_offer_target": null}]