[{"blockchain": "ETH", "sender": {"address": "0xcdb36f44ab35f5849d9a7be39cdf5e14842f5cee", "ens": null, "is_whale": false, "blockchain": "ETH", "is_contract": false, "is_blue_chip_holder": false, "is_super_blue_chip_holder": false, "is_multi_sign_wallet": false, "das": null, "alias": null}, "receiver": {"address": "0x8177e9fa379b85e01b2b30140ddc446b9875106a", "ens": null, "is_whale": false, "blockchain": "ETH", "is_contract": true, "is_blue_chip_holder": false, "is_super_blue_chip_holder": false, "is_multi_sign_wallet": false, "das": null, "alias": null}, "event": "transfer", "quantity": 1, "tx_hash": "0xf970bf448d7ccf6a06d908e25299af48a9aa612f69f4d1380f1e7775d0d0d50c", "time": 1711701011, "nft": {"contract_address": "0xc274a97f1691ef390f662067e95a6eff1f99b504", "token_id": "6797", "name": "TinFun #6797", "blockchain": "ETH", "image": "https://lh3.googleusercontent.com/R-t9Y2unaWVkGn8FN4tDzL59fEpSpO9Kj2BeyDZvXLBAQe7F-dkRhoFcgcaPkmut9m1mEbvfjm9FHQo1r5zcbaKPrRKZN5IX4A", "contract_type": "ERC721"}, "collection": {"collection_id": "65a13036c284b18008bd25b7", "name": "TinFun", "logo": "https://i.seadn.io/s/raw/files/a531bedf317b5ffe5a35d559b5c94cd9.jpg?w=500&auto=format", "slug": "tin-fun"}, "gas_fee": {"value": 0.0069, "raw_value": 6900000000000000, "usd": 24.4239, "payment_token": {"address": "0x0000000000000000000000000000000000000000", "symbol": "ETH", "decimals": 18}}, "price": null, "marketplace_path": [], "fees": [], "trait_offer_target": null}, {"blockchain": "ETH", "sender": {"address": "0x76ae7078d5b9f62f674ad0ebf1413d4df8e73b87", "ens": "alphaflyers-jealous.eth", "is_whale": false, "blockchain": "ETH", "is_contract": false, "is_blue_chip_holder": false, "is_super_blue_chip_holder": false, "is_multi_sign_wallet": false, "das": null, "alias": "alphaflyers-jealous.eth"}, "receiver": {"address": "0xcdb36f44ab35f5849d9a7be39cdf5e14842f5cee", "ens": null, "is_whale": false, "blockchain": "ETH", "is_contract": false, "is_blue_chip_holder": false, "is_super_blue_chip_holder": false, "is_multi_sign_wallet": false, "das": null, "alias": null}, "event": "sale", "quantity": 1, "tx_hash": "0x157438a237b6689e701fcf7611bf1428c1f11d0918b46837bce0a2abe2aa72e6", "time": 1711348223, "nft": {"contract_address": "0xc274a97f1691ef390f662067e95a6eff1f99b504", "token_id": "6797", "name": "TinFun #6797", "blockchain": "ETH", "image": "https://lh3.googleusercontent.com/R-t9Y2unaWVkGn8FN4tDzL59fEpSpO9Kj2BeyDZvXLBAQe7F-dkRhoFcgcaPkmut9m1mEbvfjm9FHQo1r5zcbaKPrRKZN5IX4A", "contract_type": "ERC721"}, "collection": {"collection_id": "65a13036c284b18008bd25b7", "name": "TinFun", "logo": "https://i.seadn.io/s/raw/files/a531bedf317b5ffe5a35d559b5c94cd9.jpg?w=500&auto=format", "slug": "tin-fun"}, "gas_fee": {"value": 0.0178, "raw_value": 17800000000000000, "usd": 62.0205, "payment_token": {"address": "0x0000000000000000000000000000000000000000", "symbol": "ETH", "decimals": 18}}, "price": {"value": 0.2038999, "raw_value": 203899900000000000, "usd": 711.5161827068692, "payment_token": {"address": "0x0000000000000000000000000000000000000000", "symbol": "ETH", "decimals": 18}}, "marketplace_path": ["blur-aggregator", "blur"], "fees": [{"fee_type": "royalty", "recipient": "0x6650dc11f439f14d4dfbea75233bd9b0099a0647", "bps": 50, "price": {"value": 0.001019, "raw_value": 1019499500000000, "usd": 3.517693, "payment_token": {"address": "0x0000000000000000000000000000000000000000", "symbol": "ETH", "decimals": 18}}}], "trait_offer_target": null}]