[{"blockchain": "ETH", "sender": {"address": "0x8f861dc4cd43807ce2fe2dae44db34d9af7a9c78", "ens": null, "is_whale": false, "blockchain": "ETH", "is_contract": false, "is_blue_chip_holder": false, "is_super_blue_chip_holder": false, "is_multi_sign_wallet": false, "das": null, "alias": null}, "receiver": {"address": "0x8177e9fa379b85e01b2b30140ddc446b9875106a", "ens": null, "is_whale": false, "blockchain": "ETH", "is_contract": true, "is_blue_chip_holder": false, "is_super_blue_chip_holder": false, "is_multi_sign_wallet": false, "das": null, "alias": null}, "event": "transfer", "quantity": 1, "tx_hash": "0x35238b00e3d027b39058a6a017ca0c482e2dd41e49ae8bef1fddef9793c4be8f", "time": 1711796531, "nft": {"contract_address": "0xc274a97f1691ef390f662067e95a6eff1f99b504", "token_id": "4006", "name": "TinFun #4006", "blockchain": "ETH", "image": "https://lh3.googleusercontent.com/3ng72HLD2VB-8r1UPcTXVlRiEdv7cgkpTgCvmmqhKIziTvKUZfLwX8b5_I9JTM35zM3TyHLBIBUPFDS5qxnvjpT1gfjPhP2wWQ", "contract_type": "ERC721"}, "collection": {"collection_id": "65a13036c284b18008bd25b7", "name": "TinFun", "logo": "https://i.seadn.io/s/raw/files/a531bedf317b5ffe5a35d559b5c94cd9.jpg?w=500&auto=format", "slug": "tin-fun"}, "gas_fee": {"value": 0.0156, "raw_value": 15600000000000000, "usd": 54.9085, "payment_token": {"address": "0x0000000000000000000000000000000000000000", "symbol": "ETH", "decimals": 18}}, "price": null, "marketplace_path": [], "fees": [], "trait_offer_target": null}, {"blockchain": "ETH", "sender": {"address": "0xc39a90d17a9f67f3a7972823bd371ba99b4ff9ba", "ens": "ychain.eth", "is_whale": false, "blockchain": "ETH", "is_contract": false, "is_blue_chip_holder": false, "is_super_blue_chip_holder": false, "is_multi_sign_wallet": false, "das": null, "alias": "ychain.eth"}, "receiver": {"address": "0x8f861dc4cd43807ce2fe2dae44db34d9af7a9c78", "ens": null, "is_whale": false, "blockchain": "ETH", "is_contract": false, "is_blue_chip_holder": false, "is_super_blue_chip_holder": false, "is_multi_sign_wallet": false, "das": null, "alias": null}, "event": "transfer", "quantity": 1, "tx_hash": "0x4e7c4d2cf378ee74656ae7741a9ec48e6f53a13aae6c5870b1be867d05f323aa", "time": 1706532167, "nft": {"contract_address": "0xc274a97f1691ef390f662067e95a6eff1f99b504", "token_id": "4006", "name": "TinFun #4006", "blockchain": "ETH", "image": "https://lh3.googleusercontent.com/3ng72HLD2VB-8r1UPcTXVlRiEdv7cgkpTgCvmmqhKIziTvKUZfLwX8b5_I9JTM35zM3TyHLBIBUPFDS5qxnvjpT1gfjPhP2wWQ", "contract_type": "ERC721"}, "collection": {"collection_id": "65a13036c284b18008bd25b7", "name": "TinFun", "logo": "https://i.seadn.io/s/raw/files/a531bedf317b5ffe5a35d559b5c94cd9.jpg?w=500&auto=format", "slug": "tin-fun"}, "gas_fee": {"value": 0.0009, "raw_value": 900000000000000, "usd": 2.0946, "payment_token": {"address": "0x0000000000000000000000000000000000000000", "symbol": "ETH", "decimals": 18}}, "price": null, "marketplace_path": [], "fees": [], "trait_offer_target": null}, {"blockchain": "ETH", "sender": {"address": "0x015ccbf3d21e00d6f4598900f4a2a62f82d94e8e", "ens": null, "is_whale": false, "blockchain": "ETH", "is_contract": false, "is_blue_chip_holder": false, "is_super_blue_chip_holder": false, "is_multi_sign_wallet": false, "das": null, "alias": null}, "receiver": {"address": "0xc39a90d17a9f67f3a7972823bd371ba99b4ff9ba", "ens": "ychain.eth", "is_whale": false, "blockchain": "ETH", "is_contract": false, "is_blue_chip_holder": false, "is_super_blue_chip_holder": false, "is_multi_sign_wallet": false, "das": null, "alias": "ychain.eth"}, "event": "sale", "quantity": 1, "tx_hash": "0xa47876dd0b6fcf83bf329f1543ab46a4cfef7a9d1667a5daa5add96596329ad2", "time": 1705578311, "nft": {"contract_address": "0xc274a97f1691ef390f662067e95a6eff1f99b504", "token_id": "4006", "name": "TinFun #4006", "blockchain": "ETH", "image": "https://lh3.googleusercontent.com/3ng72HLD2VB-8r1UPcTXVlRiEdv7cgkpTgCvmmqhKIziTvKUZfLwX8b5_I9JTM35zM3TyHLBIBUPFDS5qxnvjpT1gfjPhP2wWQ", "contract_type": "ERC721"}, "collection": {"collection_id": "65a13036c284b18008bd25b7", "name": "TinFun", "logo": "https://i.seadn.io/s/raw/files/a531bedf317b5ffe5a35d559b5c94cd9.jpg?w=500&auto=format", "slug": "tin-fun"}, "gas_fee": {"value": 0.0049, "raw_value": 4900000000000000, "usd": 12.3038, "payment_token": {"address": "0x0000000000000000000000000000000000000000", "symbol": "ETH", "decimals": 18}}, "price": {"value": 0.733, "raw_value": 733000000000000000, "usd": 1843.3127865309405, "payment_token": {"address": "0x0000000000000000000000000000000000000000", "symbol": "ETH", "decimals": 18}}, "marketplace_path": ["blur"], "fees": [{"fee_type": "royalty", "recipient": "0x6650dc11f439f14d4dfbea75233bd9b0099a0647", "bps": 50, "price": {"value": 0.003665, "raw_value": 3665000000000000, "usd": 9.292608, "payment_token": {"address": "0x0000000000000000000000000000000000000000", "symbol": "ETH", "decimals": 18}}}], "trait_offer_target": null}, {"blockchain": "ETH", "sender": {"address": "0xcdc7ba99391f3be7e5dc0e49cc8361b537cfc29b", "ens": null, "is_whale": false, "blockchain": "ETH", "is_contract": false, "is_blue_chip_holder": false, "is_super_blue_chip_holder": false, "is_multi_sign_wallet": false, "das": null, "alias": null}, "receiver": {"address": "0x015ccbf3d21e00d6f4598900f4a2a62f82d94e8e", "ens": null, "is_whale": false, "blockchain": "ETH", "is_contract": false, "is_blue_chip_holder": false, "is_super_blue_chip_holder": false, "is_multi_sign_wallet": false, "das": null, "alias": null}, "event": "transfer", "quantity": 1, "tx_hash": "0x835ec8ecf97e92874f8efd56b9f1509389b80a07d1e6f1ed3f4c64f7c80ec4d8", "time": 1705571123, "nft": {"contract_address": "0xc274a97f1691ef390f662067e95a6eff1f99b504", "token_id": "4006", "name": "TinFun #4006", "blockchain": "ETH", "image": "https://lh3.googleusercontent.com/3ng72HLD2VB-8r1UPcTXVlRiEdv7cgkpTgCvmmqhKIziTvKUZfLwX8b5_I9JTM35zM3TyHLBIBUPFDS5qxnvjpT1gfjPhP2wWQ", "contract_type": "ERC721"}, "collection": {"collection_id": "65a13036c284b18008bd25b7", "name": "TinFun", "logo": "https://i.seadn.io/s/raw/files/a531bedf317b5ffe5a35d559b5c94cd9.jpg?w=500&auto=format", "slug": "tin-fun"}, "gas_fee": {"value": 0.002, "raw_value": 2000000000000000, "usd": 5.1274, "payment_token": {"address": "0x0000000000000000000000000000000000000000", "symbol": "ETH", "decimals": 18}}, "price": null, "marketplace_path": [], "fees": [], "trait_offer_target": null}]