[{"blockchain": "ETH", "sender": {"address": "0x765ae31119d7f56b0179ae28917f8f2b49ebae13", "ens": null, "is_whale": false, "blockchain": "ETH", "is_contract": false, "is_blue_chip_holder": false, "is_super_blue_chip_holder": false, "is_multi_sign_wallet": false, "das": null, "alias": null}, "receiver": {"address": "0x225921772c98dd14e79c1633fb74e48f30d6ca7a", "ens": null, "is_whale": false, "blockchain": "ETH", "is_contract": false, "is_blue_chip_holder": false, "is_super_blue_chip_holder": false, "is_multi_sign_wallet": false, "das": null, "alias": null}, "event": "sale", "quantity": 1, "tx_hash": "0x83079eadc45147391614cbc8ba8d6fc1a396cc7199a7f8214cc214ebce298b61", "time": 1705083743, "nft": {"contract_address": "0xc274a97f1691ef390f662067e95a6eff1f99b504", "token_id": "3501", "name": "TinFun #3501", "blockchain": "ETH", "image": "https://lh3.googleusercontent.com/yMisBz6dfFML0Lfw54o8w-H7cVjr3uQBI1Klsjj92UVDcGHorFWDFhK6-GVqJCBDyu5e3w0uY0Ngn-kSMOZP8qfq65nF3A7Q-IVq", "contract_type": "ERC721"}, "collection": {"collection_id": "65a13036c284b18008bd25b7", "name": "TinFun", "logo": "https://i.seadn.io/s/raw/files/a531bedf317b5ffe5a35d559b5c94cd9.jpg?w=500&auto=format", "slug": "tin-fun"}, "gas_fee": {"value": 0.0056, "raw_value": 5600000000000000, "usd": 14.5389, "payment_token": {"address": "0x0000000000000000000000000000000000000000", "symbol": "ETH", "decimals": 18}}, "price": {"value": 0.79, "raw_value": 790000000000000000, "usd": 2053.781441766502, "payment_token": {"address": "0x0000000000000000000000000000000000000000", "symbol": "ETH", "decimals": 18}}, "marketplace_path": ["blur"], "fees": [{"fee_type": "royalty", "recipient": "0x6650dc11f439f14d4dfbea75233bd9b0099a0647", "bps": 50, "price": {"value": 0.00395, "raw_value": 3950000000000000, "usd": 10.453494, "payment_token": {"address": "0x0000000000000000000000000000000000000000", "symbol": "ETH", "decimals": 18}}}], "trait_offer_target": null}]