[{"blockchain": "ETH", "sender": {"address": "0x95dc833234cc46710b876b4d79b58fce8572d806", "ens": null, "is_whale": false, "blockchain": "ETH", "is_contract": false, "is_blue_chip_holder": false, "is_super_blue_chip_holder": false, "is_multi_sign_wallet": false, "das": null, "alias": null}, "receiver": {"address": "0x8177e9fa379b85e01b2b30140ddc446b9875106a", "ens": null, "is_whale": false, "blockchain": "ETH", "is_contract": true, "is_blue_chip_holder": false, "is_super_blue_chip_holder": false, "is_multi_sign_wallet": false, "das": null, "alias": null}, "event": "transfer", "quantity": 1, "tx_hash": "0xa4f39e784c72250e2dd3a35bd94c82bbc9b353819360760d80ee0e21c70e0321", "time": 1711854803, "nft": {"contract_address": "0xc274a97f1691ef390f662067e95a6eff1f99b504", "token_id": "4657", "name": "TinFun #4657", "blockchain": "ETH", "image": "https://lh3.googleusercontent.com/rcA5X5qFvN0VDver7JkzYv-6y4vsnSs8vEvXIcuMN8MsD6S2tjZIgl9zST10PO4RL_bV8QY22vZGsiW4fPmJ0fR0CONbezZjipcG", "contract_type": "ERC721"}, "collection": {"collection_id": "65a13036c284b18008bd25b7", "name": "TinFun", "logo": "https://i.seadn.io/s/raw/files/a531bedf317b5ffe5a35d559b5c94cd9.jpg?w=500&auto=format", "slug": "tin-fun"}, "gas_fee": {"value": 0.0043, "raw_value": 4300000000000000, "usd": 15.3147, "payment_token": {"address": "0x0000000000000000000000000000000000000000", "symbol": "ETH", "decimals": 18}}, "price": null, "marketplace_path": [], "fees": [], "trait_offer_target": null}, {"blockchain": "ETH", "sender": {"address": "0xc202e824a0f5d51075147139789d5308a1b4151b", "ens": null, "is_whale": false, "blockchain": "ETH", "is_contract": false, "is_blue_chip_holder": false, "is_super_blue_chip_holder": false, "is_multi_sign_wallet": false, "das": null, "alias": null}, "receiver": {"address": "0x95dc833234cc46710b876b4d79b58fce8572d806", "ens": null, "is_whale": false, "blockchain": "ETH", "is_contract": false, "is_blue_chip_holder": false, "is_super_blue_chip_holder": false, "is_multi_sign_wallet": false, "das": null, "alias": null}, "event": "sale", "quantity": 1, "tx_hash": "0x958ea11d595e8c07588dc464f9de97827a93f4a23d4c17a3eb2f9efe75b5f642", "time": 1708767659, "nft": {"contract_address": "0xc274a97f1691ef390f662067e95a6eff1f99b504", "token_id": "4657", "name": "TinFun #4657", "blockchain": "ETH", "image": "https://lh3.googleusercontent.com/rcA5X5qFvN0VDver7JkzYv-6y4vsnSs8vEvXIcuMN8MsD6S2tjZIgl9zST10PO4RL_bV8QY22vZGsiW4fPmJ0fR0CONbezZjipcG", "contract_type": "ERC721"}, "collection": {"collection_id": "65a13036c284b18008bd25b7", "name": "TinFun", "logo": "https://i.seadn.io/s/raw/files/a531bedf317b5ffe5a35d559b5c94cd9.jpg?w=500&auto=format", "slug": "tin-fun"}, "gas_fee": {"value": 0.0227, "raw_value": 22700000000000000, "usd": 67.027, "payment_token": {"address": "0x0000000000000000000000000000000000000000", "symbol": "ETH", "decimals": 18}}, "price": {"value": 0.5595, "raw_value": 559500000000000000, "usd": 1650.1888035026104, "payment_token": {"address": "0x0000000000000000000000000000000000000000", "symbol": "ETH", "decimals": 18}}, "marketplace_path": ["blur"], "fees": [{"fee_type": "royalty", "recipient": "0x6650dc11f439f14d4dfbea75233bd9b0099a0647", "bps": 50, "price": {"value": 0.002798, "raw_value": 2797500000000000, "usd": 8.245123, "payment_token": {"address": "0x0000000000000000000000000000000000000000", "symbol": "ETH", "decimals": 18}}}], "trait_offer_target": null}, {"blockchain": "ETH", "sender": {"address": "0x833bf8d3760b38e5fc26bfda6114957d0cdfc01a", "ens": "spacex2050.eth", "is_whale": false, "blockchain": "ETH", "is_contract": false, "is_blue_chip_holder": false, "is_super_blue_chip_holder": false, "is_multi_sign_wallet": false, "das": null, "alias": "spacex2050.eth"}, "receiver": {"address": "0xc202e824a0f5d51075147139789d5308a1b4151b", "ens": null, "is_whale": false, "blockchain": "ETH", "is_contract": false, "is_blue_chip_holder": false, "is_super_blue_chip_holder": false, "is_multi_sign_wallet": false, "das": null, "alias": null}, "event": "sale", "quantity": 1, "tx_hash": "0x3bf6cd4ffc52f9697a4cb19c4344f3dbc5aac13ed5df3fd0b167738be44b3673", "time": 1708766435, "nft": {"contract_address": "0xc274a97f1691ef390f662067e95a6eff1f99b504", "token_id": "4657", "name": "TinFun #4657", "blockchain": "ETH", "image": "https://lh3.googleusercontent.com/rcA5X5qFvN0VDver7JkzYv-6y4vsnSs8vEvXIcuMN8MsD6S2tjZIgl9zST10PO4RL_bV8QY22vZGsiW4fPmJ0fR0CONbezZjipcG", "contract_type": "ERC721"}, "collection": {"collection_id": "65a13036c284b18008bd25b7", "name": "TinFun", "logo": "https://i.seadn.io/s/raw/files/a531bedf317b5ffe5a35d559b5c94cd9.jpg?w=500&auto=format", "slug": "tin-fun"}, "gas_fee": {"value": 0.0054, "raw_value": 5400000000000000, "usd": 15.897, "payment_token": {"address": "0x0000000000000000000000000000000000000000", "symbol": "ETH", "decimals": 18}}, "price": {"value": 0.56, "raw_value": 560000000000000000, "usd": 1651.6635030589132, "payment_token": {"address": "0x0000000000000000000000000000000000000000", "symbol": "ETH", "decimals": 18}}, "marketplace_path": ["blur"], "fees": [{"fee_type": "royalty", "recipient": "0x6650dc11f439f14d4dfbea75233bd9b0099a0647", "bps": 500, "price": {"value": 0.028, "raw_value": 28000000000000000, "usd": 82.52491, "payment_token": {"address": "0x0000000000a39bb272e79075ade125fd351887ac", "symbol": "BETH", "decimals": 18}}}], "trait_offer_target": null}]