[{"blockchain": "ETH", "sender": {"address": "0xf2d00ae0ea7a7940cef0c29b08c54f86bbf2840a", "ens": null, "is_whale": false, "blockchain": "ETH", "is_contract": false, "is_blue_chip_holder": false, "is_super_blue_chip_holder": false, "is_multi_sign_wallet": false, "das": null, "alias": null}, "receiver": {"address": "0x868d5091fd80d0e18ce300f882a61abf9de895f4", "ens": null, "is_whale": false, "blockchain": "ETH", "is_contract": false, "is_blue_chip_holder": false, "is_super_blue_chip_holder": false, "is_multi_sign_wallet": false, "das": null, "alias": null}, "event": "sale", "quantity": 1, "tx_hash": "0xc2db31fb1d90887ca33993e0d935e470ea6c65e7bd5a69c84dbcc5a38202f580", "time": 1711345775, "nft": {"contract_address": "0xc274a97f1691ef390f662067e95a6eff1f99b504", "token_id": "2853", "name": "TinFun #2853", "blockchain": "ETH", "image": "https://lh3.googleusercontent.com/oIkXa5LCmea3x5y8PEOblOSZAxitigcjNfDPMwebGepzj-g_dC_2N9VTlXxy0S-3RYHFiRjDVRNoQsFTkQK2XkRKHqlyJ8Ol8NA", "contract_type": "ERC721"}, "collection": {"collection_id": "65a13036c284b18008bd25b7", "name": "TinFun", "logo": "https://i.seadn.io/s/raw/files/a531bedf317b5ffe5a35d559b5c94cd9.jpg?w=500&auto=format", "slug": "tin-fun"}, "gas_fee": {"value": 0.0034, "raw_value": 3400000000000000, "usd": 11.8844, "payment_token": {"address": "0x0000000000000000000000000000000000000000", "symbol": "ETH", "decimals": 18}}, "price": {"value": 0.179, "raw_value": 179000000000000000, "usd": 624.684934902736, "payment_token": {"address": "0x0000000000000000000000000000000000000000", "symbol": "ETH", "decimals": 18}}, "marketplace_path": ["blur-aggregator", "blur"], "fees": [{"fee_type": "royalty", "recipient": "0x6650dc11f439f14d4dfbea75233bd9b0099a0647", "bps": 50, "price": {"value": 0.000895, "raw_value": 895000000000000, "usd": 3.079623, "payment_token": {"address": "0x0000000000000000000000000000000000000000", "symbol": "ETH", "decimals": 18}}}], "trait_offer_target": null}, {"blockchain": "ETH", "sender": {"address": "0x10940bbc025a29d13a1f24be3ba74dfd3addf021", "ens": null, "is_whale": false, "blockchain": "ETH", "is_contract": false, "is_blue_chip_holder": true, "is_super_blue_chip_holder": false, "is_multi_sign_wallet": false, "das": null, "alias": null}, "receiver": {"address": "0xf2d00ae0ea7a7940cef0c29b08c54f86bbf2840a", "ens": null, "is_whale": false, "blockchain": "ETH", "is_contract": false, "is_blue_chip_holder": false, "is_super_blue_chip_holder": false, "is_multi_sign_wallet": false, "das": null, "alias": null}, "event": "sale", "quantity": 1, "tx_hash": "0x8a3aff30fdd53c8b268574e221799c33dcedc9e14a541a97871416a1b5a11bcb", "time": 1705777103, "nft": {"contract_address": "0xc274a97f1691ef390f662067e95a6eff1f99b504", "token_id": "2853", "name": "TinFun #2853", "blockchain": "ETH", "image": "https://lh3.googleusercontent.com/oIkXa5LCmea3x5y8PEOblOSZAxitigcjNfDPMwebGepzj-g_dC_2N9VTlXxy0S-3RYHFiRjDVRNoQsFTkQK2XkRKHqlyJ8Ol8NA", "contract_type": "ERC721"}, "collection": {"collection_id": "65a13036c284b18008bd25b7", "name": "TinFun", "logo": "https://i.seadn.io/s/raw/files/a531bedf317b5ffe5a35d559b5c94cd9.jpg?w=500&auto=format", "slug": "tin-fun"}, "gas_fee": {"value": 0.0026, "raw_value": 2600000000000000, "usd": 6.3842, "payment_token": {"address": "0x0000000000000000000000000000000000000000", "symbol": "ETH", "decimals": 18}}, "price": {"value": 0.59, "raw_value": 590000000000000000, "usd": 1453.4026272642127, "payment_token": {"address": "0x0000000000000000000000000000000000000000", "symbol": "ETH", "decimals": 18}}, "marketplace_path": ["blur"], "fees": [{"fee_type": "royalty", "recipient": "0x6650dc11f439f14d4dfbea75233bd9b0099a0647", "bps": 50, "price": {"value": 0.00295, "raw_value": 2950000000000000, "usd": 7.26405, "payment_token": {"address": "0x0000000000000000000000000000000000000000", "symbol": "ETH", "decimals": 18}}}], "trait_offer_target": null}, {"blockchain": "ETH", "sender": {"address": "0xda714bfafbc2b139bf6e91d9809fac5a104a9798", "ens": null, "is_whale": false, "blockchain": "ETH", "is_contract": false, "is_blue_chip_holder": false, "is_super_blue_chip_holder": false, "is_multi_sign_wallet": false, "das": null, "alias": null}, "receiver": {"address": "0x10940bbc025a29d13a1f24be3ba74dfd3addf021", "ens": null, "is_whale": false, "blockchain": "ETH", "is_contract": false, "is_blue_chip_holder": true, "is_super_blue_chip_holder": false, "is_multi_sign_wallet": false, "das": null, "alias": null}, "event": "sale", "quantity": 1, "tx_hash": "0xf52fc78b2867d23ea6950084f2789b377fa85c8e9aaadea26199e9b9f0fd5c64", "time": 1705468919, "nft": {"contract_address": "0xc274a97f1691ef390f662067e95a6eff1f99b504", "token_id": "2853", "name": "TinFun #2853", "blockchain": "ETH", "image": "https://lh3.googleusercontent.com/oIkXa5LCmea3x5y8PEOblOSZAxitigcjNfDPMwebGepzj-g_dC_2N9VTlXxy0S-3RYHFiRjDVRNoQsFTkQK2XkRKHqlyJ8Ol8NA", "contract_type": "ERC721"}, "collection": {"collection_id": "65a13036c284b18008bd25b7", "name": "TinFun", "logo": "https://i.seadn.io/s/raw/files/a531bedf317b5ffe5a35d559b5c94cd9.jpg?w=500&auto=format", "slug": "tin-fun"}, "gas_fee": {"value": 0.0046, "raw_value": 4600000000000000, "usd": 11.7017, "payment_token": {"address": "0x0000000000000000000000000000000000000000", "symbol": "ETH", "decimals": 18}}, "price": {"value": 0.75, "raw_value": 750000000000000000, "usd": 1925.6742489388027, "payment_token": {"address": "0x0000000000000000000000000000000000000000", "symbol": "ETH", "decimals": 18}}, "marketplace_path": ["blur"], "fees": [{"fee_type": "royalty", "recipient": "0x6650dc11f439f14d4dfbea75233bd9b0099a0647", "bps": 50, "price": {"value": 0.00375, "raw_value": 3750000000000000, "usd": 9.662813, "payment_token": {"address": "0x0000000000a39bb272e79075ade125fd351887ac", "symbol": "BETH", "decimals": 18}}}], "trait_offer_target": null}, {"blockchain": "ETH", "sender": {"address": "0x73d30ba3dc4ffd17c28cc2d75d12e50df98f29cf", "ens": "nakiri.eth", "is_whale": false, "blockchain": "ETH", "is_contract": false, "is_blue_chip_holder": false, "is_super_blue_chip_holder": false, "is_multi_sign_wallet": false, "das": null, "alias": "nakiri.eth"}, "receiver": {"address": "0xda714bfafbc2b139bf6e91d9809fac5a104a9798", "ens": null, "is_whale": false, "blockchain": "ETH", "is_contract": false, "is_blue_chip_holder": false, "is_super_blue_chip_holder": false, "is_multi_sign_wallet": false, "das": null, "alias": null}, "event": "sale", "quantity": 1, "tx_hash": "0x32978692a7120520f76b14f050ed2b581c9e6d9861a40c029dcbf75e991c7b6f", "time": 1705463351, "nft": {"contract_address": "0xc274a97f1691ef390f662067e95a6eff1f99b504", "token_id": "2853", "name": "TinFun #2853", "blockchain": "ETH", "image": "https://lh3.googleusercontent.com/oIkXa5LCmea3x5y8PEOblOSZAxitigcjNfDPMwebGepzj-g_dC_2N9VTlXxy0S-3RYHFiRjDVRNoQsFTkQK2XkRKHqlyJ8Ol8NA", "contract_type": "ERC721"}, "collection": {"collection_id": "65a13036c284b18008bd25b7", "name": "TinFun", "logo": "https://i.seadn.io/s/raw/files/a531bedf317b5ffe5a35d559b5c94cd9.jpg?w=500&auto=format", "slug": "tin-fun"}, "gas_fee": {"value": 0.0284, "raw_value": 28400000000000000, "usd": 73.1374, "payment_token": {"address": "0x0000000000000000000000000000000000000000", "symbol": "ETH", "decimals": 18}}, "price": {"value": 0.78, "raw_value": 780000000000000000, "usd": 2009.865179360648, "payment_token": {"address": "0x0000000000000000000000000000000000000000", "symbol": "ETH", "decimals": 18}}, "marketplace_path": ["blur"], "fees": [{"fee_type": "royalty", "recipient": "0x6650dc11f439f14d4dfbea75233bd9b0099a0647", "bps": 50, "price": {"value": 0.0039, "raw_value": 3900000000000000, "usd": 10.095573, "payment_token": {"address": "0x0000000000a39bb272e79075ade125fd351887ac", "symbol": "BETH", "decimals": 18}}}], "trait_offer_target": null}, {"blockchain": "ETH", "sender": {"address": "0x23406fe4eaf80fe0e8a20933790d1179ec439bb8", "ens": null, "is_whale": false, "blockchain": "ETH", "is_contract": false, "is_blue_chip_holder": false, "is_super_blue_chip_holder": false, "is_multi_sign_wallet": false, "das": null, "alias": null}, "receiver": {"address": "0x73d30ba3dc4ffd17c28cc2d75d12e50df98f29cf", "ens": "nakiri.eth", "is_whale": false, "blockchain": "ETH", "is_contract": false, "is_blue_chip_holder": false, "is_super_blue_chip_holder": false, "is_multi_sign_wallet": false, "das": null, "alias": "nakiri.eth"}, "event": "sale", "quantity": 1, "tx_hash": "0xd2b7d57e6899106a9c187163cff635959a8558015db5fa0ae450e9ad423aa3db", "time": 1705420691, "nft": {"contract_address": "0xc274a97f1691ef390f662067e95a6eff1f99b504", "token_id": "2853", "name": "TinFun #2853", "blockchain": "ETH", "image": "https://lh3.googleusercontent.com/oIkXa5LCmea3x5y8PEOblOSZAxitigcjNfDPMwebGepzj-g_dC_2N9VTlXxy0S-3RYHFiRjDVRNoQsFTkQK2XkRKHqlyJ8Ol8NA", "contract_type": "ERC721"}, "collection": {"collection_id": "65a13036c284b18008bd25b7", "name": "TinFun", "logo": "https://i.seadn.io/s/raw/files/a531bedf317b5ffe5a35d559b5c94cd9.jpg?w=500&auto=format", "slug": "tin-fun"}, "gas_fee": {"value": 0.0071, "raw_value": 7100000000000000, "usd": 17.8878, "payment_token": {"address": "0x0000000000000000000000000000000000000000", "symbol": "ETH", "decimals": 18}}, "price": {"value": 0.77, "raw_value": 770000000000000000, "usd": 1950.0915535096149, "payment_token": {"address": "0x0000000000000000000000000000000000000000", "symbol": "ETH", "decimals": 18}}, "marketplace_path": ["blur"], "fees": [{"fee_type": "royalty", "recipient": "0x6650dc11f439f14d4dfbea75233bd9b0099a0647", "bps": 50, "price": {"value": 0.00385, "raw_value": 3850000000000000, "usd": 9.799666, "payment_token": {"address": "0x0000000000a39bb272e79075ade125fd351887ac", "symbol": "BETH", "decimals": 18}}}], "trait_offer_target": null}, {"blockchain": "ETH", "sender": {"address": "0x1ecbc285f34390516fb69797949d9d4ca3f86cff", "ens": "\u8d85\u7ea7\u65e0\u654c\u72c2\u66b4\u795e\u9f99\u70c8\u7130\u94e0\u7532\u6218\u58eb.eth", "is_whale": false, "blockchain": "ETH", "is_contract": false, "is_blue_chip_holder": false, "is_super_blue_chip_holder": false, "is_multi_sign_wallet": false, "das": null, "alias": "\u8d85\u7ea7\u65e0\u654c\u72c2\u66b4\u795e\u9f99\u70c8\u7130\u94e0\u7532\u6218\u58eb.eth"}, "receiver": {"address": "0x23406fe4eaf80fe0e8a20933790d1179ec439bb8", "ens": null, "is_whale": false, "blockchain": "ETH", "is_contract": false, "is_blue_chip_holder": false, "is_super_blue_chip_holder": false, "is_multi_sign_wallet": false, "das": null, "alias": null}, "event": "sale", "quantity": 1, "tx_hash": "0xbf89ab351ed667fbad89717251e87514cc33bb174814b84608ecf0e62924feb5", "time": 1705076015, "nft": {"contract_address": "0xc274a97f1691ef390f662067e95a6eff1f99b504", "token_id": "2853", "name": "TinFun #2853", "blockchain": "ETH", "image": "https://lh3.googleusercontent.com/oIkXa5LCmea3x5y8PEOblOSZAxitigcjNfDPMwebGepzj-g_dC_2N9VTlXxy0S-3RYHFiRjDVRNoQsFTkQK2XkRKHqlyJ8Ol8NA", "contract_type": "ERC721"}, "collection": {"collection_id": "65a13036c284b18008bd25b7", "name": "TinFun", "logo": "https://i.seadn.io/s/raw/files/a531bedf317b5ffe5a35d559b5c94cd9.jpg?w=500&auto=format", "slug": "tin-fun"}, "gas_fee": {"value": 0.0073, "raw_value": 7300000000000000, "usd": 19.2159, "payment_token": {"address": "0x0000000000000000000000000000000000000000", "symbol": "ETH", "decimals": 18}}, "price": {"value": 0.8789999, "raw_value": 878999900000000000, "usd": 2326.232952452601, "payment_token": {"address": "0x0000000000000000000000000000000000000000", "symbol": "ETH", "decimals": 18}}, "marketplace_path": ["blur-aggregator", "blur"], "fees": [{"fee_type": "royalty", "recipient": "0x6650dc11f439f14d4dfbea75233bd9b0099a0647", "bps": 50, "price": {"value": 0.004395, "raw_value": 4394999500000000, "usd": 11.750746, "payment_token": {"address": "0x0000000000000000000000000000000000000000", "symbol": "ETH", "decimals": 18}}}], "trait_offer_target": null}, {"blockchain": "ETH", "sender": {"address": "0x3eb879cc9a0ef4c6f1d870a40ae187768c278da2", "ens": "floorprotocol.eth", "is_whale": false, "blockchain": "ETH", "is_contract": true, "is_blue_chip_holder": true, "is_super_blue_chip_holder": true, "is_multi_sign_wallet": false, "das": null, "alias": "floorprotocol.eth"}, "receiver": {"address": "0x1ecbc285f34390516fb69797949d9d4ca3f86cff", "ens": "\u8d85\u7ea7\u65e0\u654c\u72c2\u66b4\u795e\u9f99\u70c8\u7130\u94e0\u7532\u6218\u58eb.eth", "is_whale": false, "blockchain": "ETH", "is_contract": false, "is_blue_chip_holder": false, "is_super_blue_chip_holder": true, "is_multi_sign_wallet": false, "das": null, "alias": "\u8d85\u7ea7\u65e0\u654c\u72c2\u66b4\u795e\u9f99\u70c8\u7130\u94e0\u7532\u6218\u58eb.eth"}, "event": "sale", "quantity": 1, "tx_hash": "0x0afa6a0d592c4208da6f4f5abbd9fa7eed43557299eb6fd143d224870b9fcf31", "time": 1705075919, "nft": {"contract_address": "0xc274a97f1691ef390f662067e95a6eff1f99b504", "token_id": "2853", "name": "TinFun #2853", "blockchain": "ETH", "image": "https://lh3.googleusercontent.com/oIkXa5LCmea3x5y8PEOblOSZAxitigcjNfDPMwebGepzj-g_dC_2N9VTlXxy0S-3RYHFiRjDVRNoQsFTkQK2XkRKHqlyJ8Ol8NA", "contract_type": "ERC721"}, "collection": {"collection_id": "65a13036c284b18008bd25b7", "name": "TinFun", "logo": "https://i.seadn.io/s/raw/files/a531bedf317b5ffe5a35d559b5c94cd9.jpg?w=500&auto=format", "slug": "tin-fun"}, "gas_fee": {"value": 0.014, "raw_value": 14000000000000000, "usd": 37.1313, "payment_token": {"address": "0x0000000000000000000000000000000000000000", "symbol": "ETH", "decimals": 18}}, "price": {"value": 0.8532885005446339, "raw_value": 853288500544633900, "usd": 2269.5523655904344, "payment_token": {"address": "0xc02aaa39b223fe8d0a0e5c4f27ead9083c756cc2", "symbol": "WETH", "decimals": 18}}, "marketplace_path": ["floor"], "fees": [], "trait_offer_target": null}, {"blockchain": "ETH", "sender": {"address": "0x66666f58de1bcd762a5e5c5aff9cc3c906d66666", "ens": null, "is_whale": true, "blockchain": "ETH", "is_contract": false, "is_blue_chip_holder": true, "is_super_blue_chip_holder": true, "is_multi_sign_wallet": false, "das": null, "alias": null}, "receiver": {"address": "0x3eb879cc9a0ef4c6f1d870a40ae187768c278da2", "ens": "floorprotocol.eth", "is_whale": false, "blockchain": "ETH", "is_contract": true, "is_blue_chip_holder": true, "is_super_blue_chip_holder": true, "is_multi_sign_wallet": false, "das": null, "alias": "floorprotocol.eth"}, "event": "transfer", "quantity": 1, "tx_hash": "0x27a35f1614869c60a9a5e5bebacdd8ee985e5ef2195f100aaa6990a8c1cdaae8", "time": 1705069835, "nft": {"contract_address": "0xc274a97f1691ef390f662067e95a6eff1f99b504", "token_id": "2853", "name": "TinFun #2853", "blockchain": "ETH", "image": "https://lh3.googleusercontent.com/oIkXa5LCmea3x5y8PEOblOSZAxitigcjNfDPMwebGepzj-g_dC_2N9VTlXxy0S-3RYHFiRjDVRNoQsFTkQK2XkRKHqlyJ8Ol8NA", "contract_type": "ERC721"}, "collection": {"collection_id": "65a13036c284b18008bd25b7", "name": "TinFun", "logo": "https://i.seadn.io/s/raw/files/a531bedf317b5ffe5a35d559b5c94cd9.jpg?w=500&auto=format", "slug": "tin-fun"}, "gas_fee": {"value": 0.0177, "raw_value": 17700000000000000, "usd": 47.3383, "payment_token": {"address": "0x0000000000000000000000000000000000000000", "symbol": "ETH", "decimals": 18}}, "price": null, "marketplace_path": ["floor"], "fees": [], "trait_offer_target": null}, {"blockchain": "ETH", "sender": {"address": "0xdb4d3edd818ad6e123a53e8259da6bbeb86e5484", "ens": null, "is_whale": false, "blockchain": "ETH", "is_contract": false, "is_blue_chip_holder": false, "is_super_blue_chip_holder": false, "is_multi_sign_wallet": false, "das": null, "alias": null}, "receiver": {"address": "0x66666f58de1bcd762a5e5c5aff9cc3c906d66666", "ens": null, "is_whale": true, "blockchain": "ETH", "is_contract": false, "is_blue_chip_holder": true, "is_super_blue_chip_holder": false, "is_multi_sign_wallet": false, "das": null, "alias": null}, "event": "sale", "quantity": 1, "tx_hash": "0xb277f2b856d8d5c6b399cc4bffe993e1433b662586ff20c71e4e7d3bf82f98a9", "time": 1705069487, "nft": {"contract_address": "0xc274a97f1691ef390f662067e95a6eff1f99b504", "token_id": "2853", "name": "TinFun #2853", "blockchain": "ETH", "image": "https://lh3.googleusercontent.com/oIkXa5LCmea3x5y8PEOblOSZAxitigcjNfDPMwebGepzj-g_dC_2N9VTlXxy0S-3RYHFiRjDVRNoQsFTkQK2XkRKHqlyJ8Ol8NA", "contract_type": "ERC721"}, "collection": {"collection_id": "65a13036c284b18008bd25b7", "name": "TinFun", "logo": "https://i.seadn.io/s/raw/files/a531bedf317b5ffe5a35d559b5c94cd9.jpg?w=500&auto=format", "slug": "tin-fun"}, "gas_fee": {"value": 0.0334, "raw_value": 33400000000000000, "usd": 89.2136, "payment_token": {"address": "0x0000000000000000000000000000000000000000", "symbol": "ETH", "decimals": 18}}, "price": {"value": 0.817, "raw_value": 817000000000000000, "usd": 2184.382475749028, "payment_token": {"address": "0x0000000000000000000000000000000000000000", "symbol": "ETH", "decimals": 18}}, "marketplace_path": ["openseapro", "opensea"], "fees": [{"fee_type": "marketplace", "recipient": "0x0000a26b00c1f0df003000390027140000faa719", "bps": 50, "price": {"value": 0.004085, "raw_value": 4085000000000000, "usd": 10.815844, "payment_token": {"address": "0x0000000000000000000000000000000000000000", "symbol": "ETH", "decimals": 18}}}], "trait_offer_target": null}, {"blockchain": "ETH", "sender": {"address": "0xdeea1bf2d3576b31aff54d32f8d0c99a7adbd6b7", "ens": null, "is_whale": false, "blockchain": "ETH", "is_contract": false, "is_blue_chip_holder": false, "is_super_blue_chip_holder": false, "is_multi_sign_wallet": false, "das": null, "alias": null}, "receiver": {"address": "0xdb4d3edd818ad6e123a53e8259da6bbeb86e5484", "ens": null, "is_whale": false, "blockchain": "ETH", "is_contract": false, "is_blue_chip_holder": false, "is_super_blue_chip_holder": false, "is_multi_sign_wallet": false, "das": null, "alias": null}, "event": "sale", "quantity": 1, "tx_hash": "0xda54ec2723fd35cb17e5e619b39dcae3a4d981f80d26fe2b81d13ec7b4b3e6d7", "time": 1705069367, "nft": {"contract_address": "0xc274a97f1691ef390f662067e95a6eff1f99b504", "token_id": "2853", "name": "TinFun #2853", "blockchain": "ETH", "image": "https://lh3.googleusercontent.com/oIkXa5LCmea3x5y8PEOblOSZAxitigcjNfDPMwebGepzj-g_dC_2N9VTlXxy0S-3RYHFiRjDVRNoQsFTkQK2XkRKHqlyJ8Ol8NA", "contract_type": "ERC721"}, "collection": {"collection_id": "65a13036c284b18008bd25b7", "name": "TinFun", "logo": "https://i.seadn.io/s/raw/files/a531bedf317b5ffe5a35d559b5c94cd9.jpg?w=500&auto=format", "slug": "tin-fun"}, "gas_fee": {"value": 0.0076, "raw_value": 7600000000000000, "usd": 20.3823, "payment_token": {"address": "0x0000000000000000000000000000000000000000", "symbol": "ETH", "decimals": 18}}, "price": {"value": 0.7901, "raw_value": 790100000000000000, "usd": 2110.604328236912, "payment_token": {"address": "0xc02aaa39b223fe8d0a0e5c4f27ead9083c756cc2", "symbol": "WETH", "decimals": 18}}, "marketplace_path": ["opensea"], "fees": [{"fee_type": "marketplace", "recipient": "0x0000a26b00c1f0df003000390027140000faa719", "bps": 250, "price": {"value": 0.019752, "raw_value": 19752500000000000, "usd": 52.298645, "payment_token": {"address": "0xc02aaa39b223fe8d0a0e5c4f27ead9083c756cc2", "symbol": "WETH", "decimals": 18}}}], "trait_offer_target": null}]