[{"blockchain": "ETH", "sender": {"address": "0x432b46453cf700ffd708cf4824cd5735f685a1f0", "ens": "paradox61.eth", "is_whale": false, "blockchain": "ETH", "is_contract": false, "is_blue_chip_holder": false, "is_super_blue_chip_holder": false, "is_multi_sign_wallet": false, "das": null, "alias": "paradox61.eth"}, "receiver": {"address": "0x8177e9fa379b85e01b2b30140ddc446b9875106a", "ens": null, "is_whale": false, "blockchain": "ETH", "is_contract": true, "is_blue_chip_holder": false, "is_super_blue_chip_holder": false, "is_multi_sign_wallet": false, "das": null, "alias": null}, "event": "transfer", "quantity": 1, "tx_hash": "0x3963c3d135d331ca9d568715547175e2048afbcbcde020f55f87d6ee0ca673d0", "time": 1711778459, "nft": {"contract_address": "0xc274a97f1691ef390f662067e95a6eff1f99b504", "token_id": "1834", "name": "TinFun #1834", "blockchain": "ETH", "image": "https://lh3.googleusercontent.com/JcxLgtR4a71VWycWd0lZeM4gXjy0iept-g2kTzLKt617qUWdtssLogrmQKf8T7Si1R-2Is8rHu0ssv3dpaR4b7tPIaKUpDBxLxAD", "contract_type": "ERC721"}, "collection": {"collection_id": "65a13036c284b18008bd25b7", "name": "TinFun", "logo": "https://i.seadn.io/s/raw/files/a531bedf317b5ffe5a35d559b5c94cd9.jpg?w=500&auto=format", "slug": "tin-fun"}, "gas_fee": {"value": 0.0087, "raw_value": 8699999999999999, "usd": 30.6698, "payment_token": {"address": "0x0000000000000000000000000000000000000000", "symbol": "ETH", "decimals": 18}}, "price": null, "marketplace_path": [], "fees": [], "trait_offer_target": null}, {"blockchain": "ETH", "sender": {"address": "0x3eb879cc9a0ef4c6f1d870a40ae187768c278da2", "ens": "floorprotocol.eth", "is_whale": false, "blockchain": "ETH", "is_contract": true, "is_blue_chip_holder": true, "is_super_blue_chip_holder": true, "is_multi_sign_wallet": false, "das": null, "alias": "floorprotocol.eth"}, "receiver": {"address": "0x432b46453cf700ffd708cf4824cd5735f685a1f0", "ens": "paradox61.eth", "is_whale": false, "blockchain": "ETH", "is_contract": false, "is_blue_chip_holder": false, "is_super_blue_chip_holder": true, "is_multi_sign_wallet": false, "das": null, "alias": "paradox61.eth"}, "event": "transfer", "quantity": 1, "tx_hash": "0x84ff5077b96a1df9e2e081c9688af17ef773109045c69ddf587b1ce4f0b0d1f5", "time": 1710061739, "nft": {"contract_address": "0xc274a97f1691ef390f662067e95a6eff1f99b504", "token_id": "1834", "name": "TinFun #1834", "blockchain": "ETH", "image": "https://lh3.googleusercontent.com/JcxLgtR4a71VWycWd0lZeM4gXjy0iept-g2kTzLKt617qUWdtssLogrmQKf8T7Si1R-2Is8rHu0ssv3dpaR4b7tPIaKUpDBxLxAD", "contract_type": "ERC721"}, "collection": {"collection_id": "65a13036c284b18008bd25b7", "name": "TinFun", "logo": "https://i.seadn.io/s/raw/files/a531bedf317b5ffe5a35d559b5c94cd9.jpg?w=500&auto=format", "slug": "tin-fun"}, "gas_fee": {"value": 0.0132, "raw_value": 13200000000000000, "usd": 52.4067, "payment_token": {"address": "0x0000000000000000000000000000000000000000", "symbol": "ETH", "decimals": 18}}, "price": null, "marketplace_path": ["floor"], "fees": [], "trait_offer_target": null}, {"blockchain": "ETH", "sender": {"address": "0x04ee22568b4abbff87a6827bc4f801b81d99146b", "ens": "\ud83c\udc04\ud83c\udc04\ud83c\udc04\ud83c\udc04\ud83c\udc04\ud83c\udc04.eth", "is_whale": false, "blockchain": "ETH", "is_contract": false, "is_blue_chip_holder": true, "is_super_blue_chip_holder": false, "is_multi_sign_wallet": false, "das": null, "alias": "\ud83c\udc04\ud83c\udc04\ud83c\udc04\ud83c\udc04\ud83c\udc04\ud83c\udc04.eth"}, "receiver": {"address": "0x3eb879cc9a0ef4c6f1d870a40ae187768c278da2", "ens": "floorprotocol.eth", "is_whale": false, "blockchain": "ETH", "is_contract": true, "is_blue_chip_holder": true, "is_super_blue_chip_holder": false, "is_multi_sign_wallet": false, "das": null, "alias": "floorprotocol.eth"}, "event": "transfer", "quantity": 1, "tx_hash": "0xdac9eca36a186fc0f7acd633da3b09d6bc4e19f8d91dddde27af5fdadf094e57", "time": 1705976531, "nft": {"contract_address": "0xc274a97f1691ef390f662067e95a6eff1f99b504", "token_id": "1834", "name": "TinFun #1834", "blockchain": "ETH", "image": "https://lh3.googleusercontent.com/JcxLgtR4a71VWycWd0lZeM4gXjy0iept-g2kTzLKt617qUWdtssLogrmQKf8T7Si1R-2Is8rHu0ssv3dpaR4b7tPIaKUpDBxLxAD", "contract_type": "ERC721"}, "collection": {"collection_id": "65a13036c284b18008bd25b7", "name": "TinFun", "logo": "https://i.seadn.io/s/raw/files/a531bedf317b5ffe5a35d559b5c94cd9.jpg?w=500&auto=format", "slug": "tin-fun"}, "gas_fee": {"value": 0.0039, "raw_value": 3900000000000000, "usd": 9.1677, "payment_token": {"address": "0x0000000000000000000000000000000000000000", "symbol": "ETH", "decimals": 18}}, "price": null, "marketplace_path": ["floor"], "fees": [], "trait_offer_target": null}, {"blockchain": "ETH", "sender": {"address": "0x3eb879cc9a0ef4c6f1d870a40ae187768c278da2", "ens": "floorprotocol.eth", "is_whale": false, "blockchain": "ETH", "is_contract": true, "is_blue_chip_holder": true, "is_super_blue_chip_holder": true, "is_multi_sign_wallet": false, "das": null, "alias": "floorprotocol.eth"}, "receiver": {"address": "0x04ee22568b4abbff87a6827bc4f801b81d99146b", "ens": "\ud83c\udc04\ud83c\udc04\ud83c\udc04\ud83c\udc04\ud83c\udc04\ud83c\udc04.eth", "is_whale": false, "blockchain": "ETH", "is_contract": false, "is_blue_chip_holder": true, "is_super_blue_chip_holder": true, "is_multi_sign_wallet": false, "das": null, "alias": "\ud83c\udc04\ud83c\udc04\ud83c\udc04\ud83c\udc04\ud83c\udc04\ud83c\udc04.eth"}, "event": "transfer", "quantity": 1, "tx_hash": "0xe6f3aaef2d99ba2f7cdeab85e3ac9e9295fe008c5c5ed53578176ac250208ff8", "time": 1705206251, "nft": {"contract_address": "0xc274a97f1691ef390f662067e95a6eff1f99b504", "token_id": "1834", "name": "TinFun #1834", "blockchain": "ETH", "image": "https://lh3.googleusercontent.com/JcxLgtR4a71VWycWd0lZeM4gXjy0iept-g2kTzLKt617qUWdtssLogrmQKf8T7Si1R-2Is8rHu0ssv3dpaR4b7tPIaKUpDBxLxAD", "contract_type": "ERC721"}, "collection": {"collection_id": "65a13036c284b18008bd25b7", "name": "TinFun", "logo": "https://i.seadn.io/s/raw/files/a531bedf317b5ffe5a35d559b5c94cd9.jpg?w=500&auto=format", "slug": "tin-fun"}, "gas_fee": {"value": 0.0046, "raw_value": 4600000000000000, "usd": 11.7033, "payment_token": {"address": "0x0000000000000000000000000000000000000000", "symbol": "ETH", "decimals": 18}}, "price": null, "marketplace_path": ["floor"], "fees": [], "trait_offer_target": null}, {"blockchain": "ETH", "sender": {"address": "0x04ee22568b4abbff87a6827bc4f801b81d99146b", "ens": "\ud83c\udc04\ud83c\udc04\ud83c\udc04\ud83c\udc04\ud83c\udc04\ud83c\udc04.eth", "is_whale": false, "blockchain": "ETH", "is_contract": false, "is_blue_chip_holder": true, "is_super_blue_chip_holder": false, "is_multi_sign_wallet": false, "das": null, "alias": "\ud83c\udc04\ud83c\udc04\ud83c\udc04\ud83c\udc04\ud83c\udc04\ud83c\udc04.eth"}, "receiver": {"address": "0x3eb879cc9a0ef4c6f1d870a40ae187768c278da2", "ens": "floorprotocol.eth", "is_whale": false, "blockchain": "ETH", "is_contract": true, "is_blue_chip_holder": true, "is_super_blue_chip_holder": false, "is_multi_sign_wallet": false, "das": null, "alias": "floorprotocol.eth"}, "event": "transfer", "quantity": 1, "tx_hash": "0xd8bfc1b94d87670f95e9e24bf472814ac36f5df90cf2b25ca63698086816e2ff", "time": 1705135583, "nft": {"contract_address": "0xc274a97f1691ef390f662067e95a6eff1f99b504", "token_id": "1834", "name": "TinFun #1834", "blockchain": "ETH", "image": "https://lh3.googleusercontent.com/JcxLgtR4a71VWycWd0lZeM4gXjy0iept-g2kTzLKt617qUWdtssLogrmQKf8T7Si1R-2Is8rHu0ssv3dpaR4b7tPIaKUpDBxLxAD", "contract_type": "ERC721"}, "collection": {"collection_id": "65a13036c284b18008bd25b7", "name": "TinFun", "logo": "https://i.seadn.io/s/raw/files/a531bedf317b5ffe5a35d559b5c94cd9.jpg?w=500&auto=format", "slug": "tin-fun"}, "gas_fee": {"value": 0.0082, "raw_value": 8200000000000001, "usd": 20.9864, "payment_token": {"address": "0x0000000000000000000000000000000000000000", "symbol": "ETH", "decimals": 18}}, "price": null, "marketplace_path": ["floor"], "fees": [], "trait_offer_target": null}, {"blockchain": "ETH", "sender": {"address": "0x61fd0d043d519f5a2bd05785000f30db96809429", "ens": "985.eth", "is_whale": false, "blockchain": "ETH", "is_contract": false, "is_blue_chip_holder": true, "is_super_blue_chip_holder": false, "is_multi_sign_wallet": false, "das": null, "alias": "985.eth"}, "receiver": {"address": "0x04ee22568b4abbff87a6827bc4f801b81d99146b", "ens": "\ud83c\udc04\ud83c\udc04\ud83c\udc04\ud83c\udc04\ud83c\udc04\ud83c\udc04.eth", "is_whale": false, "blockchain": "ETH", "is_contract": false, "is_blue_chip_holder": true, "is_super_blue_chip_holder": false, "is_multi_sign_wallet": false, "das": null, "alias": "\ud83c\udc04\ud83c\udc04\ud83c\udc04\ud83c\udc04\ud83c\udc04\ud83c\udc04.eth"}, "event": "transfer", "quantity": 1, "tx_hash": "0x8e7a53bc0c74418acc324bee1c753270e355cea017427054121e06f2a55bf00e", "time": 1705114535, "nft": {"contract_address": "0xc274a97f1691ef390f662067e95a6eff1f99b504", "token_id": "1834", "name": "TinFun #1834", "blockchain": "ETH", "image": "https://lh3.googleusercontent.com/JcxLgtR4a71VWycWd0lZeM4gXjy0iept-g2kTzLKt617qUWdtssLogrmQKf8T7Si1R-2Is8rHu0ssv3dpaR4b7tPIaKUpDBxLxAD", "contract_type": "ERC721"}, "collection": {"collection_id": "65a13036c284b18008bd25b7", "name": "TinFun", "logo": "https://i.seadn.io/s/raw/files/a531bedf317b5ffe5a35d559b5c94cd9.jpg?w=500&auto=format", "slug": "tin-fun"}, "gas_fee": {"value": 0.001, "raw_value": 1000000000000000, "usd": 2.4902, "payment_token": {"address": "0x0000000000000000000000000000000000000000", "symbol": "ETH", "decimals": 18}}, "price": null, "marketplace_path": [], "fees": [], "trait_offer_target": null}]