[{"blockchain": "ETH", "sender": {"address": "0x7515b72ec563f9da7163c5a50f9b6466a84e699a", "ens": null, "is_whale": false, "blockchain": "ETH", "is_contract": false, "is_blue_chip_holder": false, "is_super_blue_chip_holder": false, "is_multi_sign_wallet": false, "das": null, "alias": null}, "receiver": {"address": "0x891b7baff24fbd190b4e39cf42e88dc6a6bd7134", "ens": null, "is_whale": false, "blockchain": "ETH", "is_contract": false, "is_blue_chip_holder": false, "is_super_blue_chip_holder": false, "is_multi_sign_wallet": false, "das": null, "alias": null}, "event": "sale", "quantity": 1, "tx_hash": "0xd76bb681c5c0c135858222de2189e41dad2b0479a28f9dfd6b467a0c25e7fe0c", "time": 1707473159, "nft": {"contract_address": "0xc274a97f1691ef390f662067e95a6eff1f99b504", "token_id": "1843", "name": "TinFun #1843", "blockchain": "ETH", "image": "https://lh3.googleusercontent.com/PRHJ3SlvaMCfCAZpRCmRa_h-fk9IoPI0giV_YD5V2nZEQ4-NyKP3hUmMWsegPIKlJ-jpLxrvmWsg9v6bWaJXJS5TIVCGtptkqicR", "contract_type": "ERC721"}, "collection": {"collection_id": "65a13036c284b18008bd25b7", "name": "TinFun", "logo": "https://i.seadn.io/s/raw/files/a531bedf317b5ffe5a35d559b5c94cd9.jpg?w=500&auto=format", "slug": "tin-fun"}, "gas_fee": {"value": 0.0065, "raw_value": 6500000000000000, "usd": 16.0987, "payment_token": {"address": "0x0000000000000000000000000000000000000000", "symbol": "ETH", "decimals": 18}}, "price": {"value": 0.607, "raw_value": 607000000000000000, "usd": 1497.2636152339348, "payment_token": {"address": "0x0000000000000000000000000000000000000000", "symbol": "ETH", "decimals": 18}}, "marketplace_path": ["opensea"], "fees": [{"fee_type": "marketplace", "recipient": "0x0000a26b00c1f0df003000390027140000faa719", "bps": 250, "price": {"value": 0.015175, "raw_value": 15175000000000000, "usd": 37.22926, "payment_token": {"address": "0x0000000000000000000000000000000000000000", "symbol": "ETH", "decimals": 18}}}, {"fee_type": "royalty", "recipient": "0x6650dc11f439f14d4dfbea75233bd9b0099a0647", "bps": 1, "price": {"value": 6.1e-05, "raw_value": 60700000000000, "usd": 0.148917, "payment_token": {"address": "0x0000000000000000000000000000000000000000", "symbol": "ETH", "decimals": 18}}}], "trait_offer_target": null}]