[{"blockchain": "ETH", "sender": {"address": "0xe038adc7209fb6070590a11186433c12634059f5", "ens": null, "is_whale": false, "blockchain": "ETH", "is_contract": false, "is_blue_chip_holder": false, "is_super_blue_chip_holder": false, "is_multi_sign_wallet": false, "das": null, "alias": null}, "receiver": {"address": "0x25d0783b35395c078d0789464f59f556fac51f64", "ens": null, "is_whale": false, "blockchain": "ETH", "is_contract": false, "is_blue_chip_holder": false, "is_super_blue_chip_holder": false, "is_multi_sign_wallet": false, "das": null, "alias": null}, "event": "transfer", "quantity": 1, "tx_hash": "0xe43b2b5fe368dc367b8e0a8e1c65e890beb76b53f02983acb5959d45a3448313", "time": 1709635331, "nft": {"contract_address": "0xc274a97f1691ef390f662067e95a6eff1f99b504", "token_id": "1013", "name": "TinFun #1013", "blockchain": "ETH", "image": "https://lh3.googleusercontent.com/T83GJTkY_wFpist4px2AAJo3O-GjYMozOhecTH-1qb-iXhTj4yMfO8w8mPIgo-vRKG2NMWFX_8cvjvH2DfXwChUEYi8J6GDvtw", "contract_type": "ERC721"}, "collection": {"collection_id": "65a13036c284b18008bd25b7", "name": "TinFun", "logo": "https://i.seadn.io/s/raw/files/a531bedf317b5ffe5a35d559b5c94cd9.jpg?w=500&auto=format", "slug": "tin-fun"}, "gas_fee": {"value": 0.0045, "raw_value": 4499999999999999, "usd": 16.7333, "payment_token": {"address": "0x0000000000000000000000000000000000000000", "symbol": "ETH", "decimals": 18}}, "price": null, "marketplace_path": [], "fees": [], "trait_offer_target": null}, {"blockchain": "ETH", "sender": {"address": "0xc7b1192f82b161afcb2f12e662fd3e646d42b763", "ens": null, "is_whale": false, "blockchain": "ETH", "is_contract": false, "is_blue_chip_holder": false, "is_super_blue_chip_holder": false, "is_multi_sign_wallet": false, "das": null, "alias": null}, "receiver": {"address": "0xe038adc7209fb6070590a11186433c12634059f5", "ens": null, "is_whale": false, "blockchain": "ETH", "is_contract": false, "is_blue_chip_holder": false, "is_super_blue_chip_holder": false, "is_multi_sign_wallet": false, "das": null, "alias": null}, "event": "sale", "quantity": 1, "tx_hash": "0x97678c9698f04a4f0383f901363c0a06fe76e331fd5c536e2fd774900468b5f7", "time": 1705066775, "nft": {"contract_address": "0xc274a97f1691ef390f662067e95a6eff1f99b504", "token_id": "1013", "name": "TinFun #1013", "blockchain": "ETH", "image": "https://lh3.googleusercontent.com/T83GJTkY_wFpist4px2AAJo3O-GjYMozOhecTH-1qb-iXhTj4yMfO8w8mPIgo-vRKG2NMWFX_8cvjvH2DfXwChUEYi8J6GDvtw", "contract_type": "ERC721"}, "collection": {"collection_id": "65a13036c284b18008bd25b7", "name": "TinFun", "logo": "https://i.seadn.io/s/raw/files/a531bedf317b5ffe5a35d559b5c94cd9.jpg?w=500&auto=format", "slug": "tin-fun"}, "gas_fee": {"value": 0.0038, "raw_value": 3800000000000000, "usd": 10.0752, "payment_token": {"address": "0x0000000000000000000000000000000000000000", "symbol": "ETH", "decimals": 18}}, "price": {"value": 0.798, "raw_value": 798000000000000000, "usd": 2115.0259667382998, "payment_token": {"address": "0x0000000000000000000000000000000000000000", "symbol": "ETH", "decimals": 18}}, "marketplace_path": ["blur-aggregator", "opensea"], "fees": [{"fee_type": "marketplace", "recipient": "0x0000a26b00c1f0df003000390027140000faa719", "bps": 250, "price": {"value": 0.01995, "raw_value": 19950000000000000, "usd": 52.291344, "payment_token": {"address": "0x0000000000000000000000000000000000000000", "symbol": "ETH", "decimals": 18}}}], "trait_offer_target": null}]