[{"blockchain": "ETH", "sender": {"address": "0x0840bef8b37f592eedffa580bd308381ec0a4fe7", "ens": "epochgroup.eth", "is_whale": false, "blockchain": "ETH", "is_contract": false, "is_blue_chip_holder": false, "is_super_blue_chip_holder": false, "is_multi_sign_wallet": false, "das": null, "alias": "epochgroup.eth"}, "receiver": {"address": "0x8177e9fa379b85e01b2b30140ddc446b9875106a", "ens": null, "is_whale": false, "blockchain": "ETH", "is_contract": true, "is_blue_chip_holder": false, "is_super_blue_chip_holder": false, "is_multi_sign_wallet": false, "das": null, "alias": null}, "event": "transfer", "quantity": 1, "tx_hash": "0xd86b04c965fa82653f97b15af7e3f64e9548b373609df0748a013232a036ec9a", "time": 1711699559, "nft": {"contract_address": "0xc274a97f1691ef390f662067e95a6eff1f99b504", "token_id": "994", "name": "TinFun #994", "blockchain": "ETH", "image": "https://lh3.googleusercontent.com/xykNCQ8ouHcUNmmSdEsyX9cBUqy0DdPqPaOGMGELcTXSfOOfAznGn6SraU4aZe8GJ4e2hC-73ZHBSQFzEnxhW19jmonZxAdLegqj", "contract_type": "ERC721"}, "collection": {"collection_id": "65a13036c284b18008bd25b7", "name": "TinFun", "logo": "https://i.seadn.io/s/raw/files/a531bedf317b5ffe5a35d559b5c94cd9.jpg?w=500&auto=format", "slug": "tin-fun"}, "gas_fee": {"value": 0.0266, "raw_value": 26600000000000000, "usd": 93.7627, "payment_token": {"address": "0x0000000000000000000000000000000000000000", "symbol": "ETH", "decimals": 18}}, "price": null, "marketplace_path": [], "fees": [], "trait_offer_target": null}, {"blockchain": "ETH", "sender": {"address": "0xe29208c8f768d3c99f362f3fad2c922158c8ca2d", "ens": null, "is_whale": false, "blockchain": "ETH", "is_contract": false, "is_blue_chip_holder": false, "is_super_blue_chip_holder": false, "is_multi_sign_wallet": false, "das": null, "alias": null}, "receiver": {"address": "0x0840bef8b37f592eedffa580bd308381ec0a4fe7", "ens": "epochgroup.eth", "is_whale": false, "blockchain": "ETH", "is_contract": false, "is_blue_chip_holder": false, "is_super_blue_chip_holder": false, "is_multi_sign_wallet": false, "das": null, "alias": "epochgroup.eth"}, "event": "sale", "quantity": 1, "tx_hash": "0xb86d1c9e0a656e4f8abc6a263faebe46a5c29246cb3ceac2b4b355f913db2b54", "time": 1705063727, "nft": {"contract_address": "0xc274a97f1691ef390f662067e95a6eff1f99b504", "token_id": "994", "name": "TinFun #994", "blockchain": "ETH", "image": "https://lh3.googleusercontent.com/xykNCQ8ouHcUNmmSdEsyX9cBUqy0DdPqPaOGMGELcTXSfOOfAznGn6SraU4aZe8GJ4e2hC-73ZHBSQFzEnxhW19jmonZxAdLegqj", "contract_type": "ERC721"}, "collection": {"collection_id": "65a13036c284b18008bd25b7", "name": "TinFun", "logo": "https://i.seadn.io/s/raw/files/a531bedf317b5ffe5a35d559b5c94cd9.jpg?w=500&auto=format", "slug": "tin-fun"}, "gas_fee": {"value": 0.0086, "raw_value": 8600000000000000, "usd": 22.6973, "payment_token": {"address": "0x0000000000000000000000000000000000000000", "symbol": "ETH", "decimals": 18}}, "price": {"value": 0.79, "raw_value": 790000000000000000, "usd": 2091.6810453490198, "payment_token": {"address": "0x0000000000000000000000000000000000000000", "symbol": "ETH", "decimals": 18}}, "marketplace_path": ["opensea"], "fees": [{"fee_type": "royalty", "recipient": "0x6650dc11f439f14d4dfbea75233bd9b0099a0647", "bps": 500, "price": {"value": 0.0395, "raw_value": 39500000000000000, "usd": 103.271406, "payment_token": {"address": "0x0000000000000000000000000000000000000000", "symbol": "ETH", "decimals": 18}}}, {"fee_type": "marketplace", "recipient": "0x0000a26b00c1f0df003000390027140000faa719", "bps": 250, "price": {"value": 0.01975, "raw_value": 19750000000000000, "usd": 51.635703, "payment_token": {"address": "0x0000000000000000000000000000000000000000", "symbol": "ETH", "decimals": 18}}}], "trait_offer_target": null}]