[{"blockchain": "ETH", "sender": {"address": "0x4cb48fd40322f0408d640282f6a0a796115af879", "ens": null, "is_whale": false, "blockchain": "ETH", "is_contract": false, "is_blue_chip_holder": false, "is_super_blue_chip_holder": false, "is_multi_sign_wallet": false, "das": null, "alias": null}, "receiver": {"address": "0x8177e9fa379b85e01b2b30140ddc446b9875106a", "ens": null, "is_whale": false, "blockchain": "ETH", "is_contract": true, "is_blue_chip_holder": false, "is_super_blue_chip_holder": false, "is_multi_sign_wallet": false, "das": null, "alias": null}, "event": "transfer", "quantity": 1, "tx_hash": "0x96a574fa46255d60f7da90e09fea66c322bb8908e9e3b8c1d45b959ff5005d12", "time": 1712880167, "nft": {"contract_address": "0xc274a97f1691ef390f662067e95a6eff1f99b504", "token_id": "2218", "name": "TinFun #2218", "blockchain": "ETH", "image": "https://lh3.googleusercontent.com/r5ghhzh7CVhdLxU-GE68jj2AZHPvAGKUVasDhMcyuYBniMS1Ccrko-13NEYWWX201MlEFJ0mxwGr3OERZ8q5-dqobda61ArYxg", "contract_type": "ERC721"}, "collection": {"collection_id": "65a13036c284b18008bd25b7", "name": "TinFun", "logo": "https://i.seadn.io/s/raw/files/a531bedf317b5ffe5a35d559b5c94cd9.jpg?w=500&auto=format", "slug": "tin-fun"}, "gas_fee": {"value": 0.0014, "raw_value": 1400000000000000, "usd": 4.8938, "payment_token": {"address": "0x0000000000000000000000000000000000000000", "symbol": "ETH", "decimals": 18}}, "price": null, "marketplace_path": [], "fees": [], "trait_offer_target": null}]