[{"blockchain": "ETH", "sender": {"address": "0x39f7b785bbc6be9d0acb3ce9330793b1d72fc71f", "ens": null, "is_whale": false, "blockchain": "ETH", "is_contract": false, "is_blue_chip_holder": false, "is_super_blue_chip_holder": false, "is_multi_sign_wallet": false, "das": null, "alias": null}, "receiver": {"address": "0x8177e9fa379b85e01b2b30140ddc446b9875106a", "ens": null, "is_whale": false, "blockchain": "ETH", "is_contract": true, "is_blue_chip_holder": false, "is_super_blue_chip_holder": false, "is_multi_sign_wallet": false, "das": null, "alias": null}, "event": "transfer", "quantity": 1, "tx_hash": "0x81de270eea906e5506d9994ca90d7c8f7bf86f446cdc63261af13f94b7301d18", "time": 1711699751, "nft": {"contract_address": "0xc274a97f1691ef390f662067e95a6eff1f99b504", "token_id": "351", "name": "TinFun #351", "blockchain": "ETH", "image": "https://lh3.googleusercontent.com/DN4f32ouNi3kBjzuogi9ZyFvMvvcaQKo1-ZsIc7rbIqK-voRkMArR9mnBfpIvVrOws5XRs38OEG9WU0DwKyrPAfrcM9ODP-CWzc", "contract_type": "ERC721"}, "collection": {"collection_id": "65a13036c284b18008bd25b7", "name": "TinFun", "logo": "https://i.seadn.io/s/raw/files/a531bedf317b5ffe5a35d559b5c94cd9.jpg?w=500&auto=format", "slug": "tin-fun"}, "gas_fee": {"value": 0.0101, "raw_value": 10100000000000000, "usd": 35.441, "payment_token": {"address": "0x0000000000000000000000000000000000000000", "symbol": "ETH", "decimals": 18}}, "price": null, "marketplace_path": [], "fees": [], "trait_offer_target": null}, {"blockchain": "ETH", "sender": {"address": "0xdcf14b388c4758fd14492fd185577b9557459e8b", "ens": null, "is_whale": false, "blockchain": "ETH", "is_contract": false, "is_blue_chip_holder": false, "is_super_blue_chip_holder": false, "is_multi_sign_wallet": false, "das": null, "alias": null}, "receiver": {"address": "0x39f7b785bbc6be9d0acb3ce9330793b1d72fc71f", "ens": null, "is_whale": false, "blockchain": "ETH", "is_contract": false, "is_blue_chip_holder": false, "is_super_blue_chip_holder": false, "is_multi_sign_wallet": false, "das": null, "alias": null}, "event": "transfer", "quantity": 1, "tx_hash": "0x8b0ae38f2617105ee0e4a20f08788fef7a5922f6ef4ce423f43cc5bfb8a7765a", "time": 1711699535, "nft": {"contract_address": "0xc274a97f1691ef390f662067e95a6eff1f99b504", "token_id": "351", "name": "TinFun #351", "blockchain": "ETH", "image": "https://lh3.googleusercontent.com/DN4f32ouNi3kBjzuogi9ZyFvMvvcaQKo1-ZsIc7rbIqK-voRkMArR9mnBfpIvVrOws5XRs38OEG9WU0DwKyrPAfrcM9ODP-CWzc", "contract_type": "ERC721"}, "collection": {"collection_id": "65a13036c284b18008bd25b7", "name": "TinFun", "logo": "https://i.seadn.io/s/raw/files/a531bedf317b5ffe5a35d559b5c94cd9.jpg?w=500&auto=format", "slug": "tin-fun"}, "gas_fee": {"value": 0.0161, "raw_value": 16100000000000000, "usd": 56.7958, "payment_token": {"address": "0x0000000000000000000000000000000000000000", "symbol": "ETH", "decimals": 18}}, "price": null, "marketplace_path": [], "fees": [], "trait_offer_target": null}, {"blockchain": "ETH", "sender": {"address": "0x2efdb6dd6daa243fdf30cac2391adb8350d5e322", "ens": null, "is_whale": false, "blockchain": "ETH", "is_contract": false, "is_blue_chip_holder": true, "is_super_blue_chip_holder": false, "is_multi_sign_wallet": false, "das": null, "alias": null}, "receiver": {"address": "0xdcf14b388c4758fd14492fd185577b9557459e8b", "ens": null, "is_whale": false, "blockchain": "ETH", "is_contract": false, "is_blue_chip_holder": false, "is_super_blue_chip_holder": false, "is_multi_sign_wallet": false, "das": null, "alias": null}, "event": "sale", "quantity": 1, "tx_hash": "0x5856a1db44180b1170032c44d855a538bb2727d4f1da7f1beefa5e5f27c21762", "time": 1709039279, "nft": {"contract_address": "0xc274a97f1691ef390f662067e95a6eff1f99b504", "token_id": "351", "name": "TinFun #351", "blockchain": "ETH", "image": "https://lh3.googleusercontent.com/DN4f32ouNi3kBjzuogi9ZyFvMvvcaQKo1-ZsIc7rbIqK-voRkMArR9mnBfpIvVrOws5XRs38OEG9WU0DwKyrPAfrcM9ODP-CWzc", "contract_type": "ERC721"}, "collection": {"collection_id": "65a13036c284b18008bd25b7", "name": "TinFun", "logo": "https://i.seadn.io/s/raw/files/a531bedf317b5ffe5a35d559b5c94cd9.jpg?w=500&auto=format", "slug": "tin-fun"}, "gas_fee": {"value": 0.018, "raw_value": 17999999999999998, "usd": 58.6514, "payment_token": {"address": "0x0000000000000000000000000000000000000000", "symbol": "ETH", "decimals": 18}}, "price": {"value": 0.3104999, "raw_value": 310499900000000000, "usd": 1012.1976945887176, "payment_token": {"address": "0x0000000000000000000000000000000000000000", "symbol": "ETH", "decimals": 18}}, "marketplace_path": ["blur"], "fees": [{"fee_type": "royalty", "recipient": "0x6650dc11f439f14d4dfbea75233bd9b0099a0647", "bps": 50, "price": {"value": 0.001552, "raw_value": 1552499500000000, "usd": 5.063821, "payment_token": {"address": "0x0000000000000000000000000000000000000000", "symbol": "ETH", "decimals": 18}}}], "trait_offer_target": null}, {"blockchain": "ETH", "sender": {"address": "0xda30d629fbf792e56c74c20ec17f5ca96f41aec6", "ens": null, "is_whale": false, "blockchain": "ETH", "is_contract": false, "is_blue_chip_holder": false, "is_super_blue_chip_holder": false, "is_multi_sign_wallet": false, "das": null, "alias": null}, "receiver": {"address": "0x2efdb6dd6daa243fdf30cac2391adb8350d5e322", "ens": null, "is_whale": false, "blockchain": "ETH", "is_contract": false, "is_blue_chip_holder": true, "is_super_blue_chip_holder": false, "is_multi_sign_wallet": false, "das": null, "alias": null}, "event": "sale", "quantity": 1, "tx_hash": "0x453bd84fb6b06241a51170b3cb6725748dc91891f2b62b9f586a8bcd6009a092", "time": 1709014367, "nft": {"contract_address": "0xc274a97f1691ef390f662067e95a6eff1f99b504", "token_id": "351", "name": "TinFun #351", "blockchain": "ETH", "image": "https://lh3.googleusercontent.com/DN4f32ouNi3kBjzuogi9ZyFvMvvcaQKo1-ZsIc7rbIqK-voRkMArR9mnBfpIvVrOws5XRs38OEG9WU0DwKyrPAfrcM9ODP-CWzc", "contract_type": "ERC721"}, "collection": {"collection_id": "65a13036c284b18008bd25b7", "name": "TinFun", "logo": "https://i.seadn.io/s/raw/files/a531bedf317b5ffe5a35d559b5c94cd9.jpg?w=500&auto=format", "slug": "tin-fun"}, "gas_fee": {"value": 0.021, "raw_value": 21000000000000000, "usd": 67.5421, "payment_token": {"address": "0x0000000000000000000000000000000000000000", "symbol": "ETH", "decimals": 18}}, "price": {"value": 0.31, "raw_value": 310000000000000000, "usd": 999.0426408525401, "payment_token": {"address": "0x0000000000000000000000000000000000000000", "symbol": "ETH", "decimals": 18}}, "marketplace_path": ["blur"], "fees": [{"fee_type": "royalty", "recipient": "0x6650dc11f439f14d4dfbea75233bd9b0099a0647", "bps": 50, "price": {"value": 0.00155, "raw_value": 1550000000000000, "usd": 4.986035, "payment_token": {"address": "0x0000000000a39bb272e79075ade125fd351887ac", "symbol": "BETH", "decimals": 18}}}], "trait_offer_target": null}, {"blockchain": "ETH", "sender": {"address": "0x98b8ca7087cca3d9173bb059a4e54e81406b368c", "ens": null, "is_whale": false, "blockchain": "ETH", "is_contract": false, "is_blue_chip_holder": false, "is_super_blue_chip_holder": false, "is_multi_sign_wallet": false, "das": null, "alias": null}, "receiver": {"address": "0xda30d629fbf792e56c74c20ec17f5ca96f41aec6", "ens": null, "is_whale": false, "blockchain": "ETH", "is_contract": false, "is_blue_chip_holder": false, "is_super_blue_chip_holder": false, "is_multi_sign_wallet": false, "das": null, "alias": null}, "event": "sale", "quantity": 1, "tx_hash": "0x80a7a571ae060f25955b254b922bff7311e3e853cacc7b60206b2867236708b5", "time": 1708975739, "nft": {"contract_address": "0xc274a97f1691ef390f662067e95a6eff1f99b504", "token_id": "351", "name": "TinFun #351", "blockchain": "ETH", "image": "https://lh3.googleusercontent.com/DN4f32ouNi3kBjzuogi9ZyFvMvvcaQKo1-ZsIc7rbIqK-voRkMArR9mnBfpIvVrOws5XRs38OEG9WU0DwKyrPAfrcM9ODP-CWzc", "contract_type": "ERC721"}, "collection": {"collection_id": "65a13036c284b18008bd25b7", "name": "TinFun", "logo": "https://i.seadn.io/s/raw/files/a531bedf317b5ffe5a35d559b5c94cd9.jpg?w=500&auto=format", "slug": "tin-fun"}, "gas_fee": {"value": 0.0377, "raw_value": 37700000000000000, "usd": 118.2313, "payment_token": {"address": "0x0000000000000000000000000000000000000000", "symbol": "ETH", "decimals": 18}}, "price": {"value": 0.295, "raw_value": 295000000000000000, "usd": 925.6847394626122, "payment_token": {"address": "0x0000000000000000000000000000000000000000", "symbol": "ETH", "decimals": 18}}, "marketplace_path": ["blur-aggregator", "blur"], "fees": [{"fee_type": "royalty", "recipient": "0x6650dc11f439f14d4dfbea75233bd9b0099a0647", "bps": 50, "price": {"value": 0.001475, "raw_value": 1475000000000000, "usd": 4.652889, "payment_token": {"address": "0x0000000000000000000000000000000000000000", "symbol": "ETH", "decimals": 18}}}], "trait_offer_target": null}, {"blockchain": "ETH", "sender": {"address": "0xcb892e05fa8f48d6c531cba279eea615f23a0c77", "ens": "makesolgraitagain.eth", "is_whale": false, "blockchain": "ETH", "is_contract": false, "is_blue_chip_holder": false, "is_super_blue_chip_holder": false, "is_multi_sign_wallet": false, "das": null, "alias": "makesolgraitagain.eth"}, "receiver": {"address": "0x98b8ca7087cca3d9173bb059a4e54e81406b368c", "ens": null, "is_whale": false, "blockchain": "ETH", "is_contract": false, "is_blue_chip_holder": false, "is_super_blue_chip_holder": false, "is_multi_sign_wallet": false, "das": null, "alias": null}, "event": "sale", "quantity": 1, "tx_hash": "0x643983f822c378ff3d99ce6956e3d96ba8003cab716cc75bf0d3e7ef70b02aad", "time": 1708974851, "nft": {"contract_address": "0xc274a97f1691ef390f662067e95a6eff1f99b504", "token_id": "351", "name": "TinFun #351", "blockchain": "ETH", "image": "https://lh3.googleusercontent.com/DN4f32ouNi3kBjzuogi9ZyFvMvvcaQKo1-ZsIc7rbIqK-voRkMArR9mnBfpIvVrOws5XRs38OEG9WU0DwKyrPAfrcM9ODP-CWzc", "contract_type": "ERC721"}, "collection": {"collection_id": "65a13036c284b18008bd25b7", "name": "TinFun", "logo": "https://i.seadn.io/s/raw/files/a531bedf317b5ffe5a35d559b5c94cd9.jpg?w=500&auto=format", "slug": "tin-fun"}, "gas_fee": {"value": 0.0085, "raw_value": 8500000000000001, "usd": 26.6732, "payment_token": {"address": "0x0000000000000000000000000000000000000000", "symbol": "ETH", "decimals": 18}}, "price": {"value": 0.29, "raw_value": 290000000000000000, "usd": 909.9951676073138, "payment_token": {"address": "0x0000000000000000000000000000000000000000", "symbol": "ETH", "decimals": 18}}, "marketplace_path": ["blur"], "fees": [{"fee_type": "royalty", "recipient": "0x6650dc11f439f14d4dfbea75233bd9b0099a0647", "bps": 50, "price": {"value": 0.00145, "raw_value": 1450000000000000, "usd": 4.574027, "payment_token": {"address": "0x0000000000a39bb272e79075ade125fd351887ac", "symbol": "BETH", "decimals": 18}}}], "trait_offer_target": null}, {"blockchain": "ETH", "sender": {"address": "0x2eec8a9daa9f42d81183cb4d88ab09200c441bba", "ens": null, "is_whale": false, "blockchain": "ETH", "is_contract": false, "is_blue_chip_holder": false, "is_super_blue_chip_holder": false, "is_multi_sign_wallet": false, "das": null, "alias": null}, "receiver": {"address": "0xcb892e05fa8f48d6c531cba279eea615f23a0c77", "ens": "makesolgraitagain.eth", "is_whale": false, "blockchain": "ETH", "is_contract": false, "is_blue_chip_holder": false, "is_super_blue_chip_holder": false, "is_multi_sign_wallet": false, "das": null, "alias": "makesolgraitagain.eth"}, "event": "sale", "quantity": 1, "tx_hash": "0xd05f05dc519e1df2302db8cff61ffb6c01e97fc58a8e9afd816c16ce62252718", "time": 1708972139, "nft": {"contract_address": "0xc274a97f1691ef390f662067e95a6eff1f99b504", "token_id": "351", "name": "TinFun #351", "blockchain": "ETH", "image": "https://lh3.googleusercontent.com/DN4f32ouNi3kBjzuogi9ZyFvMvvcaQKo1-ZsIc7rbIqK-voRkMArR9mnBfpIvVrOws5XRs38OEG9WU0DwKyrPAfrcM9ODP-CWzc", "contract_type": "ERC721"}, "collection": {"collection_id": "65a13036c284b18008bd25b7", "name": "TinFun", "logo": "https://i.seadn.io/s/raw/files/a531bedf317b5ffe5a35d559b5c94cd9.jpg?w=500&auto=format", "slug": "tin-fun"}, "gas_fee": {"value": 0.0662, "raw_value": 66199999999999992, "usd": 208.6283, "payment_token": {"address": "0x0000000000000000000000000000000000000000", "symbol": "ETH", "decimals": 18}}, "price": {"value": 0.27, "raw_value": 270000000000000000, "usd": 850.6589675088705, "payment_token": {"address": "0x0000000000000000000000000000000000000000", "symbol": "ETH", "decimals": 18}}, "marketplace_path": ["blur"], "fees": [{"fee_type": "royalty", "recipient": "0x6650dc11f439f14d4dfbea75233bd9b0099a0647", "bps": 50, "price": {"value": 0.00135, "raw_value": 1350000000000000, "usd": 4.247331, "payment_token": {"address": "0x0000000000a39bb272e79075ade125fd351887ac", "symbol": "BETH", "decimals": 18}}}], "trait_offer_target": null}, {"blockchain": "ETH", "sender": {"address": "0xba1ba61ff159422bcb07f78017186624e94e6936", "ens": "te1egram.eth", "is_whale": false, "blockchain": "ETH", "is_contract": false, "is_blue_chip_holder": true, "is_super_blue_chip_holder": false, "is_multi_sign_wallet": false, "das": null, "alias": "te1egram.eth"}, "receiver": {"address": "0x2eec8a9daa9f42d81183cb4d88ab09200c441bba", "ens": null, "is_whale": false, "blockchain": "ETH", "is_contract": false, "is_blue_chip_holder": false, "is_super_blue_chip_holder": false, "is_multi_sign_wallet": false, "das": null, "alias": null}, "event": "sale", "quantity": 1, "tx_hash": "0x9bfacd555a86c9d67c0804b5d5abf64ba37b9473f73b8b55de7fadcf4529ce35", "time": 1708965995, "nft": {"contract_address": "0xc274a97f1691ef390f662067e95a6eff1f99b504", "token_id": "351", "name": "TinFun #351", "blockchain": "ETH", "image": "https://lh3.googleusercontent.com/DN4f32ouNi3kBjzuogi9ZyFvMvvcaQKo1-ZsIc7rbIqK-voRkMArR9mnBfpIvVrOws5XRs38OEG9WU0DwKyrPAfrcM9ODP-CWzc", "contract_type": "ERC721"}, "collection": {"collection_id": "65a13036c284b18008bd25b7", "name": "TinFun", "logo": "https://i.seadn.io/s/raw/files/a531bedf317b5ffe5a35d559b5c94cd9.jpg?w=500&auto=format", "slug": "tin-fun"}, "gas_fee": {"value": 0.042, "raw_value": 42000000000000000, "usd": 132.0459, "payment_token": {"address": "0x0000000000000000000000000000000000000000", "symbol": "ETH", "decimals": 18}}, "price": {"value": 0.282, "raw_value": 282000000000000000, "usd": 887.2201933019397, "payment_token": {"address": "0x0000000000000000000000000000000000000000", "symbol": "ETH", "decimals": 18}}, "marketplace_path": ["blur-aggregator", "blur"], "fees": [{"fee_type": "royalty", "recipient": "0x6650dc11f439f14d4dfbea75233bd9b0099a0647", "bps": 50, "price": {"value": 0.00141, "raw_value": 1410000000000000, "usd": 4.316552, "payment_token": {"address": "0x0000000000000000000000000000000000000000", "symbol": "ETH", "decimals": 18}}}], "trait_offer_target": null}, {"blockchain": "ETH", "sender": {"address": "0x60cbc31b2126f13dfeeebd5f1d2ea816e9d904c4", "ens": null, "is_whale": false, "blockchain": "ETH", "is_contract": false, "is_blue_chip_holder": true, "is_super_blue_chip_holder": false, "is_multi_sign_wallet": false, "das": null, "alias": null}, "receiver": {"address": "0xba1ba61ff159422bcb07f78017186624e94e6936", "ens": "te1egram.eth", "is_whale": false, "blockchain": "ETH", "is_contract": false, "is_blue_chip_holder": true, "is_super_blue_chip_holder": false, "is_multi_sign_wallet": false, "das": null, "alias": "te1egram.eth"}, "event": "sale", "quantity": 1, "tx_hash": "0x775bb5ca46c305a0247e343a5682c700d30f0c00df697514a2f3a4bccf5a4afc", "time": 1708964015, "nft": {"contract_address": "0xc274a97f1691ef390f662067e95a6eff1f99b504", "token_id": "351", "name": "TinFun #351", "blockchain": "ETH", "image": "https://lh3.googleusercontent.com/DN4f32ouNi3kBjzuogi9ZyFvMvvcaQKo1-ZsIc7rbIqK-voRkMArR9mnBfpIvVrOws5XRs38OEG9WU0DwKyrPAfrcM9ODP-CWzc", "contract_type": "ERC721"}, "collection": {"collection_id": "65a13036c284b18008bd25b7", "name": "TinFun", "logo": "https://i.seadn.io/s/raw/files/a531bedf317b5ffe5a35d559b5c94cd9.jpg?w=500&auto=format", "slug": "tin-fun"}, "gas_fee": {"value": 0.0398, "raw_value": 39800000000000000, "usd": 125.155, "payment_token": {"address": "0x0000000000000000000000000000000000000000", "symbol": "ETH", "decimals": 18}}, "price": {"value": 0.28, "raw_value": 280000000000000000, "usd": 880.9278515054722, "payment_token": {"address": "0x0000000000000000000000000000000000000000", "symbol": "ETH", "decimals": 18}}, "marketplace_path": ["blur"], "fees": [{"fee_type": "royalty", "recipient": "0x6650dc11f439f14d4dfbea75233bd9b0099a0647", "bps": 50, "price": {"value": 0.0014, "raw_value": 1400000000000000, "usd": 4.285938, "payment_token": {"address": "0x0000000000a39bb272e79075ade125fd351887ac", "symbol": "BETH", "decimals": 18}}}], "trait_offer_target": null}, {"blockchain": "ETH", "sender": {"address": "0x16be2582ad35aa56a8a247c61ab0cb7b9ac8fe19", "ens": "cbbjeff.eth", "is_whale": false, "blockchain": "ETH", "is_contract": false, "is_blue_chip_holder": false, "is_super_blue_chip_holder": false, "is_multi_sign_wallet": false, "das": null, "alias": "cbbjeff.eth"}, "receiver": {"address": "0x60cbc31b2126f13dfeeebd5f1d2ea816e9d904c4", "ens": null, "is_whale": false, "blockchain": "ETH", "is_contract": false, "is_blue_chip_holder": true, "is_super_blue_chip_holder": false, "is_multi_sign_wallet": false, "das": null, "alias": null}, "event": "sale", "quantity": 1, "tx_hash": "0x3adb0b8314c7da4f2e40ff1bfbe468f62ec43e40a6094cde9081a0f1d7766d8a", "time": 1708933655, "nft": {"contract_address": "0xc274a97f1691ef390f662067e95a6eff1f99b504", "token_id": "351", "name": "TinFun #351", "blockchain": "ETH", "image": "https://lh3.googleusercontent.com/DN4f32ouNi3kBjzuogi9ZyFvMvvcaQKo1-ZsIc7rbIqK-voRkMArR9mnBfpIvVrOws5XRs38OEG9WU0DwKyrPAfrcM9ODP-CWzc", "contract_type": "ERC721"}, "collection": {"collection_id": "65a13036c284b18008bd25b7", "name": "TinFun", "logo": "https://i.seadn.io/s/raw/files/a531bedf317b5ffe5a35d559b5c94cd9.jpg?w=500&auto=format", "slug": "tin-fun"}, "gas_fee": {"value": 0.0098, "raw_value": 9800000000000000, "usd": 30.3604, "payment_token": {"address": "0x0000000000000000000000000000000000000000", "symbol": "ETH", "decimals": 18}}, "price": {"value": 0.26, "raw_value": 260000000000000000, "usd": 809.4588953211554, "payment_token": {"address": "0x0000000000000000000000000000000000000000", "symbol": "ETH", "decimals": 18}}, "marketplace_path": ["blur"], "fees": [{"fee_type": "royalty", "recipient": "0x6650dc11f439f14d4dfbea75233bd9b0099a0647", "bps": 50, "price": {"value": 0.0013, "raw_value": 1300000000000000, "usd": 4.034567, "payment_token": {"address": "0x0000000000a39bb272e79075ade125fd351887ac", "symbol": "BETH", "decimals": 18}}}], "trait_offer_target": null}, {"blockchain": "ETH", "sender": {"address": "0x56357bb4ae1903fec9fac2468add9f886041e000", "ens": null, "is_whale": false, "blockchain": "ETH", "is_contract": false, "is_blue_chip_holder": false, "is_super_blue_chip_holder": false, "is_multi_sign_wallet": false, "das": null, "alias": null}, "receiver": {"address": "0x16be2582ad35aa56a8a247c61ab0cb7b9ac8fe19", "ens": "cbbjeff.eth", "is_whale": false, "blockchain": "ETH", "is_contract": false, "is_blue_chip_holder": false, "is_super_blue_chip_holder": false, "is_multi_sign_wallet": false, "das": null, "alias": "cbbjeff.eth"}, "event": "sale", "quantity": 1, "tx_hash": "0xb4eb021db318971e406e691858f3048dbe3af26faecf54cffdc54e15d6e5867b", "time": 1708911743, "nft": {"contract_address": "0xc274a97f1691ef390f662067e95a6eff1f99b504", "token_id": "351", "name": "TinFun #351", "blockchain": "ETH", "image": "https://lh3.googleusercontent.com/DN4f32ouNi3kBjzuogi9ZyFvMvvcaQKo1-ZsIc7rbIqK-voRkMArR9mnBfpIvVrOws5XRs38OEG9WU0DwKyrPAfrcM9ODP-CWzc", "contract_type": "ERC721"}, "collection": {"collection_id": "65a13036c284b18008bd25b7", "name": "TinFun", "logo": "https://i.seadn.io/s/raw/files/a531bedf317b5ffe5a35d559b5c94cd9.jpg?w=500&auto=format", "slug": "tin-fun"}, "gas_fee": {"value": 0.0598, "raw_value": 59800000000000000, "usd": 186.3423, "payment_token": {"address": "0x0000000000000000000000000000000000000000", "symbol": "ETH", "decimals": 18}}, "price": {"value": 0.3, "raw_value": 300000000000000000, "usd": 934.6397907427747, "payment_token": {"address": "0x0000000000000000000000000000000000000000", "symbol": "ETH", "decimals": 18}}, "marketplace_path": ["blur"], "fees": [{"fee_type": "royalty", "recipient": "0x6650dc11f439f14d4dfbea75233bd9b0099a0647", "bps": 50, "price": {"value": 0.0015, "raw_value": 1500000000000000, "usd": 4.653201, "payment_token": {"address": "0x0000000000a39bb272e79075ade125fd351887ac", "symbol": "BETH", "decimals": 18}}}], "trait_offer_target": null}, {"blockchain": "ETH", "sender": {"address": "0x164feeb753b21063b73139bf87b8f2a7204cfda7", "ens": null, "is_whale": false, "blockchain": "ETH", "is_contract": false, "is_blue_chip_holder": false, "is_super_blue_chip_holder": false, "is_multi_sign_wallet": false, "das": null, "alias": null}, "receiver": {"address": "0x56357bb4ae1903fec9fac2468add9f886041e000", "ens": null, "is_whale": false, "blockchain": "ETH", "is_contract": false, "is_blue_chip_holder": false, "is_super_blue_chip_holder": false, "is_multi_sign_wallet": false, "das": null, "alias": null}, "event": "sale", "quantity": 1, "tx_hash": "0xff02a1f3cfd059d6fb8d6cde9af1efc618af72f2f8293bc3d9de14b0330e718e", "time": 1705583639, "nft": {"contract_address": "0xc274a97f1691ef390f662067e95a6eff1f99b504", "token_id": "351", "name": "TinFun #351", "blockchain": "ETH", "image": "https://lh3.googleusercontent.com/DN4f32ouNi3kBjzuogi9ZyFvMvvcaQKo1-ZsIc7rbIqK-voRkMArR9mnBfpIvVrOws5XRs38OEG9WU0DwKyrPAfrcM9ODP-CWzc", "contract_type": "ERC721"}, "collection": {"collection_id": "65a13036c284b18008bd25b7", "name": "TinFun", "logo": "https://i.seadn.io/s/raw/files/a531bedf317b5ffe5a35d559b5c94cd9.jpg?w=500&auto=format", "slug": "tin-fun"}, "gas_fee": {"value": 0.0042, "raw_value": 4199999999999999, "usd": 10.5497, "payment_token": {"address": "0x0000000000000000000000000000000000000000", "symbol": "ETH", "decimals": 18}}, "price": {"value": 0.71, "raw_value": 710000000000000000, "usd": 1781.747131060193, "payment_token": {"address": "0x0000000000000000000000000000000000000000", "symbol": "ETH", "decimals": 18}}, "marketplace_path": ["blur"], "fees": [{"fee_type": "royalty", "recipient": "0x6650dc11f439f14d4dfbea75233bd9b0099a0647", "bps": 50, "price": {"value": 0.00355, "raw_value": 3550000000000000, "usd": 8.927368, "payment_token": {"address": "0x0000000000a39bb272e79075ade125fd351887ac", "symbol": "BETH", "decimals": 18}}}], "trait_offer_target": null}, {"blockchain": "ETH", "sender": {"address": "0xc4884873ca51a309fac8f308a44fca4d5df6721a", "ens": null, "is_whale": false, "blockchain": "ETH", "is_contract": false, "is_blue_chip_holder": false, "is_super_blue_chip_holder": false, "is_multi_sign_wallet": false, "das": null, "alias": null}, "receiver": {"address": "0x164feeb753b21063b73139bf87b8f2a7204cfda7", "ens": null, "is_whale": false, "blockchain": "ETH", "is_contract": false, "is_blue_chip_holder": false, "is_super_blue_chip_holder": false, "is_multi_sign_wallet": false, "das": null, "alias": null}, "event": "sale", "quantity": 1, "tx_hash": "0xc2d23739b0435aa694335cd4d5554363544987ebc5800ed47c6081eacda2451d", "time": 1705206803, "nft": {"contract_address": "0xc274a97f1691ef390f662067e95a6eff1f99b504", "token_id": "351", "name": "TinFun #351", "blockchain": "ETH", "image": "https://lh3.googleusercontent.com/DN4f32ouNi3kBjzuogi9ZyFvMvvcaQKo1-ZsIc7rbIqK-voRkMArR9mnBfpIvVrOws5XRs38OEG9WU0DwKyrPAfrcM9ODP-CWzc", "contract_type": "ERC721"}, "collection": {"collection_id": "65a13036c284b18008bd25b7", "name": "TinFun", "logo": "https://i.seadn.io/s/raw/files/a531bedf317b5ffe5a35d559b5c94cd9.jpg?w=500&auto=format", "slug": "tin-fun"}, "gas_fee": {"value": 0.0036, "raw_value": 3600000000000000, "usd": 9.1371, "payment_token": {"address": "0x0000000000000000000000000000000000000000", "symbol": "ETH", "decimals": 18}}, "price": {"value": 0.78, "raw_value": 780000000000000000, "usd": 1989.3379908467714, "payment_token": {"address": "0x0000000000000000000000000000000000000000", "symbol": "ETH", "decimals": 18}}, "marketplace_path": ["blur"], "fees": [{"fee_type": "royalty", "recipient": "0x6650dc11f439f14d4dfbea75233bd9b0099a0647", "bps": 50, "price": {"value": 0.0039, "raw_value": 3900000000000000, "usd": 10.020585, "payment_token": {"address": "0x0000000000a39bb272e79075ade125fd351887ac", "symbol": "BETH", "decimals": 18}}}], "trait_offer_target": null}]