[{"blockchain": "ETH", "sender": {"address": "0x530affcf22ded3c3f322c5e419c16501f7c6c5f6", "ens": null, "is_whale": false, "blockchain": "ETH", "is_contract": false, "is_blue_chip_holder": false, "is_super_blue_chip_holder": false, "is_multi_sign_wallet": false, "das": null, "alias": null}, "receiver": {"address": "0x8177e9fa379b85e01b2b30140ddc446b9875106a", "ens": null, "is_whale": false, "blockchain": "ETH", "is_contract": true, "is_blue_chip_holder": false, "is_super_blue_chip_holder": false, "is_multi_sign_wallet": false, "das": null, "alias": null}, "event": "transfer", "quantity": 1, "tx_hash": "0x35625bf23955b50a59d263c3d2a5cdf02cbfea12c391aaf239b18d8ae7883d4b", "time": 1711901543, "nft": {"contract_address": "0xc274a97f1691ef390f662067e95a6eff1f99b504", "token_id": "8320", "name": "TinFun #8320", "blockchain": "ETH", "image": "https://lh3.googleusercontent.com/XlDDwdIFdJjzkbOqn5DCmwa-taFr1lmKn0eqPyHaigk61QpMt4_gXBqrB8EzCBpJXFKUHC-bO9BC1kZmLquM_XTb0u89LTWwVEQo", "contract_type": "ERC721"}, "collection": {"collection_id": "65a13036c284b18008bd25b7", "name": "TinFun", "logo": "https://i.seadn.io/s/raw/files/a531bedf317b5ffe5a35d559b5c94cd9.jpg?w=500&auto=format", "slug": "tin-fun"}, "gas_fee": {"value": 0.0044, "raw_value": 4400000000000000, "usd": 15.9146, "payment_token": {"address": "0x0000000000000000000000000000000000000000", "symbol": "ETH", "decimals": 18}}, "price": null, "marketplace_path": [], "fees": [], "trait_offer_target": null}, {"blockchain": "ETH", "sender": {"address": "0xfb0d1403ddf34d71efa54e8b68f6633beea981a2", "ens": null, "is_whale": false, "blockchain": "ETH", "is_contract": false, "is_blue_chip_holder": false, "is_super_blue_chip_holder": false, "is_multi_sign_wallet": false, "das": null, "alias": null}, "receiver": {"address": "0x530affcf22ded3c3f322c5e419c16501f7c6c5f6", "ens": null, "is_whale": false, "blockchain": "ETH", "is_contract": false, "is_blue_chip_holder": false, "is_super_blue_chip_holder": false, "is_multi_sign_wallet": false, "das": null, "alias": null}, "event": "transfer", "quantity": 1, "tx_hash": "0xa40c6337a5d3436eba6e2c5148c8a20882ffc9d470a30fb299502c9e738914bb", "time": 1710136583, "nft": {"contract_address": "0xc274a97f1691ef390f662067e95a6eff1f99b504", "token_id": "8320", "name": "TinFun #8320", "blockchain": "ETH", "image": "https://lh3.googleusercontent.com/XlDDwdIFdJjzkbOqn5DCmwa-taFr1lmKn0eqPyHaigk61QpMt4_gXBqrB8EzCBpJXFKUHC-bO9BC1kZmLquM_XTb0u89LTWwVEQo", "contract_type": "ERC721"}, "collection": {"collection_id": "65a13036c284b18008bd25b7", "name": "TinFun", "logo": "https://i.seadn.io/s/raw/files/a531bedf317b5ffe5a35d559b5c94cd9.jpg?w=500&auto=format", "slug": "tin-fun"}, "gas_fee": {"value": 0.0018, "raw_value": 1800000000000000, "usd": 6.757, "payment_token": {"address": "0x0000000000000000000000000000000000000000", "symbol": "ETH", "decimals": 18}}, "price": null, "marketplace_path": [], "fees": [], "trait_offer_target": null}, {"blockchain": "ETH", "sender": {"address": "0x3259a0527fb9f127c7d072f651a8d715aa7f2b70", "ens": null, "is_whale": false, "blockchain": "ETH", "is_contract": false, "is_blue_chip_holder": false, "is_super_blue_chip_holder": false, "is_multi_sign_wallet": false, "das": null, "alias": null}, "receiver": {"address": "0xfb0d1403ddf34d71efa54e8b68f6633beea981a2", "ens": null, "is_whale": false, "blockchain": "ETH", "is_contract": false, "is_blue_chip_holder": false, "is_super_blue_chip_holder": false, "is_multi_sign_wallet": false, "das": null, "alias": null}, "event": "transfer", "quantity": 1, "tx_hash": "0xea5df9d2b6a893c0d6201512229697b400c167ed4433947c5f36b0b63819758d", "time": 1709873447, "nft": {"contract_address": "0xc274a97f1691ef390f662067e95a6eff1f99b504", "token_id": "8320", "name": "TinFun #8320", "blockchain": "ETH", "image": "https://lh3.googleusercontent.com/XlDDwdIFdJjzkbOqn5DCmwa-taFr1lmKn0eqPyHaigk61QpMt4_gXBqrB8EzCBpJXFKUHC-bO9BC1kZmLquM_XTb0u89LTWwVEQo", "contract_type": "ERC721"}, "collection": {"collection_id": "65a13036c284b18008bd25b7", "name": "TinFun", "logo": "https://i.seadn.io/s/raw/files/a531bedf317b5ffe5a35d559b5c94cd9.jpg?w=500&auto=format", "slug": "tin-fun"}, "gas_fee": {"value": 0.0035, "raw_value": 3500000000000000, "usd": 13.5768, "payment_token": {"address": "0x0000000000000000000000000000000000000000", "symbol": "ETH", "decimals": 18}}, "price": null, "marketplace_path": [], "fees": [], "trait_offer_target": null}, {"blockchain": "ETH", "sender": {"address": "0x113989c5b6066cf14a7ef5df0a7bbff86bb732c1", "ens": null, "is_whale": false, "blockchain": "ETH", "is_contract": false, "is_blue_chip_holder": false, "is_super_blue_chip_holder": false, "is_multi_sign_wallet": false, "das": null, "alias": null}, "receiver": {"address": "0x3259a0527fb9f127c7d072f651a8d715aa7f2b70", "ens": null, "is_whale": false, "blockchain": "ETH", "is_contract": false, "is_blue_chip_holder": false, "is_super_blue_chip_holder": false, "is_multi_sign_wallet": false, "das": null, "alias": null}, "event": "transfer", "quantity": 1, "tx_hash": "0x04ab51b97b53c3a12c0a9a96b4f54df6f7f095a093c07dc12ad347fb5a7fb772", "time": 1705129559, "nft": {"contract_address": "0xc274a97f1691ef390f662067e95a6eff1f99b504", "token_id": "8320", "name": "TinFun #8320", "blockchain": "ETH", "image": "https://lh3.googleusercontent.com/XlDDwdIFdJjzkbOqn5DCmwa-taFr1lmKn0eqPyHaigk61QpMt4_gXBqrB8EzCBpJXFKUHC-bO9BC1kZmLquM_XTb0u89LTWwVEQo", "contract_type": "ERC721"}, "collection": {"collection_id": "65a13036c284b18008bd25b7", "name": "TinFun", "logo": "https://i.seadn.io/s/raw/files/a531bedf317b5ffe5a35d559b5c94cd9.jpg?w=500&auto=format", "slug": "tin-fun"}, "gas_fee": {"value": 0.0007, "raw_value": 700000000000000, "usd": 1.8679, "payment_token": {"address": "0x0000000000000000000000000000000000000000", "symbol": "ETH", "decimals": 18}}, "price": null, "marketplace_path": [], "fees": [], "trait_offer_target": null}]