[{"blockchain": "ETH", "sender": {"address": "0x9687781d01c93e9fedfaa5aec145fdef8262248c", "ens": null, "is_whale": false, "blockchain": "ETH", "is_contract": false, "is_blue_chip_holder": false, "is_super_blue_chip_holder": false, "is_multi_sign_wallet": false, "das": null, "alias": null}, "receiver": {"address": "0xac8d3b69aba00c640401459b1012e14fbd16d098", "ens": null, "is_whale": false, "blockchain": "ETH", "is_contract": false, "is_blue_chip_holder": false, "is_super_blue_chip_holder": false, "is_multi_sign_wallet": false, "das": null, "alias": null}, "event": "sale", "quantity": 1, "tx_hash": "0x38c07c0442b0837f1491c6ebe465076fd7b3af85df5a0102d5484344f6966619", "time": 1707597743, "nft": {"contract_address": "0xc274a97f1691ef390f662067e95a6eff1f99b504", "token_id": "8137", "name": "TinFun #8137", "blockchain": "ETH", "image": "https://lh3.googleusercontent.com/qAr-tN3WCRqz4KIUeBJqeYbCfs8WiZTSmhsyF8S_tNL9uNd705Vvs9J_ch6U4H9HhMpNLT7Fn2ZNoDdr_nHSx5sZGf5y3Sk1emiR", "contract_type": "ERC721"}, "collection": {"collection_id": "65a13036c284b18008bd25b7", "name": "TinFun", "logo": "https://i.seadn.io/s/raw/files/a531bedf317b5ffe5a35d559b5c94cd9.jpg?w=500&auto=format", "slug": "tin-fun"}, "gas_fee": {"value": 0.0104, "raw_value": 10400000000000000, "usd": 25.9021, "payment_token": {"address": "0x0000000000000000000000000000000000000000", "symbol": "ETH", "decimals": 18}}, "price": {"value": 0.599, "raw_value": 599000000000000000, "usd": 1496.1152436578002, "payment_token": {"address": "0x0000000000000000000000000000000000000000", "symbol": "ETH", "decimals": 18}}, "marketplace_path": ["blur-aggregator", "blur"], "fees": [{"fee_type": "royalty", "recipient": "0x6650dc11f439f14d4dfbea75233bd9b0099a0647", "bps": 50, "price": {"value": 0.002995, "raw_value": 2995000000000000, "usd": 7.44629, "payment_token": {"address": "0x0000000000000000000000000000000000000000", "symbol": "ETH", "decimals": 18}}}], "trait_offer_target": null}, {"blockchain": "ETH", "sender": {"address": "0x68cf07d991ca806fe664dad6de4ca7f8e08a8f59", "ens": null, "is_whale": false, "blockchain": "ETH", "is_contract": false, "is_blue_chip_holder": false, "is_super_blue_chip_holder": false, "is_multi_sign_wallet": false, "das": null, "alias": null}, "receiver": {"address": "0x9687781d01c93e9fedfaa5aec145fdef8262248c", "ens": null, "is_whale": false, "blockchain": "ETH", "is_contract": false, "is_blue_chip_holder": false, "is_super_blue_chip_holder": false, "is_multi_sign_wallet": false, "das": null, "alias": null}, "event": "transfer", "quantity": 1, "tx_hash": "0x653dc74d20e7f7d029ddaea7f8cdf193266e5d6ec3ed8eff7d38bb59b88c701e", "time": 1705348139, "nft": {"contract_address": "0xc274a97f1691ef390f662067e95a6eff1f99b504", "token_id": "8137", "name": "TinFun #8137", "blockchain": "ETH", "image": "https://lh3.googleusercontent.com/qAr-tN3WCRqz4KIUeBJqeYbCfs8WiZTSmhsyF8S_tNL9uNd705Vvs9J_ch6U4H9HhMpNLT7Fn2ZNoDdr_nHSx5sZGf5y3Sk1emiR", "contract_type": "ERC721"}, "collection": {"collection_id": "65a13036c284b18008bd25b7", "name": "TinFun", "logo": "https://i.seadn.io/s/raw/files/a531bedf317b5ffe5a35d559b5c94cd9.jpg?w=500&auto=format", "slug": "tin-fun"}, "gas_fee": {"value": 0.0027, "raw_value": 2700000000000000, "usd": 6.8288, "payment_token": {"address": "0x0000000000000000000000000000000000000000", "symbol": "ETH", "decimals": 18}}, "price": null, "marketplace_path": [], "fees": [], "trait_offer_target": null}]