[{"blockchain": "ETH", "sender": {"address": "0x1af331dc34dd7c5c62af28b5685328318b61888a", "ens": "lasercat397.eth", "is_whale": false, "blockchain": "ETH", "is_contract": false, "is_blue_chip_holder": true, "is_super_blue_chip_holder": false, "is_multi_sign_wallet": false, "das": null, "alias": "Lasercat"}, "receiver": {"address": "0x8177e9fa379b85e01b2b30140ddc446b9875106a", "ens": null, "is_whale": false, "blockchain": "ETH", "is_contract": true, "is_blue_chip_holder": false, "is_super_blue_chip_holder": false, "is_multi_sign_wallet": false, "das": null, "alias": null}, "event": "transfer", "quantity": 1, "tx_hash": "0xa6d25e8ebba058f63b73616b833502ddd4ef90a0174167c51d0838494e3ce5c2", "time": 1711697207, "nft": {"contract_address": "0xc274a97f1691ef390f662067e95a6eff1f99b504", "token_id": "218", "name": "TinFun #218", "blockchain": "ETH", "image": "https://lh3.googleusercontent.com/c55n7fakPkEuVYj8PI2ZtlJNixJxLguuOS4zyAC2JcHBa-m68iBUL0AxDo6kMPDF61ei3IOEQFVJDbKCkzjpZj8pgz-c2u_UEAI", "contract_type": "ERC721"}, "collection": {"collection_id": "65a13036c284b18008bd25b7", "name": "TinFun", "logo": "https://i.seadn.io/s/raw/files/a531bedf317b5ffe5a35d559b5c94cd9.jpg?w=500&auto=format", "slug": "tin-fun"}, "gas_fee": {"value": 0.0888, "raw_value": 88800000000000000, "usd": 317.2785, "payment_token": {"address": "0x0000000000000000000000000000000000000000", "symbol": "ETH", "decimals": 18}}, "price": null, "marketplace_path": [], "fees": [], "trait_offer_target": null}, {"blockchain": "ETH", "sender": {"address": "0x2a6fe9eb3313cd18cf63d1a0cd028b76db26b0d4", "ens": null, "is_whale": false, "blockchain": "ETH", "is_contract": false, "is_blue_chip_holder": false, "is_super_blue_chip_holder": false, "is_multi_sign_wallet": false, "das": null, "alias": null}, "receiver": {"address": "0x1af331dc34dd7c5c62af28b5685328318b61888a", "ens": "lasercat397.eth", "is_whale": false, "blockchain": "ETH", "is_contract": false, "is_blue_chip_holder": true, "is_super_blue_chip_holder": false, "is_multi_sign_wallet": false, "das": null, "alias": "Lasercat"}, "event": "sale", "quantity": 1, "tx_hash": "0x56440df6c771fe17f713cb20e5347cddd15a284a3d9a6e21ffb7e5c543dc4045", "time": 1709907887, "nft": {"contract_address": "0xc274a97f1691ef390f662067e95a6eff1f99b504", "token_id": "218", "name": "TinFun #218", "blockchain": "ETH", "image": "https://lh3.googleusercontent.com/c55n7fakPkEuVYj8PI2ZtlJNixJxLguuOS4zyAC2JcHBa-m68iBUL0AxDo6kMPDF61ei3IOEQFVJDbKCkzjpZj8pgz-c2u_UEAI", "contract_type": "ERC721"}, "collection": {"collection_id": "65a13036c284b18008bd25b7", "name": "TinFun", "logo": "https://i.seadn.io/s/raw/files/a531bedf317b5ffe5a35d559b5c94cd9.jpg?w=500&auto=format", "slug": "tin-fun"}, "gas_fee": {"value": 0.1586, "raw_value": 158600000000000000, "usd": 630.8626, "payment_token": {"address": "0x0000000000000000000000000000000000000000", "symbol": "ETH", "decimals": 18}}, "price": {"value": 0.238, "raw_value": 238000000000000000, "usd": 946.8302766852623, "payment_token": {"address": "0x0000000000000000000000000000000000000000", "symbol": "ETH", "decimals": 18}}, "marketplace_path": ["blur-aggregator", "blur"], "fees": [{"fee_type": "royalty", "recipient": "0x6650dc11f439f14d4dfbea75233bd9b0099a0647", "bps": 50, "price": {"value": 0.00119, "raw_value": 1190000000000000, "usd": 4.700947, "payment_token": {"address": "0x0000000000000000000000000000000000000000", "symbol": "ETH", "decimals": 18}}}], "trait_offer_target": null}, {"blockchain": "ETH", "sender": {"address": "0xf60a44a0d7b8fac99d6ed2e5dcb29f048044d8dc", "ens": null, "is_whale": false, "blockchain": "ETH", "is_contract": false, "is_blue_chip_holder": false, "is_super_blue_chip_holder": false, "is_multi_sign_wallet": false, "das": null, "alias": null}, "receiver": {"address": "0x2a6fe9eb3313cd18cf63d1a0cd028b76db26b0d4", "ens": null, "is_whale": false, "blockchain": "ETH", "is_contract": false, "is_blue_chip_holder": false, "is_super_blue_chip_holder": false, "is_multi_sign_wallet": false, "das": null, "alias": null}, "event": "sale", "quantity": 1, "tx_hash": "0xfc3718b67c613d87b5fda60f880eb0f9bb58431ddbf897530e4190a051a438aa", "time": 1708784723, "nft": {"contract_address": "0xc274a97f1691ef390f662067e95a6eff1f99b504", "token_id": "218", "name": "TinFun #218", "blockchain": "ETH", "image": "https://lh3.googleusercontent.com/c55n7fakPkEuVYj8PI2ZtlJNixJxLguuOS4zyAC2JcHBa-m68iBUL0AxDo6kMPDF61ei3IOEQFVJDbKCkzjpZj8pgz-c2u_UEAI", "contract_type": "ERC721"}, "collection": {"collection_id": "65a13036c284b18008bd25b7", "name": "TinFun", "logo": "https://i.seadn.io/s/raw/files/a531bedf317b5ffe5a35d559b5c94cd9.jpg?w=500&auto=format", "slug": "tin-fun"}, "gas_fee": {"value": 0.0051, "raw_value": 5100000000000000, "usd": 14.999, "payment_token": {"address": "0x0000000000000000000000000000000000000000", "symbol": "ETH", "decimals": 18}}, "price": {"value": 0.43, "raw_value": 430000000000000000, "usd": 1275.2342642025565, "payment_token": {"address": "0x0000000000000000000000000000000000000000", "symbol": "ETH", "decimals": 18}}, "marketplace_path": ["blur"], "fees": [{"fee_type": "royalty", "recipient": "0x6650dc11f439f14d4dfbea75233bd9b0099a0647", "bps": 500, "price": {"value": 0.0215, "raw_value": 21500000000000000, "usd": 63.665093, "payment_token": {"address": "0x0000000000000000000000000000000000000000", "symbol": "ETH", "decimals": 18}}}], "trait_offer_target": null}, {"blockchain": "ETH", "sender": {"address": "0xc9b77e5217992ad61124022f66a17b3b88888888", "ens": null, "is_whale": false, "blockchain": "ETH", "is_contract": false, "is_blue_chip_holder": false, "is_super_blue_chip_holder": false, "is_multi_sign_wallet": false, "das": null, "alias": null}, "receiver": {"address": "0xf60a44a0d7b8fac99d6ed2e5dcb29f048044d8dc", "ens": null, "is_whale": false, "blockchain": "ETH", "is_contract": false, "is_blue_chip_holder": false, "is_super_blue_chip_holder": false, "is_multi_sign_wallet": false, "das": null, "alias": null}, "event": "transfer", "quantity": 1, "tx_hash": "0x9b6285b791f83c5890c8bbfa30748a168bc0272a62470171a0da83444b447a3b", "time": 1705819127, "nft": {"contract_address": "0xc274a97f1691ef390f662067e95a6eff1f99b504", "token_id": "218", "name": "TinFun #218", "blockchain": "ETH", "image": "https://lh3.googleusercontent.com/c55n7fakPkEuVYj8PI2ZtlJNixJxLguuOS4zyAC2JcHBa-m68iBUL0AxDo6kMPDF61ei3IOEQFVJDbKCkzjpZj8pgz-c2u_UEAI", "contract_type": "ERC721"}, "collection": {"collection_id": "65a13036c284b18008bd25b7", "name": "TinFun", "logo": "https://i.seadn.io/s/raw/files/a531bedf317b5ffe5a35d559b5c94cd9.jpg?w=500&auto=format", "slug": "tin-fun"}, "gas_fee": {"value": 0.0009, "raw_value": 900000000000000, "usd": 2.2387, "payment_token": {"address": "0x0000000000000000000000000000000000000000", "symbol": "ETH", "decimals": 18}}, "price": null, "marketplace_path": [], "fees": [], "trait_offer_target": null}, {"blockchain": "ETH", "sender": {"address": "0x5ef7231a742a9da3b7151c274099f7a4814a0df3", "ens": null, "is_whale": false, "blockchain": "ETH", "is_contract": false, "is_blue_chip_holder": false, "is_super_blue_chip_holder": false, "is_multi_sign_wallet": false, "das": null, "alias": null}, "receiver": {"address": "0xc9b77e5217992ad61124022f66a17b3b88888888", "ens": null, "is_whale": false, "blockchain": "ETH", "is_contract": false, "is_blue_chip_holder": false, "is_super_blue_chip_holder": false, "is_multi_sign_wallet": false, "das": null, "alias": null}, "event": "sale", "quantity": 1, "tx_hash": "0x04d5678a09c6ac7d900bf5938ba70a4533bc28a6a8beccd7b65a72b83ea1d7b6", "time": 1705796723, "nft": {"contract_address": "0xc274a97f1691ef390f662067e95a6eff1f99b504", "token_id": "218", "name": "TinFun #218", "blockchain": "ETH", "image": "https://lh3.googleusercontent.com/c55n7fakPkEuVYj8PI2ZtlJNixJxLguuOS4zyAC2JcHBa-m68iBUL0AxDo6kMPDF61ei3IOEQFVJDbKCkzjpZj8pgz-c2u_UEAI", "contract_type": "ERC721"}, "collection": {"collection_id": "65a13036c284b18008bd25b7", "name": "TinFun", "logo": "https://i.seadn.io/s/raw/files/a531bedf317b5ffe5a35d559b5c94cd9.jpg?w=500&auto=format", "slug": "tin-fun"}, "gas_fee": {"value": 0.0021, "raw_value": 2099999999999999, "usd": 5.2351, "payment_token": {"address": "0x0000000000000000000000000000000000000000", "symbol": "ETH", "decimals": 18}}, "price": {"value": 0.57, "raw_value": 570000000000000000, "usd": 1407.7851976682136, "payment_token": {"address": "0x0000000000000000000000000000000000000000", "symbol": "ETH", "decimals": 18}}, "marketplace_path": ["blur"], "fees": [{"fee_type": "royalty", "recipient": "0x6650dc11f439f14d4dfbea75233bd9b0099a0647", "bps": 50, "price": {"value": 0.00285, "raw_value": 2850000000000000, "usd": 7.023338, "payment_token": {"address": "0x0000000000000000000000000000000000000000", "symbol": "ETH", "decimals": 18}}}], "trait_offer_target": null}, {"blockchain": "ETH", "sender": {"address": "0x970b52bf8964934e721f655325cc946e4901be6b", "ens": "keepbored.eth", "is_whale": false, "blockchain": "ETH", "is_contract": false, "is_blue_chip_holder": false, "is_super_blue_chip_holder": false, "is_multi_sign_wallet": false, "das": null, "alias": "keepbored.eth"}, "receiver": {"address": "0x5ef7231a742a9da3b7151c274099f7a4814a0df3", "ens": null, "is_whale": false, "blockchain": "ETH", "is_contract": false, "is_blue_chip_holder": false, "is_super_blue_chip_holder": false, "is_multi_sign_wallet": false, "das": null, "alias": null}, "event": "sale", "quantity": 1, "tx_hash": "0xf49b75bebec9694a9c97af1bbf79e5915bdc11d7fb9a497aeec72d2ce852484b", "time": 1705795883, "nft": {"contract_address": "0xc274a97f1691ef390f662067e95a6eff1f99b504", "token_id": "218", "name": "TinFun #218", "blockchain": "ETH", "image": "https://lh3.googleusercontent.com/c55n7fakPkEuVYj8PI2ZtlJNixJxLguuOS4zyAC2JcHBa-m68iBUL0AxDo6kMPDF61ei3IOEQFVJDbKCkzjpZj8pgz-c2u_UEAI", "contract_type": "ERC721"}, "collection": {"collection_id": "65a13036c284b18008bd25b7", "name": "TinFun", "logo": "https://i.seadn.io/s/raw/files/a531bedf317b5ffe5a35d559b5c94cd9.jpg?w=500&auto=format", "slug": "tin-fun"}, "gas_fee": {"value": 0.0033, "raw_value": 3300000000000000, "usd": 8.128, "payment_token": {"address": "0x0000000000000000000000000000000000000000", "symbol": "ETH", "decimals": 18}}, "price": {"value": 0.56, "raw_value": 560000000000000000, "usd": 1383.0872117442098, "payment_token": {"address": "0x0000000000000000000000000000000000000000", "symbol": "ETH", "decimals": 18}}, "marketplace_path": ["blur"], "fees": [{"fee_type": "royalty", "recipient": "0x6650dc11f439f14d4dfbea75233bd9b0099a0647", "bps": 50, "price": {"value": 0.0028, "raw_value": 2800000000000000, "usd": 6.900122, "payment_token": {"address": "0x0000000000a39bb272e79075ade125fd351887ac", "symbol": "BETH", "decimals": 18}}}], "trait_offer_target": null}]