[{"blockchain": "ETH", "sender": {"address": "0x3f28beccd4cff6548600ca62446d7aa6381a37b7", "ens": null, "is_whale": false, "blockchain": "ETH", "is_contract": false, "is_blue_chip_holder": false, "is_super_blue_chip_holder": false, "is_multi_sign_wallet": false, "das": null, "alias": null}, "receiver": {"address": "0x8177e9fa379b85e01b2b30140ddc446b9875106a", "ens": null, "is_whale": false, "blockchain": "ETH", "is_contract": true, "is_blue_chip_holder": false, "is_super_blue_chip_holder": false, "is_multi_sign_wallet": false, "das": null, "alias": null}, "event": "transfer", "quantity": 1, "tx_hash": "0xae741dc62d5bf652769a4c64a76a540abb845772c6da4d4ca22bfe7a9b2e9378", "time": 1711703399, "nft": {"contract_address": "0xc274a97f1691ef390f662067e95a6eff1f99b504", "token_id": "465", "name": "TinFun #465", "blockchain": "ETH", "image": "https://lh3.googleusercontent.com/TT08ZRXZmODNUAQvMyH2UnYqHrAJqB8EGtp2Jr1LFCz6Kia8GS2HL5wPvJKZ-pXSOKIoIjrcJ73yOmSF41t8-5-3GWCaI34k6sY", "contract_type": "ERC721"}, "collection": {"collection_id": "65a13036c284b18008bd25b7", "name": "TinFun", "logo": "https://i.seadn.io/s/raw/files/a531bedf317b5ffe5a35d559b5c94cd9.jpg?w=500&auto=format", "slug": "tin-fun"}, "gas_fee": {"value": 0.0061, "raw_value": 6100000000000000, "usd": 21.4577, "payment_token": {"address": "0x0000000000000000000000000000000000000000", "symbol": "ETH", "decimals": 18}}, "price": null, "marketplace_path": [], "fees": [], "trait_offer_target": null}, {"blockchain": "ETH", "sender": {"address": "0x28d22daf8fad8f02f983fd88a493bdf294e1b104", "ens": null, "is_whale": false, "blockchain": "ETH", "is_contract": false, "is_blue_chip_holder": false, "is_super_blue_chip_holder": false, "is_multi_sign_wallet": false, "das": null, "alias": null}, "receiver": {"address": "0x3f28beccd4cff6548600ca62446d7aa6381a37b7", "ens": null, "is_whale": false, "blockchain": "ETH", "is_contract": false, "is_blue_chip_holder": false, "is_super_blue_chip_holder": false, "is_multi_sign_wallet": false, "das": null, "alias": null}, "event": "sale", "quantity": 1, "tx_hash": "0x17936e2ae6304eed937c251d5ba7186bfed0aaa0533154e6f1fb23e75f7ce3ba", "time": 1707488327, "nft": {"contract_address": "0xc274a97f1691ef390f662067e95a6eff1f99b504", "token_id": "465", "name": "TinFun #465", "blockchain": "ETH", "image": "https://lh3.googleusercontent.com/TT08ZRXZmODNUAQvMyH2UnYqHrAJqB8EGtp2Jr1LFCz6Kia8GS2HL5wPvJKZ-pXSOKIoIjrcJ73yOmSF41t8-5-3GWCaI34k6sY", "contract_type": "ERC721"}, "collection": {"collection_id": "65a13036c284b18008bd25b7", "name": "TinFun", "logo": "https://i.seadn.io/s/raw/files/a531bedf317b5ffe5a35d559b5c94cd9.jpg?w=500&auto=format", "slug": "tin-fun"}, "gas_fee": {"value": 0.012, "raw_value": 12000000000000000, "usd": 30.152, "payment_token": {"address": "0x0000000000000000000000000000000000000000", "symbol": "ETH", "decimals": 18}}, "price": {"value": 0.61, "raw_value": 610000000000000000, "usd": 1532.7931699754106, "payment_token": {"address": "0x0000000000000000000000000000000000000000", "symbol": "ETH", "decimals": 18}}, "marketplace_path": ["opensea"], "fees": [{"fee_type": "royalty", "recipient": "0x6650dc11f439f14d4dfbea75233bd9b0099a0647", "bps": 500, "price": {"value": 0.0305, "raw_value": 30500000000000000, "usd": 76.342596, "payment_token": {"address": "0x0000000000000000000000000000000000000000", "symbol": "ETH", "decimals": 18}}}], "trait_offer_target": null}, {"blockchain": "ETH", "sender": {"address": "0xa346ed8ab67cdb171b12d2ab7310146d648d5e4a", "ens": null, "is_whale": false, "blockchain": "ETH", "is_contract": false, "is_blue_chip_holder": false, "is_super_blue_chip_holder": false, "is_multi_sign_wallet": false, "das": null, "alias": null}, "receiver": {"address": "0x28d22daf8fad8f02f983fd88a493bdf294e1b104", "ens": null, "is_whale": false, "blockchain": "ETH", "is_contract": false, "is_blue_chip_holder": false, "is_super_blue_chip_holder": false, "is_multi_sign_wallet": false, "das": null, "alias": null}, "event": "transfer", "quantity": 1, "tx_hash": "0x825e169625bfb89ebfa3e5f40c5951157fe9f669e23ae0bab7162d20c6636f03", "time": 1707465839, "nft": {"contract_address": "0xc274a97f1691ef390f662067e95a6eff1f99b504", "token_id": "465", "name": "TinFun #465", "blockchain": "ETH", "image": "https://lh3.googleusercontent.com/TT08ZRXZmODNUAQvMyH2UnYqHrAJqB8EGtp2Jr1LFCz6Kia8GS2HL5wPvJKZ-pXSOKIoIjrcJ73yOmSF41t8-5-3GWCaI34k6sY", "contract_type": "ERC721"}, "collection": {"collection_id": "65a13036c284b18008bd25b7", "name": "TinFun", "logo": "https://i.seadn.io/s/raw/files/a531bedf317b5ffe5a35d559b5c94cd9.jpg?w=500&auto=format", "slug": "tin-fun"}, "gas_fee": {"value": 0.0031, "raw_value": 3100000000000000, "usd": 7.6935, "payment_token": {"address": "0x0000000000000000000000000000000000000000", "symbol": "ETH", "decimals": 18}}, "price": null, "marketplace_path": [], "fees": [], "trait_offer_target": null}, {"blockchain": "ETH", "sender": {"address": "0xfec9d79148b504cf92f7babf686b733cb9668fba", "ens": null, "is_whale": false, "blockchain": "ETH", "is_contract": false, "is_blue_chip_holder": false, "is_super_blue_chip_holder": false, "is_multi_sign_wallet": false, "das": null, "alias": null}, "receiver": {"address": "0xa346ed8ab67cdb171b12d2ab7310146d648d5e4a", "ens": null, "is_whale": false, "blockchain": "ETH", "is_contract": false, "is_blue_chip_holder": false, "is_super_blue_chip_holder": false, "is_multi_sign_wallet": false, "das": null, "alias": null}, "event": "transfer", "quantity": 1, "tx_hash": "0x4c27b04788d34ef25866f9273fa603beaeef574e67147f6434f48a5d1cf2d6ca", "time": 1707366215, "nft": {"contract_address": "0xc274a97f1691ef390f662067e95a6eff1f99b504", "token_id": "465", "name": "TinFun #465", "blockchain": "ETH", "image": "https://lh3.googleusercontent.com/TT08ZRXZmODNUAQvMyH2UnYqHrAJqB8EGtp2Jr1LFCz6Kia8GS2HL5wPvJKZ-pXSOKIoIjrcJ73yOmSF41t8-5-3GWCaI34k6sY", "contract_type": "ERC721"}, "collection": {"collection_id": "65a13036c284b18008bd25b7", "name": "TinFun", "logo": "https://i.seadn.io/s/raw/files/a531bedf317b5ffe5a35d559b5c94cd9.jpg?w=500&auto=format", "slug": "tin-fun"}, "gas_fee": {"value": 0.0018, "raw_value": 1800000000000000, "usd": 4.4564, "payment_token": {"address": "0x0000000000000000000000000000000000000000", "symbol": "ETH", "decimals": 18}}, "price": null, "marketplace_path": [], "fees": [], "trait_offer_target": null}, {"blockchain": "ETH", "sender": {"address": "0xa346ed8ab67cdb171b12d2ab7310146d648d5e4a", "ens": null, "is_whale": false, "blockchain": "ETH", "is_contract": false, "is_blue_chip_holder": false, "is_super_blue_chip_holder": false, "is_multi_sign_wallet": false, "das": null, "alias": null}, "receiver": {"address": "0xfec9d79148b504cf92f7babf686b733cb9668fba", "ens": null, "is_whale": false, "blockchain": "ETH", "is_contract": false, "is_blue_chip_holder": false, "is_super_blue_chip_holder": false, "is_multi_sign_wallet": false, "das": null, "alias": null}, "event": "transfer", "quantity": 1, "tx_hash": "0x0de18990ec0c113dc4fba35e38057f74ba018733f3eacb4a48523834360e4597", "time": 1707346655, "nft": {"contract_address": "0xc274a97f1691ef390f662067e95a6eff1f99b504", "token_id": "465", "name": "TinFun #465", "blockchain": "ETH", "image": "https://lh3.googleusercontent.com/TT08ZRXZmODNUAQvMyH2UnYqHrAJqB8EGtp2Jr1LFCz6Kia8GS2HL5wPvJKZ-pXSOKIoIjrcJ73yOmSF41t8-5-3GWCaI34k6sY", "contract_type": "ERC721"}, "collection": {"collection_id": "65a13036c284b18008bd25b7", "name": "TinFun", "logo": "https://i.seadn.io/s/raw/files/a531bedf317b5ffe5a35d559b5c94cd9.jpg?w=500&auto=format", "slug": "tin-fun"}, "gas_fee": {"value": 0.0023, "raw_value": 2300000000000000, "usd": 5.5233, "payment_token": {"address": "0x0000000000000000000000000000000000000000", "symbol": "ETH", "decimals": 18}}, "price": null, "marketplace_path": [], "fees": [], "trait_offer_target": null}, {"blockchain": "ETH", "sender": {"address": "0x98e8c7da764cfbcbcabc54171acd0af5f6e6ba26", "ens": null, "is_whale": false, "blockchain": "ETH", "is_contract": false, "is_blue_chip_holder": false, "is_super_blue_chip_holder": false, "is_multi_sign_wallet": false, "das": null, "alias": null}, "receiver": {"address": "0xa346ed8ab67cdb171b12d2ab7310146d648d5e4a", "ens": null, "is_whale": false, "blockchain": "ETH", "is_contract": false, "is_blue_chip_holder": false, "is_super_blue_chip_holder": false, "is_multi_sign_wallet": false, "das": null, "alias": null}, "event": "sale", "quantity": 1, "tx_hash": "0x1587ac636cafb86c27316d40067614998f194cd930fe8aefcd5654d3abe9a5cb", "time": 1707314795, "nft": {"contract_address": "0xc274a97f1691ef390f662067e95a6eff1f99b504", "token_id": "465", "name": "TinFun #465", "blockchain": "ETH", "image": "https://lh3.googleusercontent.com/TT08ZRXZmODNUAQvMyH2UnYqHrAJqB8EGtp2Jr1LFCz6Kia8GS2HL5wPvJKZ-pXSOKIoIjrcJ73yOmSF41t8-5-3GWCaI34k6sY", "contract_type": "ERC721"}, "collection": {"collection_id": "65a13036c284b18008bd25b7", "name": "TinFun", "logo": "https://i.seadn.io/s/raw/files/a531bedf317b5ffe5a35d559b5c94cd9.jpg?w=500&auto=format", "slug": "tin-fun"}, "gas_fee": {"value": 0.0062, "raw_value": 6200000000000000, "usd": 14.7738, "payment_token": {"address": "0x0000000000000000000000000000000000000000", "symbol": "ETH", "decimals": 18}}, "price": {"value": 0.575, "raw_value": 575000000000000000, "usd": 1363.7922216210643, "payment_token": {"address": "0x0000000000000000000000000000000000000000", "symbol": "ETH", "decimals": 18}}, "marketplace_path": ["blur"], "fees": [{"fee_type": "royalty", "recipient": "0x6650dc11f439f14d4dfbea75233bd9b0099a0647", "bps": 50, "price": {"value": 0.002875, "raw_value": 2875000000000000, "usd": 6.786208, "payment_token": {"address": "0x0000000000000000000000000000000000000000", "symbol": "ETH", "decimals": 18}}}], "trait_offer_target": null}]