[{"blockchain": "ETH", "sender": {"address": "0xa5318f72f9cef8d64080c33b289487e5b010ce89", "ens": null, "is_whale": false, "blockchain": "ETH", "is_contract": false, "is_blue_chip_holder": false, "is_super_blue_chip_holder": false, "is_multi_sign_wallet": false, "das": null, "alias": null}, "receiver": {"address": "0xd0e9fa76e2c34a8f3af2685a7d91100431a330fa", "ens": null, "is_whale": false, "blockchain": "ETH", "is_contract": false, "is_blue_chip_holder": false, "is_super_blue_chip_holder": false, "is_multi_sign_wallet": false, "das": null, "alias": null}, "event": "sale", "quantity": 1, "tx_hash": "0x0c7cd139946a3cf17e5f6e125211707d679fc446f7de58ab195067f5232e325f", "time": 1705069223, "nft": {"contract_address": "0xc274a97f1691ef390f662067e95a6eff1f99b504", "token_id": "263", "name": "TinFun #263", "blockchain": "ETH", "image": "https://lh3.googleusercontent.com/AcPvLx29VwBqcvf52jMYzcoFjZtsBlkpAY0b0HThzrKiPSth3D-aBwYoJTj_wdVl17yzHYMD5oUzERRF5bkYjJREPWnG68Pag0M", "contract_type": "ERC721"}, "collection": {"collection_id": "65a13036c284b18008bd25b7", "name": "TinFun", "logo": "https://i.seadn.io/s/raw/files/a531bedf317b5ffe5a35d559b5c94cd9.jpg?w=500&auto=format", "slug": "tin-fun"}, "gas_fee": {"value": 0.0051, "raw_value": 5100000000000000, "usd": 13.6046, "payment_token": {"address": "0x0000000000000000000000000000000000000000", "symbol": "ETH", "decimals": 18}}, "price": {"value": 0.8, "raw_value": 800000000000000000, "usd": 2138.9302088117774, "payment_token": {"address": "0x0000000000000000000000000000000000000000", "symbol": "ETH", "decimals": 18}}, "marketplace_path": ["openseapro", "blur"], "fees": [{"fee_type": "royalty", "recipient": "0x6650dc11f439f14d4dfbea75233bd9b0099a0647", "bps": 50, "price": {"value": 0.004, "raw_value": 4000000000000000, "usd": 10.59079, "payment_token": {"address": "0x0000000000000000000000000000000000000000", "symbol": "ETH", "decimals": 18}}}], "trait_offer_target": null}]