[{"blockchain": "ETH", "sender": {"address": "0xf71fa968bdbd0a4f4b97504137cb66b3d0e84f81", "ens": null, "is_whale": false, "blockchain": "ETH", "is_contract": false, "is_blue_chip_holder": false, "is_super_blue_chip_holder": false, "is_multi_sign_wallet": false, "das": null, "alias": null}, "receiver": {"address": "0x8177e9fa379b85e01b2b30140ddc446b9875106a", "ens": null, "is_whale": false, "blockchain": "ETH", "is_contract": true, "is_blue_chip_holder": false, "is_super_blue_chip_holder": false, "is_multi_sign_wallet": false, "das": null, "alias": null}, "event": "transfer", "quantity": 1, "tx_hash": "0x309944c76e34cbc1c7c2d302180fd141f273dad0fbac90e6f30d5eac8aaef9ec", "time": 1711854515, "nft": {"contract_address": "0xc274a97f1691ef390f662067e95a6eff1f99b504", "token_id": "3741", "name": "TinFun #3741", "blockchain": "ETH", "image": "https://lh3.googleusercontent.com/wCP5NGKlaHLhMdwOS_OISUlGE-ZJHesGkkPNoxKOs-iVzVIzstUGzDeF8g3U3tm3vhKwkqOdaOnNc4v3e2O1FSRLbAt18y8jsg", "contract_type": "ERC721"}, "collection": {"collection_id": "65a13036c284b18008bd25b7", "name": "TinFun", "logo": "https://i.seadn.io/s/raw/files/a531bedf317b5ffe5a35d559b5c94cd9.jpg?w=500&auto=format", "slug": "tin-fun"}, "gas_fee": {"value": 0.0077, "raw_value": 7700000000000000, "usd": 27.3733, "payment_token": {"address": "0x0000000000000000000000000000000000000000", "symbol": "ETH", "decimals": 18}}, "price": null, "marketplace_path": [], "fees": [], "trait_offer_target": null}, {"blockchain": "ETH", "sender": {"address": "0x1e2ab2c1ee48aa5c705e6a638087bf7fc1877095", "ens": "333488.eth", "is_whale": false, "blockchain": "ETH", "is_contract": false, "is_blue_chip_holder": true, "is_super_blue_chip_holder": false, "is_multi_sign_wallet": false, "das": null, "alias": "333488.eth"}, "receiver": {"address": "0xf71fa968bdbd0a4f4b97504137cb66b3d0e84f81", "ens": null, "is_whale": false, "blockchain": "ETH", "is_contract": false, "is_blue_chip_holder": false, "is_super_blue_chip_holder": false, "is_multi_sign_wallet": false, "das": null, "alias": null}, "event": "sale", "quantity": 1, "tx_hash": "0x7d9f4120547046dddb2f018036be2b2d17b7d951a1a2ee9010981fe891cee654", "time": 1710773159, "nft": {"contract_address": "0xc274a97f1691ef390f662067e95a6eff1f99b504", "token_id": "3741", "name": "TinFun #3741", "blockchain": "ETH", "image": "https://lh3.googleusercontent.com/wCP5NGKlaHLhMdwOS_OISUlGE-ZJHesGkkPNoxKOs-iVzVIzstUGzDeF8g3U3tm3vhKwkqOdaOnNc4v3e2O1FSRLbAt18y8jsg", "contract_type": "ERC721"}, "collection": {"collection_id": "65a13036c284b18008bd25b7", "name": "TinFun", "logo": "https://i.seadn.io/s/raw/files/a531bedf317b5ffe5a35d559b5c94cd9.jpg?w=500&auto=format", "slug": "tin-fun"}, "gas_fee": {"value": 0.0121, "raw_value": 12100000000000000, "usd": 42.9769, "payment_token": {"address": "0x0000000000000000000000000000000000000000", "symbol": "ETH", "decimals": 18}}, "price": {"value": 0.1791, "raw_value": 179100000000000000, "usd": 634.7752564922715, "payment_token": {"address": "0x0000000000000000000000000000000000000000", "symbol": "ETH", "decimals": 18}}, "marketplace_path": ["blur-aggregator", "blur"], "fees": [{"fee_type": "royalty", "recipient": "0x6650dc11f439f14d4dfbea75233bd9b0099a0647", "bps": 50, "price": {"value": 0.000896, "raw_value": 895500000000000, "usd": 3.220096, "payment_token": {"address": "0x0000000000000000000000000000000000000000", "symbol": "ETH", "decimals": 18}}}], "trait_offer_target": null}, {"blockchain": "ETH", "sender": {"address": "0x899ee6f1dc896c695918b6fc169ec43b84a3e74d", "ens": null, "is_whale": false, "blockchain": "ETH", "is_contract": false, "is_blue_chip_holder": false, "is_super_blue_chip_holder": false, "is_multi_sign_wallet": false, "das": null, "alias": null}, "receiver": {"address": "0x1e2ab2c1ee48aa5c705e6a638087bf7fc1877095", "ens": "333488.eth", "is_whale": false, "blockchain": "ETH", "is_contract": false, "is_blue_chip_holder": true, "is_super_blue_chip_holder": false, "is_multi_sign_wallet": false, "das": null, "alias": "333488.eth"}, "event": "sale", "quantity": 1, "tx_hash": "0xbf6fb22f33dccdf46b2bfddad31cfd5da9ab59f01af4ada5510832ba9f57b574", "time": 1710570071, "nft": {"contract_address": "0xc274a97f1691ef390f662067e95a6eff1f99b504", "token_id": "3741", "name": "TinFun #3741", "blockchain": "ETH", "image": "https://lh3.googleusercontent.com/wCP5NGKlaHLhMdwOS_OISUlGE-ZJHesGkkPNoxKOs-iVzVIzstUGzDeF8g3U3tm3vhKwkqOdaOnNc4v3e2O1FSRLbAt18y8jsg", "contract_type": "ERC721"}, "collection": {"collection_id": "65a13036c284b18008bd25b7", "name": "TinFun", "logo": "https://i.seadn.io/s/raw/files/a531bedf317b5ffe5a35d559b5c94cd9.jpg?w=500&auto=format", "slug": "tin-fun"}, "gas_fee": {"value": 0.0248, "raw_value": 24800000000000000, "usd": 92.0953, "payment_token": {"address": "0x0000000000000000000000000000000000000000", "symbol": "ETH", "decimals": 18}}, "price": {"value": 0.19, "raw_value": 190000000000000000, "usd": 705.4547280913322, "payment_token": {"address": "0x0000000000000000000000000000000000000000", "symbol": "ETH", "decimals": 18}}, "marketplace_path": ["blur"], "fees": [{"fee_type": "royalty", "recipient": "0x6650dc11f439f14d4dfbea75233bd9b0099a0647", "bps": 50, "price": {"value": 0.00095, "raw_value": 950000000000000, "usd": 3.550094, "payment_token": {"address": "0x0000000000a39bb272e79075ade125fd351887ac", "symbol": "BETH", "decimals": 18}}}], "trait_offer_target": null}, {"blockchain": "ETH", "sender": {"address": "0x73d30ba3dc4ffd17c28cc2d75d12e50df98f29cf", "ens": "nakiri.eth", "is_whale": false, "blockchain": "ETH", "is_contract": false, "is_blue_chip_holder": false, "is_super_blue_chip_holder": false, "is_multi_sign_wallet": false, "das": null, "alias": "nakiri.eth"}, "receiver": {"address": "0x899ee6f1dc896c695918b6fc169ec43b84a3e74d", "ens": null, "is_whale": false, "blockchain": "ETH", "is_contract": false, "is_blue_chip_holder": false, "is_super_blue_chip_holder": false, "is_multi_sign_wallet": false, "das": null, "alias": null}, "event": "sale", "quantity": 1, "tx_hash": "0x605ef226eecf8b345f336db9adef448d06bf9c7300e71308163d3952ec48c44b", "time": 1710568223, "nft": {"contract_address": "0xc274a97f1691ef390f662067e95a6eff1f99b504", "token_id": "3741", "name": "TinFun #3741", "blockchain": "ETH", "image": "https://lh3.googleusercontent.com/wCP5NGKlaHLhMdwOS_OISUlGE-ZJHesGkkPNoxKOs-iVzVIzstUGzDeF8g3U3tm3vhKwkqOdaOnNc4v3e2O1FSRLbAt18y8jsg", "contract_type": "ERC721"}, "collection": {"collection_id": "65a13036c284b18008bd25b7", "name": "TinFun", "logo": "https://i.seadn.io/s/raw/files/a531bedf317b5ffe5a35d559b5c94cd9.jpg?w=500&auto=format", "slug": "tin-fun"}, "gas_fee": {"value": 0.0698, "raw_value": 69800000000000000, "usd": 259.9629, "payment_token": {"address": "0x0000000000000000000000000000000000000000", "symbol": "ETH", "decimals": 18}}, "price": {"value": 0.2, "raw_value": 200000000000000000, "usd": 744.9823444529902, "payment_token": {"address": "0x0000000000000000000000000000000000000000", "symbol": "ETH", "decimals": 18}}, "marketplace_path": ["blur"], "fees": [{"fee_type": "royalty", "recipient": "0x6650dc11f439f14d4dfbea75233bd9b0099a0647", "bps": 50, "price": {"value": 0.001, "raw_value": 1000000000000000, "usd": 3.730758, "payment_token": {"address": "0x0000000000a39bb272e79075ade125fd351887ac", "symbol": "BETH", "decimals": 18}}}], "trait_offer_target": null}, {"blockchain": "ETH", "sender": {"address": "0x2b7cc53a60391bf49ba356ac13c05749eb2fcdb8", "ens": "1oooo.eth", "is_whale": false, "blockchain": "ETH", "is_contract": false, "is_blue_chip_holder": false, "is_super_blue_chip_holder": false, "is_multi_sign_wallet": false, "das": null, "alias": "1oooo.eth"}, "receiver": {"address": "0x73d30ba3dc4ffd17c28cc2d75d12e50df98f29cf", "ens": "nakiri.eth", "is_whale": false, "blockchain": "ETH", "is_contract": false, "is_blue_chip_holder": false, "is_super_blue_chip_holder": false, "is_multi_sign_wallet": false, "das": null, "alias": "nakiri.eth"}, "event": "sale", "quantity": 1, "tx_hash": "0xb54ecef3289993baafefc38849a976671cd6c7448eb0fa564252f1c267caa6dc", "time": 1710181787, "nft": {"contract_address": "0xc274a97f1691ef390f662067e95a6eff1f99b504", "token_id": "3741", "name": "TinFun #3741", "blockchain": "ETH", "image": "https://lh3.googleusercontent.com/wCP5NGKlaHLhMdwOS_OISUlGE-ZJHesGkkPNoxKOs-iVzVIzstUGzDeF8g3U3tm3vhKwkqOdaOnNc4v3e2O1FSRLbAt18y8jsg", "contract_type": "ERC721"}, "collection": {"collection_id": "65a13036c284b18008bd25b7", "name": "TinFun", "logo": "https://i.seadn.io/s/raw/files/a531bedf317b5ffe5a35d559b5c94cd9.jpg?w=500&auto=format", "slug": "tin-fun"}, "gas_fee": {"value": 0.0129, "raw_value": 12900000000000000, "usd": 51.9907, "payment_token": {"address": "0x0000000000000000000000000000000000000000", "symbol": "ETH", "decimals": 18}}, "price": {"value": 0.2, "raw_value": 200000000000000000, "usd": 808.42776624148, "payment_token": {"address": "0x0000000000000000000000000000000000000000", "symbol": "ETH", "decimals": 18}}, "marketplace_path": ["blur"], "fees": [{"fee_type": "royalty", "recipient": "0x6650dc11f439f14d4dfbea75233bd9b0099a0647", "bps": 50, "price": {"value": 0.001, "raw_value": 1000000000000000, "usd": 4.022444, "payment_token": {"address": "0x0000000000a39bb272e79075ade125fd351887ac", "symbol": "BETH", "decimals": 18}}}], "trait_offer_target": null}]