[{"blockchain": "ETH", "sender": {"address": "0x8e673bc62594103b48294953a93ca614f6581062", "ens": null, "is_whale": false, "blockchain": "ETH", "is_contract": false, "is_blue_chip_holder": false, "is_super_blue_chip_holder": false, "is_multi_sign_wallet": false, "das": null, "alias": null}, "receiver": {"address": "0x417bc39a8b35455354c49c10bc23de13f7661523", "ens": null, "is_whale": false, "blockchain": "ETH", "is_contract": false, "is_blue_chip_holder": false, "is_super_blue_chip_holder": false, "is_multi_sign_wallet": false, "das": null, "alias": null}, "event": "sale", "quantity": 1, "tx_hash": "0x93b437f22862e596700d6735976d2a29eb8a9e8fe0b2b5a7699c2d3bebcca471", "time": 1705650575, "nft": {"contract_address": "0xc274a97f1691ef390f662067e95a6eff1f99b504", "token_id": "1005", "name": "TinFun #1005", "blockchain": "ETH", "image": "https://lh3.googleusercontent.com/fQHEcpo-RKLbxCTGm0BbNpuurVNGQyNu-fKdy73SEGpzEkp4TZXEClVeK8y1WGoXkj1F2TGPRWgTvHXMXIZEw50M8hik6tECs3E", "contract_type": "ERC721"}, "collection": {"collection_id": "65a13036c284b18008bd25b7", "name": "TinFun", "logo": "https://i.seadn.io/s/raw/files/a531bedf317b5ffe5a35d559b5c94cd9.jpg?w=500&auto=format", "slug": "tin-fun"}, "gas_fee": {"value": 0.0045, "raw_value": 4499999999999999, "usd": 11.0831, "payment_token": {"address": "0x0000000000000000000000000000000000000000", "symbol": "ETH", "decimals": 18}}, "price": {"value": 0.65797, "raw_value": 657970000000000000, "usd": 1625.1927207809122, "payment_token": {"address": "0x0000000000000000000000000000000000000000", "symbol": "ETH", "decimals": 18}}, "marketplace_path": ["blur-aggregator", "blur"], "fees": [{"fee_type": "royalty", "recipient": "0x6650dc11f439f14d4dfbea75233bd9b0099a0647", "bps": 50, "price": {"value": 0.00329, "raw_value": 3289850000000000, "usd": 8.09058, "payment_token": {"address": "0x0000000000000000000000000000000000000000", "symbol": "ETH", "decimals": 18}}}], "trait_offer_target": null}]