[{"blockchain": "ETH", "sender": {"address": "0xaf3fc1892108965cdbf4f2da4988f3ec2523460a", "ens": null, "is_whale": false, "blockchain": "ETH", "is_contract": false, "is_blue_chip_holder": false, "is_super_blue_chip_holder": false, "is_multi_sign_wallet": false, "das": null, "alias": null}, "receiver": {"address": "0x6d73995fd6102814c563dd1792cf01e1c0fcde5c", "ens": null, "is_whale": false, "blockchain": "ETH", "is_contract": false, "is_blue_chip_holder": false, "is_super_blue_chip_holder": false, "is_multi_sign_wallet": false, "das": null, "alias": null}, "event": "transfer", "quantity": 1, "tx_hash": "0xdd6f384e39589761693b661f9a678c462dbe41612a45fd21b2b3debc5112d2ed", "time": 1707310463, "nft": {"contract_address": "0xc274a97f1691ef390f662067e95a6eff1f99b504", "token_id": "5545", "name": "TinFun #5545", "blockchain": "ETH", "image": "https://lh3.googleusercontent.com/Vhg-KxqeYjDxm5mGifzUOW2GrkfpuxXLnSpx35_tS4FBQGqslDUSgnwfl74i9Uek2X2NNUUJLeaqsjA4uYAAKqxOLgNMekx_LA", "contract_type": "ERC721"}, "collection": {"collection_id": "65a13036c284b18008bd25b7", "name": "TinFun", "logo": "https://i.seadn.io/s/raw/files/a531bedf317b5ffe5a35d559b5c94cd9.jpg?w=500&auto=format", "slug": "tin-fun"}, "gas_fee": {"value": 0.0016, "raw_value": 1600000000000000, "usd": 3.8321, "payment_token": {"address": "0x0000000000000000000000000000000000000000", "symbol": "ETH", "decimals": 18}}, "price": null, "marketplace_path": [], "fees": [], "trait_offer_target": null}]