[{"blockchain": "ETH", "sender": {"address": "0x67f76adab5367b3e0ad4e70ff8aece02dd78fd6c", "ens": null, "is_whale": false, "blockchain": "ETH", "is_contract": false, "is_blue_chip_holder": false, "is_super_blue_chip_holder": false, "is_multi_sign_wallet": false, "das": null, "alias": null}, "receiver": {"address": "0x993197ab18b016a741a1fe3704dfb46644717370", "ens": null, "is_whale": false, "blockchain": "ETH", "is_contract": false, "is_blue_chip_holder": false, "is_super_blue_chip_holder": false, "is_multi_sign_wallet": false, "das": null, "alias": null}, "event": "transfer", "quantity": 1, "tx_hash": "0x71c027345e43a81728ecca9fc9ee9e6a4e6795539f7805d91d62c64662151881", "time": 1708765427, "nft": {"contract_address": "0xc274a97f1691ef390f662067e95a6eff1f99b504", "token_id": "3014", "name": "TinFun #3014", "blockchain": "ETH", "image": "https://lh3.googleusercontent.com/w0maFFy8Dq2c-Pt6Dpo5ukZnNweXTDpyWvo6nntbomUKndJuwXm-xUJsh1gKYDwEtlcd7s6W6AH6oZzq99Kx91kywZKkmIqj1MQ", "contract_type": "ERC721"}, "collection": {"collection_id": "65a13036c284b18008bd25b7", "name": "TinFun", "logo": "https://i.seadn.io/s/raw/files/a531bedf317b5ffe5a35d559b5c94cd9.jpg?w=500&auto=format", "slug": "tin-fun"}, "gas_fee": {"value": 0.0027, "raw_value": 2700000000000000, "usd": 7.8282, "payment_token": {"address": "0x0000000000000000000000000000000000000000", "symbol": "ETH", "decimals": 18}}, "price": null, "marketplace_path": [], "fees": [], "trait_offer_target": null}]