[{"blockchain": "ETH", "sender": {"address": "0x0dcd45892694f734a7035aac6a3f64a8ed30f4cd", "ens": null, "is_whale": false, "blockchain": "ETH", "is_contract": false, "is_blue_chip_holder": false, "is_super_blue_chip_holder": false, "is_multi_sign_wallet": false, "das": null, "alias": null}, "receiver": {"address": "0x203bcd11873db21a7474384c79cb909e2380339e", "ens": null, "is_whale": false, "blockchain": "ETH", "is_contract": false, "is_blue_chip_holder": false, "is_super_blue_chip_holder": false, "is_multi_sign_wallet": false, "das": null, "alias": null}, "event": "sale", "quantity": 1, "tx_hash": "0x21798ce728d2c81a3cd190baf27ed9815d37152741d3ef94cfd22b647e0b1aa0", "time": 1705126427, "nft": {"contract_address": "0xc274a97f1691ef390f662067e95a6eff1f99b504", "token_id": "1785", "name": "TinFun #1785", "blockchain": "ETH", "image": "https://lh3.googleusercontent.com/-8iX-60fmfsWkrFmTw36X3qQRAmvVPjuS81o1f3gBe14kvMdecsMeFVcSeg9WjyYQ5LFbPcufYqpAz7qrOkIzgVDXDwaO-QNLqI", "contract_type": "ERC721"}, "collection": {"collection_id": "65a13036c284b18008bd25b7", "name": "TinFun", "logo": "https://i.seadn.io/s/raw/files/a531bedf317b5ffe5a35d559b5c94cd9.jpg?w=500&auto=format", "slug": "tin-fun"}, "gas_fee": {"value": 0.0025, "raw_value": 2500000000000000, "usd": 6.3107, "payment_token": {"address": "0x0000000000000000000000000000000000000000", "symbol": "ETH", "decimals": 18}}, "price": {"value": 0.84, "raw_value": 840000000000000000, "usd": 2144.085032256416, "payment_token": {"address": "0x0000000000000000000000000000000000000000", "symbol": "ETH", "decimals": 18}}, "marketplace_path": ["blur"], "fees": [{"fee_type": "royalty", "recipient": "0x6650dc11f439f14d4dfbea75233bd9b0099a0647", "bps": 50, "price": {"value": 0.0042, "raw_value": 4200000000000000, "usd": 10.70118, "payment_token": {"address": "0x0000000000a39bb272e79075ade125fd351887ac", "symbol": "BETH", "decimals": 18}}}], "trait_offer_target": null}]