[{"blockchain": "ETH", "sender": {"address": "0xfb94865ab40d40be96e97e9a14994912a45e6765", "ens": "\u7b49\u5f85\u82f1\u96c4\u6211\u5c31\u662f\u90a3\u6761\u9f99.eth", "is_whale": false, "blockchain": "ETH", "is_contract": false, "is_blue_chip_holder": false, "is_super_blue_chip_holder": false, "is_multi_sign_wallet": false, "das": null, "alias": "\u7b49\u5f85\u82f1\u96c4\u6211\u5c31\u662f\u90a3\u6761\u9f99.eth"}, "receiver": {"address": "0xe5615b5376c52a28d77d973ce28cdb63b7906678", "ens": null, "is_whale": false, "blockchain": "ETH", "is_contract": false, "is_blue_chip_holder": false, "is_super_blue_chip_holder": false, "is_multi_sign_wallet": false, "das": null, "alias": null}, "event": "sale", "quantity": 1, "tx_hash": "0xeb999f46abfc9921680a400221c7b4ec2f85aa7f84647184820631c0cc4236bf", "time": 1705066391, "nft": {"contract_address": "0xc274a97f1691ef390f662067e95a6eff1f99b504", "token_id": "3448", "name": "TinFun #3448", "blockchain": "ETH", "image": "https://lh3.googleusercontent.com/nXELMy51kj2eGUsJTqvriRg4X92L6G01CA9nrgCzORCCsqhpmHT3aLjIVGHUEFhoJIufR4fMB-fCNR-Jlc6DsXXcMl13nZvnyVXc", "contract_type": "ERC721"}, "collection": {"collection_id": "65a13036c284b18008bd25b7", "name": "TinFun", "logo": "https://i.seadn.io/s/raw/files/a531bedf317b5ffe5a35d559b5c94cd9.jpg?w=500&auto=format", "slug": "tin-fun"}, "gas_fee": {"value": 0.0087, "raw_value": 8699999999999999, "usd": 22.9769, "payment_token": {"address": "0x0000000000000000000000000000000000000000", "symbol": "ETH", "decimals": 18}}, "price": {"value": 0.798, "raw_value": 798000000000000000, "usd": 2115.0259667382998, "payment_token": {"address": "0x0000000000000000000000000000000000000000", "symbol": "ETH", "decimals": 18}}, "marketplace_path": ["blur"], "fees": [{"fee_type": "royalty", "recipient": "0x6650dc11f439f14d4dfbea75233bd9b0099a0647", "bps": 50, "price": {"value": 0.00399, "raw_value": 3990000000000000, "usd": 10.458269, "payment_token": {"address": "0x0000000000000000000000000000000000000000", "symbol": "ETH", "decimals": 18}}}], "trait_offer_target": null}, {"blockchain": "ETH", "sender": {"address": "0x5f8e696889c74bc6342ebd529e8b3bb9a6b98888", "ens": "celestials.eth", "is_whale": false, "blockchain": "ETH", "is_contract": false, "is_blue_chip_holder": false, "is_super_blue_chip_holder": false, "is_multi_sign_wallet": false, "das": null, "alias": "celestials.eth"}, "receiver": {"address": "0xfb94865ab40d40be96e97e9a14994912a45e6765", "ens": "\u7b49\u5f85\u82f1\u96c4\u6211\u5c31\u662f\u90a3\u6761\u9f99.eth", "is_whale": false, "blockchain": "ETH", "is_contract": false, "is_blue_chip_holder": false, "is_super_blue_chip_holder": false, "is_multi_sign_wallet": false, "das": null, "alias": "\u7b49\u5f85\u82f1\u96c4\u6211\u5c31\u662f\u90a3\u6761\u9f99.eth"}, "event": "transfer", "quantity": 1, "tx_hash": "0x48bcd38b31413417814ac0c01221410a22b216144c76a289d3d540e306a23aae", "time": 1705063487, "nft": {"contract_address": "0xc274a97f1691ef390f662067e95a6eff1f99b504", "token_id": "3448", "name": "TinFun #3448", "blockchain": "ETH", "image": "https://lh3.googleusercontent.com/nXELMy51kj2eGUsJTqvriRg4X92L6G01CA9nrgCzORCCsqhpmHT3aLjIVGHUEFhoJIufR4fMB-fCNR-Jlc6DsXXcMl13nZvnyVXc", "contract_type": "ERC721"}, "collection": {"collection_id": "65a13036c284b18008bd25b7", "name": "TinFun", "logo": "https://i.seadn.io/s/raw/files/a531bedf317b5ffe5a35d559b5c94cd9.jpg?w=500&auto=format", "slug": "tin-fun"}, "gas_fee": {"value": 0.0024, "raw_value": 2400000000000000, "usd": 6.3786, "payment_token": {"address": "0x0000000000000000000000000000000000000000", "symbol": "ETH", "decimals": 18}}, "price": null, "marketplace_path": [], "fees": [], "trait_offer_target": null}]