[{"blockchain": "ETH", "sender": {"address": "0x8eea8f86db7713c6dc79cab491acf13a932a43b2", "ens": null, "is_whale": false, "blockchain": "ETH", "is_contract": false, "is_blue_chip_holder": false, "is_super_blue_chip_holder": false, "is_multi_sign_wallet": false, "das": null, "alias": null}, "receiver": {"address": "0x9c4c6f8587be241cb0aad903578c0d5d3146fb53", "ens": null, "is_whale": false, "blockchain": "ETH", "is_contract": false, "is_blue_chip_holder": false, "is_super_blue_chip_holder": false, "is_multi_sign_wallet": false, "das": null, "alias": null}, "event": "sale", "quantity": 1, "tx_hash": "0xc6592ea70bab076055df0f20eb8dba25f759e79a8c044ccf057e51c66360dea8", "time": 1705075019, "nft": {"contract_address": "0xc274a97f1691ef390f662067e95a6eff1f99b504", "token_id": "5953", "name": "TinFun #5953", "blockchain": "ETH", "image": "https://lh3.googleusercontent.com/8ITzSeHXZI8kXDlSo0rJO4TeEeqtbIeiieM6yGPUjJ-d3xrEbcSbu6RKM5AyCVS-77S5tSzze-HMrCyGSFr5mQy1XH4ktpp1V28", "contract_type": "ERC721"}, "collection": {"collection_id": "65a13036c284b18008bd25b7", "name": "TinFun", "logo": "https://i.seadn.io/s/raw/files/a531bedf317b5ffe5a35d559b5c94cd9.jpg?w=500&auto=format", "slug": "tin-fun"}, "gas_fee": {"value": 0.0084, "raw_value": 8399999999999999, "usd": 22.7265, "payment_token": {"address": "0x0000000000000000000000000000000000000000", "symbol": "ETH", "decimals": 18}}, "price": {"value": 0.85, "raw_value": 850000000000000000, "usd": 2300.727209538513, "payment_token": {"address": "0x0000000000000000000000000000000000000000", "symbol": "ETH", "decimals": 18}}, "marketplace_path": ["blur"], "fees": [{"fee_type": "royalty", "recipient": "0x6650dc11f439f14d4dfbea75233bd9b0099a0647", "bps": 50, "price": {"value": 0.00425, "raw_value": 4250000000000000, "usd": 11.264236, "payment_token": {"address": "0x0000000000a39bb272e79075ade125fd351887ac", "symbol": "BETH", "decimals": 18}}}], "trait_offer_target": null}, {"blockchain": "ETH", "sender": {"address": "0xbdc8aca909779a756f08187d28a30e7e2002d561", "ens": null, "is_whale": false, "blockchain": "ETH", "is_contract": false, "is_blue_chip_holder": false, "is_super_blue_chip_holder": false, "is_multi_sign_wallet": false, "das": null, "alias": null}, "receiver": {"address": "0x8eea8f86db7713c6dc79cab491acf13a932a43b2", "ens": null, "is_whale": false, "blockchain": "ETH", "is_contract": false, "is_blue_chip_holder": false, "is_super_blue_chip_holder": false, "is_multi_sign_wallet": false, "das": null, "alias": null}, "event": "sale", "quantity": 1, "tx_hash": "0xfbbf5a3bf3037adb537b75768191502d633271b77f1dcf1d2ec712d3b8838896", "time": 1705064915, "nft": {"contract_address": "0xc274a97f1691ef390f662067e95a6eff1f99b504", "token_id": "5953", "name": "TinFun #5953", "blockchain": "ETH", "image": "https://lh3.googleusercontent.com/8ITzSeHXZI8kXDlSo0rJO4TeEeqtbIeiieM6yGPUjJ-d3xrEbcSbu6RKM5AyCVS-77S5tSzze-HMrCyGSFr5mQy1XH4ktpp1V28", "contract_type": "ERC721"}, "collection": {"collection_id": "65a13036c284b18008bd25b7", "name": "TinFun", "logo": "https://i.seadn.io/s/raw/files/a531bedf317b5ffe5a35d559b5c94cd9.jpg?w=500&auto=format", "slug": "tin-fun"}, "gas_fee": {"value": 0.0077, "raw_value": 7700000000000000, "usd": 20.3694, "payment_token": {"address": "0x0000000000000000000000000000000000000000", "symbol": "ETH", "decimals": 18}}, "price": {"value": 0.72, "raw_value": 720000000000000000, "usd": 1908.2941053277893, "payment_token": {"address": "0x0000000000000000000000000000000000000000", "symbol": "ETH", "decimals": 18}}, "marketplace_path": ["opensea"], "fees": [{"fee_type": "royalty", "recipient": "0x6650dc11f439f14d4dfbea75233bd9b0099a0647", "bps": 500, "price": {"value": 0.036, "raw_value": 36000000000000000, "usd": 94.360321, "payment_token": {"address": "0x0000000000000000000000000000000000000000", "symbol": "ETH", "decimals": 18}}}], "trait_offer_target": null}]