[{"blockchain": "ETH", "sender": {"address": "0x73d30ba3dc4ffd17c28cc2d75d12e50df98f29cf", "ens": "nakiri.eth", "is_whale": false, "blockchain": "ETH", "is_contract": false, "is_blue_chip_holder": false, "is_super_blue_chip_holder": false, "is_multi_sign_wallet": false, "das": null, "alias": "nakiri.eth"}, "receiver": {"address": "0x8177e9fa379b85e01b2b30140ddc446b9875106a", "ens": null, "is_whale": false, "blockchain": "ETH", "is_contract": true, "is_blue_chip_holder": false, "is_super_blue_chip_holder": false, "is_multi_sign_wallet": false, "das": null, "alias": null}, "event": "transfer", "quantity": 1, "tx_hash": "0x2ee35e5bd039d2787121c760c4b0084f437416161e46a2ab30749fb5c8cb6033", "time": 1712988383, "nft": {"contract_address": "0xc274a97f1691ef390f662067e95a6eff1f99b504", "token_id": "3761", "name": "TinFun #3761", "blockchain": "ETH", "image": "https://lh3.googleusercontent.com/piZHqqOc7wFhhgGDFXUgioop0As8bM8VkB1xiHHjgM0e3YxAlw1JnuIWhbVZ3Q6atXK3b9SC0Q2bNuVeMPFqQ-c7Al2g6Zgf_Ao", "contract_type": "ERC721"}, "collection": {"collection_id": "65a13036c284b18008bd25b7", "name": "TinFun", "logo": "https://i.seadn.io/s/raw/files/a531bedf317b5ffe5a35d559b5c94cd9.jpg?w=500&auto=format", "slug": "tin-fun"}, "gas_fee": {"value": 0.0268, "raw_value": 26800000000000000, "usd": 86.9533, "payment_token": {"address": "0x0000000000000000000000000000000000000000", "symbol": "ETH", "decimals": 18}}, "price": null, "marketplace_path": [], "fees": [], "trait_offer_target": null}, {"blockchain": "ETH", "sender": {"address": "0x860903e9867fa4f2b5db93d4ce5700f38db60832", "ens": null, "is_whale": false, "blockchain": "ETH", "is_contract": false, "is_blue_chip_holder": true, "is_super_blue_chip_holder": false, "is_multi_sign_wallet": false, "das": null, "alias": null}, "receiver": {"address": "0x73d30ba3dc4ffd17c28cc2d75d12e50df98f29cf", "ens": "nakiri.eth", "is_whale": false, "blockchain": "ETH", "is_contract": false, "is_blue_chip_holder": false, "is_super_blue_chip_holder": false, "is_multi_sign_wallet": false, "das": null, "alias": "nakiri.eth"}, "event": "sale", "quantity": 1, "tx_hash": "0x4090e6da47046cbdfc2e438a42c8452d22b04734af79806793680d9350355092", "time": 1711542755, "nft": {"contract_address": "0xc274a97f1691ef390f662067e95a6eff1f99b504", "token_id": "3761", "name": "TinFun #3761", "blockchain": "ETH", "image": "https://lh3.googleusercontent.com/piZHqqOc7wFhhgGDFXUgioop0As8bM8VkB1xiHHjgM0e3YxAlw1JnuIWhbVZ3Q6atXK3b9SC0Q2bNuVeMPFqQ-c7Al2g6Zgf_Ao", "contract_type": "ERC721"}, "collection": {"collection_id": "65a13036c284b18008bd25b7", "name": "TinFun", "logo": "https://i.seadn.io/s/raw/files/a531bedf317b5ffe5a35d559b5c94cd9.jpg?w=500&auto=format", "slug": "tin-fun"}, "gas_fee": {"value": 0.004, "raw_value": 4000000000000000, "usd": 14.4283, "payment_token": {"address": "0x0000000000000000000000000000000000000000", "symbol": "ETH", "decimals": 18}}, "price": {"value": 0.2, "raw_value": 200000000000000000, "usd": 716.9248826515616, "payment_token": {"address": "0x0000000000000000000000000000000000000000", "symbol": "ETH", "decimals": 18}}, "marketplace_path": ["blur"], "fees": [{"fee_type": "royalty", "recipient": "0x6650dc11f439f14d4dfbea75233bd9b0099a0647", "bps": 50, "price": {"value": 0.001, "raw_value": 1000000000000000, "usd": 3.572665, "payment_token": {"address": "0x0000000000a39bb272e79075ade125fd351887ac", "symbol": "BETH", "decimals": 18}}}], "trait_offer_target": null}, {"blockchain": "ETH", "sender": {"address": "0xcead03574e4b930ee871bf8bb49922148a63a8e6", "ens": "giamdoxlong.eth", "is_whale": false, "blockchain": "ETH", "is_contract": false, "is_blue_chip_holder": false, "is_super_blue_chip_holder": false, "is_multi_sign_wallet": false, "das": null, "alias": "giamdoxlong.eth"}, "receiver": {"address": "0x860903e9867fa4f2b5db93d4ce5700f38db60832", "ens": null, "is_whale": false, "blockchain": "ETH", "is_contract": false, "is_blue_chip_holder": true, "is_super_blue_chip_holder": false, "is_multi_sign_wallet": false, "das": null, "alias": null}, "event": "sale", "quantity": 1, "tx_hash": "0x9cdc39bc38dbfa97a9d43c4693097a009a99805bba14cc8ddd82eb0eac449d51", "time": 1711523339, "nft": {"contract_address": "0xc274a97f1691ef390f662067e95a6eff1f99b504", "token_id": "3761", "name": "TinFun #3761", "blockchain": "ETH", "image": "https://lh3.googleusercontent.com/piZHqqOc7wFhhgGDFXUgioop0As8bM8VkB1xiHHjgM0e3YxAlw1JnuIWhbVZ3Q6atXK3b9SC0Q2bNuVeMPFqQ-c7Al2g6Zgf_Ao", "contract_type": "ERC721"}, "collection": {"collection_id": "65a13036c284b18008bd25b7", "name": "TinFun", "logo": "https://i.seadn.io/s/raw/files/a531bedf317b5ffe5a35d559b5c94cd9.jpg?w=500&auto=format", "slug": "tin-fun"}, "gas_fee": {"value": 0.0068, "raw_value": 6800000000000000, "usd": 24.6386, "payment_token": {"address": "0x0000000000000000000000000000000000000000", "symbol": "ETH", "decimals": 18}}, "price": {"value": 0.2, "raw_value": 200000000000000000, "usd": 721.4188765529994, "payment_token": {"address": "0x0000000000000000000000000000000000000000", "symbol": "ETH", "decimals": 18}}, "marketplace_path": ["blur"], "fees": [{"fee_type": "royalty", "recipient": "0x6650dc11f439f14d4dfbea75233bd9b0099a0647", "bps": 50, "price": {"value": 0.001, "raw_value": 1000000000000000, "usd": 3.58997, "payment_token": {"address": "0x0000000000a39bb272e79075ade125fd351887ac", "symbol": "BETH", "decimals": 18}}}], "trait_offer_target": null}, {"blockchain": "ETH", "sender": {"address": "0xde02fffb824720e25674a604baf2277f21c66a0f", "ens": "\u9a86\u9a7ckyc.eth", "is_whale": false, "blockchain": "ETH", "is_contract": false, "is_blue_chip_holder": true, "is_super_blue_chip_holder": false, "is_multi_sign_wallet": false, "das": null, "alias": "\u9a86\u9a7ckyc.eth"}, "receiver": {"address": "0xcead03574e4b930ee871bf8bb49922148a63a8e6", "ens": "giamdoxlong.eth", "is_whale": false, "blockchain": "ETH", "is_contract": false, "is_blue_chip_holder": false, "is_super_blue_chip_holder": false, "is_multi_sign_wallet": false, "das": null, "alias": "giamdoxlong.eth"}, "event": "sale", "quantity": 1, "tx_hash": "0x6f83b27e01c1965038b5186f59ffabc9710389a07a003fec1546c244454c84e5", "time": 1711519679, "nft": {"contract_address": "0xc274a97f1691ef390f662067e95a6eff1f99b504", "token_id": "3761", "name": "TinFun #3761", "blockchain": "ETH", "image": "https://lh3.googleusercontent.com/piZHqqOc7wFhhgGDFXUgioop0As8bM8VkB1xiHHjgM0e3YxAlw1JnuIWhbVZ3Q6atXK3b9SC0Q2bNuVeMPFqQ-c7Al2g6Zgf_Ao", "contract_type": "ERC721"}, "collection": {"collection_id": "65a13036c284b18008bd25b7", "name": "TinFun", "logo": "https://i.seadn.io/s/raw/files/a531bedf317b5ffe5a35d559b5c94cd9.jpg?w=500&auto=format", "slug": "tin-fun"}, "gas_fee": {"value": 0.0061, "raw_value": 6100000000000000, "usd": 22.1439, "payment_token": {"address": "0x0000000000000000000000000000000000000000", "symbol": "ETH", "decimals": 18}}, "price": {"value": 0.2, "raw_value": 200000000000000000, "usd": 722.336246958815, "payment_token": {"address": "0x0000000000000000000000000000000000000000", "symbol": "ETH", "decimals": 18}}, "marketplace_path": ["blur"], "fees": [{"fee_type": "royalty", "recipient": "0x6650dc11f439f14d4dfbea75233bd9b0099a0647", "bps": 50, "price": {"value": 0.001, "raw_value": 1000000000000000, "usd": 3.604441, "payment_token": {"address": "0x0000000000a39bb272e79075ade125fd351887ac", "symbol": "BETH", "decimals": 18}}}], "trait_offer_target": null}, {"blockchain": "ETH", "sender": {"address": "0x8d934132f7275057845d0278baa34e3eab519867", "ens": "kacaw.eth", "is_whale": false, "blockchain": "ETH", "is_contract": false, "is_blue_chip_holder": false, "is_super_blue_chip_holder": false, "is_multi_sign_wallet": false, "das": null, "alias": "kacaw.eth"}, "receiver": {"address": "0xde02fffb824720e25674a604baf2277f21c66a0f", "ens": "\u9a86\u9a7ckyc.eth", "is_whale": false, "blockchain": "ETH", "is_contract": false, "is_blue_chip_holder": true, "is_super_blue_chip_holder": false, "is_multi_sign_wallet": false, "das": null, "alias": "\u9a86\u9a7ckyc.eth"}, "event": "sale", "quantity": 1, "tx_hash": "0xdd4c33fb085e2550fd408e8aece99e68d7b188d73a9267ed686929c8854eefc1", "time": 1711514591, "nft": {"contract_address": "0xc274a97f1691ef390f662067e95a6eff1f99b504", "token_id": "3761", "name": "TinFun #3761", "blockchain": "ETH", "image": "https://lh3.googleusercontent.com/piZHqqOc7wFhhgGDFXUgioop0As8bM8VkB1xiHHjgM0e3YxAlw1JnuIWhbVZ3Q6atXK3b9SC0Q2bNuVeMPFqQ-c7Al2g6Zgf_Ao", "contract_type": "ERC721"}, "collection": {"collection_id": "65a13036c284b18008bd25b7", "name": "TinFun", "logo": "https://i.seadn.io/s/raw/files/a531bedf317b5ffe5a35d559b5c94cd9.jpg?w=500&auto=format", "slug": "tin-fun"}, "gas_fee": {"value": 0.0046, "raw_value": 4600000000000000, "usd": 16.7453, "payment_token": {"address": "0x0000000000000000000000000000000000000000", "symbol": "ETH", "decimals": 18}}, "price": {"value": 0.2, "raw_value": 200000000000000000, "usd": 720.8015453311405, "payment_token": {"address": "0x0000000000000000000000000000000000000000", "symbol": "ETH", "decimals": 18}}, "marketplace_path": ["blur"], "fees": [{"fee_type": "royalty", "recipient": "0x6650dc11f439f14d4dfbea75233bd9b0099a0647", "bps": 50, "price": {"value": 0.001, "raw_value": 1000000000000000, "usd": 3.606172, "payment_token": {"address": "0x0000000000a39bb272e79075ade125fd351887ac", "symbol": "BETH", "decimals": 18}}}], "trait_offer_target": null}, {"blockchain": "ETH", "sender": {"address": "0x17588f9301672f3a8cd51b8c8c0672176dff71e6", "ens": null, "is_whale": false, "blockchain": "ETH", "is_contract": false, "is_blue_chip_holder": false, "is_super_blue_chip_holder": false, "is_multi_sign_wallet": false, "das": null, "alias": null}, "receiver": {"address": "0x8d934132f7275057845d0278baa34e3eab519867", "ens": "kacaw.eth", "is_whale": false, "blockchain": "ETH", "is_contract": false, "is_blue_chip_holder": false, "is_super_blue_chip_holder": false, "is_multi_sign_wallet": false, "das": null, "alias": "kacaw.eth"}, "event": "transfer", "quantity": 1, "tx_hash": "0x729adfe6d11b3743c8e8ad6d7152abe865823d358e597d19e74f5ed266ae1cd7", "time": 1705063283, "nft": {"contract_address": "0xc274a97f1691ef390f662067e95a6eff1f99b504", "token_id": "3761", "name": "TinFun #3761", "blockchain": "ETH", "image": "https://lh3.googleusercontent.com/piZHqqOc7wFhhgGDFXUgioop0As8bM8VkB1xiHHjgM0e3YxAlw1JnuIWhbVZ3Q6atXK3b9SC0Q2bNuVeMPFqQ-c7Al2g6Zgf_Ao", "contract_type": "ERC721"}, "collection": {"collection_id": "65a13036c284b18008bd25b7", "name": "TinFun", "logo": "https://i.seadn.io/s/raw/files/a531bedf317b5ffe5a35d559b5c94cd9.jpg?w=500&auto=format", "slug": "tin-fun"}, "gas_fee": {"value": 0.0023, "raw_value": 2300000000000000, "usd": 6.1706, "payment_token": {"address": "0x0000000000000000000000000000000000000000", "symbol": "ETH", "decimals": 18}}, "price": null, "marketplace_path": [], "fees": [], "trait_offer_target": null}]