[{"blockchain": "ETH", "sender": {"address": "0x66666f58de1bcd762a5e5c5aff9cc3c906d66666", "ens": null, "is_whale": true, "blockchain": "ETH", "is_contract": false, "is_blue_chip_holder": true, "is_super_blue_chip_holder": true, "is_multi_sign_wallet": false, "das": null, "alias": null}, "receiver": {"address": "0x3eb879cc9a0ef4c6f1d870a40ae187768c278da2", "ens": "floorprotocol.eth", "is_whale": false, "blockchain": "ETH", "is_contract": true, "is_blue_chip_holder": true, "is_super_blue_chip_holder": true, "is_multi_sign_wallet": false, "das": null, "alias": "floorprotocol.eth"}, "event": "transfer", "quantity": 1, "tx_hash": "0xa35e940c2de9a85897e45d13a7f3c9d42c9871a503fabac02fd340fb47ba7b70", "time": 1705071095, "nft": {"contract_address": "0xc274a97f1691ef390f662067e95a6eff1f99b504", "token_id": "6914", "name": "TinFun #6914", "blockchain": "ETH", "image": "https://lh3.googleusercontent.com/U5b3bBzUTJFnISl9IPOSmEboBckBGBZzgf6kfy7x5w6GQRaUdwUdk_i-VzoNeLqWdH6fOFvdIbQ4Vf81R_ulkVzMNVIZB7ypFVs", "contract_type": "ERC721"}, "collection": {"collection_id": "65a13036c284b18008bd25b7", "name": "TinFun", "logo": "https://i.seadn.io/s/raw/files/a531bedf317b5ffe5a35d559b5c94cd9.jpg?w=500&auto=format", "slug": "tin-fun"}, "gas_fee": {"value": 0.0685, "raw_value": 68500000000000008, "usd": 183.2501, "payment_token": {"address": "0x0000000000000000000000000000000000000000", "symbol": "ETH", "decimals": 18}}, "price": null, "marketplace_path": ["floor"], "fees": [], "trait_offer_target": null}, {"blockchain": "ETH", "sender": {"address": "0xa4d023477add083fb45d51a20efba3444affc2f0", "ens": null, "is_whale": false, "blockchain": "ETH", "is_contract": false, "is_blue_chip_holder": false, "is_super_blue_chip_holder": false, "is_multi_sign_wallet": false, "das": null, "alias": null}, "receiver": {"address": "0x66666f58de1bcd762a5e5c5aff9cc3c906d66666", "ens": null, "is_whale": true, "blockchain": "ETH", "is_contract": false, "is_blue_chip_holder": true, "is_super_blue_chip_holder": false, "is_multi_sign_wallet": false, "das": null, "alias": null}, "event": "sale", "quantity": 1, "tx_hash": "0x046d111f12e57533e75dc6f80ee3db3033be8238cdbc55c6208370df2f2ba47f", "time": 1705071011, "nft": {"contract_address": "0xc274a97f1691ef390f662067e95a6eff1f99b504", "token_id": "6914", "name": "TinFun #6914", "blockchain": "ETH", "image": "https://lh3.googleusercontent.com/U5b3bBzUTJFnISl9IPOSmEboBckBGBZzgf6kfy7x5w6GQRaUdwUdk_i-VzoNeLqWdH6fOFvdIbQ4Vf81R_ulkVzMNVIZB7ypFVs", "contract_type": "ERC721"}, "collection": {"collection_id": "65a13036c284b18008bd25b7", "name": "TinFun", "logo": "https://i.seadn.io/s/raw/files/a531bedf317b5ffe5a35d559b5c94cd9.jpg?w=500&auto=format", "slug": "tin-fun"}, "gas_fee": {"value": 0.1299, "raw_value": 129899999999999984, "usd": 347.2003, "payment_token": {"address": "0x0000000000000000000000000000000000000000", "symbol": "ETH", "decimals": 18}}, "price": {"value": 0.88, "raw_value": 880000000000000000, "usd": 2352.8232296929555, "payment_token": {"address": "0x0000000000000000000000000000000000000000", "symbol": "ETH", "decimals": 18}}, "marketplace_path": ["blur-aggregator", "opensea"], "fees": [{"fee_type": "marketplace", "recipient": "0x0000a26b00c1f0df003000390027140000faa719", "bps": 250, "price": {"value": 0.022, "raw_value": 22000000000000000, "usd": 58.249346, "payment_token": {"address": "0x0000000000000000000000000000000000000000", "symbol": "ETH", "decimals": 18}}}], "trait_offer_target": null}]