[{"blockchain": "ETH", "sender": {"address": "0x986aa99a975c169f9918d8cd52596fc8d6e55675", "ens": null, "is_whale": false, "blockchain": "ETH", "is_contract": false, "is_blue_chip_holder": false, "is_super_blue_chip_holder": false, "is_multi_sign_wallet": false, "das": null, "alias": null}, "receiver": {"address": "0x8177e9fa379b85e01b2b30140ddc446b9875106a", "ens": null, "is_whale": false, "blockchain": "ETH", "is_contract": true, "is_blue_chip_holder": false, "is_super_blue_chip_holder": false, "is_multi_sign_wallet": false, "das": null, "alias": null}, "event": "transfer", "quantity": 1, "tx_hash": "0x15b3a24d85839134aef2f026a4cb9555b87ffb255e8dbed36f0fc9f8778d1cce", "time": 1711718507, "nft": {"contract_address": "0xc274a97f1691ef390f662067e95a6eff1f99b504", "token_id": "598", "name": "TinFun #598", "blockchain": "ETH", "image": "https://lh3.googleusercontent.com/wBam-uE_7-tOu4xhARX3JhqC9_3Mu7mnRxTnSl2ekWDhRiIhhzucB2MeCHGHjkuV3lX8QTlq-7_Ixwb-yWihNSuW_9uayQ19ddQ", "contract_type": "ERC721"}, "collection": {"collection_id": "65a13036c284b18008bd25b7", "name": "TinFun", "logo": "https://i.seadn.io/s/raw/files/a531bedf317b5ffe5a35d559b5c94cd9.jpg?w=500&auto=format", "slug": "tin-fun"}, "gas_fee": {"value": 0.0063, "raw_value": 6300000000000000, "usd": 22.3714, "payment_token": {"address": "0x0000000000000000000000000000000000000000", "symbol": "ETH", "decimals": 18}}, "price": null, "marketplace_path": [], "fees": [], "trait_offer_target": null}, {"blockchain": "ETH", "sender": {"address": "0x18a5d209d58852499abc1ee73cbb27cc743dd317", "ens": "luffya.eth", "is_whale": false, "blockchain": "ETH", "is_contract": false, "is_blue_chip_holder": false, "is_super_blue_chip_holder": false, "is_multi_sign_wallet": false, "das": null, "alias": "luffya.eth"}, "receiver": {"address": "0x986aa99a975c169f9918d8cd52596fc8d6e55675", "ens": null, "is_whale": false, "blockchain": "ETH", "is_contract": false, "is_blue_chip_holder": false, "is_super_blue_chip_holder": false, "is_multi_sign_wallet": false, "das": null, "alias": null}, "event": "transfer", "quantity": 1, "tx_hash": "0xf3cb36e97b22cc4f4eb7b233b2bf5345971378cfb38de67f37dc69655a44e9f6", "time": 1711718267, "nft": {"contract_address": "0xc274a97f1691ef390f662067e95a6eff1f99b504", "token_id": "598", "name": "TinFun #598", "blockchain": "ETH", "image": "https://lh3.googleusercontent.com/wBam-uE_7-tOu4xhARX3JhqC9_3Mu7mnRxTnSl2ekWDhRiIhhzucB2MeCHGHjkuV3lX8QTlq-7_Ixwb-yWihNSuW_9uayQ19ddQ", "contract_type": "ERC721"}, "collection": {"collection_id": "65a13036c284b18008bd25b7", "name": "TinFun", "logo": "https://i.seadn.io/s/raw/files/a531bedf317b5ffe5a35d559b5c94cd9.jpg?w=500&auto=format", "slug": "tin-fun"}, "gas_fee": {"value": 0.0087, "raw_value": 8699999999999999, "usd": 30.6489, "payment_token": {"address": "0x0000000000000000000000000000000000000000", "symbol": "ETH", "decimals": 18}}, "price": null, "marketplace_path": [], "fees": [], "trait_offer_target": null}, {"blockchain": "ETH", "sender": {"address": "0x5fe94a47f2b5e4965e91e56b27ec539d972ec6dc", "ens": null, "is_whale": false, "blockchain": "ETH", "is_contract": false, "is_blue_chip_holder": false, "is_super_blue_chip_holder": false, "is_multi_sign_wallet": false, "das": null, "alias": null}, "receiver": {"address": "0x18a5d209d58852499abc1ee73cbb27cc743dd317", "ens": "luffya.eth", "is_whale": false, "blockchain": "ETH", "is_contract": false, "is_blue_chip_holder": false, "is_super_blue_chip_holder": false, "is_multi_sign_wallet": false, "das": null, "alias": "luffya.eth"}, "event": "sale", "quantity": 1, "tx_hash": "0x3b682350050dc7c2d1fd228348b7fbc438a613df00429c0e21f1bacc92c39745", "time": 1706439239, "nft": {"contract_address": "0xc274a97f1691ef390f662067e95a6eff1f99b504", "token_id": "598", "name": "TinFun #598", "blockchain": "ETH", "image": "https://lh3.googleusercontent.com/wBam-uE_7-tOu4xhARX3JhqC9_3Mu7mnRxTnSl2ekWDhRiIhhzucB2MeCHGHjkuV3lX8QTlq-7_Ixwb-yWihNSuW_9uayQ19ddQ", "contract_type": "ERC721"}, "collection": {"collection_id": "65a13036c284b18008bd25b7", "name": "TinFun", "logo": "https://i.seadn.io/s/raw/files/a531bedf317b5ffe5a35d559b5c94cd9.jpg?w=500&auto=format", "slug": "tin-fun"}, "gas_fee": {"value": 0.002, "raw_value": 2000000000000000, "usd": 4.5794, "payment_token": {"address": "0x0000000000000000000000000000000000000000", "symbol": "ETH", "decimals": 18}}, "price": {"value": 0.55699, "raw_value": 556990000000000000, "usd": 1278.023471495705, "payment_token": {"address": "0x0000000000000000000000000000000000000000", "symbol": "ETH", "decimals": 18}}, "marketplace_path": ["opensea"], "fees": [{"fee_type": "royalty", "recipient": "0x6650dc11f439f14d4dfbea75233bd9b0099a0647", "bps": 500, "price": {"value": 0.027849, "raw_value": 27849500000000000, "usd": 63.579907, "payment_token": {"address": "0x0000000000000000000000000000000000000000", "symbol": "ETH", "decimals": 18}}}, {"fee_type": "marketplace", "recipient": "0x0000a26b00c1f0df003000390027140000faa719", "bps": 250, "price": {"value": 0.013925, "raw_value": 13924750000000000, "usd": 31.789954, "payment_token": {"address": "0x0000000000000000000000000000000000000000", "symbol": "ETH", "decimals": 18}}}], "trait_offer_target": null}, {"blockchain": "ETH", "sender": {"address": "0x7b3c303e57e25b46688d0eb6126756e25f0c0d7f", "ens": null, "is_whale": false, "blockchain": "ETH", "is_contract": false, "is_blue_chip_holder": false, "is_super_blue_chip_holder": false, "is_multi_sign_wallet": false, "das": null, "alias": null}, "receiver": {"address": "0x5fe94a47f2b5e4965e91e56b27ec539d972ec6dc", "ens": null, "is_whale": false, "blockchain": "ETH", "is_contract": false, "is_blue_chip_holder": false, "is_super_blue_chip_holder": false, "is_multi_sign_wallet": false, "das": null, "alias": null}, "event": "transfer", "quantity": 1, "tx_hash": "0x4a78e1845d37f82999ee0af58974e3fa202035dad1e85e30b772aa9ff98e4589", "time": 1705252679, "nft": {"contract_address": "0xc274a97f1691ef390f662067e95a6eff1f99b504", "token_id": "598", "name": "TinFun #598", "blockchain": "ETH", "image": "https://lh3.googleusercontent.com/wBam-uE_7-tOu4xhARX3JhqC9_3Mu7mnRxTnSl2ekWDhRiIhhzucB2MeCHGHjkuV3lX8QTlq-7_Ixwb-yWihNSuW_9uayQ19ddQ", "contract_type": "ERC721"}, "collection": {"collection_id": "65a13036c284b18008bd25b7", "name": "TinFun", "logo": "https://i.seadn.io/s/raw/files/a531bedf317b5ffe5a35d559b5c94cd9.jpg?w=500&auto=format", "slug": "tin-fun"}, "gas_fee": {"value": 0.0022, "raw_value": 2200000000000000, "usd": 5.6666, "payment_token": {"address": "0x0000000000000000000000000000000000000000", "symbol": "ETH", "decimals": 18}}, "price": null, "marketplace_path": [], "fees": [], "trait_offer_target": null}]