[{"blockchain": "ETH", "sender": {"address": "0xa637e4ac42431976ebe112e13096a61350900f24", "ens": null, "is_whale": false, "blockchain": "ETH", "is_contract": false, "is_blue_chip_holder": false, "is_super_blue_chip_holder": false, "is_multi_sign_wallet": false, "das": null, "alias": null}, "receiver": {"address": "0x8177e9fa379b85e01b2b30140ddc446b9875106a", "ens": null, "is_whale": false, "blockchain": "ETH", "is_contract": true, "is_blue_chip_holder": false, "is_super_blue_chip_holder": false, "is_multi_sign_wallet": false, "das": null, "alias": null}, "event": "transfer", "quantity": 1, "tx_hash": "0x4e4c83d19f7870da078cd593cbd66410b15421443e728a262e283dd105554bcf", "time": 1711705547, "nft": {"contract_address": "0xc274a97f1691ef390f662067e95a6eff1f99b504", "token_id": "6715", "name": "TinFun #6715", "blockchain": "ETH", "image": "https://lh3.googleusercontent.com/XfRvqWBVIR8c9DIO7NX21GRelXDG2MjI2TSOaD5frOmKeFbFgaszyYkXOOaDUAuskhShKeRNsEbsoLSTkA4t_Az1iJx2v4DNzDM", "contract_type": "ERC721"}, "collection": {"collection_id": "65a13036c284b18008bd25b7", "name": "TinFun", "logo": "https://i.seadn.io/s/raw/files/a531bedf317b5ffe5a35d559b5c94cd9.jpg?w=500&auto=format", "slug": "tin-fun"}, "gas_fee": {"value": 0.047, "raw_value": 47000000000000000, "usd": 166.2887, "payment_token": {"address": "0x0000000000000000000000000000000000000000", "symbol": "ETH", "decimals": 18}}, "price": null, "marketplace_path": [], "fees": [], "trait_offer_target": null}, {"blockchain": "ETH", "sender": {"address": "0xba1ba61ff159422bcb07f78017186624e94e6936", "ens": "te1egram.eth", "is_whale": false, "blockchain": "ETH", "is_contract": false, "is_blue_chip_holder": true, "is_super_blue_chip_holder": false, "is_multi_sign_wallet": false, "das": null, "alias": "te1egram.eth"}, "receiver": {"address": "0xa637e4ac42431976ebe112e13096a61350900f24", "ens": null, "is_whale": false, "blockchain": "ETH", "is_contract": false, "is_blue_chip_holder": false, "is_super_blue_chip_holder": false, "is_multi_sign_wallet": false, "das": null, "alias": null}, "event": "sale", "quantity": 1, "tx_hash": "0xc7b699ec4d25bc5a1e01e0b50080e0aff98a15944019cb79de58c28af8f561df", "time": 1709542487, "nft": {"contract_address": "0xc274a97f1691ef390f662067e95a6eff1f99b504", "token_id": "6715", "name": "TinFun #6715", "blockchain": "ETH", "image": "https://lh3.googleusercontent.com/XfRvqWBVIR8c9DIO7NX21GRelXDG2MjI2TSOaD5frOmKeFbFgaszyYkXOOaDUAuskhShKeRNsEbsoLSTkA4t_Az1iJx2v4DNzDM", "contract_type": "ERC721"}, "collection": {"collection_id": "65a13036c284b18008bd25b7", "name": "TinFun", "logo": "https://i.seadn.io/s/raw/files/a531bedf317b5ffe5a35d559b5c94cd9.jpg?w=500&auto=format", "slug": "tin-fun"}, "gas_fee": {"value": 0.1179, "raw_value": 117900000000000000, "usd": 410.4518, "payment_token": {"address": "0x0000000000000000000000000000000000000000", "symbol": "ETH", "decimals": 18}}, "price": {"value": 0.2, "raw_value": 200000000000000000, "usd": 696.0833668475881, "payment_token": {"address": "0x0000000000000000000000000000000000000000", "symbol": "ETH", "decimals": 18}}, "marketplace_path": ["blur-aggregator", "blur"], "fees": [{"fee_type": "royalty", "recipient": "0x6650dc11f439f14d4dfbea75233bd9b0099a0647", "bps": 50, "price": {"value": 0.001, "raw_value": 1000000000000000, "usd": 3.467647, "payment_token": {"address": "0x0000000000000000000000000000000000000000", "symbol": "ETH", "decimals": 18}}}], "trait_offer_target": null}, {"blockchain": "ETH", "sender": {"address": "0x1818ed340884775a5b48c3844dd0b74fa2396564", "ens": null, "is_whale": false, "blockchain": "ETH", "is_contract": false, "is_blue_chip_holder": false, "is_super_blue_chip_holder": false, "is_multi_sign_wallet": false, "das": null, "alias": null}, "receiver": {"address": "0xba1ba61ff159422bcb07f78017186624e94e6936", "ens": "te1egram.eth", "is_whale": false, "blockchain": "ETH", "is_contract": false, "is_blue_chip_holder": true, "is_super_blue_chip_holder": false, "is_multi_sign_wallet": false, "das": null, "alias": "te1egram.eth"}, "event": "sale", "quantity": 1, "tx_hash": "0x8a61c15a5957aafab0e9917b269af2c7969a8246691621a3cc67689442541b66", "time": 1709541827, "nft": {"contract_address": "0xc274a97f1691ef390f662067e95a6eff1f99b504", "token_id": "6715", "name": "TinFun #6715", "blockchain": "ETH", "image": "https://lh3.googleusercontent.com/XfRvqWBVIR8c9DIO7NX21GRelXDG2MjI2TSOaD5frOmKeFbFgaszyYkXOOaDUAuskhShKeRNsEbsoLSTkA4t_Az1iJx2v4DNzDM", "contract_type": "ERC721"}, "collection": {"collection_id": "65a13036c284b18008bd25b7", "name": "TinFun", "logo": "https://i.seadn.io/s/raw/files/a531bedf317b5ffe5a35d559b5c94cd9.jpg?w=500&auto=format", "slug": "tin-fun"}, "gas_fee": {"value": 0.031, "raw_value": 31000000000000000, "usd": 107.9053, "payment_token": {"address": "0x0000000000000000000000000000000000000000", "symbol": "ETH", "decimals": 18}}, "price": {"value": 0.19, "raw_value": 190000000000000000, "usd": 661.2791985052087, "payment_token": {"address": "0x0000000000000000000000000000000000000000", "symbol": "ETH", "decimals": 18}}, "marketplace_path": ["blur"], "fees": [{"fee_type": "royalty", "recipient": "0x6650dc11f439f14d4dfbea75233bd9b0099a0647", "bps": 50, "price": {"value": 0.00095, "raw_value": 950000000000000, "usd": 3.294265, "payment_token": {"address": "0x0000000000a39bb272e79075ade125fd351887ac", "symbol": "BETH", "decimals": 18}}}], "trait_offer_target": null}, {"blockchain": "ETH", "sender": {"address": "0x38cf22bb51a79709c61b26d71c97e492cab99c92", "ens": null, "is_whale": false, "blockchain": "ETH", "is_contract": false, "is_blue_chip_holder": false, "is_super_blue_chip_holder": false, "is_multi_sign_wallet": false, "das": null, "alias": null}, "receiver": {"address": "0x1818ed340884775a5b48c3844dd0b74fa2396564", "ens": null, "is_whale": false, "blockchain": "ETH", "is_contract": false, "is_blue_chip_holder": false, "is_super_blue_chip_holder": false, "is_multi_sign_wallet": false, "das": null, "alias": null}, "event": "transfer", "quantity": 1, "tx_hash": "0x60cacf0d60378ee62c2ffa61a973013280082d21cbcaa95603c12bdcee7326fe", "time": 1705109735, "nft": {"contract_address": "0xc274a97f1691ef390f662067e95a6eff1f99b504", "token_id": "6715", "name": "TinFun #6715", "blockchain": "ETH", "image": "https://lh3.googleusercontent.com/XfRvqWBVIR8c9DIO7NX21GRelXDG2MjI2TSOaD5frOmKeFbFgaszyYkXOOaDUAuskhShKeRNsEbsoLSTkA4t_Az1iJx2v4DNzDM", "contract_type": "ERC721"}, "collection": {"collection_id": "65a13036c284b18008bd25b7", "name": "TinFun", "logo": "https://i.seadn.io/s/raw/files/a531bedf317b5ffe5a35d559b5c94cd9.jpg?w=500&auto=format", "slug": "tin-fun"}, "gas_fee": {"value": 0.0009, "raw_value": 900000000000000, "usd": 2.2062, "payment_token": {"address": "0x0000000000000000000000000000000000000000", "symbol": "ETH", "decimals": 18}}, "price": null, "marketplace_path": [], "fees": [], "trait_offer_target": null}]