[{"blockchain": "ETH", "sender": {"address": "0xfb0bd219e8f62387f85ec07e300076ae185d1358", "ens": null, "is_whale": false, "blockchain": "ETH", "is_contract": false, "is_blue_chip_holder": false, "is_super_blue_chip_holder": false, "is_multi_sign_wallet": false, "das": null, "alias": null}, "receiver": {"address": "0x3620732441967a7380d9734de8e00ac31453cffe", "ens": null, "is_whale": false, "blockchain": "ETH", "is_contract": false, "is_blue_chip_holder": false, "is_super_blue_chip_holder": false, "is_multi_sign_wallet": false, "das": null, "alias": null}, "event": "transfer", "quantity": 1, "tx_hash": "0xb270c47b71ae2afd7fc7b539b87043c59d19c08ab14f0268af81a73475d0bba8", "time": 1707626423, "nft": {"contract_address": "0xc274a97f1691ef390f662067e95a6eff1f99b504", "token_id": "1971", "name": "TinFun #1971", "blockchain": "ETH", "image": "https://lh3.googleusercontent.com/atz6Z8dgNZCc34LqoNIFY3avh7_8CGSc4flYhpIp6uBD2-EtXYfACUcdw_1XXgiuuetFt5LZTbONCIgpnTlxghODkg1BTgNrNDw", "contract_type": "ERC721"}, "collection": {"collection_id": "65a13036c284b18008bd25b7", "name": "TinFun", "logo": "https://i.seadn.io/s/raw/files/a531bedf317b5ffe5a35d559b5c94cd9.jpg?w=500&auto=format", "slug": "tin-fun"}, "gas_fee": {"value": 0.0015, "raw_value": 1500000000000000, "usd": 3.861, "payment_token": {"address": "0x0000000000000000000000000000000000000000", "symbol": "ETH", "decimals": 18}}, "price": null, "marketplace_path": [], "fees": [], "trait_offer_target": null}]