[{"blockchain": "ETH", "sender": {"address": "0x9268cdd5660e60b8101f83458673f5e29fcd559d", "ens": null, "is_whale": false, "blockchain": "ETH", "is_contract": false, "is_blue_chip_holder": false, "is_super_blue_chip_holder": false, "is_multi_sign_wallet": false, "das": null, "alias": null}, "receiver": {"address": "0x8177e9fa379b85e01b2b30140ddc446b9875106a", "ens": null, "is_whale": false, "blockchain": "ETH", "is_contract": true, "is_blue_chip_holder": false, "is_super_blue_chip_holder": false, "is_multi_sign_wallet": false, "das": null, "alias": null}, "event": "transfer", "quantity": 1, "tx_hash": "0x2eb1df012a849a78a5430b4ca8617d01387ae2b0fdf9466b95478aeeeba08898", "time": 1711795007, "nft": {"contract_address": "0xc274a97f1691ef390f662067e95a6eff1f99b504", "token_id": "1547", "name": "TinFun #1547", "blockchain": "ETH", "image": "https://lh3.googleusercontent.com/IqvSSIRU6p6v4JpHgAfaPyOriPBxxa6lS262h4kL8RzGPRIn8EQDhynZnR5GbfHLkgZfkyKQbkHcaFRTW4ovurrHz_qxeJTEdK4", "contract_type": "ERC721"}, "collection": {"collection_id": "65a13036c284b18008bd25b7", "name": "TinFun", "logo": "https://i.seadn.io/s/raw/files/a531bedf317b5ffe5a35d559b5c94cd9.jpg?w=500&auto=format", "slug": "tin-fun"}, "gas_fee": {"value": 0.0025, "raw_value": 2500000000000000, "usd": 8.6932, "payment_token": {"address": "0x0000000000000000000000000000000000000000", "symbol": "ETH", "decimals": 18}}, "price": null, "marketplace_path": [], "fees": [], "trait_offer_target": null}, {"blockchain": "ETH", "sender": {"address": "0x385ce35599ae5e6f0eaf0f69841fffa9f41acdd5", "ens": "\u6df1\u5927\u9ad8\u8d22\u751f.eth", "is_whale": false, "blockchain": "ETH", "is_contract": false, "is_blue_chip_holder": false, "is_super_blue_chip_holder": false, "is_multi_sign_wallet": false, "das": null, "alias": "\u6df1\u5927\u9ad8\u8d22\u751f.eth"}, "receiver": {"address": "0x9268cdd5660e60b8101f83458673f5e29fcd559d", "ens": null, "is_whale": false, "blockchain": "ETH", "is_contract": false, "is_blue_chip_holder": false, "is_super_blue_chip_holder": false, "is_multi_sign_wallet": false, "das": null, "alias": null}, "event": "sale", "quantity": 1, "tx_hash": "0x1d98da131ec52f4d4ff1cd28c1dc13ad243c4776a77b71ff70c2935a2ee9255b", "time": 1705285811, "nft": {"contract_address": "0xc274a97f1691ef390f662067e95a6eff1f99b504", "token_id": "1547", "name": "TinFun #1547", "blockchain": "ETH", "image": "https://lh3.googleusercontent.com/IqvSSIRU6p6v4JpHgAfaPyOriPBxxa6lS262h4kL8RzGPRIn8EQDhynZnR5GbfHLkgZfkyKQbkHcaFRTW4ovurrHz_qxeJTEdK4", "contract_type": "ERC721"}, "collection": {"collection_id": "65a13036c284b18008bd25b7", "name": "TinFun", "logo": "https://i.seadn.io/s/raw/files/a531bedf317b5ffe5a35d559b5c94cd9.jpg?w=500&auto=format", "slug": "tin-fun"}, "gas_fee": {"value": 0.0036, "raw_value": 3600000000000000, "usd": 9.0961, "payment_token": {"address": "0x0000000000000000000000000000000000000000", "symbol": "ETH", "decimals": 18}}, "price": {"value": 0.76, "raw_value": 760000000000000000, "usd": 1904.0987391772035, "payment_token": {"address": "0x0000000000000000000000000000000000000000", "symbol": "ETH", "decimals": 18}}, "marketplace_path": ["blur-aggregator", "blur"], "fees": [{"fee_type": "royalty", "recipient": "0x6650dc11f439f14d4dfbea75233bd9b0099a0647", "bps": 50, "price": {"value": 0.0038, "raw_value": 3800000000000000, "usd": 9.392334, "payment_token": {"address": "0x0000000000000000000000000000000000000000", "symbol": "ETH", "decimals": 18}}}], "trait_offer_target": null}, {"blockchain": "ETH", "sender": {"address": "0x7bb81a81431d584737e45b30877228f4867e26cc", "ens": null, "is_whale": false, "blockchain": "ETH", "is_contract": false, "is_blue_chip_holder": false, "is_super_blue_chip_holder": false, "is_multi_sign_wallet": false, "das": null, "alias": null}, "receiver": {"address": "0x385ce35599ae5e6f0eaf0f69841fffa9f41acdd5", "ens": "\u6df1\u5927\u9ad8\u8d22\u751f.eth", "is_whale": false, "blockchain": "ETH", "is_contract": false, "is_blue_chip_holder": false, "is_super_blue_chip_holder": false, "is_multi_sign_wallet": false, "das": null, "alias": "\u6df1\u5927\u9ad8\u8d22\u751f.eth"}, "event": "sale", "quantity": 1, "tx_hash": "0x4e95d87680773814f0894122dbcec7465cda6e499c5a9bc661090ce6eceb734b", "time": 1705269419, "nft": {"contract_address": "0xc274a97f1691ef390f662067e95a6eff1f99b504", "token_id": "1547", "name": "TinFun #1547", "blockchain": "ETH", "image": "https://lh3.googleusercontent.com/IqvSSIRU6p6v4JpHgAfaPyOriPBxxa6lS262h4kL8RzGPRIn8EQDhynZnR5GbfHLkgZfkyKQbkHcaFRTW4ovurrHz_qxeJTEdK4", "contract_type": "ERC721"}, "collection": {"collection_id": "65a13036c284b18008bd25b7", "name": "TinFun", "logo": "https://i.seadn.io/s/raw/files/a531bedf317b5ffe5a35d559b5c94cd9.jpg?w=500&auto=format", "slug": "tin-fun"}, "gas_fee": {"value": 0.0039, "raw_value": 3900000000000000, "usd": 9.7891, "payment_token": {"address": "0x0000000000000000000000000000000000000000", "symbol": "ETH", "decimals": 18}}, "price": {"value": 0.76, "raw_value": 760000000000000000, "usd": 1906.3731661930838, "payment_token": {"address": "0x0000000000000000000000000000000000000000", "symbol": "ETH", "decimals": 18}}, "marketplace_path": ["blur"], "fees": [{"fee_type": "royalty", "recipient": "0x6650dc11f439f14d4dfbea75233bd9b0099a0647", "bps": 50, "price": {"value": 0.0038, "raw_value": 3800000000000000, "usd": 9.617626, "payment_token": {"address": "0x0000000000a39bb272e79075ade125fd351887ac", "symbol": "BETH", "decimals": 18}}}], "trait_offer_target": null}, {"blockchain": "ETH", "sender": {"address": "0x48c1d08d75e43eaab8597a52c2befd280c1c11d3", "ens": null, "is_whale": false, "blockchain": "ETH", "is_contract": false, "is_blue_chip_holder": false, "is_super_blue_chip_holder": false, "is_multi_sign_wallet": false, "das": null, "alias": null}, "receiver": {"address": "0x7bb81a81431d584737e45b30877228f4867e26cc", "ens": null, "is_whale": false, "blockchain": "ETH", "is_contract": false, "is_blue_chip_holder": false, "is_super_blue_chip_holder": false, "is_multi_sign_wallet": false, "das": null, "alias": null}, "event": "sale", "quantity": 1, "tx_hash": "0x4efaa2c461482a7292a1bed52db1a7696ef8cf7a1cda6599f6be2e81c19e605a", "time": 1705166831, "nft": {"contract_address": "0xc274a97f1691ef390f662067e95a6eff1f99b504", "token_id": "1547", "name": "TinFun #1547", "blockchain": "ETH", "image": "https://lh3.googleusercontent.com/IqvSSIRU6p6v4JpHgAfaPyOriPBxxa6lS262h4kL8RzGPRIn8EQDhynZnR5GbfHLkgZfkyKQbkHcaFRTW4ovurrHz_qxeJTEdK4", "contract_type": "ERC721"}, "collection": {"collection_id": "65a13036c284b18008bd25b7", "name": "TinFun", "logo": "https://i.seadn.io/s/raw/files/a531bedf317b5ffe5a35d559b5c94cd9.jpg?w=500&auto=format", "slug": "tin-fun"}, "gas_fee": {"value": 0.0036, "raw_value": 3600000000000000, "usd": 9.2952, "payment_token": {"address": "0x0000000000000000000000000000000000000000", "symbol": "ETH", "decimals": 18}}, "price": {"value": 0.81, "raw_value": 810000000000000000, "usd": 2071.104161350521, "payment_token": {"address": "0x0000000000000000000000000000000000000000", "symbol": "ETH", "decimals": 18}}, "marketplace_path": ["blur-aggregator", "blur"], "fees": [{"fee_type": "royalty", "recipient": "0x6650dc11f439f14d4dfbea75233bd9b0099a0647", "bps": 50, "price": {"value": 0.00405, "raw_value": 4050000000000000, "usd": 10.282569, "payment_token": {"address": "0x0000000000000000000000000000000000000000", "symbol": "ETH", "decimals": 18}}}], "trait_offer_target": null}, {"blockchain": "ETH", "sender": {"address": "0xf5b6f869d96164c323c12b7ba8739b2fb20e8edc", "ens": "ryukai.eth", "is_whale": false, "blockchain": "ETH", "is_contract": false, "is_blue_chip_holder": false, "is_super_blue_chip_holder": false, "is_multi_sign_wallet": false, "das": null, "alias": "ryukai.eth"}, "receiver": {"address": "0x48c1d08d75e43eaab8597a52c2befd280c1c11d3", "ens": null, "is_whale": false, "blockchain": "ETH", "is_contract": false, "is_blue_chip_holder": false, "is_super_blue_chip_holder": false, "is_multi_sign_wallet": false, "das": null, "alias": null}, "event": "sale", "quantity": 1, "tx_hash": "0x60a5b61e5e7ffa71471c0e4ce0a37269b3b03df0f3a75acd5a1f85f984f4d117", "time": 1705165859, "nft": {"contract_address": "0xc274a97f1691ef390f662067e95a6eff1f99b504", "token_id": "1547", "name": "TinFun #1547", "blockchain": "ETH", "image": "https://lh3.googleusercontent.com/IqvSSIRU6p6v4JpHgAfaPyOriPBxxa6lS262h4kL8RzGPRIn8EQDhynZnR5GbfHLkgZfkyKQbkHcaFRTW4ovurrHz_qxeJTEdK4", "contract_type": "ERC721"}, "collection": {"collection_id": "65a13036c284b18008bd25b7", "name": "TinFun", "logo": "https://i.seadn.io/s/raw/files/a531bedf317b5ffe5a35d559b5c94cd9.jpg?w=500&auto=format", "slug": "tin-fun"}, "gas_fee": {"value": 0.0035, "raw_value": 3500000000000000, "usd": 8.9676, "payment_token": {"address": "0x0000000000000000000000000000000000000000", "symbol": "ETH", "decimals": 18}}, "price": {"value": 0.81, "raw_value": 810000000000000000, "usd": 2071.104161350521, "payment_token": {"address": "0x0000000000000000000000000000000000000000", "symbol": "ETH", "decimals": 18}}, "marketplace_path": ["blur"], "fees": [{"fee_type": "royalty", "recipient": "0x6650dc11f439f14d4dfbea75233bd9b0099a0647", "bps": 50, "price": {"value": 0.00405, "raw_value": 4050000000000000, "usd": 10.282569, "payment_token": {"address": "0x0000000000a39bb272e79075ade125fd351887ac", "symbol": "BETH", "decimals": 18}}}], "trait_offer_target": null}]