[{"blockchain": "ETH", "sender": {"address": "0xd020336dab635300162b9ce52995595998d412d5", "ens": null, "is_whale": false, "blockchain": "ETH", "is_contract": false, "is_blue_chip_holder": false, "is_super_blue_chip_holder": false, "is_multi_sign_wallet": false, "das": null, "alias": null}, "receiver": {"address": "0x8177e9fa379b85e01b2b30140ddc446b9875106a", "ens": null, "is_whale": false, "blockchain": "ETH", "is_contract": true, "is_blue_chip_holder": false, "is_super_blue_chip_holder": false, "is_multi_sign_wallet": false, "das": null, "alias": null}, "event": "transfer", "quantity": 1, "tx_hash": "0x197de6fd923002ec975b886e2bc3973f24c6aaf3b578bcb81541d4c6243a149b", "time": 1711787567, "nft": {"contract_address": "0xc274a97f1691ef390f662067e95a6eff1f99b504", "token_id": "7503", "name": "TinFun #7503", "blockchain": "ETH", "image": "https://lh3.googleusercontent.com/-jK1ej6iBkGQ0tdr__JXFZPZb57TP02Y6CiCfHagPaYJ9TtErRke37hbKx0bIe1_HMy_I3-lz3CproSV4IyDNnRVo-Uzuo18N94", "contract_type": "ERC721"}, "collection": {"collection_id": "65a13036c284b18008bd25b7", "name": "TinFun", "logo": "https://i.seadn.io/s/raw/files/a531bedf317b5ffe5a35d559b5c94cd9.jpg?w=500&auto=format", "slug": "tin-fun"}, "gas_fee": {"value": 0.0048, "raw_value": 4800000000000000, "usd": 16.7628, "payment_token": {"address": "0x0000000000000000000000000000000000000000", "symbol": "ETH", "decimals": 18}}, "price": null, "marketplace_path": [], "fees": [], "trait_offer_target": null}, {"blockchain": "ETH", "sender": {"address": "0xdee655a68b49420de616714d9ba97dbfad178412", "ens": "0xcde.eth", "is_whale": false, "blockchain": "ETH", "is_contract": false, "is_blue_chip_holder": false, "is_super_blue_chip_holder": false, "is_multi_sign_wallet": false, "das": null, "alias": "0xcde.eth"}, "receiver": {"address": "0xd020336dab635300162b9ce52995595998d412d5", "ens": null, "is_whale": false, "blockchain": "ETH", "is_contract": false, "is_blue_chip_holder": false, "is_super_blue_chip_holder": false, "is_multi_sign_wallet": false, "das": null, "alias": null}, "event": "sale", "quantity": 1, "tx_hash": "0xec62a9b37abb49290c05ba70f34b01345d3ca866f6f7e000c368f54c038eb444", "time": 1708582427, "nft": {"contract_address": "0xc274a97f1691ef390f662067e95a6eff1f99b504", "token_id": "7503", "name": "TinFun #7503", "blockchain": "ETH", "image": "https://lh3.googleusercontent.com/-jK1ej6iBkGQ0tdr__JXFZPZb57TP02Y6CiCfHagPaYJ9TtErRke37hbKx0bIe1_HMy_I3-lz3CproSV4IyDNnRVo-Uzuo18N94", "contract_type": "ERC721"}, "collection": {"collection_id": "65a13036c284b18008bd25b7", "name": "TinFun", "logo": "https://i.seadn.io/s/raw/files/a531bedf317b5ffe5a35d559b5c94cd9.jpg?w=500&auto=format", "slug": "tin-fun"}, "gas_fee": {"value": 0.0085, "raw_value": 8500000000000001, "usd": 24.8063, "payment_token": {"address": "0x0000000000000000000000000000000000000000", "symbol": "ETH", "decimals": 18}}, "price": {"value": 0.5699, "raw_value": 569900000000000000, "usd": 1670.8896314802853, "payment_token": {"address": "0x0000000000000000000000000000000000000000", "symbol": "ETH", "decimals": 18}}, "marketplace_path": ["blur-aggregator", "blur"], "fees": [{"fee_type": "royalty", "recipient": "0x6650dc11f439f14d4dfbea75233bd9b0099a0647", "bps": 50, "price": {"value": 0.00285, "raw_value": 2849500000000000, "usd": 8.362435, "payment_token": {"address": "0x0000000000000000000000000000000000000000", "symbol": "ETH", "decimals": 18}}}], "trait_offer_target": null}, {"blockchain": "ETH", "sender": {"address": "0xcd98f483c26777722fa654879a12dfab7245df0c", "ens": null, "is_whale": false, "blockchain": "ETH", "is_contract": false, "is_blue_chip_holder": false, "is_super_blue_chip_holder": false, "is_multi_sign_wallet": false, "das": null, "alias": null}, "receiver": {"address": "0xdee655a68b49420de616714d9ba97dbfad178412", "ens": "0xcde.eth", "is_whale": false, "blockchain": "ETH", "is_contract": false, "is_blue_chip_holder": false, "is_super_blue_chip_holder": false, "is_multi_sign_wallet": false, "das": null, "alias": "0xcde.eth"}, "event": "sale", "quantity": 1, "tx_hash": "0x93be4249ee0f6412f0b7e4888d05a9ae81617e9d7e0a3d68cc3ca37a2742815f", "time": 1708253315, "nft": {"contract_address": "0xc274a97f1691ef390f662067e95a6eff1f99b504", "token_id": "7503", "name": "TinFun #7503", "blockchain": "ETH", "image": "https://lh3.googleusercontent.com/-jK1ej6iBkGQ0tdr__JXFZPZb57TP02Y6CiCfHagPaYJ9TtErRke37hbKx0bIe1_HMy_I3-lz3CproSV4IyDNnRVo-Uzuo18N94", "contract_type": "ERC721"}, "collection": {"collection_id": "65a13036c284b18008bd25b7", "name": "TinFun", "logo": "https://i.seadn.io/s/raw/files/a531bedf317b5ffe5a35d559b5c94cd9.jpg?w=500&auto=format", "slug": "tin-fun"}, "gas_fee": {"value": 0.0077, "raw_value": 7700000000000000, "usd": 21.6257, "payment_token": {"address": "0x0000000000000000000000000000000000000000", "symbol": "ETH", "decimals": 18}}, "price": {"value": 0.55, "raw_value": 550000000000000000, "usd": 1550.6337035401164, "payment_token": {"address": "0x0000000000000000000000000000000000000000", "symbol": "ETH", "decimals": 18}}, "marketplace_path": ["blur"], "fees": [{"fee_type": "royalty", "recipient": "0x6650dc11f439f14d4dfbea75233bd9b0099a0647", "bps": 50, "price": {"value": 0.00275, "raw_value": 2750000000000000, "usd": 7.701424, "payment_token": {"address": "0x0000000000a39bb272e79075ade125fd351887ac", "symbol": "BETH", "decimals": 18}}}], "trait_offer_target": null}, {"blockchain": "ETH", "sender": {"address": "0xd9b067da463e656caa2dee8c1438afdd30dfc32e", "ens": null, "is_whale": false, "blockchain": "ETH", "is_contract": false, "is_blue_chip_holder": false, "is_super_blue_chip_holder": false, "is_multi_sign_wallet": false, "das": null, "alias": null}, "receiver": {"address": "0xcd98f483c26777722fa654879a12dfab7245df0c", "ens": null, "is_whale": false, "blockchain": "ETH", "is_contract": false, "is_blue_chip_holder": false, "is_super_blue_chip_holder": false, "is_multi_sign_wallet": false, "das": null, "alias": null}, "event": "transfer", "quantity": 1, "tx_hash": "0xe1fc5df7827215938b83ce492b6c404117bf7f30f6413b6007cd2e453221c72b", "time": 1705063283, "nft": {"contract_address": "0xc274a97f1691ef390f662067e95a6eff1f99b504", "token_id": "7503", "name": "TinFun #7503", "blockchain": "ETH", "image": "https://lh3.googleusercontent.com/-jK1ej6iBkGQ0tdr__JXFZPZb57TP02Y6CiCfHagPaYJ9TtErRke37hbKx0bIe1_HMy_I3-lz3CproSV4IyDNnRVo-Uzuo18N94", "contract_type": "ERC721"}, "collection": {"collection_id": "65a13036c284b18008bd25b7", "name": "TinFun", "logo": "https://i.seadn.io/s/raw/files/a531bedf317b5ffe5a35d559b5c94cd9.jpg?w=500&auto=format", "slug": "tin-fun"}, "gas_fee": {"value": 0.004, "raw_value": 4000000000000000, "usd": 10.6701, "payment_token": {"address": "0x0000000000000000000000000000000000000000", "symbol": "ETH", "decimals": 18}}, "price": null, "marketplace_path": [], "fees": [], "trait_offer_target": null}]