[{"blockchain": "ETH", "sender": {"address": "0x60338496af1bb38236320b1159d9d18ea8ef978f", "ens": "doc-x.eth", "is_whale": false, "blockchain": "ETH", "is_contract": false, "is_blue_chip_holder": false, "is_super_blue_chip_holder": false, "is_multi_sign_wallet": false, "das": "8715.bit", "alias": "doc-x.eth"}, "receiver": {"address": "0x8177e9fa379b85e01b2b30140ddc446b9875106a", "ens": null, "is_whale": false, "blockchain": "ETH", "is_contract": true, "is_blue_chip_holder": false, "is_super_blue_chip_holder": false, "is_multi_sign_wallet": false, "das": null, "alias": null}, "event": "transfer", "quantity": 1, "tx_hash": "0x7ca4c0a94042053b4518f09bcef0ccfa1f5e735fa24b7d2fc2196fd696853082", "time": 1711769423, "nft": {"contract_address": "0xc274a97f1691ef390f662067e95a6eff1f99b504", "token_id": "1619", "name": "TinFun #1619", "blockchain": "ETH", "image": "https://lh3.googleusercontent.com/1urQKVL0oxGrU2vs-XjXdMIDy-7F5MmB-FaY4HxC2yc_QfQv-EQIruTnBMavDP0Bjh__z5gqfxatq379cutvt0PeWz-g-BIxow", "contract_type": "ERC721"}, "collection": {"collection_id": "65a13036c284b18008bd25b7", "name": "TinFun", "logo": "https://i.seadn.io/s/raw/files/a531bedf317b5ffe5a35d559b5c94cd9.jpg?w=500&auto=format", "slug": "tin-fun"}, "gas_fee": {"value": 0.0088, "raw_value": 8800000000000001, "usd": 31.0361, "payment_token": {"address": "0x0000000000000000000000000000000000000000", "symbol": "ETH", "decimals": 18}}, "price": null, "marketplace_path": [], "fees": [], "trait_offer_target": null}, {"blockchain": "ETH", "sender": {"address": "0x7a6b049d83554da1175d65be3f6264a74a05ae17", "ens": null, "is_whale": false, "blockchain": "ETH", "is_contract": false, "is_blue_chip_holder": false, "is_super_blue_chip_holder": false, "is_multi_sign_wallet": false, "das": null, "alias": null}, "receiver": {"address": "0x60338496af1bb38236320b1159d9d18ea8ef978f", "ens": "doc-x.eth", "is_whale": false, "blockchain": "ETH", "is_contract": false, "is_blue_chip_holder": false, "is_super_blue_chip_holder": false, "is_multi_sign_wallet": false, "das": "8715.bit", "alias": "doc-x.eth"}, "event": "sale", "quantity": 1, "tx_hash": "0x8d7092fda9083b99525852af4d861fcff05a76f6cb590a36eb564bb9db757a03", "time": 1708789295, "nft": {"contract_address": "0xc274a97f1691ef390f662067e95a6eff1f99b504", "token_id": "1619", "name": "TinFun #1619", "blockchain": "ETH", "image": "https://lh3.googleusercontent.com/1urQKVL0oxGrU2vs-XjXdMIDy-7F5MmB-FaY4HxC2yc_QfQv-EQIruTnBMavDP0Bjh__z5gqfxatq379cutvt0PeWz-g-BIxow", "contract_type": "ERC721"}, "collection": {"collection_id": "65a13036c284b18008bd25b7", "name": "TinFun", "logo": "https://i.seadn.io/s/raw/files/a531bedf317b5ffe5a35d559b5c94cd9.jpg?w=500&auto=format", "slug": "tin-fun"}, "gas_fee": {"value": 0.0056, "raw_value": 5600000000000000, "usd": 16.498, "payment_token": {"address": "0x0000000000000000000000000000000000000000", "symbol": "ETH", "decimals": 18}}, "price": {"value": 0.3694, "raw_value": 369400000000000000, "usd": 1093.351647537548, "payment_token": {"address": "0x0000000000000000000000000000000000000000", "symbol": "ETH", "decimals": 18}}, "marketplace_path": ["blur-aggregator", "blur"], "fees": [{"fee_type": "royalty", "recipient": "0x6650dc11f439f14d4dfbea75233bd9b0099a0647", "bps": 50, "price": {"value": 0.001847, "raw_value": 1847000000000000, "usd": 5.461453, "payment_token": {"address": "0x0000000000000000000000000000000000000000", "symbol": "ETH", "decimals": 18}}}], "trait_offer_target": null}, {"blockchain": "ETH", "sender": {"address": "0x62f998eef2c3126a7f1b5fadc7996d0c17423082", "ens": null, "is_whale": false, "blockchain": "ETH", "is_contract": false, "is_blue_chip_holder": false, "is_super_blue_chip_holder": false, "is_multi_sign_wallet": false, "das": null, "alias": null}, "receiver": {"address": "0x7a6b049d83554da1175d65be3f6264a74a05ae17", "ens": null, "is_whale": false, "blockchain": "ETH", "is_contract": false, "is_blue_chip_holder": false, "is_super_blue_chip_holder": false, "is_multi_sign_wallet": false, "das": null, "alias": null}, "event": "sale", "quantity": 1, "tx_hash": "0x8847f9a14b67aecaeac34854a5065e729e273d4b57d2f47552551a460ecc1478", "time": 1708789211, "nft": {"contract_address": "0xc274a97f1691ef390f662067e95a6eff1f99b504", "token_id": "1619", "name": "TinFun #1619", "blockchain": "ETH", "image": "https://lh3.googleusercontent.com/1urQKVL0oxGrU2vs-XjXdMIDy-7F5MmB-FaY4HxC2yc_QfQv-EQIruTnBMavDP0Bjh__z5gqfxatq379cutvt0PeWz-g-BIxow", "contract_type": "ERC721"}, "collection": {"collection_id": "65a13036c284b18008bd25b7", "name": "TinFun", "logo": "https://i.seadn.io/s/raw/files/a531bedf317b5ffe5a35d559b5c94cd9.jpg?w=500&auto=format", "slug": "tin-fun"}, "gas_fee": {"value": 0.0055, "raw_value": 5500000000000000, "usd": 16.3668, "payment_token": {"address": "0x0000000000000000000000000000000000000000", "symbol": "ETH", "decimals": 18}}, "price": {"value": 0.36, "raw_value": 360000000000000000, "usd": 1065.5294886668034, "payment_token": {"address": "0x0000000000000000000000000000000000000000", "symbol": "ETH", "decimals": 18}}, "marketplace_path": ["blur"], "fees": [{"fee_type": "royalty", "recipient": "0x6650dc11f439f14d4dfbea75233bd9b0099a0647", "bps": 50, "price": {"value": 0.0018, "raw_value": 1800000000000000, "usd": 5.322477, "payment_token": {"address": "0x0000000000a39bb272e79075ade125fd351887ac", "symbol": "BETH", "decimals": 18}}}], "trait_offer_target": null}, {"blockchain": "ETH", "sender": {"address": "0x06785ecf13d69af6e4a4277b0bc2eaffbfca9e46", "ens": null, "is_whale": false, "blockchain": "ETH", "is_contract": false, "is_blue_chip_holder": false, "is_super_blue_chip_holder": false, "is_multi_sign_wallet": false, "das": null, "alias": null}, "receiver": {"address": "0x62f998eef2c3126a7f1b5fadc7996d0c17423082", "ens": null, "is_whale": false, "blockchain": "ETH", "is_contract": false, "is_blue_chip_holder": false, "is_super_blue_chip_holder": false, "is_multi_sign_wallet": false, "das": null, "alias": null}, "event": "sale", "quantity": 1, "tx_hash": "0xb2ff486d9beee9da276b8c008131adf4382357561d0f9fe84fd92057ebbc9ed2", "time": 1705146515, "nft": {"contract_address": "0xc274a97f1691ef390f662067e95a6eff1f99b504", "token_id": "1619", "name": "TinFun #1619", "blockchain": "ETH", "image": "https://lh3.googleusercontent.com/1urQKVL0oxGrU2vs-XjXdMIDy-7F5MmB-FaY4HxC2yc_QfQv-EQIruTnBMavDP0Bjh__z5gqfxatq379cutvt0PeWz-g-BIxow", "contract_type": "ERC721"}, "collection": {"collection_id": "65a13036c284b18008bd25b7", "name": "TinFun", "logo": "https://i.seadn.io/s/raw/files/a531bedf317b5ffe5a35d559b5c94cd9.jpg?w=500&auto=format", "slug": "tin-fun"}, "gas_fee": {"value": 0.003, "raw_value": 3000000000000000, "usd": 7.6127, "payment_token": {"address": "0x0000000000000000000000000000000000000000", "symbol": "ETH", "decimals": 18}}, "price": {"value": 0.835, "raw_value": 835000000000000000, "usd": 2113.5189799963155, "payment_token": {"address": "0x0000000000000000000000000000000000000000", "symbol": "ETH", "decimals": 18}}, "marketplace_path": ["opensea"], "fees": [{"fee_type": "royalty", "recipient": "0x6650dc11f439f14d4dfbea75233bd9b0099a0647", "bps": 500, "price": {"value": 0.04175, "raw_value": 41750000000000000, "usd": 106.703889, "payment_token": {"address": "0x0000000000000000000000000000000000000000", "symbol": "ETH", "decimals": 18}}}], "trait_offer_target": null}]