[{"blockchain": "ETH", "sender": {"address": "0xefb67034bae17d4de7b1278e50b6ec251f14eb3b", "ens": null, "is_whale": false, "blockchain": "ETH", "is_contract": false, "is_blue_chip_holder": false, "is_super_blue_chip_holder": false, "is_multi_sign_wallet": false, "das": null, "alias": null}, "receiver": {"address": "0x8177e9fa379b85e01b2b30140ddc446b9875106a", "ens": null, "is_whale": false, "blockchain": "ETH", "is_contract": true, "is_blue_chip_holder": false, "is_super_blue_chip_holder": false, "is_multi_sign_wallet": false, "das": null, "alias": null}, "event": "transfer", "quantity": 1, "tx_hash": "0x434fbc2e2b366daad8a8b79c3ae1d2345bcb5da041bc699e0c9d7a9f4928707d", "time": 1711846043, "nft": {"contract_address": "0xc274a97f1691ef390f662067e95a6eff1f99b504", "token_id": "4483", "name": "TinFun #4483", "blockchain": "ETH", "image": "https://lh3.googleusercontent.com/RINbmpwY_eOVv0zFFm3BAZwSuZ1TTGb4io6WfecD7C-aOqqkcomwAs4muj3r2M4QCjIEGEUHLcvI2YAiAs34ukAu85Gb5BM79w", "contract_type": "ERC721"}, "collection": {"collection_id": "65a13036c284b18008bd25b7", "name": "TinFun", "logo": "https://i.seadn.io/s/raw/files/a531bedf317b5ffe5a35d559b5c94cd9.jpg?w=500&auto=format", "slug": "tin-fun"}, "gas_fee": {"value": 0.0018, "raw_value": 1800000000000000, "usd": 6.2972, "payment_token": {"address": "0x0000000000000000000000000000000000000000", "symbol": "ETH", "decimals": 18}}, "price": null, "marketplace_path": [], "fees": [], "trait_offer_target": null}]