[{"blockchain": "ETH", "sender": {"address": "0x373e888b45ba2bc48856ab462eb653661f8e71c0", "ens": "kingofmint.eth", "is_whale": false, "blockchain": "ETH", "is_contract": false, "is_blue_chip_holder": false, "is_super_blue_chip_holder": false, "is_multi_sign_wallet": false, "das": null, "alias": "kingofmint.eth"}, "receiver": {"address": "0x8177e9fa379b85e01b2b30140ddc446b9875106a", "ens": null, "is_whale": false, "blockchain": "ETH", "is_contract": true, "is_blue_chip_holder": false, "is_super_blue_chip_holder": false, "is_multi_sign_wallet": false, "das": null, "alias": null}, "event": "transfer", "quantity": 1, "tx_hash": "0x1dc12e3b4d646b6bbd3efa8ba583e27940cea6a994fadafb47b02565ffc0c733", "time": 1711717163, "nft": {"contract_address": "0xc274a97f1691ef390f662067e95a6eff1f99b504", "token_id": "2644", "name": "TinFun #2644", "blockchain": "ETH", "image": "https://lh3.googleusercontent.com/1e_jcB_a1-UzxYjh_3twpzc7F6jDP5eVE2Fc-Y6gxb4b8Vio83FLMOks3d6qxCcxMbcHPq7aO4LXN-URxWqz2rmI7J4K12JJEEd3", "contract_type": "ERC721"}, "collection": {"collection_id": "65a13036c284b18008bd25b7", "name": "TinFun", "logo": "https://i.seadn.io/s/raw/files/a531bedf317b5ffe5a35d559b5c94cd9.jpg?w=500&auto=format", "slug": "tin-fun"}, "gas_fee": {"value": 0.0063, "raw_value": 6300000000000000, "usd": 22.4406, "payment_token": {"address": "0x0000000000000000000000000000000000000000", "symbol": "ETH", "decimals": 18}}, "price": null, "marketplace_path": [], "fees": [], "trait_offer_target": null}, {"blockchain": "ETH", "sender": {"address": "0x4abe2b1848eac22af1b82ca43499a62b995c2707", "ens": null, "is_whale": false, "blockchain": "ETH", "is_contract": false, "is_blue_chip_holder": false, "is_super_blue_chip_holder": false, "is_multi_sign_wallet": false, "das": null, "alias": null}, "receiver": {"address": "0x373e888b45ba2bc48856ab462eb653661f8e71c0", "ens": "kingofmint.eth", "is_whale": false, "blockchain": "ETH", "is_contract": false, "is_blue_chip_holder": false, "is_super_blue_chip_holder": false, "is_multi_sign_wallet": false, "das": null, "alias": "kingofmint.eth"}, "event": "sale", "quantity": 1, "tx_hash": "0x0292b5a7f2e264644e59ac92115feaa720455a71c78f0dab152377e762e1c591", "time": 1711690319, "nft": {"contract_address": "0xc274a97f1691ef390f662067e95a6eff1f99b504", "token_id": "2644", "name": "TinFun #2644", "blockchain": "ETH", "image": "https://lh3.googleusercontent.com/1e_jcB_a1-UzxYjh_3twpzc7F6jDP5eVE2Fc-Y6gxb4b8Vio83FLMOks3d6qxCcxMbcHPq7aO4LXN-URxWqz2rmI7J4K12JJEEd3", "contract_type": "ERC721"}, "collection": {"collection_id": "65a13036c284b18008bd25b7", "name": "TinFun", "logo": "https://i.seadn.io/s/raw/files/a531bedf317b5ffe5a35d559b5c94cd9.jpg?w=500&auto=format", "slug": "tin-fun"}, "gas_fee": {"value": 0.0095, "raw_value": 9500000000000000, "usd": 33.9106, "payment_token": {"address": "0x0000000000000000000000000000000000000000", "symbol": "ETH", "decimals": 18}}, "price": {"value": 0.237, "raw_value": 237000000000000000, "usd": 844.6861496837186, "payment_token": {"address": "0x0000000000000000000000000000000000000000", "symbol": "ETH", "decimals": 18}}, "marketplace_path": ["blur-aggregator", "blur"], "fees": [{"fee_type": "royalty", "recipient": "0x6650dc11f439f14d4dfbea75233bd9b0099a0647", "bps": 50, "price": {"value": 0.001185, "raw_value": 1185000000000000, "usd": 4.221684, "payment_token": {"address": "0x0000000000000000000000000000000000000000", "symbol": "ETH", "decimals": 18}}}], "trait_offer_target": null}]