[{"blockchain": "ETH", "sender": {"address": "0x3de92018f6d5361825277e481a183401b85f3782", "ens": "gagawong.eth", "is_whale": false, "blockchain": "ETH", "is_contract": false, "is_blue_chip_holder": false, "is_super_blue_chip_holder": false, "is_multi_sign_wallet": false, "das": null, "alias": "gagawong.eth"}, "receiver": {"address": "0x6fd2324939767384650ca72be466b90a51b6f91d", "ens": null, "is_whale": false, "blockchain": "ETH", "is_contract": false, "is_blue_chip_holder": false, "is_super_blue_chip_holder": false, "is_multi_sign_wallet": false, "das": null, "alias": null}, "event": "sale", "quantity": 1, "tx_hash": "0xe9ae88240a3cea8ed1f012b56e27e8f4fe42305e237db69dce851120ed9f49aa", "time": 1708784939, "nft": {"contract_address": "0xc274a97f1691ef390f662067e95a6eff1f99b504", "token_id": "605", "name": "TinFun #605", "blockchain": "ETH", "image": "https://lh3.googleusercontent.com/PjaKigZugzuV-dzKYX2Ai20IAvsuIYB3TpLTu0EgPRnCZoO2aSTMGfA0G1gBIvSSS6F5Bk7GCUhs4YijkFcb8yGhSIrbAcm1B_A", "contract_type": "ERC721"}, "collection": {"collection_id": "65a13036c284b18008bd25b7", "name": "TinFun", "logo": "https://i.seadn.io/s/raw/files/a531bedf317b5ffe5a35d559b5c94cd9.jpg?w=500&auto=format", "slug": "tin-fun"}, "gas_fee": {"value": 0.0042, "raw_value": 4199999999999999, "usd": 12.3254, "payment_token": {"address": "0x0000000000000000000000000000000000000000", "symbol": "ETH", "decimals": 18}}, "price": {"value": 0.41, "raw_value": 410000000000000000, "usd": 1215.92104261174, "payment_token": {"address": "0x0000000000000000000000000000000000000000", "symbol": "ETH", "decimals": 18}}, "marketplace_path": ["blur"], "fees": [{"fee_type": "royalty", "recipient": "0x6650dc11f439f14d4dfbea75233bd9b0099a0647", "bps": 50, "price": {"value": 0.00205, "raw_value": 2050000000000000, "usd": 6.070393, "payment_token": {"address": "0x0000000000a39bb272e79075ade125fd351887ac", "symbol": "BETH", "decimals": 18}}}], "trait_offer_target": null}, {"blockchain": "ETH", "sender": {"address": "0x74c036c6ccf2fd0ee57d33ac2f3393f631213f62", "ens": null, "is_whale": false, "blockchain": "ETH", "is_contract": false, "is_blue_chip_holder": false, "is_super_blue_chip_holder": false, "is_multi_sign_wallet": false, "das": null, "alias": null}, "receiver": {"address": "0x3de92018f6d5361825277e481a183401b85f3782", "ens": "gagawong.eth", "is_whale": false, "blockchain": "ETH", "is_contract": false, "is_blue_chip_holder": false, "is_super_blue_chip_holder": false, "is_multi_sign_wallet": false, "das": null, "alias": "gagawong.eth"}, "event": "transfer", "quantity": 1, "tx_hash": "0xfa35c8909534b60782dac46d5122061e4587ab83a68e79fb35e96d7b3cc40652", "time": 1705667147, "nft": {"contract_address": "0xc274a97f1691ef390f662067e95a6eff1f99b504", "token_id": "605", "name": "TinFun #605", "blockchain": "ETH", "image": "https://lh3.googleusercontent.com/PjaKigZugzuV-dzKYX2Ai20IAvsuIYB3TpLTu0EgPRnCZoO2aSTMGfA0G1gBIvSSS6F5Bk7GCUhs4YijkFcb8yGhSIrbAcm1B_A", "contract_type": "ERC721"}, "collection": {"collection_id": "65a13036c284b18008bd25b7", "name": "TinFun", "logo": "https://i.seadn.io/s/raw/files/a531bedf317b5ffe5a35d559b5c94cd9.jpg?w=500&auto=format", "slug": "tin-fun"}, "gas_fee": {"value": 0.0014, "raw_value": 1400000000000000, "usd": 3.5333, "payment_token": {"address": "0x0000000000000000000000000000000000000000", "symbol": "ETH", "decimals": 18}}, "price": null, "marketplace_path": [], "fees": [], "trait_offer_target": null}]