[{"blockchain": "ETH", "sender": {"address": "0x87d7f82b73df9a2115b1fe8d6b966e4912375af7", "ens": "solo666.eth", "is_whale": false, "blockchain": "ETH", "is_contract": false, "is_blue_chip_holder": false, "is_super_blue_chip_holder": false, "is_multi_sign_wallet": false, "das": null, "alias": "solo666.eth"}, "receiver": {"address": "0xe4d70fc7af37db7c5144ab005056b8b493dfae24", "ens": null, "is_whale": false, "blockchain": "ETH", "is_contract": false, "is_blue_chip_holder": true, "is_super_blue_chip_holder": false, "is_multi_sign_wallet": false, "das": null, "alias": null}, "event": "transfer", "quantity": 1, "tx_hash": "0xf61f1fcbe0631e340ce1715139077e9271275c481997226a2dd4679a6696d338", "time": 1705063979, "nft": {"contract_address": "0xc274a97f1691ef390f662067e95a6eff1f99b504", "token_id": "3203", "name": "TinFun #3203", "blockchain": "ETH", "image": "https://lh3.googleusercontent.com/a9Li-h3omdGVsiCHDBntIA7eBV_vt-9Hie-mEr8nE178fbsCPPdCVuYbTnj5qBRlgB7Uf3pdRyuaPtkTo7wIoUq9FjVDKBPy4w", "contract_type": "ERC721"}, "collection": {"collection_id": "65a13036c284b18008bd25b7", "name": "TinFun", "logo": "https://i.seadn.io/s/raw/files/a531bedf317b5ffe5a35d559b5c94cd9.jpg?w=500&auto=format", "slug": "tin-fun"}, "gas_fee": {"value": 0.0108, "raw_value": 10800000000000000, "usd": 28.4658, "payment_token": {"address": "0x0000000000000000000000000000000000000000", "symbol": "ETH", "decimals": 18}}, "price": null, "marketplace_path": [], "fees": [], "trait_offer_target": null}]