[{"blockchain": "ETH", "sender": {"address": "0xaddb38203d5cc95b46aa690f94cb12fece0f9e8e", "ens": null, "is_whale": false, "blockchain": "ETH", "is_contract": false, "is_blue_chip_holder": false, "is_super_blue_chip_holder": false, "is_multi_sign_wallet": false, "das": null, "alias": null}, "receiver": {"address": "0x3eb879cc9a0ef4c6f1d870a40ae187768c278da2", "ens": "floorprotocol.eth", "is_whale": false, "blockchain": "ETH", "is_contract": true, "is_blue_chip_holder": true, "is_super_blue_chip_holder": false, "is_multi_sign_wallet": false, "das": null, "alias": "floorprotocol.eth"}, "event": "transfer", "quantity": 1, "tx_hash": "0x7416787b082b08b0613a3537f172a22dbea7bf6ae54a4092ccfd3b2a71e79f51", "time": 1706549951, "nft": {"contract_address": "0xc274a97f1691ef390f662067e95a6eff1f99b504", "token_id": "865", "name": "TinFun #865", "blockchain": "ETH", "image": "https://lh3.googleusercontent.com/4YRfxX-GQoFg7gF16XLjAhlhmyigr4sWkejrfsisHPSWhaf0yvOJ1MzGS-DTmFfTNvGxqj9DFnYOjcVi-2aKymMKWB-lkWNHch4", "contract_type": "ERC721"}, "collection": {"collection_id": "65a13036c284b18008bd25b7", "name": "TinFun", "logo": "https://i.seadn.io/s/raw/files/a531bedf317b5ffe5a35d559b5c94cd9.jpg?w=500&auto=format", "slug": "tin-fun"}, "gas_fee": {"value": 0.007, "raw_value": 7000000000000000, "usd": 16.19, "payment_token": {"address": "0x0000000000000000000000000000000000000000", "symbol": "ETH", "decimals": 18}}, "price": null, "marketplace_path": ["floor"], "fees": [], "trait_offer_target": null}, {"blockchain": "ETH", "sender": {"address": "0x3eb879cc9a0ef4c6f1d870a40ae187768c278da2", "ens": "floorprotocol.eth", "is_whale": false, "blockchain": "ETH", "is_contract": true, "is_blue_chip_holder": true, "is_super_blue_chip_holder": true, "is_multi_sign_wallet": false, "das": null, "alias": "floorprotocol.eth"}, "receiver": {"address": "0xaddb38203d5cc95b46aa690f94cb12fece0f9e8e", "ens": null, "is_whale": false, "blockchain": "ETH", "is_contract": false, "is_blue_chip_holder": false, "is_super_blue_chip_holder": true, "is_multi_sign_wallet": false, "das": null, "alias": null}, "event": "transfer", "quantity": 1, "tx_hash": "0x69d9c81cf3f856b32d0fd194eee2c9116e32bf4bc68a44d250aa7fcfc554045f", "time": 1706549903, "nft": {"contract_address": "0xc274a97f1691ef390f662067e95a6eff1f99b504", "token_id": "865", "name": "TinFun #865", "blockchain": "ETH", "image": "https://lh3.googleusercontent.com/4YRfxX-GQoFg7gF16XLjAhlhmyigr4sWkejrfsisHPSWhaf0yvOJ1MzGS-DTmFfTNvGxqj9DFnYOjcVi-2aKymMKWB-lkWNHch4", "contract_type": "ERC721"}, "collection": {"collection_id": "65a13036c284b18008bd25b7", "name": "TinFun", "logo": "https://i.seadn.io/s/raw/files/a531bedf317b5ffe5a35d559b5c94cd9.jpg?w=500&auto=format", "slug": "tin-fun"}, "gas_fee": {"value": 0.0041, "raw_value": 4100000000000000, "usd": 9.4227, "payment_token": {"address": "0x0000000000000000000000000000000000000000", "symbol": "ETH", "decimals": 18}}, "price": null, "marketplace_path": ["floor"], "fees": [], "trait_offer_target": null}, {"blockchain": "ETH", "sender": {"address": "0xa30e1c189cf7b80cbd3faa87fb665eb20f732b7e", "ens": null, "is_whale": false, "blockchain": "ETH", "is_contract": false, "is_blue_chip_holder": false, "is_super_blue_chip_holder": false, "is_multi_sign_wallet": false, "das": null, "alias": null}, "receiver": {"address": "0x3eb879cc9a0ef4c6f1d870a40ae187768c278da2", "ens": "floorprotocol.eth", "is_whale": false, "blockchain": "ETH", "is_contract": true, "is_blue_chip_holder": true, "is_super_blue_chip_holder": false, "is_multi_sign_wallet": false, "das": null, "alias": "floorprotocol.eth"}, "event": "transfer", "quantity": 1, "tx_hash": "0xe4ffd73949f610c382bafdf806d0f63f3c6c7f907507a701726160ca4284a87b", "time": 1705550183, "nft": {"contract_address": "0xc274a97f1691ef390f662067e95a6eff1f99b504", "token_id": "865", "name": "TinFun #865", "blockchain": "ETH", "image": "https://lh3.googleusercontent.com/4YRfxX-GQoFg7gF16XLjAhlhmyigr4sWkejrfsisHPSWhaf0yvOJ1MzGS-DTmFfTNvGxqj9DFnYOjcVi-2aKymMKWB-lkWNHch4", "contract_type": "ERC721"}, "collection": {"collection_id": "65a13036c284b18008bd25b7", "name": "TinFun", "logo": "https://i.seadn.io/s/raw/files/a531bedf317b5ffe5a35d559b5c94cd9.jpg?w=500&auto=format", "slug": "tin-fun"}, "gas_fee": {"value": 0.0392, "raw_value": 39200000000000000, "usd": 99.1367, "payment_token": {"address": "0x0000000000000000000000000000000000000000", "symbol": "ETH", "decimals": 18}}, "price": null, "marketplace_path": ["floor"], "fees": [], "trait_offer_target": null}, {"blockchain": "ETH", "sender": {"address": "0x59395d88307b4522df0e29222720fc37e850876b", "ens": "ziito.eth", "is_whale": false, "blockchain": "ETH", "is_contract": false, "is_blue_chip_holder": false, "is_super_blue_chip_holder": false, "is_multi_sign_wallet": false, "das": null, "alias": "ziito.eth"}, "receiver": {"address": "0xa30e1c189cf7b80cbd3faa87fb665eb20f732b7e", "ens": null, "is_whale": false, "blockchain": "ETH", "is_contract": false, "is_blue_chip_holder": false, "is_super_blue_chip_holder": false, "is_multi_sign_wallet": false, "das": null, "alias": null}, "event": "sale", "quantity": 1, "tx_hash": "0xb1a4b343b95d8ca6bd4bca90c65d8e8705ef080450c4d0e204e89e7614d4d106", "time": 1705550087, "nft": {"contract_address": "0xc274a97f1691ef390f662067e95a6eff1f99b504", "token_id": "865", "name": "TinFun #865", "blockchain": "ETH", "image": "https://lh3.googleusercontent.com/4YRfxX-GQoFg7gF16XLjAhlhmyigr4sWkejrfsisHPSWhaf0yvOJ1MzGS-DTmFfTNvGxqj9DFnYOjcVi-2aKymMKWB-lkWNHch4", "contract_type": "ERC721"}, "collection": {"collection_id": "65a13036c284b18008bd25b7", "name": "TinFun", "logo": "https://i.seadn.io/s/raw/files/a531bedf317b5ffe5a35d559b5c94cd9.jpg?w=500&auto=format", "slug": "tin-fun"}, "gas_fee": {"value": 0.0766, "raw_value": 76600000000000000, "usd": 193.4328, "payment_token": {"address": "0x0000000000000000000000000000000000000000", "symbol": "ETH", "decimals": 18}}, "price": {"value": 0.743799, "raw_value": 743799000000000000, "usd": 1879.401567134692, "payment_token": {"address": "0x0000000000000000000000000000000000000000", "symbol": "ETH", "decimals": 18}}, "marketplace_path": ["blur-aggregator", "opensea"], "fees": [{"fee_type": "marketplace", "recipient": "0x0000a26b00c1f0df003000390027140000faa719", "bps": 250, "price": {"value": 0.018595, "raw_value": 18594975000000000, "usd": 47.011279, "payment_token": {"address": "0x0000000000000000000000000000000000000000", "symbol": "ETH", "decimals": 18}}}], "trait_offer_target": null}]