[{"blockchain": "ETH", "sender": {"address": "0xd23dda75c28d037d49cc537c705ea996d2d3ee4b", "ens": null, "is_whale": false, "blockchain": "ETH", "is_contract": false, "is_blue_chip_holder": false, "is_super_blue_chip_holder": false, "is_multi_sign_wallet": false, "das": null, "alias": null}, "receiver": {"address": "0x00425150d1abed84133cb2d1b6c81ee23e19baa9", "ens": null, "is_whale": false, "blockchain": "ETH", "is_contract": false, "is_blue_chip_holder": false, "is_super_blue_chip_holder": false, "is_multi_sign_wallet": false, "das": null, "alias": null}, "event": "sale", "quantity": 1, "tx_hash": "0xded961d8872caa37a75316c59af904c380253fe919a6f99142ed608d1e525132", "time": 1708948859, "nft": {"contract_address": "0xc274a97f1691ef390f662067e95a6eff1f99b504", "token_id": "222", "name": "TinFun #222", "blockchain": "ETH", "image": "https://lh3.googleusercontent.com/BvBiEFAPGDz1efHdwFtTTaoswfa3yMdT6ZblW2NY5z0N-e4QDIiru9Iw400RbDLg2SnC6RjWFW_ywX_cenbGUE1hPe6zt0s03w", "contract_type": "ERC721"}, "collection": {"collection_id": "65a13036c284b18008bd25b7", "name": "TinFun", "logo": "https://i.seadn.io/s/raw/files/a531bedf317b5ffe5a35d559b5c94cd9.jpg?w=500&auto=format", "slug": "tin-fun"}, "gas_fee": {"value": 0.0061, "raw_value": 6100000000000000, "usd": 18.5445, "payment_token": {"address": "0x0000000000000000000000000000000000000000", "symbol": "ETH", "decimals": 18}}, "price": {"value": 0.2899, "raw_value": 289900000000000000, "usd": 886.3016122802834, "payment_token": {"address": "0x0000000000000000000000000000000000000000", "symbol": "ETH", "decimals": 18}}, "marketplace_path": ["blur"], "fees": [{"fee_type": "royalty", "recipient": "0x6650dc11f439f14d4dfbea75233bd9b0099a0647", "bps": 50, "price": {"value": 0.00145, "raw_value": 1449500000000000, "usd": 4.409127, "payment_token": {"address": "0x0000000000000000000000000000000000000000", "symbol": "ETH", "decimals": 18}}}], "trait_offer_target": null}]