[{"blockchain": "ETH", "sender": {"address": "0x7d8455958bb1f72d02ffee5b82ca328fdfc9d30e", "ens": null, "is_whale": false, "blockchain": "ETH", "is_contract": false, "is_blue_chip_holder": false, "is_super_blue_chip_holder": false, "is_multi_sign_wallet": false, "das": null, "alias": null}, "receiver": {"address": "0x8177e9fa379b85e01b2b30140ddc446b9875106a", "ens": null, "is_whale": false, "blockchain": "ETH", "is_contract": true, "is_blue_chip_holder": false, "is_super_blue_chip_holder": false, "is_multi_sign_wallet": false, "das": null, "alias": null}, "event": "transfer", "quantity": 1, "tx_hash": "0x02dec58d591fb8bee0fd4b72c07eaf3fbaf715b666a469eaf4b1d398643603ed", "time": 1711697399, "nft": {"contract_address": "0xc274a97f1691ef390f662067e95a6eff1f99b504", "token_id": "2536", "name": "TinFun #2536", "blockchain": "ETH", "image": "https://lh3.googleusercontent.com/N5bgQMUD_uiUfIl6u-pDZBpoWclBo87-T8K0RuJas2l5ZNptSCprjYKi6WYJQDPl0--DIE3xBg8w9Xt0U8n-8mmmkAwOuj5jgog", "contract_type": "ERC721"}, "collection": {"collection_id": "65a13036c284b18008bd25b7", "name": "TinFun", "logo": "https://i.seadn.io/s/raw/files/a531bedf317b5ffe5a35d559b5c94cd9.jpg?w=500&auto=format", "slug": "tin-fun"}, "gas_fee": {"value": 0.0031, "raw_value": 3100000000000000, "usd": 10.9898, "payment_token": {"address": "0x0000000000000000000000000000000000000000", "symbol": "ETH", "decimals": 18}}, "price": null, "marketplace_path": [], "fees": [], "trait_offer_target": null}, {"blockchain": "ETH", "sender": {"address": "0x20b9e75394abcdc3e5c7469638b27dca287ff1be", "ens": null, "is_whale": false, "blockchain": "ETH", "is_contract": false, "is_blue_chip_holder": false, "is_super_blue_chip_holder": false, "is_multi_sign_wallet": false, "das": null, "alias": null}, "receiver": {"address": "0x7d8455958bb1f72d02ffee5b82ca328fdfc9d30e", "ens": null, "is_whale": false, "blockchain": "ETH", "is_contract": false, "is_blue_chip_holder": false, "is_super_blue_chip_holder": false, "is_multi_sign_wallet": false, "das": null, "alias": null}, "event": "sale", "quantity": 1, "tx_hash": "0x71253e2563460825e101e97e41e4832c9413c578afe152a69031e593440e79d3", "time": 1710493163, "nft": {"contract_address": "0xc274a97f1691ef390f662067e95a6eff1f99b504", "token_id": "2536", "name": "TinFun #2536", "blockchain": "ETH", "image": "https://lh3.googleusercontent.com/N5bgQMUD_uiUfIl6u-pDZBpoWclBo87-T8K0RuJas2l5ZNptSCprjYKi6WYJQDPl0--DIE3xBg8w9Xt0U8n-8mmmkAwOuj5jgog", "contract_type": "ERC721"}, "collection": {"collection_id": "65a13036c284b18008bd25b7", "name": "TinFun", "logo": "https://i.seadn.io/s/raw/files/a531bedf317b5ffe5a35d559b5c94cd9.jpg?w=500&auto=format", "slug": "tin-fun"}, "gas_fee": {"value": 0.011, "raw_value": 11000000000000000, "usd": 41.3088, "payment_token": {"address": "0x0000000000000000000000000000000000000000", "symbol": "ETH", "decimals": 18}}, "price": {"value": 0.17506, "raw_value": 175060000000000000, "usd": 656.9090466379402, "payment_token": {"address": "0xc02aaa39b223fe8d0a0e5c4f27ead9083c756cc2", "symbol": "WETH", "decimals": 18}}, "marketplace_path": ["magiceden"], "fees": [], "trait_offer_target": null}, {"blockchain": "ETH", "sender": {"address": "0x4b052b7c7fabf44bedd42b1a06ee2a81057448dc", "ens": null, "is_whale": false, "blockchain": "ETH", "is_contract": false, "is_blue_chip_holder": false, "is_super_blue_chip_holder": false, "is_multi_sign_wallet": false, "das": null, "alias": null}, "receiver": {"address": "0x20b9e75394abcdc3e5c7469638b27dca287ff1be", "ens": null, "is_whale": false, "blockchain": "ETH", "is_contract": false, "is_blue_chip_holder": false, "is_super_blue_chip_holder": false, "is_multi_sign_wallet": false, "das": null, "alias": null}, "event": "sale", "quantity": 1, "tx_hash": "0x2f476320a205c45bf40d5e1cd0aeb6ea1fe63bd9b89a6c36483244554606ed50", "time": 1709980907, "nft": {"contract_address": "0xc274a97f1691ef390f662067e95a6eff1f99b504", "token_id": "2536", "name": "TinFun #2536", "blockchain": "ETH", "image": "https://lh3.googleusercontent.com/N5bgQMUD_uiUfIl6u-pDZBpoWclBo87-T8K0RuJas2l5ZNptSCprjYKi6WYJQDPl0--DIE3xBg8w9Xt0U8n-8mmmkAwOuj5jgog", "contract_type": "ERC721"}, "collection": {"collection_id": "65a13036c284b18008bd25b7", "name": "TinFun", "logo": "https://i.seadn.io/s/raw/files/a531bedf317b5ffe5a35d559b5c94cd9.jpg?w=500&auto=format", "slug": "tin-fun"}, "gas_fee": {"value": 0.0077, "raw_value": 7700000000000000, "usd": 30.1124, "payment_token": {"address": "0x0000000000000000000000000000000000000000", "symbol": "ETH", "decimals": 18}}, "price": {"value": 0.288, "raw_value": 288000000000000000, "usd": 1130.4722170150685, "payment_token": {"address": "0x0000000000000000000000000000000000000000", "symbol": "ETH", "decimals": 18}}, "marketplace_path": ["blur-aggregator", "blur"], "fees": [{"fee_type": "royalty", "recipient": "0x6650dc11f439f14d4dfbea75233bd9b0099a0647", "bps": 50, "price": {"value": 0.00144, "raw_value": 1440000000000000, "usd": 5.667218, "payment_token": {"address": "0x0000000000000000000000000000000000000000", "symbol": "ETH", "decimals": 18}}}], "trait_offer_target": null}, {"blockchain": "ETH", "sender": {"address": "0xda30d629fbf792e56c74c20ec17f5ca96f41aec6", "ens": null, "is_whale": false, "blockchain": "ETH", "is_contract": false, "is_blue_chip_holder": false, "is_super_blue_chip_holder": false, "is_multi_sign_wallet": false, "das": null, "alias": null}, "receiver": {"address": "0x4b052b7c7fabf44bedd42b1a06ee2a81057448dc", "ens": null, "is_whale": false, "blockchain": "ETH", "is_contract": false, "is_blue_chip_holder": false, "is_super_blue_chip_holder": false, "is_multi_sign_wallet": false, "das": null, "alias": null}, "event": "sale", "quantity": 1, "tx_hash": "0xe4b054ffbb811e3cb0988dfb878470a4366e2f089dfb152cea7209a0bb506dde", "time": 1705236419, "nft": {"contract_address": "0xc274a97f1691ef390f662067e95a6eff1f99b504", "token_id": "2536", "name": "TinFun #2536", "blockchain": "ETH", "image": "https://lh3.googleusercontent.com/N5bgQMUD_uiUfIl6u-pDZBpoWclBo87-T8K0RuJas2l5ZNptSCprjYKi6WYJQDPl0--DIE3xBg8w9Xt0U8n-8mmmkAwOuj5jgog", "contract_type": "ERC721"}, "collection": {"collection_id": "65a13036c284b18008bd25b7", "name": "TinFun", "logo": "https://i.seadn.io/s/raw/files/a531bedf317b5ffe5a35d559b5c94cd9.jpg?w=500&auto=format", "slug": "tin-fun"}, "gas_fee": {"value": 0.007, "raw_value": 7000000000000000, "usd": 17.7544, "payment_token": {"address": "0x0000000000000000000000000000000000000000", "symbol": "ETH", "decimals": 18}}, "price": {"value": 0.769, "raw_value": 769000000000000000, "usd": 1951.4101926080791, "payment_token": {"address": "0x0000000000000000000000000000000000000000", "symbol": "ETH", "decimals": 18}}, "marketplace_path": ["blur"], "fees": [{"fee_type": "royalty", "recipient": "0x6650dc11f439f14d4dfbea75233bd9b0099a0647", "bps": 50, "price": {"value": 0.003845, "raw_value": 3845000000000000, "usd": 9.814516, "payment_token": {"address": "0x0000000000000000000000000000000000000000", "symbol": "ETH", "decimals": 18}}}], "trait_offer_target": null}, {"blockchain": "ETH", "sender": {"address": "0x8d755954245cc44bf20bc7ff66b7406c82116d48", "ens": null, "is_whale": false, "blockchain": "ETH", "is_contract": false, "is_blue_chip_holder": false, "is_super_blue_chip_holder": false, "is_multi_sign_wallet": false, "das": null, "alias": null}, "receiver": {"address": "0xda30d629fbf792e56c74c20ec17f5ca96f41aec6", "ens": null, "is_whale": false, "blockchain": "ETH", "is_contract": false, "is_blue_chip_holder": false, "is_super_blue_chip_holder": false, "is_multi_sign_wallet": false, "das": null, "alias": null}, "event": "sale", "quantity": 1, "tx_hash": "0x51b570b2fd832c851dc65a81571b26c14222c0d70490e50ce8f09c07fcc6e185", "time": 1705236251, "nft": {"contract_address": "0xc274a97f1691ef390f662067e95a6eff1f99b504", "token_id": "2536", "name": "TinFun #2536", "blockchain": "ETH", "image": "https://lh3.googleusercontent.com/N5bgQMUD_uiUfIl6u-pDZBpoWclBo87-T8K0RuJas2l5ZNptSCprjYKi6WYJQDPl0--DIE3xBg8w9Xt0U8n-8mmmkAwOuj5jgog", "contract_type": "ERC721"}, "collection": {"collection_id": "65a13036c284b18008bd25b7", "name": "TinFun", "logo": "https://i.seadn.io/s/raw/files/a531bedf317b5ffe5a35d559b5c94cd9.jpg?w=500&auto=format", "slug": "tin-fun"}, "gas_fee": {"value": 0.0084, "raw_value": 8399999999999999, "usd": 21.3336, "payment_token": {"address": "0x0000000000000000000000000000000000000000", "symbol": "ETH", "decimals": 18}}, "price": {"value": 0.76, "raw_value": 760000000000000000, "usd": 1928.571841849337, "payment_token": {"address": "0x0000000000000000000000000000000000000000", "symbol": "ETH", "decimals": 18}}, "marketplace_path": ["blur"], "fees": [{"fee_type": "royalty", "recipient": "0x6650dc11f439f14d4dfbea75233bd9b0099a0647", "bps": 50, "price": {"value": 0.0038, "raw_value": 3800000000000000, "usd": 9.699651, "payment_token": {"address": "0x0000000000a39bb272e79075ade125fd351887ac", "symbol": "BETH", "decimals": 18}}}], "trait_offer_target": null}, {"blockchain": "ETH", "sender": {"address": "0xa69833b9fda816f1bfc79517e7932e64708df0dd", "ens": null, "is_whale": false, "blockchain": "ETH", "is_contract": false, "is_blue_chip_holder": true, "is_super_blue_chip_holder": false, "is_multi_sign_wallet": false, "das": null, "alias": null}, "receiver": {"address": "0x8d755954245cc44bf20bc7ff66b7406c82116d48", "ens": null, "is_whale": false, "blockchain": "ETH", "is_contract": false, "is_blue_chip_holder": false, "is_super_blue_chip_holder": false, "is_multi_sign_wallet": false, "das": null, "alias": null}, "event": "sale", "quantity": 1, "tx_hash": "0x526a29755422ce47b3061cd71eb0e8d990844b894f321f975db0e1603797c5f6", "time": 1705214711, "nft": {"contract_address": "0xc274a97f1691ef390f662067e95a6eff1f99b504", "token_id": "2536", "name": "TinFun #2536", "blockchain": "ETH", "image": "https://lh3.googleusercontent.com/N5bgQMUD_uiUfIl6u-pDZBpoWclBo87-T8K0RuJas2l5ZNptSCprjYKi6WYJQDPl0--DIE3xBg8w9Xt0U8n-8mmmkAwOuj5jgog", "contract_type": "ERC721"}, "collection": {"collection_id": "65a13036c284b18008bd25b7", "name": "TinFun", "logo": "https://i.seadn.io/s/raw/files/a531bedf317b5ffe5a35d559b5c94cd9.jpg?w=500&auto=format", "slug": "tin-fun"}, "gas_fee": {"value": 0.0255, "raw_value": 25500000000000000, "usd": 65.1941, "payment_token": {"address": "0x0000000000000000000000000000000000000000", "symbol": "ETH", "decimals": 18}}, "price": {"value": 0.73, "raw_value": 730000000000000000, "usd": 1862.9316251554287, "payment_token": {"address": "0x0000000000000000000000000000000000000000", "symbol": "ETH", "decimals": 18}}, "marketplace_path": ["blur"], "fees": [{"fee_type": "royalty", "recipient": "0x6650dc11f439f14d4dfbea75233bd9b0099a0647", "bps": 50, "price": {"value": 0.00365, "raw_value": 3650000000000000, "usd": 9.309082, "payment_token": {"address": "0x0000000000a39bb272e79075ade125fd351887ac", "symbol": "BETH", "decimals": 18}}}], "trait_offer_target": null}, {"blockchain": "ETH", "sender": {"address": "0xdcc78d193e64361c12f8c6f2e1c12daad0d07648", "ens": null, "is_whale": false, "blockchain": "ETH", "is_contract": false, "is_blue_chip_holder": false, "is_super_blue_chip_holder": false, "is_multi_sign_wallet": false, "das": null, "alias": null}, "receiver": {"address": "0xa69833b9fda816f1bfc79517e7932e64708df0dd", "ens": null, "is_whale": false, "blockchain": "ETH", "is_contract": false, "is_blue_chip_holder": true, "is_super_blue_chip_holder": false, "is_multi_sign_wallet": false, "das": null, "alias": null}, "event": "sale", "quantity": 1, "tx_hash": "0xbfb1a2685ceeca426fafe6cb748e3ede162b13b018d59b7ef9c66382b9f0abf2", "time": 1705206671, "nft": {"contract_address": "0xc274a97f1691ef390f662067e95a6eff1f99b504", "token_id": "2536", "name": "TinFun #2536", "blockchain": "ETH", "image": "https://lh3.googleusercontent.com/N5bgQMUD_uiUfIl6u-pDZBpoWclBo87-T8K0RuJas2l5ZNptSCprjYKi6WYJQDPl0--DIE3xBg8w9Xt0U8n-8mmmkAwOuj5jgog", "contract_type": "ERC721"}, "collection": {"collection_id": "65a13036c284b18008bd25b7", "name": "TinFun", "logo": "https://i.seadn.io/s/raw/files/a531bedf317b5ffe5a35d559b5c94cd9.jpg?w=500&auto=format", "slug": "tin-fun"}, "gas_fee": {"value": 0.0133, "raw_value": 13300000000000000, "usd": 33.914, "payment_token": {"address": "0x0000000000000000000000000000000000000000", "symbol": "ETH", "decimals": 18}}, "price": {"value": 0.78, "raw_value": 780000000000000000, "usd": 1989.3379908467714, "payment_token": {"address": "0x0000000000000000000000000000000000000000", "symbol": "ETH", "decimals": 18}}, "marketplace_path": ["blur"], "fees": [{"fee_type": "royalty", "recipient": "0x6650dc11f439f14d4dfbea75233bd9b0099a0647", "bps": 50, "price": {"value": 0.0039, "raw_value": 3900000000000000, "usd": 10.020585, "payment_token": {"address": "0x0000000000a39bb272e79075ade125fd351887ac", "symbol": "BETH", "decimals": 18}}}], "trait_offer_target": null}, {"blockchain": "ETH", "sender": {"address": "0x6b6ca48da27304eeeb1d15d355d948f68b852733", "ens": null, "is_whale": false, "blockchain": "ETH", "is_contract": false, "is_blue_chip_holder": false, "is_super_blue_chip_holder": false, "is_multi_sign_wallet": false, "das": null, "alias": null}, "receiver": {"address": "0xdcc78d193e64361c12f8c6f2e1c12daad0d07648", "ens": null, "is_whale": false, "blockchain": "ETH", "is_contract": false, "is_blue_chip_holder": false, "is_super_blue_chip_holder": false, "is_multi_sign_wallet": false, "das": null, "alias": null}, "event": "sale", "quantity": 1, "tx_hash": "0x0cd95a502989e4f97d216486a1f2c8d8d51ef1c39cf0b963c54313d12ad65981", "time": 1705204763, "nft": {"contract_address": "0xc274a97f1691ef390f662067e95a6eff1f99b504", "token_id": "2536", "name": "TinFun #2536", "blockchain": "ETH", "image": "https://lh3.googleusercontent.com/N5bgQMUD_uiUfIl6u-pDZBpoWclBo87-T8K0RuJas2l5ZNptSCprjYKi6WYJQDPl0--DIE3xBg8w9Xt0U8n-8mmmkAwOuj5jgog", "contract_type": "ERC721"}, "collection": {"collection_id": "65a13036c284b18008bd25b7", "name": "TinFun", "logo": "https://i.seadn.io/s/raw/files/a531bedf317b5ffe5a35d559b5c94cd9.jpg?w=500&auto=format", "slug": "tin-fun"}, "gas_fee": {"value": 0.0028, "raw_value": 2800000000000000, "usd": 7.0905, "payment_token": {"address": "0x0000000000000000000000000000000000000000", "symbol": "ETH", "decimals": 18}}, "price": {"value": 0.79, "raw_value": 790000000000000000, "usd": 2022.4287208895175, "payment_token": {"address": "0x0000000000000000000000000000000000000000", "symbol": "ETH", "decimals": 18}}, "marketplace_path": ["blur"], "fees": [{"fee_type": "royalty", "recipient": "0x6650dc11f439f14d4dfbea75233bd9b0099a0647", "bps": 50, "price": {"value": 0.00395, "raw_value": 3950000000000000, "usd": 10.129271, "payment_token": {"address": "0x0000000000a39bb272e79075ade125fd351887ac", "symbol": "BETH", "decimals": 18}}}], "trait_offer_target": null}, {"blockchain": "ETH", "sender": {"address": "0x73d30ba3dc4ffd17c28cc2d75d12e50df98f29cf", "ens": "nakiri.eth", "is_whale": false, "blockchain": "ETH", "is_contract": false, "is_blue_chip_holder": false, "is_super_blue_chip_holder": false, "is_multi_sign_wallet": false, "das": null, "alias": "nakiri.eth"}, "receiver": {"address": "0x6b6ca48da27304eeeb1d15d355d948f68b852733", "ens": null, "is_whale": false, "blockchain": "ETH", "is_contract": false, "is_blue_chip_holder": false, "is_super_blue_chip_holder": false, "is_multi_sign_wallet": false, "das": null, "alias": null}, "event": "sale", "quantity": 1, "tx_hash": "0x1e807ace47ab716027630e79d1811adc477dac13139cf6fc597edee692c6d03a", "time": 1705199879, "nft": {"contract_address": "0xc274a97f1691ef390f662067e95a6eff1f99b504", "token_id": "2536", "name": "TinFun #2536", "blockchain": "ETH", "image": "https://lh3.googleusercontent.com/N5bgQMUD_uiUfIl6u-pDZBpoWclBo87-T8K0RuJas2l5ZNptSCprjYKi6WYJQDPl0--DIE3xBg8w9Xt0U8n-8mmmkAwOuj5jgog", "contract_type": "ERC721"}, "collection": {"collection_id": "65a13036c284b18008bd25b7", "name": "TinFun", "logo": "https://i.seadn.io/s/raw/files/a531bedf317b5ffe5a35d559b5c94cd9.jpg?w=500&auto=format", "slug": "tin-fun"}, "gas_fee": {"value": 0.0057, "raw_value": 5700000000000000, "usd": 14.532, "payment_token": {"address": "0x0000000000000000000000000000000000000000", "symbol": "ETH", "decimals": 18}}, "price": {"value": 0.8, "raw_value": 800000000000000000, "usd": 2055.504522502624, "payment_token": {"address": "0x0000000000000000000000000000000000000000", "symbol": "ETH", "decimals": 18}}, "marketplace_path": ["blur"], "fees": [{"fee_type": "royalty", "recipient": "0x6650dc11f439f14d4dfbea75233bd9b0099a0647", "bps": 50, "price": {"value": 0.004, "raw_value": 4000000000000000, "usd": 10.312015, "payment_token": {"address": "0x0000000000a39bb272e79075ade125fd351887ac", "symbol": "BETH", "decimals": 18}}}], "trait_offer_target": null}, {"blockchain": "ETH", "sender": {"address": "0x3c348d84e5a6e8aa8f7505ec7718e9974a211bae", "ens": "hvarl.eth", "is_whale": false, "blockchain": "ETH", "is_contract": false, "is_blue_chip_holder": false, "is_super_blue_chip_holder": false, "is_multi_sign_wallet": false, "das": null, "alias": "hvarl.eth"}, "receiver": {"address": "0x73d30ba3dc4ffd17c28cc2d75d12e50df98f29cf", "ens": "nakiri.eth", "is_whale": false, "blockchain": "ETH", "is_contract": false, "is_blue_chip_holder": false, "is_super_blue_chip_holder": false, "is_multi_sign_wallet": false, "das": null, "alias": "nakiri.eth"}, "event": "sale", "quantity": 1, "tx_hash": "0x39c71383566e4cf1cc26e0a03bb74fd1669ab13f95a5ffc10a48f3ac620679a3", "time": 1705197575, "nft": {"contract_address": "0xc274a97f1691ef390f662067e95a6eff1f99b504", "token_id": "2536", "name": "TinFun #2536", "blockchain": "ETH", "image": "https://lh3.googleusercontent.com/N5bgQMUD_uiUfIl6u-pDZBpoWclBo87-T8K0RuJas2l5ZNptSCprjYKi6WYJQDPl0--DIE3xBg8w9Xt0U8n-8mmmkAwOuj5jgog", "contract_type": "ERC721"}, "collection": {"collection_id": "65a13036c284b18008bd25b7", "name": "TinFun", "logo": "https://i.seadn.io/s/raw/files/a531bedf317b5ffe5a35d559b5c94cd9.jpg?w=500&auto=format", "slug": "tin-fun"}, "gas_fee": {"value": 0.0028, "raw_value": 2800000000000000, "usd": 7.2962, "payment_token": {"address": "0x0000000000000000000000000000000000000000", "symbol": "ETH", "decimals": 18}}, "price": {"value": 0.81, "raw_value": 810000000000000000, "usd": 2077.1416212844824, "payment_token": {"address": "0x0000000000000000000000000000000000000000", "symbol": "ETH", "decimals": 18}}, "marketplace_path": ["blur"], "fees": [{"fee_type": "royalty", "recipient": "0x6650dc11f439f14d4dfbea75233bd9b0099a0647", "bps": 50, "price": {"value": 0.00405, "raw_value": 4050000000000000, "usd": 10.436761, "payment_token": {"address": "0x0000000000a39bb272e79075ade125fd351887ac", "symbol": "BETH", "decimals": 18}}}], "trait_offer_target": null}]