[{"blockchain": "ETH", "sender": {"address": "0x88d2c34c3c59069f823d9f5011662b6111862282", "ens": "cryptouncle.eth", "is_whale": false, "blockchain": "ETH", "is_contract": false, "is_blue_chip_holder": false, "is_super_blue_chip_holder": false, "is_multi_sign_wallet": false, "das": null, "alias": "cryptouncle.eth"}, "receiver": {"address": "0x8177e9fa379b85e01b2b30140ddc446b9875106a", "ens": null, "is_whale": false, "blockchain": "ETH", "is_contract": true, "is_blue_chip_holder": false, "is_super_blue_chip_holder": false, "is_multi_sign_wallet": false, "das": null, "alias": null}, "event": "transfer", "quantity": 1, "tx_hash": "0x544824d74ddb00d9d3f8d9427700d718b88717e9f18972bc2d323eee67b225d2", "time": 1712926811, "nft": {"contract_address": "0xc274a97f1691ef390f662067e95a6eff1f99b504", "token_id": "259", "name": "TinFun #259", "blockchain": "ETH", "image": "https://lh3.googleusercontent.com/4N4Hi0YmoHy6T6daaxBQFJZqvQkaUsmf9VqCV9HUkjM08WAwD8c5oLHWWQoOEmm3QFePYGYWPH8p0r1ZWrM-p55tooEaP0F1cg", "contract_type": "ERC721"}, "collection": {"collection_id": "65a13036c284b18008bd25b7", "name": "TinFun", "logo": "https://i.seadn.io/s/raw/files/a531bedf317b5ffe5a35d559b5c94cd9.jpg?w=500&auto=format", "slug": "tin-fun"}, "gas_fee": {"value": 0.0016, "raw_value": 1600000000000000, "usd": 5.7212, "payment_token": {"address": "0x0000000000000000000000000000000000000000", "symbol": "ETH", "decimals": 18}}, "price": null, "marketplace_path": [], "fees": [], "trait_offer_target": null}]