[{"blockchain": "ETH", "sender": {"address": "0xf1a2145ff42df32f1389f85c0bf0a54aef1199db", "ens": null, "is_whale": false, "blockchain": "ETH", "is_contract": false, "is_blue_chip_holder": false, "is_super_blue_chip_holder": false, "is_multi_sign_wallet": false, "das": null, "alias": null}, "receiver": {"address": "0x8177e9fa379b85e01b2b30140ddc446b9875106a", "ens": null, "is_whale": false, "blockchain": "ETH", "is_contract": true, "is_blue_chip_holder": false, "is_super_blue_chip_holder": false, "is_multi_sign_wallet": false, "das": null, "alias": null}, "event": "transfer", "quantity": 1, "tx_hash": "0x579676e37439ca71c77b3f20cc69f0c1d078c9bd14085e90d4b04b97b5b13df1", "time": 1711701671, "nft": {"contract_address": "0xc274a97f1691ef390f662067e95a6eff1f99b504", "token_id": "1228", "name": "TinFun #1228", "blockchain": "ETH", "image": "https://lh3.googleusercontent.com/WBOU7YkAHH-zMbf0QDT5RH1-1UB8QbVv4OCIJj9L_vooIsMuXmKnCV9Kb-wDo_37rx8q6Ddlt25NfRFJook7gjA68g-i3rt2EA", "contract_type": "ERC721"}, "collection": {"collection_id": "65a13036c284b18008bd25b7", "name": "TinFun", "logo": "https://i.seadn.io/s/raw/files/a531bedf317b5ffe5a35d559b5c94cd9.jpg?w=500&auto=format", "slug": "tin-fun"}, "gas_fee": {"value": 0.0061, "raw_value": 6100000000000000, "usd": 21.4634, "payment_token": {"address": "0x0000000000000000000000000000000000000000", "symbol": "ETH", "decimals": 18}}, "price": null, "marketplace_path": [], "fees": [], "trait_offer_target": null}]