[{"blockchain": "ETH", "sender": {"address": "0x9b370d8eb68a7a36535cb4c2d1996e95f74d4a3a", "ens": null, "is_whale": false, "blockchain": "ETH", "is_contract": false, "is_blue_chip_holder": false, "is_super_blue_chip_holder": false, "is_multi_sign_wallet": false, "das": null, "alias": null}, "receiver": {"address": "0x8177e9fa379b85e01b2b30140ddc446b9875106a", "ens": null, "is_whale": false, "blockchain": "ETH", "is_contract": true, "is_blue_chip_holder": false, "is_super_blue_chip_holder": false, "is_multi_sign_wallet": false, "das": null, "alias": null}, "event": "transfer", "quantity": 1, "tx_hash": "0x80b2f5827c325099d191cb65f62e8c1fa705206c4b21cf5ae993992f39f1bd4c", "time": 1711859375, "nft": {"contract_address": "0xc274a97f1691ef390f662067e95a6eff1f99b504", "token_id": "5744", "name": "TinFun #5744", "blockchain": "ETH", "image": "https://lh3.googleusercontent.com/ESBfUn0uIOHD02jSIN0wPL-zIUAV92koJk1BopbNz9DfYQdU-qyUbOOpdzpUgHGbS-4dYqym6vjyBVNUAoJPlPCPYQAXjtvSJ7g", "contract_type": "ERC721"}, "collection": {"collection_id": "65a13036c284b18008bd25b7", "name": "TinFun", "logo": "https://i.seadn.io/s/raw/files/a531bedf317b5ffe5a35d559b5c94cd9.jpg?w=500&auto=format", "slug": "tin-fun"}, "gas_fee": {"value": 0.002, "raw_value": 2000000000000000, "usd": 7.2259, "payment_token": {"address": "0x0000000000000000000000000000000000000000", "symbol": "ETH", "decimals": 18}}, "price": null, "marketplace_path": [], "fees": [], "trait_offer_target": null}, {"blockchain": "ETH", "sender": {"address": "0x35f4bf317399093eeb7b9f6c6144458753514cfa", "ens": null, "is_whale": false, "blockchain": "ETH", "is_contract": false, "is_blue_chip_holder": false, "is_super_blue_chip_holder": false, "is_multi_sign_wallet": false, "das": null, "alias": null}, "receiver": {"address": "0x9b370d8eb68a7a36535cb4c2d1996e95f74d4a3a", "ens": null, "is_whale": false, "blockchain": "ETH", "is_contract": false, "is_blue_chip_holder": false, "is_super_blue_chip_holder": false, "is_multi_sign_wallet": false, "das": null, "alias": null}, "event": "sale", "quantity": 1, "tx_hash": "0x96cfd79d6608d0fe48d4b345d0296161e4765c064028cbe128a73faeca47f062", "time": 1707730751, "nft": {"contract_address": "0xc274a97f1691ef390f662067e95a6eff1f99b504", "token_id": "5744", "name": "TinFun #5744", "blockchain": "ETH", "image": "https://lh3.googleusercontent.com/ESBfUn0uIOHD02jSIN0wPL-zIUAV92koJk1BopbNz9DfYQdU-qyUbOOpdzpUgHGbS-4dYqym6vjyBVNUAoJPlPCPYQAXjtvSJ7g", "contract_type": "ERC721"}, "collection": {"collection_id": "65a13036c284b18008bd25b7", "name": "TinFun", "logo": "https://i.seadn.io/s/raw/files/a531bedf317b5ffe5a35d559b5c94cd9.jpg?w=500&auto=format", "slug": "tin-fun"}, "gas_fee": {"value": 0.0093, "raw_value": 9300000000000000, "usd": 23.0887, "payment_token": {"address": "0x0000000000000000000000000000000000000000", "symbol": "ETH", "decimals": 18}}, "price": {"value": 0.5544, "raw_value": 554400000000000000, "usd": 1380.5605189031428, "payment_token": {"address": "0x0000000000000000000000000000000000000000", "symbol": "ETH", "decimals": 18}}, "marketplace_path": ["opensea"], "fees": [{"fee_type": "marketplace", "recipient": "0x0000a26b00c1f0df003000390027140000faa719", "bps": 50, "price": {"value": 0.002772, "raw_value": 2772000000000000, "usd": 6.913729, "payment_token": {"address": "0x0000000000000000000000000000000000000000", "symbol": "ETH", "decimals": 18}}}], "trait_offer_target": null}, {"blockchain": "ETH", "sender": {"address": "0x88f5b772bd63b3683e8e2b1dd87084f51ae2814d", "ens": null, "is_whale": false, "blockchain": "ETH", "is_contract": false, "is_blue_chip_holder": false, "is_super_blue_chip_holder": false, "is_multi_sign_wallet": false, "das": null, "alias": null}, "receiver": {"address": "0x35f4bf317399093eeb7b9f6c6144458753514cfa", "ens": null, "is_whale": false, "blockchain": "ETH", "is_contract": false, "is_blue_chip_holder": false, "is_super_blue_chip_holder": false, "is_multi_sign_wallet": false, "das": null, "alias": null}, "event": "sale", "quantity": 1, "tx_hash": "0x304e9f5d2626f94dd670bfb568febd1b905fe9852d9d6c28808ec5c5bd88a6bc", "time": 1707724307, "nft": {"contract_address": "0xc274a97f1691ef390f662067e95a6eff1f99b504", "token_id": "5744", "name": "TinFun #5744", "blockchain": "ETH", "image": "https://lh3.googleusercontent.com/ESBfUn0uIOHD02jSIN0wPL-zIUAV92koJk1BopbNz9DfYQdU-qyUbOOpdzpUgHGbS-4dYqym6vjyBVNUAoJPlPCPYQAXjtvSJ7g", "contract_type": "ERC721"}, "collection": {"collection_id": "65a13036c284b18008bd25b7", "name": "TinFun", "logo": "https://i.seadn.io/s/raw/files/a531bedf317b5ffe5a35d559b5c94cd9.jpg?w=500&auto=format", "slug": "tin-fun"}, "gas_fee": {"value": 0.0057, "raw_value": 5700000000000000, "usd": 14.2585, "payment_token": {"address": "0x0000000000000000000000000000000000000000", "symbol": "ETH", "decimals": 18}}, "price": {"value": 0.5323, "raw_value": 532300000000000000, "usd": 1328.5870233984701, "payment_token": {"address": "0xc02aaa39b223fe8d0a0e5c4f27ead9083c756cc2", "symbol": "WETH", "decimals": 18}}, "marketplace_path": ["opensea"], "fees": [{"fee_type": "royalty", "recipient": "0x6650dc11f439f14d4dfbea75233bd9b0099a0647", "bps": 500, "price": {"value": 0.026615, "raw_value": 26615000000000000, "usd": 66.42344, "payment_token": {"address": "0xc02aaa39b223fe8d0a0e5c4f27ead9083c756cc2", "symbol": "WETH", "decimals": 18}}}, {"fee_type": "marketplace", "recipient": "0x0000a26b00c1f0df003000390027140000faa719", "bps": 250, "price": {"value": 0.013307, "raw_value": 13307500000000000, "usd": 33.21172, "payment_token": {"address": "0xc02aaa39b223fe8d0a0e5c4f27ead9083c756cc2", "symbol": "WETH", "decimals": 18}}}], "trait_offer_target": null}, {"blockchain": "ETH", "sender": {"address": "0x9ff476a42d7f89dad793267f574718bb87ce8c45", "ens": null, "is_whale": false, "blockchain": "ETH", "is_contract": false, "is_blue_chip_holder": false, "is_super_blue_chip_holder": false, "is_multi_sign_wallet": false, "das": null, "alias": null}, "receiver": {"address": "0x88f5b772bd63b3683e8e2b1dd87084f51ae2814d", "ens": null, "is_whale": false, "blockchain": "ETH", "is_contract": false, "is_blue_chip_holder": false, "is_super_blue_chip_holder": false, "is_multi_sign_wallet": false, "das": null, "alias": null}, "event": "transfer", "quantity": 1, "tx_hash": "0xb81615c06f382a2611ff8d347bcdbea8744441b5960d536ef4af0bfe97ddbffe", "time": 1705562783, "nft": {"contract_address": "0xc274a97f1691ef390f662067e95a6eff1f99b504", "token_id": "5744", "name": "TinFun #5744", "blockchain": "ETH", "image": "https://lh3.googleusercontent.com/ESBfUn0uIOHD02jSIN0wPL-zIUAV92koJk1BopbNz9DfYQdU-qyUbOOpdzpUgHGbS-4dYqym6vjyBVNUAoJPlPCPYQAXjtvSJ7g", "contract_type": "ERC721"}, "collection": {"collection_id": "65a13036c284b18008bd25b7", "name": "TinFun", "logo": "https://i.seadn.io/s/raw/files/a531bedf317b5ffe5a35d559b5c94cd9.jpg?w=500&auto=format", "slug": "tin-fun"}, "gas_fee": {"value": 0.0013, "raw_value": 1300000000000000, "usd": 3.3044, "payment_token": {"address": "0x0000000000000000000000000000000000000000", "symbol": "ETH", "decimals": 18}}, "price": null, "marketplace_path": [], "fees": [], "trait_offer_target": null}, {"blockchain": "ETH", "sender": {"address": "0xfd37caf40160b7c691a7a4febddddc1ae7e60742", "ens": null, "is_whale": false, "blockchain": "ETH", "is_contract": false, "is_blue_chip_holder": false, "is_super_blue_chip_holder": false, "is_multi_sign_wallet": false, "das": null, "alias": null}, "receiver": {"address": "0x9ff476a42d7f89dad793267f574718bb87ce8c45", "ens": null, "is_whale": false, "blockchain": "ETH", "is_contract": false, "is_blue_chip_holder": false, "is_super_blue_chip_holder": false, "is_multi_sign_wallet": false, "das": null, "alias": null}, "event": "sale", "quantity": 1, "tx_hash": "0x20c077b4ce3eaeedba75ddbb154a682ff09ff1aae2a71f5ba3d859afb08034ba", "time": 1705063235, "nft": {"contract_address": "0xc274a97f1691ef390f662067e95a6eff1f99b504", "token_id": "5744", "name": "TinFun #5744", "blockchain": "ETH", "image": "https://lh3.googleusercontent.com/ESBfUn0uIOHD02jSIN0wPL-zIUAV92koJk1BopbNz9DfYQdU-qyUbOOpdzpUgHGbS-4dYqym6vjyBVNUAoJPlPCPYQAXjtvSJ7g", "contract_type": "ERC721"}, "collection": {"collection_id": "65a13036c284b18008bd25b7", "name": "TinFun", "logo": "https://i.seadn.io/s/raw/files/a531bedf317b5ffe5a35d559b5c94cd9.jpg?w=500&auto=format", "slug": "tin-fun"}, "gas_fee": {"value": 0.0045, "raw_value": 4499999999999999, "usd": 11.7914, "payment_token": {"address": "0x0000000000000000000000000000000000000000", "symbol": "ETH", "decimals": 18}}, "price": {"value": 1.1, "raw_value": 1100000000000000000, "usd": 2912.4672783340784, "payment_token": {"address": "0x0000000000000000000000000000000000000000", "symbol": "ETH", "decimals": 18}}, "marketplace_path": ["opensea"], "fees": [{"fee_type": "marketplace", "recipient": "0x0000a26b00c1f0df003000390027140000faa719", "bps": 250, "price": {"value": 0.0275, "raw_value": 27500000000000000, "usd": 71.897814, "payment_token": {"address": "0x0000000000000000000000000000000000000000", "symbol": "ETH", "decimals": 18}}}], "trait_offer_target": null}]