[{"blockchain": "ETH", "sender": {"address": "0xce429156fd7a69ee9c5ebdbaad7428c42823afec", "ens": "gege.eth", "is_whale": false, "blockchain": "ETH", "is_contract": false, "is_blue_chip_holder": false, "is_super_blue_chip_holder": false, "is_multi_sign_wallet": false, "das": null, "alias": "gege.eth"}, "receiver": {"address": "0xf8bf5c67447f4a45bd166167b6d6b8bf1d11f9cf", "ens": null, "is_whale": false, "blockchain": "ETH", "is_contract": false, "is_blue_chip_holder": false, "is_super_blue_chip_holder": false, "is_multi_sign_wallet": false, "das": null, "alias": null}, "event": "sale", "quantity": 1, "tx_hash": "0x9c3128b55e14b4a0c9a35e7eaba6842b66b7f451b92dc4f42e665513153e12fa", "time": 1708696751, "nft": {"contract_address": "0xc274a97f1691ef390f662067e95a6eff1f99b504", "token_id": "4211", "name": "TinFun #4211", "blockchain": "ETH", "image": "https://lh3.googleusercontent.com/-vBSOQCT6UbALmBn3IvMLz03pgbdIIF4k-On-jmHBkx54F3uBttImwNnks1Od7t5-CmU7t9xrTqkJmF89xt4RSUVDIZ8WM8B3Taq", "contract_type": "ERC721"}, "collection": {"collection_id": "65a13036c284b18008bd25b7", "name": "TinFun", "logo": "https://i.seadn.io/s/raw/files/a531bedf317b5ffe5a35d559b5c94cd9.jpg?w=500&auto=format", "slug": "tin-fun"}, "gas_fee": {"value": 0.0068, "raw_value": 6800000000000000, "usd": 20.0109, "payment_token": {"address": "0x0000000000000000000000000000000000000000", "symbol": "ETH", "decimals": 18}}, "price": {"value": 0.561, "raw_value": 561000000000000000, "usd": 1642.5888555759657, "payment_token": {"address": "0x0000000000000000000000000000000000000000", "symbol": "ETH", "decimals": 18}}, "marketplace_path": ["blur"], "fees": [{"fee_type": "royalty", "recipient": "0x6650dc11f439f14d4dfbea75233bd9b0099a0647", "bps": 50, "price": {"value": 0.002805, "raw_value": 2805000000000000, "usd": 8.250649, "payment_token": {"address": "0x0000000000000000000000000000000000000000", "symbol": "ETH", "decimals": 18}}}], "trait_offer_target": null}, {"blockchain": "ETH", "sender": {"address": "0x9d86163fd8ef550670e997965b6b1f730b70e857", "ens": null, "is_whale": false, "blockchain": "ETH", "is_contract": false, "is_blue_chip_holder": false, "is_super_blue_chip_holder": false, "is_multi_sign_wallet": false, "das": null, "alias": null}, "receiver": {"address": "0xce429156fd7a69ee9c5ebdbaad7428c42823afec", "ens": "gege.eth", "is_whale": false, "blockchain": "ETH", "is_contract": false, "is_blue_chip_holder": false, "is_super_blue_chip_holder": false, "is_multi_sign_wallet": false, "das": null, "alias": "gege.eth"}, "event": "transfer", "quantity": 1, "tx_hash": "0xc7844b4d05fcb624b8ab505092a2580fe831df1dad0752dd4aa03d3b61b61812", "time": 1705063295, "nft": {"contract_address": "0xc274a97f1691ef390f662067e95a6eff1f99b504", "token_id": "4211", "name": "TinFun #4211", "blockchain": "ETH", "image": "https://lh3.googleusercontent.com/-vBSOQCT6UbALmBn3IvMLz03pgbdIIF4k-On-jmHBkx54F3uBttImwNnks1Od7t5-CmU7t9xrTqkJmF89xt4RSUVDIZ8WM8B3Taq", "contract_type": "ERC721"}, "collection": {"collection_id": "65a13036c284b18008bd25b7", "name": "TinFun", "logo": "https://i.seadn.io/s/raw/files/a531bedf317b5ffe5a35d559b5c94cd9.jpg?w=500&auto=format", "slug": "tin-fun"}, "gas_fee": {"value": 0.0029, "raw_value": 2900000000000000, "usd": 7.7405, "payment_token": {"address": "0x0000000000000000000000000000000000000000", "symbol": "ETH", "decimals": 18}}, "price": null, "marketplace_path": [], "fees": [], "trait_offer_target": null}]