[{"blockchain": "ETH", "sender": {"address": "0xaea21c79d224d69335bb7400b1503b9c5b6230c7", "ens": "projectdubai.eth", "is_whale": false, "blockchain": "ETH", "is_contract": false, "is_blue_chip_holder": false, "is_super_blue_chip_holder": false, "is_multi_sign_wallet": false, "das": null, "alias": "projectdubai.eth"}, "receiver": {"address": "0x8177e9fa379b85e01b2b30140ddc446b9875106a", "ens": null, "is_whale": false, "blockchain": "ETH", "is_contract": true, "is_blue_chip_holder": false, "is_super_blue_chip_holder": false, "is_multi_sign_wallet": false, "das": null, "alias": null}, "event": "transfer", "quantity": 1, "tx_hash": "0x8a522cce5c79fd387ce5047fa5572518fc5389b28f761852b0291ee873f0abaa", "time": 1712004083, "nft": {"contract_address": "0xc274a97f1691ef390f662067e95a6eff1f99b504", "token_id": "202", "name": "TinFun #202", "blockchain": "ETH", "image": "https://lh3.googleusercontent.com/thDvLIpmTL7hZie8Gkz9wf-VJKbdCQow1G7SQQi0-8ynlp9QBw7Vgvr3BYt74ks-MxGL-nJyl3ZZxTdrzhl5c01nKOkxgSjXIu4", "contract_type": "ERC721"}, "collection": {"collection_id": "65a13036c284b18008bd25b7", "name": "TinFun", "logo": "https://i.seadn.io/s/raw/files/a531bedf317b5ffe5a35d559b5c94cd9.jpg?w=500&auto=format", "slug": "tin-fun"}, "gas_fee": {"value": 0.0018, "raw_value": 1800000000000000, "usd": 6.4049, "payment_token": {"address": "0x0000000000000000000000000000000000000000", "symbol": "ETH", "decimals": 18}}, "price": null, "marketplace_path": [], "fees": [], "trait_offer_target": null}, {"blockchain": "ETH", "sender": {"address": "0x5b91ca3187c449ff3a7e172dce2468e011ee7689", "ens": null, "is_whale": false, "blockchain": "ETH", "is_contract": false, "is_blue_chip_holder": false, "is_super_blue_chip_holder": false, "is_multi_sign_wallet": false, "das": null, "alias": null}, "receiver": {"address": "0xaea21c79d224d69335bb7400b1503b9c5b6230c7", "ens": "projectdubai.eth", "is_whale": false, "blockchain": "ETH", "is_contract": false, "is_blue_chip_holder": false, "is_super_blue_chip_holder": false, "is_multi_sign_wallet": false, "das": null, "alias": "projectdubai.eth"}, "event": "sale", "quantity": 1, "tx_hash": "0x3cb1b2f000d4c61e6e5dc302a89a1158140c2ef4b622a5c4c4135c91a2a13041", "time": 1709153951, "nft": {"contract_address": "0xc274a97f1691ef390f662067e95a6eff1f99b504", "token_id": "202", "name": "TinFun #202", "blockchain": "ETH", "image": "https://lh3.googleusercontent.com/thDvLIpmTL7hZie8Gkz9wf-VJKbdCQow1G7SQQi0-8ynlp9QBw7Vgvr3BYt74ks-MxGL-nJyl3ZZxTdrzhl5c01nKOkxgSjXIu4", "contract_type": "ERC721"}, "collection": {"collection_id": "65a13036c284b18008bd25b7", "name": "TinFun", "logo": "https://i.seadn.io/s/raw/files/a531bedf317b5ffe5a35d559b5c94cd9.jpg?w=500&auto=format", "slug": "tin-fun"}, "gas_fee": {"value": 0.0084, "raw_value": 8399999999999999, "usd": 27.7707, "payment_token": {"address": "0x0000000000000000000000000000000000000000", "symbol": "ETH", "decimals": 18}}, "price": {"value": 0.25999, "raw_value": 259990000000000000, "usd": 858.221620533989, "payment_token": {"address": "0x0000000000000000000000000000000000000000", "symbol": "ETH", "decimals": 18}}, "marketplace_path": ["opensea"], "fees": [{"fee_type": "marketplace", "recipient": "0x0000a26b00c1f0df003000390027140000faa719", "bps": 50, "price": {"value": 0.0013, "raw_value": 1299950000000000, "usd": 4.347985, "payment_token": {"address": "0x0000000000000000000000000000000000000000", "symbol": "ETH", "decimals": 18}}}, {"fee_type": "royalty", "recipient": "0x6650dc11f439f14d4dfbea75233bd9b0099a0647", "bps": 10, "price": {"value": 0.00026, "raw_value": 259990000000000, "usd": 0.869597, "payment_token": {"address": "0x0000000000000000000000000000000000000000", "symbol": "ETH", "decimals": 18}}}], "trait_offer_target": null}, {"blockchain": "ETH", "sender": {"address": "0x1bf0573ad88305e6d1615a3ccaf65181cdfa8a20", "ens": null, "is_whale": false, "blockchain": "ETH", "is_contract": false, "is_blue_chip_holder": false, "is_super_blue_chip_holder": false, "is_multi_sign_wallet": false, "das": null, "alias": null}, "receiver": {"address": "0x5b91ca3187c449ff3a7e172dce2468e011ee7689", "ens": null, "is_whale": false, "blockchain": "ETH", "is_contract": false, "is_blue_chip_holder": false, "is_super_blue_chip_holder": false, "is_multi_sign_wallet": false, "das": null, "alias": null}, "event": "sale", "quantity": 1, "tx_hash": "0x0a70b5f61e0aa771d59f5ac81a31a5270aa0d4a41373c10a1753b557858828c3", "time": 1708974311, "nft": {"contract_address": "0xc274a97f1691ef390f662067e95a6eff1f99b504", "token_id": "202", "name": "TinFun #202", "blockchain": "ETH", "image": "https://lh3.googleusercontent.com/thDvLIpmTL7hZie8Gkz9wf-VJKbdCQow1G7SQQi0-8ynlp9QBw7Vgvr3BYt74ks-MxGL-nJyl3ZZxTdrzhl5c01nKOkxgSjXIu4", "contract_type": "ERC721"}, "collection": {"collection_id": "65a13036c284b18008bd25b7", "name": "TinFun", "logo": "https://i.seadn.io/s/raw/files/a531bedf317b5ffe5a35d559b5c94cd9.jpg?w=500&auto=format", "slug": "tin-fun"}, "gas_fee": {"value": 0.0144, "raw_value": 14400000000000000, "usd": 45.3185, "payment_token": {"address": "0x0000000000000000000000000000000000000000", "symbol": "ETH", "decimals": 18}}, "price": {"value": 0.3, "raw_value": 300000000000000000, "usd": 941.3743113179108, "payment_token": {"address": "0x0000000000000000000000000000000000000000", "symbol": "ETH", "decimals": 18}}, "marketplace_path": ["blur-aggregator", "blur"], "fees": [{"fee_type": "royalty", "recipient": "0x6650dc11f439f14d4dfbea75233bd9b0099a0647", "bps": 500, "price": {"value": 0.015, "raw_value": 15000000000000000, "usd": 47.31752, "payment_token": {"address": "0x0000000000000000000000000000000000000000", "symbol": "ETH", "decimals": 18}}}], "trait_offer_target": null}, {"blockchain": "ETH", "sender": {"address": "0x328fa40ec846bf6d683b2d6be9402dd1ff55d9df", "ens": null, "is_whale": false, "blockchain": "ETH", "is_contract": false, "is_blue_chip_holder": false, "is_super_blue_chip_holder": false, "is_multi_sign_wallet": false, "das": null, "alias": null}, "receiver": {"address": "0x1bf0573ad88305e6d1615a3ccaf65181cdfa8a20", "ens": null, "is_whale": false, "blockchain": "ETH", "is_contract": false, "is_blue_chip_holder": false, "is_super_blue_chip_holder": false, "is_multi_sign_wallet": false, "das": null, "alias": null}, "event": "sale", "quantity": 1, "tx_hash": "0xd4559072976eccf14a383b7bf30c989b25390694e4fdc6ae38895b89c4b06634", "time": 1708925459, "nft": {"contract_address": "0xc274a97f1691ef390f662067e95a6eff1f99b504", "token_id": "202", "name": "TinFun #202", "blockchain": "ETH", "image": "https://lh3.googleusercontent.com/thDvLIpmTL7hZie8Gkz9wf-VJKbdCQow1G7SQQi0-8ynlp9QBw7Vgvr3BYt74ks-MxGL-nJyl3ZZxTdrzhl5c01nKOkxgSjXIu4", "contract_type": "ERC721"}, "collection": {"collection_id": "65a13036c284b18008bd25b7", "name": "TinFun", "logo": "https://i.seadn.io/s/raw/files/a531bedf317b5ffe5a35d559b5c94cd9.jpg?w=500&auto=format", "slug": "tin-fun"}, "gas_fee": {"value": 0.0434, "raw_value": 43400000000000000, "usd": 134.7812, "payment_token": {"address": "0x0000000000000000000000000000000000000000", "symbol": "ETH", "decimals": 18}}, "price": {"value": 0.28, "raw_value": 280000000000000000, "usd": 868.9837340722177, "payment_token": {"address": "0x0000000000000000000000000000000000000000", "symbol": "ETH", "decimals": 18}}, "marketplace_path": ["blur"], "fees": [{"fee_type": "royalty", "recipient": "0x6650dc11f439f14d4dfbea75233bd9b0099a0647", "bps": 50, "price": {"value": 0.0014, "raw_value": 1400000000000000, "usd": 4.331537, "payment_token": {"address": "0x0000000000a39bb272e79075ade125fd351887ac", "symbol": "BETH", "decimals": 18}}}], "trait_offer_target": null}, {"blockchain": "ETH", "sender": {"address": "0xb4e93b01989a05c7e311fee82153e9baab3202bf", "ens": null, "is_whale": false, "blockchain": "ETH", "is_contract": false, "is_blue_chip_holder": true, "is_super_blue_chip_holder": false, "is_multi_sign_wallet": false, "das": null, "alias": null}, "receiver": {"address": "0x328fa40ec846bf6d683b2d6be9402dd1ff55d9df", "ens": null, "is_whale": false, "blockchain": "ETH", "is_contract": false, "is_blue_chip_holder": false, "is_super_blue_chip_holder": false, "is_multi_sign_wallet": false, "das": null, "alias": null}, "event": "sale", "quantity": 1, "tx_hash": "0x634d897f08f858048c721db9eab6f0275e5a41eebfbc3d9936ce835181f6e9b2", "time": 1708825871, "nft": {"contract_address": "0xc274a97f1691ef390f662067e95a6eff1f99b504", "token_id": "202", "name": "TinFun #202", "blockchain": "ETH", "image": "https://lh3.googleusercontent.com/thDvLIpmTL7hZie8Gkz9wf-VJKbdCQow1G7SQQi0-8ynlp9QBw7Vgvr3BYt74ks-MxGL-nJyl3ZZxTdrzhl5c01nKOkxgSjXIu4", "contract_type": "ERC721"}, "collection": {"collection_id": "65a13036c284b18008bd25b7", "name": "TinFun", "logo": "https://i.seadn.io/s/raw/files/a531bedf317b5ffe5a35d559b5c94cd9.jpg?w=500&auto=format", "slug": "tin-fun"}, "gas_fee": {"value": 0.0036, "raw_value": 3600000000000000, "usd": 10.9142, "payment_token": {"address": "0x0000000000000000000000000000000000000000", "symbol": "ETH", "decimals": 18}}, "price": {"value": 0.34, "raw_value": 340000000000000000, "usd": 1018.1849495133853, "payment_token": {"address": "0x0000000000000000000000000000000000000000", "symbol": "ETH", "decimals": 18}}, "marketplace_path": ["blur"], "fees": [{"fee_type": "royalty", "recipient": "0x6650dc11f439f14d4dfbea75233bd9b0099a0647", "bps": 50, "price": {"value": 0.0017, "raw_value": 1700000000000000, "usd": 5.080449, "payment_token": {"address": "0x0000000000a39bb272e79075ade125fd351887ac", "symbol": "BETH", "decimals": 18}}}], "trait_offer_target": null}, {"blockchain": "ETH", "sender": {"address": "0x66a5d70f4a0ce70a074543d0fc53b998b4f00720", "ens": "02065.eth", "is_whale": false, "blockchain": "ETH", "is_contract": false, "is_blue_chip_holder": false, "is_super_blue_chip_holder": false, "is_multi_sign_wallet": false, "das": null, "alias": "02065.eth"}, "receiver": {"address": "0xb4e93b01989a05c7e311fee82153e9baab3202bf", "ens": null, "is_whale": false, "blockchain": "ETH", "is_contract": false, "is_blue_chip_holder": true, "is_super_blue_chip_holder": false, "is_multi_sign_wallet": false, "das": null, "alias": null}, "event": "sale", "quantity": 1, "tx_hash": "0x32d6b3ec61b1037e941652968a67b3c057060c0fe58f210962f919bf7a7d98c9", "time": 1708822991, "nft": {"contract_address": "0xc274a97f1691ef390f662067e95a6eff1f99b504", "token_id": "202", "name": "TinFun #202", "blockchain": "ETH", "image": "https://lh3.googleusercontent.com/thDvLIpmTL7hZie8Gkz9wf-VJKbdCQow1G7SQQi0-8ynlp9QBw7Vgvr3BYt74ks-MxGL-nJyl3ZZxTdrzhl5c01nKOkxgSjXIu4", "contract_type": "ERC721"}, "collection": {"collection_id": "65a13036c284b18008bd25b7", "name": "TinFun", "logo": "https://i.seadn.io/s/raw/files/a531bedf317b5ffe5a35d559b5c94cd9.jpg?w=500&auto=format", "slug": "tin-fun"}, "gas_fee": {"value": 0.0071, "raw_value": 7100000000000000, "usd": 21.2665, "payment_token": {"address": "0x0000000000000000000000000000000000000000", "symbol": "ETH", "decimals": 18}}, "price": {"value": 0.33, "raw_value": 330000000000000000, "usd": 988.2383333512269, "payment_token": {"address": "0x0000000000000000000000000000000000000000", "symbol": "ETH", "decimals": 18}}, "marketplace_path": ["blur"], "fees": [{"fee_type": "royalty", "recipient": "0x6650dc11f439f14d4dfbea75233bd9b0099a0647", "bps": 50, "price": {"value": 0.00165, "raw_value": 1650000000000000, "usd": 4.931024, "payment_token": {"address": "0x0000000000a39bb272e79075ade125fd351887ac", "symbol": "BETH", "decimals": 18}}}], "trait_offer_target": null}]