[{"blockchain": "ETH", "sender": {"address": "0xc39a90d17a9f67f3a7972823bd371ba99b4ff9ba", "ens": "ychain.eth", "is_whale": false, "blockchain": "ETH", "is_contract": false, "is_blue_chip_holder": false, "is_super_blue_chip_holder": false, "is_multi_sign_wallet": false, "das": null, "alias": "ychain.eth"}, "receiver": {"address": "0x8177e9fa379b85e01b2b30140ddc446b9875106a", "ens": null, "is_whale": false, "blockchain": "ETH", "is_contract": true, "is_blue_chip_holder": false, "is_super_blue_chip_holder": false, "is_multi_sign_wallet": false, "das": null, "alias": null}, "event": "transfer", "quantity": 1, "tx_hash": "0xa0cf3905ef44389ad3b09e0c28d93b38d65cf8ba858d34108151bb20425f7e7b", "time": 1711777439, "nft": {"contract_address": "0xc274a97f1691ef390f662067e95a6eff1f99b504", "token_id": "5379", "name": "TinFun #5379", "blockchain": "ETH", "image": "https://lh3.googleusercontent.com/D3zNj-hGU4176euJ9eHRf6ubU46ytlD0Z1PXU8dF_kYLx5TrnsRL5CuD_5xPLOhMFuzbizgoMNwuYXvre9fO3yeyx87Dbru9Kr4N", "contract_type": "ERC721"}, "collection": {"collection_id": "65a13036c284b18008bd25b7", "name": "TinFun", "logo": "https://i.seadn.io/s/raw/files/a531bedf317b5ffe5a35d559b5c94cd9.jpg?w=500&auto=format", "slug": "tin-fun"}, "gas_fee": {"value": 0.0146, "raw_value": 14600000000000000, "usd": 51.3863, "payment_token": {"address": "0x0000000000000000000000000000000000000000", "symbol": "ETH", "decimals": 18}}, "price": null, "marketplace_path": [], "fees": [], "trait_offer_target": null}, {"blockchain": "ETH", "sender": {"address": "0x5c90f15144ca4959a9990442e4121a2343d5771f", "ens": "pengyuchang.eth", "is_whale": false, "blockchain": "ETH", "is_contract": false, "is_blue_chip_holder": false, "is_super_blue_chip_holder": false, "is_multi_sign_wallet": false, "das": null, "alias": "pengyuchang.eth"}, "receiver": {"address": "0xc39a90d17a9f67f3a7972823bd371ba99b4ff9ba", "ens": "ychain.eth", "is_whale": false, "blockchain": "ETH", "is_contract": false, "is_blue_chip_holder": false, "is_super_blue_chip_holder": false, "is_multi_sign_wallet": false, "das": null, "alias": "ychain.eth"}, "event": "sale", "quantity": 1, "tx_hash": "0xd80e420649c7ce526e141904de4e082eff3fb2a1cfd067025b00622cad0ec283", "time": 1711717523, "nft": {"contract_address": "0xc274a97f1691ef390f662067e95a6eff1f99b504", "token_id": "5379", "name": "TinFun #5379", "blockchain": "ETH", "image": "https://lh3.googleusercontent.com/D3zNj-hGU4176euJ9eHRf6ubU46ytlD0Z1PXU8dF_kYLx5TrnsRL5CuD_5xPLOhMFuzbizgoMNwuYXvre9fO3yeyx87Dbru9Kr4N", "contract_type": "ERC721"}, "collection": {"collection_id": "65a13036c284b18008bd25b7", "name": "TinFun", "logo": "https://i.seadn.io/s/raw/files/a531bedf317b5ffe5a35d559b5c94cd9.jpg?w=500&auto=format", "slug": "tin-fun"}, "gas_fee": {"value": 0.0253, "raw_value": 25300000000000000, "usd": 89.5583, "payment_token": {"address": "0x0000000000000000000000000000000000000000", "symbol": "ETH", "decimals": 18}}, "price": {"value": 0.24, "raw_value": 240000000000000000, "usd": 849.576616021134, "payment_token": {"address": "0x0000000000000000000000000000000000000000", "symbol": "ETH", "decimals": 18}}, "marketplace_path": ["blur-aggregator", "blur"], "fees": [{"fee_type": "royalty", "recipient": "0x6650dc11f439f14d4dfbea75233bd9b0099a0647", "bps": 50, "price": {"value": 0.0012, "raw_value": 1200000000000000, "usd": 4.25989, "payment_token": {"address": "0x0000000000000000000000000000000000000000", "symbol": "ETH", "decimals": 18}}}], "trait_offer_target": null}, {"blockchain": "ETH", "sender": {"address": "0xc2784a8e641b5e078a7351ef0d8f60f00632b5f7", "ens": null, "is_whale": false, "blockchain": "ETH", "is_contract": false, "is_blue_chip_holder": false, "is_super_blue_chip_holder": false, "is_multi_sign_wallet": false, "das": null, "alias": null}, "receiver": {"address": "0x5c90f15144ca4959a9990442e4121a2343d5771f", "ens": "pengyuchang.eth", "is_whale": false, "blockchain": "ETH", "is_contract": false, "is_blue_chip_holder": false, "is_super_blue_chip_holder": false, "is_multi_sign_wallet": false, "das": null, "alias": "pengyuchang.eth"}, "event": "sale", "quantity": 1, "tx_hash": "0xe7fd1578babbf9949681dcf4c810e9fe1e4a29841ca71ba2741286598b15d6c6", "time": 1705071935, "nft": {"contract_address": "0xc274a97f1691ef390f662067e95a6eff1f99b504", "token_id": "5379", "name": "TinFun #5379", "blockchain": "ETH", "image": "https://lh3.googleusercontent.com/D3zNj-hGU4176euJ9eHRf6ubU46ytlD0Z1PXU8dF_kYLx5TrnsRL5CuD_5xPLOhMFuzbizgoMNwuYXvre9fO3yeyx87Dbru9Kr4N", "contract_type": "ERC721"}, "collection": {"collection_id": "65a13036c284b18008bd25b7", "name": "TinFun", "logo": "https://i.seadn.io/s/raw/files/a531bedf317b5ffe5a35d559b5c94cd9.jpg?w=500&auto=format", "slug": "tin-fun"}, "gas_fee": {"value": 0.0058, "raw_value": 5800000000000000, "usd": 15.6294, "payment_token": {"address": "0x0000000000000000000000000000000000000000", "symbol": "ETH", "decimals": 18}}, "price": {"value": 0.88, "raw_value": 880000000000000000, "usd": 2381.9293463457543, "payment_token": {"address": "0x0000000000000000000000000000000000000000", "symbol": "ETH", "decimals": 18}}, "marketplace_path": ["opensea"], "fees": [{"fee_type": "royalty", "recipient": "0x6650dc11f439f14d4dfbea75233bd9b0099a0647", "bps": 500, "price": {"value": 0.044, "raw_value": 44000000000000000, "usd": 116.617973, "payment_token": {"address": "0x0000000000000000000000000000000000000000", "symbol": "ETH", "decimals": 18}}}], "trait_offer_target": null}]