[{"blockchain": "ETH", "sender": {"address": "0xace354020076d59e4920cc9f271e5a151014e760", "ens": "oasiseth.eth", "is_whale": false, "blockchain": "ETH", "is_contract": false, "is_blue_chip_holder": false, "is_super_blue_chip_holder": false, "is_multi_sign_wallet": false, "das": null, "alias": "oasiseth.eth"}, "receiver": {"address": "0x61e74b3403ed2d28ba87ebede344c2e4ae3bde64", "ens": null, "is_whale": false, "blockchain": "ETH", "is_contract": false, "is_blue_chip_holder": false, "is_super_blue_chip_holder": false, "is_multi_sign_wallet": false, "das": null, "alias": null}, "event": "sale", "quantity": 1, "tx_hash": "0x33593250def6f227994fffbcc0b005c71dde4091d3d600009ff886ecb71ed7df", "time": 1706599067, "nft": {"contract_address": "0xc274a97f1691ef390f662067e95a6eff1f99b504", "token_id": "2185", "name": "TinFun #2185", "blockchain": "ETH", "image": "https://lh3.googleusercontent.com/klpX06Un1iWdh73FCglLXwpPs2a-raxC5tm-29w-vO-UhyKrf1rwvnyi475cHeVHc1_Keyp0Csi1QV1ocbA2Yy8wbjGzZ2qj4A", "contract_type": "ERC721"}, "collection": {"collection_id": "65a13036c284b18008bd25b7", "name": "TinFun", "logo": "https://i.seadn.io/s/raw/files/a531bedf317b5ffe5a35d559b5c94cd9.jpg?w=500&auto=format", "slug": "tin-fun"}, "gas_fee": {"value": 0.0174, "raw_value": 17399999999999998, "usd": 40.0768, "payment_token": {"address": "0x0000000000000000000000000000000000000000", "symbol": "ETH", "decimals": 18}}, "price": {"value": 0.56, "raw_value": 560000000000000000, "usd": 1290.176370565627, "payment_token": {"address": "0x0000000000000000000000000000000000000000", "symbol": "ETH", "decimals": 18}}, "marketplace_path": ["blur-aggregator", "blur"], "fees": [{"fee_type": "royalty", "recipient": "0x6650dc11f439f14d4dfbea75233bd9b0099a0647", "bps": 50, "price": {"value": 0.0028, "raw_value": 2800000000000000, "usd": 6.47124, "payment_token": {"address": "0x0000000000000000000000000000000000000000", "symbol": "ETH", "decimals": 18}}}], "trait_offer_target": null}, {"blockchain": "ETH", "sender": {"address": "0x64e5aa4ef02b4c2f05cc2bf31b0d45f8abb646dc", "ens": null, "is_whale": false, "blockchain": "ETH", "is_contract": false, "is_blue_chip_holder": false, "is_super_blue_chip_holder": false, "is_multi_sign_wallet": false, "das": null, "alias": null}, "receiver": {"address": "0xace354020076d59e4920cc9f271e5a151014e760", "ens": "oasiseth.eth", "is_whale": false, "blockchain": "ETH", "is_contract": false, "is_blue_chip_holder": false, "is_super_blue_chip_holder": false, "is_multi_sign_wallet": false, "das": null, "alias": "oasiseth.eth"}, "event": "sale", "quantity": 1, "tx_hash": "0x8dd85bc67dba534ac4236eed7522edc0fe22f9d470628e0ccf16b752a147a5ca", "time": 1705073675, "nft": {"contract_address": "0xc274a97f1691ef390f662067e95a6eff1f99b504", "token_id": "2185", "name": "TinFun #2185", "blockchain": "ETH", "image": "https://lh3.googleusercontent.com/klpX06Un1iWdh73FCglLXwpPs2a-raxC5tm-29w-vO-UhyKrf1rwvnyi475cHeVHc1_Keyp0Csi1QV1ocbA2Yy8wbjGzZ2qj4A", "contract_type": "ERC721"}, "collection": {"collection_id": "65a13036c284b18008bd25b7", "name": "TinFun", "logo": "https://i.seadn.io/s/raw/files/a531bedf317b5ffe5a35d559b5c94cd9.jpg?w=500&auto=format", "slug": "tin-fun"}, "gas_fee": {"value": 0.0087, "raw_value": 8699999999999999, "usd": 23.5928, "payment_token": {"address": "0x0000000000000000000000000000000000000000", "symbol": "ETH", "decimals": 18}}, "price": {"value": 0.835, "raw_value": 835000000000000000, "usd": 2260.126141134892, "payment_token": {"address": "0x0000000000000000000000000000000000000000", "symbol": "ETH", "decimals": 18}}, "marketplace_path": ["blur-aggregator", "blur"], "fees": [{"fee_type": "royalty", "recipient": "0x6650dc11f439f14d4dfbea75233bd9b0099a0647", "bps": 500, "price": {"value": 0.04175, "raw_value": 41750000000000000, "usd": 110.654554, "payment_token": {"address": "0x0000000000000000000000000000000000000000", "symbol": "ETH", "decimals": 18}}}], "trait_offer_target": null}]