[{"blockchain": "ETH", "sender": {"address": "0xbda1741c86954e6022701881965a9047caf2c6a4", "ens": null, "is_whale": false, "blockchain": "ETH", "is_contract": false, "is_blue_chip_holder": false, "is_super_blue_chip_holder": false, "is_multi_sign_wallet": false, "das": null, "alias": null}, "receiver": {"address": "0x8177e9fa379b85e01b2b30140ddc446b9875106a", "ens": null, "is_whale": false, "blockchain": "ETH", "is_contract": true, "is_blue_chip_holder": false, "is_super_blue_chip_holder": false, "is_multi_sign_wallet": false, "das": null, "alias": null}, "event": "transfer", "quantity": 1, "tx_hash": "0x765f8e47dc6d780c6675066ec9a4fa9a4f3f483f68f2b8b9544f95f54abb8e83", "time": 1713345899, "nft": {"contract_address": "0xc274a97f1691ef390f662067e95a6eff1f99b504", "token_id": "5482", "name": "TinFun #5482", "blockchain": "ETH", "image": "https://lh3.googleusercontent.com/oEx2pjl5h38Or92PMdlGWGGSE-Em-nYO4qLwupzYbT-UzgG_u7ofry06Uk_M_tao8hkrURywltBDQiGrdsOV9-8QmOWesD9-QMg", "contract_type": "ERC721"}, "collection": {"collection_id": "65a13036c284b18008bd25b7", "name": "TinFun", "logo": "https://i.seadn.io/s/raw/files/a531bedf317b5ffe5a35d559b5c94cd9.jpg?w=500&auto=format", "slug": "tin-fun"}, "gas_fee": {"value": 0.0033, "raw_value": 3300000000000000, "usd": 9.9994, "payment_token": {"address": "0x0000000000000000000000000000000000000000", "symbol": "ETH", "decimals": 18}}, "price": null, "marketplace_path": [], "fees": [], "trait_offer_target": null}, {"blockchain": "ETH", "sender": {"address": "0xfd799bba81e50ad573a02106afa9ee312fd716f3", "ens": null, "is_whale": false, "blockchain": "ETH", "is_contract": false, "is_blue_chip_holder": false, "is_super_blue_chip_holder": false, "is_multi_sign_wallet": false, "das": null, "alias": null}, "receiver": {"address": "0xbda1741c86954e6022701881965a9047caf2c6a4", "ens": null, "is_whale": false, "blockchain": "ETH", "is_contract": false, "is_blue_chip_holder": false, "is_super_blue_chip_holder": false, "is_multi_sign_wallet": false, "das": null, "alias": null}, "event": "transfer", "quantity": 1, "tx_hash": "0xb7c7d1a8201d56027e93b67d5d3edb1624dc31997f21a37e6fb1a98c2388551c", "time": 1705102235, "nft": {"contract_address": "0xc274a97f1691ef390f662067e95a6eff1f99b504", "token_id": "5482", "name": "TinFun #5482", "blockchain": "ETH", "image": "https://lh3.googleusercontent.com/oEx2pjl5h38Or92PMdlGWGGSE-Em-nYO4qLwupzYbT-UzgG_u7ofry06Uk_M_tao8hkrURywltBDQiGrdsOV9-8QmOWesD9-QMg", "contract_type": "ERC721"}, "collection": {"collection_id": "65a13036c284b18008bd25b7", "name": "TinFun", "logo": "https://i.seadn.io/s/raw/files/a531bedf317b5ffe5a35d559b5c94cd9.jpg?w=500&auto=format", "slug": "tin-fun"}, "gas_fee": {"value": 0.0024, "raw_value": 2400000000000000, "usd": 6.092, "payment_token": {"address": "0x0000000000000000000000000000000000000000", "symbol": "ETH", "decimals": 18}}, "price": null, "marketplace_path": [], "fees": [], "trait_offer_target": null}]