[{"blockchain": "ETH", "sender": {"address": "0x2e4a55927e6c3b23257deaf3ef33311c549148f2", "ens": null, "is_whale": false, "blockchain": "ETH", "is_contract": false, "is_blue_chip_holder": false, "is_super_blue_chip_holder": false, "is_multi_sign_wallet": false, "das": null, "alias": null}, "receiver": {"address": "0x8177e9fa379b85e01b2b30140ddc446b9875106a", "ens": null, "is_whale": false, "blockchain": "ETH", "is_contract": true, "is_blue_chip_holder": false, "is_super_blue_chip_holder": false, "is_multi_sign_wallet": false, "das": null, "alias": null}, "event": "transfer", "quantity": 1, "tx_hash": "0x3a6dcb2a60431255b659d0901e44825feb6890aae5cbff792521444275aa2c81", "time": 1712933471, "nft": {"contract_address": "0xc274a97f1691ef390f662067e95a6eff1f99b504", "token_id": "7578", "name": "TinFun #7578", "blockchain": "ETH", "image": "https://lh3.googleusercontent.com/voMeHNY6fnnAc4S2Xko74pm3lIonE7S516jNxmIwGiu8URfuyGAPQJgyPbmwGkbX1o4BhFIvyOT2Tsu_JBG3JVzmLNVB_pwN8Q", "contract_type": "ERC721"}, "collection": {"collection_id": "65a13036c284b18008bd25b7", "name": "TinFun", "logo": "https://i.seadn.io/s/raw/files/a531bedf317b5ffe5a35d559b5c94cd9.jpg?w=500&auto=format", "slug": "tin-fun"}, "gas_fee": {"value": 0.0079, "raw_value": 7900000000000001, "usd": 27.3177, "payment_token": {"address": "0x0000000000000000000000000000000000000000", "symbol": "ETH", "decimals": 18}}, "price": null, "marketplace_path": [], "fees": [], "trait_offer_target": null}, {"blockchain": "ETH", "sender": {"address": "0xc00df681ca6210048a1e4da5f9ae0d20182b0cc7", "ens": null, "is_whale": false, "blockchain": "ETH", "is_contract": false, "is_blue_chip_holder": false, "is_super_blue_chip_holder": false, "is_multi_sign_wallet": false, "das": null, "alias": null}, "receiver": {"address": "0x2e4a55927e6c3b23257deaf3ef33311c549148f2", "ens": null, "is_whale": false, "blockchain": "ETH", "is_contract": false, "is_blue_chip_holder": false, "is_super_blue_chip_holder": false, "is_multi_sign_wallet": false, "das": null, "alias": null}, "event": "sale", "quantity": 1, "tx_hash": "0xb570a8e7e4c14a99b39d2ca941a9f567ae78075eb29a6e6ed5c40f2a77d9b5e4", "time": 1707396635, "nft": {"contract_address": "0xc274a97f1691ef390f662067e95a6eff1f99b504", "token_id": "7578", "name": "TinFun #7578", "blockchain": "ETH", "image": "https://lh3.googleusercontent.com/voMeHNY6fnnAc4S2Xko74pm3lIonE7S516jNxmIwGiu8URfuyGAPQJgyPbmwGkbX1o4BhFIvyOT2Tsu_JBG3JVzmLNVB_pwN8Q", "contract_type": "ERC721"}, "collection": {"collection_id": "65a13036c284b18008bd25b7", "name": "TinFun", "logo": "https://i.seadn.io/s/raw/files/a531bedf317b5ffe5a35d559b5c94cd9.jpg?w=500&auto=format", "slug": "tin-fun"}, "gas_fee": {"value": 0.0106, "raw_value": 10600000000000000, "usd": 25.7678, "payment_token": {"address": "0x0000000000000000000000000000000000000000", "symbol": "ETH", "decimals": 18}}, "price": {"value": 0.58, "raw_value": 580000000000000000, "usd": 1406.133470589163, "payment_token": {"address": "0x0000000000000000000000000000000000000000", "symbol": "ETH", "decimals": 18}}, "marketplace_path": ["blur-aggregator", "blur"], "fees": [{"fee_type": "royalty", "recipient": "0x6650dc11f439f14d4dfbea75233bd9b0099a0647", "bps": 50, "price": {"value": 0.0029, "raw_value": 2900000000000000, "usd": 7.027053, "payment_token": {"address": "0x0000000000000000000000000000000000000000", "symbol": "ETH", "decimals": 18}}}], "trait_offer_target": null}, {"blockchain": "ETH", "sender": {"address": "0xcabe2da40b2b3f02f219ba3ca6ebe17d8e796eb3", "ens": null, "is_whale": false, "blockchain": "ETH", "is_contract": false, "is_blue_chip_holder": false, "is_super_blue_chip_holder": false, "is_multi_sign_wallet": false, "das": null, "alias": null}, "receiver": {"address": "0xc00df681ca6210048a1e4da5f9ae0d20182b0cc7", "ens": null, "is_whale": false, "blockchain": "ETH", "is_contract": false, "is_blue_chip_holder": false, "is_super_blue_chip_holder": false, "is_multi_sign_wallet": false, "das": null, "alias": null}, "event": "transfer", "quantity": 1, "tx_hash": "0x3b3e5f0617f9dc91d15eb7c2036604c222f8d1a91767d1cccf521aca55e7165e", "time": 1705144355, "nft": {"contract_address": "0xc274a97f1691ef390f662067e95a6eff1f99b504", "token_id": "7578", "name": "TinFun #7578", "blockchain": "ETH", "image": "https://lh3.googleusercontent.com/voMeHNY6fnnAc4S2Xko74pm3lIonE7S516jNxmIwGiu8URfuyGAPQJgyPbmwGkbX1o4BhFIvyOT2Tsu_JBG3JVzmLNVB_pwN8Q", "contract_type": "ERC721"}, "collection": {"collection_id": "65a13036c284b18008bd25b7", "name": "TinFun", "logo": "https://i.seadn.io/s/raw/files/a531bedf317b5ffe5a35d559b5c94cd9.jpg?w=500&auto=format", "slug": "tin-fun"}, "gas_fee": {"value": 0.0008, "raw_value": 800000000000000, "usd": 1.9046, "payment_token": {"address": "0x0000000000000000000000000000000000000000", "symbol": "ETH", "decimals": 18}}, "price": null, "marketplace_path": [], "fees": [], "trait_offer_target": null}]