[{"blockchain": "ETH", "sender": {"address": "0x207053a23d86fe3697dc073461f293894a931a72", "ens": "0098k.eth", "is_whale": false, "blockchain": "ETH", "is_contract": false, "is_blue_chip_holder": false, "is_super_blue_chip_holder": false, "is_multi_sign_wallet": false, "das": null, "alias": "0098k.eth"}, "receiver": {"address": "0x8177e9fa379b85e01b2b30140ddc446b9875106a", "ens": null, "is_whale": false, "blockchain": "ETH", "is_contract": true, "is_blue_chip_holder": false, "is_super_blue_chip_holder": false, "is_multi_sign_wallet": false, "das": null, "alias": null}, "event": "transfer", "quantity": 1, "tx_hash": "0x50c69c00464413bd8ebefe7cf11269122d226e96649ca517188641899c040775", "time": 1712842487, "nft": {"contract_address": "0xc274a97f1691ef390f662067e95a6eff1f99b504", "token_id": "1906", "name": "TinFun #1906", "blockchain": "ETH", "image": "https://lh3.googleusercontent.com/PgzwrDYUUvbrQrWh2TupPahpnyaJaMlHnop5_2tPJt9H9n2chSuD_e-R1POmuN2QiEbyhrRMCT27_Gw1LNFCVK-SitvH_NKGvXt2", "contract_type": "ERC721"}, "collection": {"collection_id": "65a13036c284b18008bd25b7", "name": "TinFun", "logo": "https://i.seadn.io/s/raw/files/a531bedf317b5ffe5a35d559b5c94cd9.jpg?w=500&auto=format", "slug": "tin-fun"}, "gas_fee": {"value": 0.0049, "raw_value": 4900000000000000, "usd": 17.3205, "payment_token": {"address": "0x0000000000000000000000000000000000000000", "symbol": "ETH", "decimals": 18}}, "price": null, "marketplace_path": [], "fees": [], "trait_offer_target": null}, {"blockchain": "ETH", "sender": {"address": "0x0b7d81e5dd8b8a5c3a638314e5e31f88045b71e5", "ens": null, "is_whale": false, "blockchain": "ETH", "is_contract": false, "is_blue_chip_holder": false, "is_super_blue_chip_holder": false, "is_multi_sign_wallet": false, "das": null, "alias": null}, "receiver": {"address": "0x207053a23d86fe3697dc073461f293894a931a72", "ens": "0098k.eth", "is_whale": false, "blockchain": "ETH", "is_contract": false, "is_blue_chip_holder": false, "is_super_blue_chip_holder": false, "is_multi_sign_wallet": false, "das": null, "alias": "0098k.eth"}, "event": "sale", "quantity": 1, "tx_hash": "0xd8971351151f94dc7e9a73c94e6987cbe70198385eb758803d04fc9e81fa6133", "time": 1709299667, "nft": {"contract_address": "0xc274a97f1691ef390f662067e95a6eff1f99b504", "token_id": "1906", "name": "TinFun #1906", "blockchain": "ETH", "image": "https://lh3.googleusercontent.com/PgzwrDYUUvbrQrWh2TupPahpnyaJaMlHnop5_2tPJt9H9n2chSuD_e-R1POmuN2QiEbyhrRMCT27_Gw1LNFCVK-SitvH_NKGvXt2", "contract_type": "ERC721"}, "collection": {"collection_id": "65a13036c284b18008bd25b7", "name": "TinFun", "logo": "https://i.seadn.io/s/raw/files/a531bedf317b5ffe5a35d559b5c94cd9.jpg?w=500&auto=format", "slug": "tin-fun"}, "gas_fee": {"value": 0.0092, "raw_value": 9200000000000000, "usd": 31.5514, "payment_token": {"address": "0x0000000000000000000000000000000000000000", "symbol": "ETH", "decimals": 18}}, "price": {"value": 0.2599, "raw_value": 259900000000000000, "usd": 889.9561315013627, "payment_token": {"address": "0x0000000000000000000000000000000000000000", "symbol": "ETH", "decimals": 18}}, "marketplace_path": ["blur-aggregator", "blur"], "fees": [{"fee_type": "royalty", "recipient": "0x6650dc11f439f14d4dfbea75233bd9b0099a0647", "bps": 50, "price": {"value": 0.0013, "raw_value": 1299500000000000, "usd": 4.43054, "payment_token": {"address": "0x0000000000000000000000000000000000000000", "symbol": "ETH", "decimals": 18}}}], "trait_offer_target": null}, {"blockchain": "ETH", "sender": {"address": "0xb189b9f0bfce11cedd5bac2284365ab481067d86", "ens": "mabon.eth", "is_whale": false, "blockchain": "ETH", "is_contract": false, "is_blue_chip_holder": false, "is_super_blue_chip_holder": false, "is_multi_sign_wallet": false, "das": null, "alias": "mabon.eth"}, "receiver": {"address": "0x0b7d81e5dd8b8a5c3a638314e5e31f88045b71e5", "ens": null, "is_whale": false, "blockchain": "ETH", "is_contract": false, "is_blue_chip_holder": false, "is_super_blue_chip_holder": false, "is_multi_sign_wallet": false, "das": null, "alias": null}, "event": "sale", "quantity": 1, "tx_hash": "0x155c49c1920ff2f00c3fbc56c07994c0d48f2d55f328896c813b66a1c35bf07d", "time": 1709141147, "nft": {"contract_address": "0xc274a97f1691ef390f662067e95a6eff1f99b504", "token_id": "1906", "name": "TinFun #1906", "blockchain": "ETH", "image": "https://lh3.googleusercontent.com/PgzwrDYUUvbrQrWh2TupPahpnyaJaMlHnop5_2tPJt9H9n2chSuD_e-R1POmuN2QiEbyhrRMCT27_Gw1LNFCVK-SitvH_NKGvXt2", "contract_type": "ERC721"}, "collection": {"collection_id": "65a13036c284b18008bd25b7", "name": "TinFun", "logo": "https://i.seadn.io/s/raw/files/a531bedf317b5ffe5a35d559b5c94cd9.jpg?w=500&auto=format", "slug": "tin-fun"}, "gas_fee": {"value": 0.2958, "raw_value": 295800000000000000, "usd": 1013.7283, "payment_token": {"address": "0x0000000000000000000000000000000000000000", "symbol": "ETH", "decimals": 18}}, "price": {"value": 0.26, "raw_value": 260000000000000000, "usd": 891.0655457891504, "payment_token": {"address": "0x0000000000000000000000000000000000000000", "symbol": "ETH", "decimals": 18}}, "marketplace_path": ["blur"], "fees": [{"fee_type": "royalty", "recipient": "0x6650dc11f439f14d4dfbea75233bd9b0099a0647", "bps": 50, "price": {"value": 0.0013, "raw_value": 1300000000000000, "usd": 4.364899, "payment_token": {"address": "0x0000000000a39bb272e79075ade125fd351887ac", "symbol": "BETH", "decimals": 18}}}], "trait_offer_target": null}]