[{"blockchain": "ETH", "sender": {"address": "0xdb9b4f23f19438e8085b4ffa795fe7e2cd142b83", "ens": null, "is_whale": false, "blockchain": "ETH", "is_contract": false, "is_blue_chip_holder": false, "is_super_blue_chip_holder": false, "is_multi_sign_wallet": false, "das": null, "alias": null}, "receiver": {"address": "0x8177e9fa379b85e01b2b30140ddc446b9875106a", "ens": null, "is_whale": false, "blockchain": "ETH", "is_contract": true, "is_blue_chip_holder": false, "is_super_blue_chip_holder": false, "is_multi_sign_wallet": false, "das": null, "alias": null}, "event": "transfer", "quantity": 1, "tx_hash": "0x6a25646c1bce0b64f8cea50d5fd2b30a5620f36562f94e9484eefc190566d9b4", "time": 1711700447, "nft": {"contract_address": "0xc274a97f1691ef390f662067e95a6eff1f99b504", "token_id": "1029", "name": "TinFun #1029", "blockchain": "ETH", "image": "https://lh3.googleusercontent.com/siM7FXArkD_B7U2dbAIi6glkWMm8nxubX-Nqobm6MZuTqtEwjdCK_0pxC2d55T51OhjfdVMZjcUJNQ3EFVKwloLB1u9NqYC-gHxh", "contract_type": "ERC721"}, "collection": {"collection_id": "65a13036c284b18008bd25b7", "name": "TinFun", "logo": "https://i.seadn.io/s/raw/files/a531bedf317b5ffe5a35d559b5c94cd9.jpg?w=500&auto=format", "slug": "tin-fun"}, "gas_fee": {"value": 0.0023, "raw_value": 2300000000000000, "usd": 8.0141, "payment_token": {"address": "0x0000000000000000000000000000000000000000", "symbol": "ETH", "decimals": 18}}, "price": null, "marketplace_path": [], "fees": [], "trait_offer_target": null}, {"blockchain": "ETH", "sender": {"address": "0x54a1cc0a049152cce886bdb60817c1cfcdcc02c0", "ens": null, "is_whale": false, "blockchain": "ETH", "is_contract": false, "is_blue_chip_holder": false, "is_super_blue_chip_holder": false, "is_multi_sign_wallet": false, "das": null, "alias": null}, "receiver": {"address": "0xdb9b4f23f19438e8085b4ffa795fe7e2cd142b83", "ens": null, "is_whale": false, "blockchain": "ETH", "is_contract": false, "is_blue_chip_holder": false, "is_super_blue_chip_holder": false, "is_multi_sign_wallet": false, "das": null, "alias": null}, "event": "sale", "quantity": 1, "tx_hash": "0x8ba206ca1159cb1222e1c7a775d9d1fd7897657a4bfb6e2bddda20a5a739d9d5", "time": 1711074587, "nft": {"contract_address": "0xc274a97f1691ef390f662067e95a6eff1f99b504", "token_id": "1029", "name": "TinFun #1029", "blockchain": "ETH", "image": "https://lh3.googleusercontent.com/siM7FXArkD_B7U2dbAIi6glkWMm8nxubX-Nqobm6MZuTqtEwjdCK_0pxC2d55T51OhjfdVMZjcUJNQ3EFVKwloLB1u9NqYC-gHxh", "contract_type": "ERC721"}, "collection": {"collection_id": "65a13036c284b18008bd25b7", "name": "TinFun", "logo": "https://i.seadn.io/s/raw/files/a531bedf317b5ffe5a35d559b5c94cd9.jpg?w=500&auto=format", "slug": "tin-fun"}, "gas_fee": {"value": 0.0045, "raw_value": 4499999999999999, "usd": 15.4455, "payment_token": {"address": "0x0000000000000000000000000000000000000000", "symbol": "ETH", "decimals": 18}}, "price": {"value": 0.14, "raw_value": 140000000000000000, "usd": 484.8517216591265, "payment_token": {"address": "0x0000000000000000000000000000000000000000", "symbol": "ETH", "decimals": 18}}, "marketplace_path": ["blur-aggregator", "blur"], "fees": [{"fee_type": "royalty", "recipient": "0x6650dc11f439f14d4dfbea75233bd9b0099a0647", "bps": 50, "price": {"value": 0.0007, "raw_value": 700000000000000, "usd": 2.445029, "payment_token": {"address": "0x0000000000000000000000000000000000000000", "symbol": "ETH", "decimals": 18}}}], "trait_offer_target": null}, {"blockchain": "ETH", "sender": {"address": "0x5f1ee29361206f1a129e808736f11598356c6031", "ens": "\u5c0f\u79b9\u79d1\u6280.eth", "is_whale": false, "blockchain": "ETH", "is_contract": false, "is_blue_chip_holder": false, "is_super_blue_chip_holder": false, "is_multi_sign_wallet": false, "das": null, "alias": "\u5c0f\u79b9\u79d1\u6280.eth"}, "receiver": {"address": "0x54a1cc0a049152cce886bdb60817c1cfcdcc02c0", "ens": null, "is_whale": false, "blockchain": "ETH", "is_contract": false, "is_blue_chip_holder": false, "is_super_blue_chip_holder": false, "is_multi_sign_wallet": false, "das": null, "alias": null}, "event": "sale", "quantity": 1, "tx_hash": "0x63cc03e5e9a0e592d205f1ed80e4063075496a15b5424b6beac10180640ea883", "time": 1711060451, "nft": {"contract_address": "0xc274a97f1691ef390f662067e95a6eff1f99b504", "token_id": "1029", "name": "TinFun #1029", "blockchain": "ETH", "image": "https://lh3.googleusercontent.com/siM7FXArkD_B7U2dbAIi6glkWMm8nxubX-Nqobm6MZuTqtEwjdCK_0pxC2d55T51OhjfdVMZjcUJNQ3EFVKwloLB1u9NqYC-gHxh", "contract_type": "ERC721"}, "collection": {"collection_id": "65a13036c284b18008bd25b7", "name": "TinFun", "logo": "https://i.seadn.io/s/raw/files/a531bedf317b5ffe5a35d559b5c94cd9.jpg?w=500&auto=format", "slug": "tin-fun"}, "gas_fee": {"value": 0.0381, "raw_value": 38100000000000000, "usd": 133.3671, "payment_token": {"address": "0x0000000000000000000000000000000000000000", "symbol": "ETH", "decimals": 18}}, "price": {"value": 0.14, "raw_value": 140000000000000000, "usd": 490.46725229418576, "payment_token": {"address": "0x0000000000000000000000000000000000000000", "symbol": "ETH", "decimals": 18}}, "marketplace_path": ["blur"], "fees": [{"fee_type": "royalty", "recipient": "0x6650dc11f439f14d4dfbea75233bd9b0099a0647", "bps": 50, "price": {"value": 0.0007, "raw_value": 700000000000000, "usd": 2.414622, "payment_token": {"address": "0x0000000000a39bb272e79075ade125fd351887ac", "symbol": "BETH", "decimals": 18}}}], "trait_offer_target": null}, {"blockchain": "ETH", "sender": {"address": "0xe3332080a6e01ae9d6d709269e73a64dac779a98", "ens": null, "is_whale": false, "blockchain": "ETH", "is_contract": false, "is_blue_chip_holder": false, "is_super_blue_chip_holder": false, "is_multi_sign_wallet": false, "das": null, "alias": null}, "receiver": {"address": "0x5f1ee29361206f1a129e808736f11598356c6031", "ens": "\u5c0f\u79b9\u79d1\u6280.eth", "is_whale": false, "blockchain": "ETH", "is_contract": false, "is_blue_chip_holder": false, "is_super_blue_chip_holder": false, "is_multi_sign_wallet": false, "das": null, "alias": "\u5c0f\u79b9\u79d1\u6280.eth"}, "event": "sale", "quantity": 1, "tx_hash": "0x1a40638053d8270cfae6209c2455f56b612cad46e27b84799d1fb4d62c9935f0", "time": 1711058603, "nft": {"contract_address": "0xc274a97f1691ef390f662067e95a6eff1f99b504", "token_id": "1029", "name": "TinFun #1029", "blockchain": "ETH", "image": "https://lh3.googleusercontent.com/siM7FXArkD_B7U2dbAIi6glkWMm8nxubX-Nqobm6MZuTqtEwjdCK_0pxC2d55T51OhjfdVMZjcUJNQ3EFVKwloLB1u9NqYC-gHxh", "contract_type": "ERC721"}, "collection": {"collection_id": "65a13036c284b18008bd25b7", "name": "TinFun", "logo": "https://i.seadn.io/s/raw/files/a531bedf317b5ffe5a35d559b5c94cd9.jpg?w=500&auto=format", "slug": "tin-fun"}, "gas_fee": {"value": 0.0683, "raw_value": 68300000000000000, "usd": 239.2373, "payment_token": {"address": "0x0000000000000000000000000000000000000000", "symbol": "ETH", "decimals": 18}}, "price": {"value": 0.14, "raw_value": 140000000000000000, "usd": 490.46725229418576, "payment_token": {"address": "0x0000000000000000000000000000000000000000", "symbol": "ETH", "decimals": 18}}, "marketplace_path": ["blur"], "fees": [{"fee_type": "royalty", "recipient": "0x6650dc11f439f14d4dfbea75233bd9b0099a0647", "bps": 50, "price": {"value": 0.0007, "raw_value": 700000000000000, "usd": 2.414622, "payment_token": {"address": "0x0000000000a39bb272e79075ade125fd351887ac", "symbol": "BETH", "decimals": 18}}}], "trait_offer_target": null}, {"blockchain": "ETH", "sender": {"address": "0x334c036e3125dcb6d93e9b998f6d9d7a1be4b17f", "ens": "inverted.eth", "is_whale": false, "blockchain": "ETH", "is_contract": false, "is_blue_chip_holder": false, "is_super_blue_chip_holder": false, "is_multi_sign_wallet": false, "das": null, "alias": "inverted.eth"}, "receiver": {"address": "0xe3332080a6e01ae9d6d709269e73a64dac779a98", "ens": null, "is_whale": false, "blockchain": "ETH", "is_contract": false, "is_blue_chip_holder": false, "is_super_blue_chip_holder": false, "is_multi_sign_wallet": false, "das": null, "alias": null}, "event": "sale", "quantity": 1, "tx_hash": "0x44976978581843d4bf73a081f254317c239f9a579b592081e2f449be5d29f42f", "time": 1709604839, "nft": {"contract_address": "0xc274a97f1691ef390f662067e95a6eff1f99b504", "token_id": "1029", "name": "TinFun #1029", "blockchain": "ETH", "image": "https://lh3.googleusercontent.com/siM7FXArkD_B7U2dbAIi6glkWMm8nxubX-Nqobm6MZuTqtEwjdCK_0pxC2d55T51OhjfdVMZjcUJNQ3EFVKwloLB1u9NqYC-gHxh", "contract_type": "ERC721"}, "collection": {"collection_id": "65a13036c284b18008bd25b7", "name": "TinFun", "logo": "https://i.seadn.io/s/raw/files/a531bedf317b5ffe5a35d559b5c94cd9.jpg?w=500&auto=format", "slug": "tin-fun"}, "gas_fee": {"value": 0.0221, "raw_value": 22100000000000000, "usd": 80.8143, "payment_token": {"address": "0x0000000000000000000000000000000000000000", "symbol": "ETH", "decimals": 18}}, "price": {"value": 0.23, "raw_value": 230000000000000000, "usd": 839.3811485099931, "payment_token": {"address": "0x0000000000000000000000000000000000000000", "symbol": "ETH", "decimals": 18}}, "marketplace_path": ["blur"], "fees": [{"fee_type": "royalty", "recipient": "0x6650dc11f439f14d4dfbea75233bd9b0099a0647", "bps": 50, "price": {"value": 0.00115, "raw_value": 1150000000000000, "usd": 4.176718, "payment_token": {"address": "0x0000000000a39bb272e79075ade125fd351887ac", "symbol": "BETH", "decimals": 18}}}], "trait_offer_target": null}, {"blockchain": "ETH", "sender": {"address": "0x25b80eea4d00e3d58866e55f22052114d67693a6", "ens": null, "is_whale": false, "blockchain": "ETH", "is_contract": false, "is_blue_chip_holder": false, "is_super_blue_chip_holder": false, "is_multi_sign_wallet": false, "das": null, "alias": null}, "receiver": {"address": "0x334c036e3125dcb6d93e9b998f6d9d7a1be4b17f", "ens": "inverted.eth", "is_whale": false, "blockchain": "ETH", "is_contract": false, "is_blue_chip_holder": false, "is_super_blue_chip_holder": false, "is_multi_sign_wallet": false, "das": null, "alias": "inverted.eth"}, "event": "sale", "quantity": 1, "tx_hash": "0xe00b43a15340d015cdda4fc40f77933e260f08c7fc4e3d29532039ce0dee66f5", "time": 1709118755, "nft": {"contract_address": "0xc274a97f1691ef390f662067e95a6eff1f99b504", "token_id": "1029", "name": "TinFun #1029", "blockchain": "ETH", "image": "https://lh3.googleusercontent.com/siM7FXArkD_B7U2dbAIi6glkWMm8nxubX-Nqobm6MZuTqtEwjdCK_0pxC2d55T51OhjfdVMZjcUJNQ3EFVKwloLB1u9NqYC-gHxh", "contract_type": "ERC721"}, "collection": {"collection_id": "65a13036c284b18008bd25b7", "name": "TinFun", "logo": "https://i.seadn.io/s/raw/files/a531bedf317b5ffe5a35d559b5c94cd9.jpg?w=500&auto=format", "slug": "tin-fun"}, "gas_fee": {"value": 0.0442, "raw_value": 44200000000000000, "usd": 147.8938, "payment_token": {"address": "0x0000000000000000000000000000000000000000", "symbol": "ETH", "decimals": 18}}, "price": {"value": 0.28, "raw_value": 280000000000000000, "usd": 936.9596549301757, "payment_token": {"address": "0x0000000000000000000000000000000000000000", "symbol": "ETH", "decimals": 18}}, "marketplace_path": ["blur"], "fees": [{"fee_type": "royalty", "recipient": "0x6650dc11f439f14d4dfbea75233bd9b0099a0647", "bps": 50, "price": {"value": 0.0014, "raw_value": 1400000000000000, "usd": 4.665351, "payment_token": {"address": "0x0000000000a39bb272e79075ade125fd351887ac", "symbol": "BETH", "decimals": 18}}}], "trait_offer_target": null}, {"blockchain": "ETH", "sender": {"address": "0x397b032bd5320662c9ea935e4c00ddcfcb3a3ba3", "ens": "\u5e7f\u544a\u4f4d5e\u4e00\u6708.eth", "is_whale": false, "blockchain": "ETH", "is_contract": false, "is_blue_chip_holder": false, "is_super_blue_chip_holder": false, "is_multi_sign_wallet": false, "das": null, "alias": "\u5e7f\u544a\u4f4d5e\u4e00\u6708.eth"}, "receiver": {"address": "0x25b80eea4d00e3d58866e55f22052114d67693a6", "ens": null, "is_whale": false, "blockchain": "ETH", "is_contract": false, "is_blue_chip_holder": false, "is_super_blue_chip_holder": false, "is_multi_sign_wallet": false, "das": null, "alias": null}, "event": "sale", "quantity": 1, "tx_hash": "0x6f11fd67d15c47cf3942492ba3678dfafed17146584a9a6222a622b02ef3857f", "time": 1708830083, "nft": {"contract_address": "0xc274a97f1691ef390f662067e95a6eff1f99b504", "token_id": "1029", "name": "TinFun #1029", "blockchain": "ETH", "image": "https://lh3.googleusercontent.com/siM7FXArkD_B7U2dbAIi6glkWMm8nxubX-Nqobm6MZuTqtEwjdCK_0pxC2d55T51OhjfdVMZjcUJNQ3EFVKwloLB1u9NqYC-gHxh", "contract_type": "ERC721"}, "collection": {"collection_id": "65a13036c284b18008bd25b7", "name": "TinFun", "logo": "https://i.seadn.io/s/raw/files/a531bedf317b5ffe5a35d559b5c94cd9.jpg?w=500&auto=format", "slug": "tin-fun"}, "gas_fee": {"value": 0.0112, "raw_value": 11200000000000000, "usd": 33.8959, "payment_token": {"address": "0x0000000000000000000000000000000000000000", "symbol": "ETH", "decimals": 18}}, "price": {"value": 0.34, "raw_value": 340000000000000000, "usd": 1030.34895922454, "payment_token": {"address": "0x0000000000000000000000000000000000000000", "symbol": "ETH", "decimals": 18}}, "marketplace_path": ["blur"], "fees": [{"fee_type": "royalty", "recipient": "0x6650dc11f439f14d4dfbea75233bd9b0099a0647", "bps": 50, "price": {"value": 0.0017, "raw_value": 1700000000000000, "usd": 5.090925, "payment_token": {"address": "0x0000000000a39bb272e79075ade125fd351887ac", "symbol": "BETH", "decimals": 18}}}], "trait_offer_target": null}, {"blockchain": "ETH", "sender": {"address": "0x76cd867174c2300b36819ab7d47c12408949ffd6", "ens": null, "is_whale": false, "blockchain": "ETH", "is_contract": false, "is_blue_chip_holder": false, "is_super_blue_chip_holder": false, "is_multi_sign_wallet": false, "das": null, "alias": null}, "receiver": {"address": "0x397b032bd5320662c9ea935e4c00ddcfcb3a3ba3", "ens": "\u5e7f\u544a\u4f4d5e\u4e00\u6708.eth", "is_whale": false, "blockchain": "ETH", "is_contract": false, "is_blue_chip_holder": false, "is_super_blue_chip_holder": false, "is_multi_sign_wallet": false, "das": null, "alias": "\u5e7f\u544a\u4f4d5e\u4e00\u6708.eth"}, "event": "sale", "quantity": 1, "tx_hash": "0xb8ad7f9769e47aa14c3d36a2216836149b30c156fab5ff35a53e91364e635841", "time": 1708825019, "nft": {"contract_address": "0xc274a97f1691ef390f662067e95a6eff1f99b504", "token_id": "1029", "name": "TinFun #1029", "blockchain": "ETH", "image": "https://lh3.googleusercontent.com/siM7FXArkD_B7U2dbAIi6glkWMm8nxubX-Nqobm6MZuTqtEwjdCK_0pxC2d55T51OhjfdVMZjcUJNQ3EFVKwloLB1u9NqYC-gHxh", "contract_type": "ERC721"}, "collection": {"collection_id": "65a13036c284b18008bd25b7", "name": "TinFun", "logo": "https://i.seadn.io/s/raw/files/a531bedf317b5ffe5a35d559b5c94cd9.jpg?w=500&auto=format", "slug": "tin-fun"}, "gas_fee": {"value": 0.0039, "raw_value": 3900000000000000, "usd": 11.783, "payment_token": {"address": "0x0000000000000000000000000000000000000000", "symbol": "ETH", "decimals": 18}}, "price": {"value": 0.34, "raw_value": 340000000000000000, "usd": 1018.1849495133853, "payment_token": {"address": "0x0000000000000000000000000000000000000000", "symbol": "ETH", "decimals": 18}}, "marketplace_path": ["blur"], "fees": [{"fee_type": "royalty", "recipient": "0x6650dc11f439f14d4dfbea75233bd9b0099a0647", "bps": 50, "price": {"value": 0.0017, "raw_value": 1700000000000000, "usd": 5.080449, "payment_token": {"address": "0x0000000000a39bb272e79075ade125fd351887ac", "symbol": "BETH", "decimals": 18}}}], "trait_offer_target": null}, {"blockchain": "ETH", "sender": {"address": "0xc10dc0c635bbdcc4f73503c29150a6adbbbd9a3e", "ens": null, "is_whale": false, "blockchain": "ETH", "is_contract": false, "is_blue_chip_holder": false, "is_super_blue_chip_holder": false, "is_multi_sign_wallet": false, "das": null, "alias": null}, "receiver": {"address": "0x76cd867174c2300b36819ab7d47c12408949ffd6", "ens": null, "is_whale": false, "blockchain": "ETH", "is_contract": false, "is_blue_chip_holder": false, "is_super_blue_chip_holder": false, "is_multi_sign_wallet": false, "das": null, "alias": null}, "event": "sale", "quantity": 1, "tx_hash": "0x0f327831ec367fa60713cc50961dc3c91d97ec714a38f2857331c478422da1b7", "time": 1706684243, "nft": {"contract_address": "0xc274a97f1691ef390f662067e95a6eff1f99b504", "token_id": "1029", "name": "TinFun #1029", "blockchain": "ETH", "image": "https://lh3.googleusercontent.com/siM7FXArkD_B7U2dbAIi6glkWMm8nxubX-Nqobm6MZuTqtEwjdCK_0pxC2d55T51OhjfdVMZjcUJNQ3EFVKwloLB1u9NqYC-gHxh", "contract_type": "ERC721"}, "collection": {"collection_id": "65a13036c284b18008bd25b7", "name": "TinFun", "logo": "https://i.seadn.io/s/raw/files/a531bedf317b5ffe5a35d559b5c94cd9.jpg?w=500&auto=format", "slug": "tin-fun"}, "gas_fee": {"value": 0.0027, "raw_value": 2700000000000000, "usd": 6.2011, "payment_token": {"address": "0x0000000000000000000000000000000000000000", "symbol": "ETH", "decimals": 18}}, "price": {"value": 0.549, "raw_value": 549000000000000000, "usd": 1283.6352142164972, "payment_token": {"address": "0x0000000000000000000000000000000000000000", "symbol": "ETH", "decimals": 18}}, "marketplace_path": ["opensea"], "fees": [{"fee_type": "marketplace", "recipient": "0x0000a26b00c1f0df003000390027140000faa719", "bps": 50, "price": {"value": 0.002745, "raw_value": 2745000000000000, "usd": 6.428874, "payment_token": {"address": "0x0000000000000000000000000000000000000000", "symbol": "ETH", "decimals": 18}}}, {"fee_type": "royalty", "recipient": "0x6650dc11f439f14d4dfbea75233bd9b0099a0647", "bps": 10, "price": {"value": 0.000549, "raw_value": 549000000000000, "usd": 1.285775, "payment_token": {"address": "0x0000000000000000000000000000000000000000", "symbol": "ETH", "decimals": 18}}}], "trait_offer_target": null}, {"blockchain": "ETH", "sender": {"address": "0x5688d6dfcb65187e21a25fe2e71cd56721ef9fe7", "ens": null, "is_whale": false, "blockchain": "ETH", "is_contract": false, "is_blue_chip_holder": false, "is_super_blue_chip_holder": false, "is_multi_sign_wallet": false, "das": null, "alias": null}, "receiver": {"address": "0xc10dc0c635bbdcc4f73503c29150a6adbbbd9a3e", "ens": null, "is_whale": false, "blockchain": "ETH", "is_contract": false, "is_blue_chip_holder": false, "is_super_blue_chip_holder": false, "is_multi_sign_wallet": false, "das": null, "alias": null}, "event": "transfer", "quantity": 1, "tx_hash": "0xa18024e27d4c7b51ece83743d0389057722980f2d1191d6ce828b5433ba01d89", "time": 1706495123, "nft": {"contract_address": "0xc274a97f1691ef390f662067e95a6eff1f99b504", "token_id": "1029", "name": "TinFun #1029", "blockchain": "ETH", "image": "https://lh3.googleusercontent.com/siM7FXArkD_B7U2dbAIi6glkWMm8nxubX-Nqobm6MZuTqtEwjdCK_0pxC2d55T51OhjfdVMZjcUJNQ3EFVKwloLB1u9NqYC-gHxh", "contract_type": "ERC721"}, "collection": {"collection_id": "65a13036c284b18008bd25b7", "name": "TinFun", "logo": "https://i.seadn.io/s/raw/files/a531bedf317b5ffe5a35d559b5c94cd9.jpg?w=500&auto=format", "slug": "tin-fun"}, "gas_fee": {"value": 0.0007, "raw_value": 700000000000000, "usd": 1.4804, "payment_token": {"address": "0x0000000000000000000000000000000000000000", "symbol": "ETH", "decimals": 18}}, "price": null, "marketplace_path": [], "fees": [], "trait_offer_target": null}, {"blockchain": "ETH", "sender": {"address": "0xa3b7e585430f02eeb5d3eadbc47cbeaeb482c033", "ens": "xcal.eth", "is_whale": false, "blockchain": "ETH", "is_contract": false, "is_blue_chip_holder": false, "is_super_blue_chip_holder": false, "is_multi_sign_wallet": false, "das": null, "alias": "xcal.eth"}, "receiver": {"address": "0x5688d6dfcb65187e21a25fe2e71cd56721ef9fe7", "ens": null, "is_whale": false, "blockchain": "ETH", "is_contract": false, "is_blue_chip_holder": false, "is_super_blue_chip_holder": false, "is_multi_sign_wallet": false, "das": null, "alias": null}, "event": "sale", "quantity": 1, "tx_hash": "0x9f35e2c578162da87676f33203a4504d216489fa4cb51158b570141a520e6062", "time": 1706313755, "nft": {"contract_address": "0xc274a97f1691ef390f662067e95a6eff1f99b504", "token_id": "1029", "name": "TinFun #1029", "blockchain": "ETH", "image": "https://lh3.googleusercontent.com/siM7FXArkD_B7U2dbAIi6glkWMm8nxubX-Nqobm6MZuTqtEwjdCK_0pxC2d55T51OhjfdVMZjcUJNQ3EFVKwloLB1u9NqYC-gHxh", "contract_type": "ERC721"}, "collection": {"collection_id": "65a13036c284b18008bd25b7", "name": "TinFun", "logo": "https://i.seadn.io/s/raw/files/a531bedf317b5ffe5a35d559b5c94cd9.jpg?w=500&auto=format", "slug": "tin-fun"}, "gas_fee": {"value": 0.0051, "raw_value": 5100000000000000, "usd": 11.589, "payment_token": {"address": "0x0000000000000000000000000000000000000000", "symbol": "ETH", "decimals": 18}}, "price": {"value": 0.589, "raw_value": 589000000000000000, "usd": 1335.4510333813557, "payment_token": {"address": "0x0000000000000000000000000000000000000000", "symbol": "ETH", "decimals": 18}}, "marketplace_path": ["blur"], "fees": [{"fee_type": "royalty", "recipient": "0x6650dc11f439f14d4dfbea75233bd9b0099a0647", "bps": 50, "price": {"value": 0.002945, "raw_value": 2945000000000000, "usd": 6.653871, "payment_token": {"address": "0x0000000000000000000000000000000000000000", "symbol": "ETH", "decimals": 18}}}], "trait_offer_target": null}, {"blockchain": "ETH", "sender": {"address": "0xd1d19b3f9b19f5ca52f9e621c57cfb2a9199663e", "ens": null, "is_whale": false, "blockchain": "ETH", "is_contract": false, "is_blue_chip_holder": false, "is_super_blue_chip_holder": false, "is_multi_sign_wallet": false, "das": null, "alias": null}, "receiver": {"address": "0xa3b7e585430f02eeb5d3eadbc47cbeaeb482c033", "ens": "xcal.eth", "is_whale": false, "blockchain": "ETH", "is_contract": false, "is_blue_chip_holder": false, "is_super_blue_chip_holder": false, "is_multi_sign_wallet": false, "das": null, "alias": "xcal.eth"}, "event": "sale", "quantity": 1, "tx_hash": "0x99cae7c95a00ce309297fb5e11412ef46586636e3d31d8e2e1d26418dd29288b", "time": 1705794443, "nft": {"contract_address": "0xc274a97f1691ef390f662067e95a6eff1f99b504", "token_id": "1029", "name": "TinFun #1029", "blockchain": "ETH", "image": "https://lh3.googleusercontent.com/siM7FXArkD_B7U2dbAIi6glkWMm8nxubX-Nqobm6MZuTqtEwjdCK_0pxC2d55T51OhjfdVMZjcUJNQ3EFVKwloLB1u9NqYC-gHxh", "contract_type": "ERC721"}, "collection": {"collection_id": "65a13036c284b18008bd25b7", "name": "TinFun", "logo": "https://i.seadn.io/s/raw/files/a531bedf317b5ffe5a35d559b5c94cd9.jpg?w=500&auto=format", "slug": "tin-fun"}, "gas_fee": {"value": 0.0021, "raw_value": 2099999999999999, "usd": 5.0815, "payment_token": {"address": "0x0000000000000000000000000000000000000000", "symbol": "ETH", "decimals": 18}}, "price": {"value": 0.56, "raw_value": 560000000000000000, "usd": 1383.573759324042, "payment_token": {"address": "0x0000000000000000000000000000000000000000", "symbol": "ETH", "decimals": 18}}, "marketplace_path": ["blur"], "fees": [{"fee_type": "royalty", "recipient": "0x6650dc11f439f14d4dfbea75233bd9b0099a0647", "bps": 50, "price": {"value": 0.0028, "raw_value": 2800000000000000, "usd": 6.910705, "payment_token": {"address": "0x0000000000a39bb272e79075ade125fd351887ac", "symbol": "BETH", "decimals": 18}}}], "trait_offer_target": null}, {"blockchain": "ETH", "sender": {"address": "0x930f5c6f00a1a7273bd28a48fffea09038f34807", "ens": null, "is_whale": false, "blockchain": "ETH", "is_contract": false, "is_blue_chip_holder": false, "is_super_blue_chip_holder": false, "is_multi_sign_wallet": false, "das": null, "alias": null}, "receiver": {"address": "0xd1d19b3f9b19f5ca52f9e621c57cfb2a9199663e", "ens": null, "is_whale": false, "blockchain": "ETH", "is_contract": false, "is_blue_chip_holder": false, "is_super_blue_chip_holder": false, "is_multi_sign_wallet": false, "das": null, "alias": null}, "event": "transfer", "quantity": 1, "tx_hash": "0x0a59e81ffb5cf88c5ae20c9f09e7b014d24a58a5d50c5552e5c2a6e4c25d7322", "time": 1705074407, "nft": {"contract_address": "0xc274a97f1691ef390f662067e95a6eff1f99b504", "token_id": "1029", "name": "TinFun #1029", "blockchain": "ETH", "image": "https://lh3.googleusercontent.com/siM7FXArkD_B7U2dbAIi6glkWMm8nxubX-Nqobm6MZuTqtEwjdCK_0pxC2d55T51OhjfdVMZjcUJNQ3EFVKwloLB1u9NqYC-gHxh", "contract_type": "ERC721"}, "collection": {"collection_id": "65a13036c284b18008bd25b7", "name": "TinFun", "logo": "https://i.seadn.io/s/raw/files/a531bedf317b5ffe5a35d559b5c94cd9.jpg?w=500&auto=format", "slug": "tin-fun"}, "gas_fee": {"value": 0.0037, "raw_value": 3700000000000000, "usd": 10.013, "payment_token": {"address": "0x0000000000000000000000000000000000000000", "symbol": "ETH", "decimals": 18}}, "price": null, "marketplace_path": [], "fees": [], "trait_offer_target": null}]