[{"blockchain": "ETH", "sender": {"address": "0xf5b9d00f6184954d6e725215d9cab5f5698e8bb3", "ens": null, "is_whale": false, "blockchain": "ETH", "is_contract": false, "is_blue_chip_holder": false, "is_super_blue_chip_holder": false, "is_multi_sign_wallet": false, "das": null, "alias": null}, "receiver": {"address": "0x8177e9fa379b85e01b2b30140ddc446b9875106a", "ens": null, "is_whale": false, "blockchain": "ETH", "is_contract": true, "is_blue_chip_holder": false, "is_super_blue_chip_holder": false, "is_multi_sign_wallet": false, "das": null, "alias": null}, "event": "transfer", "quantity": 1, "tx_hash": "0x81fdc6c0038d09cef514b7022d91e91ae375a1fcd130bbf1162809655cd15bba", "time": 1711794299, "nft": {"contract_address": "0xc274a97f1691ef390f662067e95a6eff1f99b504", "token_id": "2280", "name": "TinFun #2280", "blockchain": "ETH", "image": "https://lh3.googleusercontent.com/PGMPjevLsnGCTbXW4_hyotWJiGzcFqrAdOfnBJHOB0QYDfqudHYXZfkf2Px_V9nG1_aj_crjtpoKxpEiYgDdI4DVDosx1Q9WHw", "contract_type": "ERC721"}, "collection": {"collection_id": "65a13036c284b18008bd25b7", "name": "TinFun", "logo": "https://i.seadn.io/s/raw/files/a531bedf317b5ffe5a35d559b5c94cd9.jpg?w=500&auto=format", "slug": "tin-fun"}, "gas_fee": {"value": 0.0158, "raw_value": 15800000000000002, "usd": 55.4405, "payment_token": {"address": "0x0000000000000000000000000000000000000000", "symbol": "ETH", "decimals": 18}}, "price": null, "marketplace_path": [], "fees": [], "trait_offer_target": null}, {"blockchain": "ETH", "sender": {"address": "0x73d30ba3dc4ffd17c28cc2d75d12e50df98f29cf", "ens": "nakiri.eth", "is_whale": false, "blockchain": "ETH", "is_contract": false, "is_blue_chip_holder": false, "is_super_blue_chip_holder": false, "is_multi_sign_wallet": false, "das": null, "alias": "nakiri.eth"}, "receiver": {"address": "0xf5b9d00f6184954d6e725215d9cab5f5698e8bb3", "ens": null, "is_whale": false, "blockchain": "ETH", "is_contract": false, "is_blue_chip_holder": false, "is_super_blue_chip_holder": false, "is_multi_sign_wallet": false, "das": null, "alias": null}, "event": "sale", "quantity": 1, "tx_hash": "0x24a16b5a3db0b11239bd8327ea3d039c2c1b381afc1fa4a8d7c753743e67adcd", "time": 1709018723, "nft": {"contract_address": "0xc274a97f1691ef390f662067e95a6eff1f99b504", "token_id": "2280", "name": "TinFun #2280", "blockchain": "ETH", "image": "https://lh3.googleusercontent.com/PGMPjevLsnGCTbXW4_hyotWJiGzcFqrAdOfnBJHOB0QYDfqudHYXZfkf2Px_V9nG1_aj_crjtpoKxpEiYgDdI4DVDosx1Q9WHw", "contract_type": "ERC721"}, "collection": {"collection_id": "65a13036c284b18008bd25b7", "name": "TinFun", "logo": "https://i.seadn.io/s/raw/files/a531bedf317b5ffe5a35d559b5c94cd9.jpg?w=500&auto=format", "slug": "tin-fun"}, "gas_fee": {"value": 0.0856, "raw_value": 85600000000000000, "usd": 276.6458, "payment_token": {"address": "0x0000000000000000000000000000000000000000", "symbol": "ETH", "decimals": 18}}, "price": {"value": 0.31, "raw_value": 310000000000000000, "usd": 1002.0833478935433, "payment_token": {"address": "0x0000000000000000000000000000000000000000", "symbol": "ETH", "decimals": 18}}, "marketplace_path": ["blur"], "fees": [{"fee_type": "royalty", "recipient": "0x6650dc11f439f14d4dfbea75233bd9b0099a0647", "bps": 50, "price": {"value": 0.00155, "raw_value": 1550000000000000, "usd": 4.978385, "payment_token": {"address": "0x0000000000a39bb272e79075ade125fd351887ac", "symbol": "BETH", "decimals": 18}}}], "trait_offer_target": null}, {"blockchain": "ETH", "sender": {"address": "0x95ff3f04eccfa15a2bd12d6daf3ccfc5ad354510", "ens": null, "is_whale": false, "blockchain": "ETH", "is_contract": false, "is_blue_chip_holder": true, "is_super_blue_chip_holder": false, "is_multi_sign_wallet": false, "das": null, "alias": null}, "receiver": {"address": "0x73d30ba3dc4ffd17c28cc2d75d12e50df98f29cf", "ens": "nakiri.eth", "is_whale": false, "blockchain": "ETH", "is_contract": false, "is_blue_chip_holder": false, "is_super_blue_chip_holder": false, "is_multi_sign_wallet": false, "das": null, "alias": "nakiri.eth"}, "event": "sale", "quantity": 1, "tx_hash": "0xc6c9ea7a10ef2a786e0087489847aea2667a5d7eb662850a1cd241901319caee", "time": 1708925003, "nft": {"contract_address": "0xc274a97f1691ef390f662067e95a6eff1f99b504", "token_id": "2280", "name": "TinFun #2280", "blockchain": "ETH", "image": "https://lh3.googleusercontent.com/PGMPjevLsnGCTbXW4_hyotWJiGzcFqrAdOfnBJHOB0QYDfqudHYXZfkf2Px_V9nG1_aj_crjtpoKxpEiYgDdI4DVDosx1Q9WHw", "contract_type": "ERC721"}, "collection": {"collection_id": "65a13036c284b18008bd25b7", "name": "TinFun", "logo": "https://i.seadn.io/s/raw/files/a531bedf317b5ffe5a35d559b5c94cd9.jpg?w=500&auto=format", "slug": "tin-fun"}, "gas_fee": {"value": 0.015, "raw_value": 15000000000000000, "usd": 46.5973, "payment_token": {"address": "0x0000000000000000000000000000000000000000", "symbol": "ETH", "decimals": 18}}, "price": {"value": 0.28, "raw_value": 280000000000000000, "usd": 868.9837340722177, "payment_token": {"address": "0x0000000000000000000000000000000000000000", "symbol": "ETH", "decimals": 18}}, "marketplace_path": ["blur"], "fees": [{"fee_type": "royalty", "recipient": "0x6650dc11f439f14d4dfbea75233bd9b0099a0647", "bps": 50, "price": {"value": 0.0014, "raw_value": 1400000000000000, "usd": 4.331537, "payment_token": {"address": "0x0000000000a39bb272e79075ade125fd351887ac", "symbol": "BETH", "decimals": 18}}}], "trait_offer_target": null}, {"blockchain": "ETH", "sender": {"address": "0x73d30ba3dc4ffd17c28cc2d75d12e50df98f29cf", "ens": "nakiri.eth", "is_whale": false, "blockchain": "ETH", "is_contract": false, "is_blue_chip_holder": false, "is_super_blue_chip_holder": false, "is_multi_sign_wallet": false, "das": null, "alias": "nakiri.eth"}, "receiver": {"address": "0x95ff3f04eccfa15a2bd12d6daf3ccfc5ad354510", "ens": null, "is_whale": false, "blockchain": "ETH", "is_contract": false, "is_blue_chip_holder": true, "is_super_blue_chip_holder": false, "is_multi_sign_wallet": false, "das": null, "alias": null}, "event": "sale", "quantity": 1, "tx_hash": "0xbf41fa36f0f0668ef2889a679756f1b882b83087e75befd0b0dc3075b944a61f", "time": 1708913411, "nft": {"contract_address": "0xc274a97f1691ef390f662067e95a6eff1f99b504", "token_id": "2280", "name": "TinFun #2280", "blockchain": "ETH", "image": "https://lh3.googleusercontent.com/PGMPjevLsnGCTbXW4_hyotWJiGzcFqrAdOfnBJHOB0QYDfqudHYXZfkf2Px_V9nG1_aj_crjtpoKxpEiYgDdI4DVDosx1Q9WHw", "contract_type": "ERC721"}, "collection": {"collection_id": "65a13036c284b18008bd25b7", "name": "TinFun", "logo": "https://i.seadn.io/s/raw/files/a531bedf317b5ffe5a35d559b5c94cd9.jpg?w=500&auto=format", "slug": "tin-fun"}, "gas_fee": {"value": 0.0204, "raw_value": 20400000000000000, "usd": 63.322, "payment_token": {"address": "0x0000000000000000000000000000000000000000", "symbol": "ETH", "decimals": 18}}, "price": {"value": 0.3, "raw_value": 300000000000000000, "usd": 931.9994226760305, "payment_token": {"address": "0x0000000000000000000000000000000000000000", "symbol": "ETH", "decimals": 18}}, "marketplace_path": ["blur"], "fees": [{"fee_type": "royalty", "recipient": "0x6650dc11f439f14d4dfbea75233bd9b0099a0647", "bps": 50, "price": {"value": 0.0015, "raw_value": 1500000000000000, "usd": 4.668794, "payment_token": {"address": "0x0000000000a39bb272e79075ade125fd351887ac", "symbol": "BETH", "decimals": 18}}}], "trait_offer_target": null}, {"blockchain": "ETH", "sender": {"address": "0x0ced510e9498fa02b859d5f0e9460bd333326e70", "ens": "tinfun.kpnyy.eth", "is_whale": false, "blockchain": "ETH", "is_contract": false, "is_blue_chip_holder": false, "is_super_blue_chip_holder": false, "is_multi_sign_wallet": false, "das": null, "alias": "tinfun.kpnyy.eth"}, "receiver": {"address": "0x73d30ba3dc4ffd17c28cc2d75d12e50df98f29cf", "ens": "nakiri.eth", "is_whale": false, "blockchain": "ETH", "is_contract": false, "is_blue_chip_holder": false, "is_super_blue_chip_holder": false, "is_multi_sign_wallet": false, "das": null, "alias": "nakiri.eth"}, "event": "sale", "quantity": 1, "tx_hash": "0x2b96876bf0ba7f08b46dd40e15db97a594689a553995423b3395e50accddd94a", "time": 1708908023, "nft": {"contract_address": "0xc274a97f1691ef390f662067e95a6eff1f99b504", "token_id": "2280", "name": "TinFun #2280", "blockchain": "ETH", "image": "https://lh3.googleusercontent.com/PGMPjevLsnGCTbXW4_hyotWJiGzcFqrAdOfnBJHOB0QYDfqudHYXZfkf2Px_V9nG1_aj_crjtpoKxpEiYgDdI4DVDosx1Q9WHw", "contract_type": "ERC721"}, "collection": {"collection_id": "65a13036c284b18008bd25b7", "name": "TinFun", "logo": "https://i.seadn.io/s/raw/files/a531bedf317b5ffe5a35d559b5c94cd9.jpg?w=500&auto=format", "slug": "tin-fun"}, "gas_fee": {"value": 0.0078, "raw_value": 7800000000000000, "usd": 24.1906, "payment_token": {"address": "0x0000000000000000000000000000000000000000", "symbol": "ETH", "decimals": 18}}, "price": {"value": 0.3, "raw_value": 300000000000000000, "usd": 933.7587063542787, "payment_token": {"address": "0x0000000000000000000000000000000000000000", "symbol": "ETH", "decimals": 18}}, "marketplace_path": ["blur"], "fees": [{"fee_type": "royalty", "recipient": "0x6650dc11f439f14d4dfbea75233bd9b0099a0647", "bps": 50, "price": {"value": 0.0015, "raw_value": 1500000000000000, "usd": 4.664526, "payment_token": {"address": "0x0000000000a39bb272e79075ade125fd351887ac", "symbol": "BETH", "decimals": 18}}}], "trait_offer_target": null}, {"blockchain": "ETH", "sender": {"address": "0x6f510f0817e052c732862dc95cba2e1168b65826", "ens": "yumuyi.eth", "is_whale": false, "blockchain": "ETH", "is_contract": false, "is_blue_chip_holder": false, "is_super_blue_chip_holder": false, "is_multi_sign_wallet": false, "das": null, "alias": "yumuyi.eth"}, "receiver": {"address": "0x0ced510e9498fa02b859d5f0e9460bd333326e70", "ens": "tinfun.kpnyy.eth", "is_whale": false, "blockchain": "ETH", "is_contract": false, "is_blue_chip_holder": false, "is_super_blue_chip_holder": false, "is_multi_sign_wallet": false, "das": null, "alias": "tinfun.kpnyy.eth"}, "event": "sale", "quantity": 1, "tx_hash": "0x39162c492a0737d683287ae8fb268926b7d16de0e3d867a13a8d93319166490c", "time": 1705608899, "nft": {"contract_address": "0xc274a97f1691ef390f662067e95a6eff1f99b504", "token_id": "2280", "name": "TinFun #2280", "blockchain": "ETH", "image": "https://lh3.googleusercontent.com/PGMPjevLsnGCTbXW4_hyotWJiGzcFqrAdOfnBJHOB0QYDfqudHYXZfkf2Px_V9nG1_aj_crjtpoKxpEiYgDdI4DVDosx1Q9WHw", "contract_type": "ERC721"}, "collection": {"collection_id": "65a13036c284b18008bd25b7", "name": "TinFun", "logo": "https://i.seadn.io/s/raw/files/a531bedf317b5ffe5a35d559b5c94cd9.jpg?w=500&auto=format", "slug": "tin-fun"}, "gas_fee": {"value": 0.0066, "raw_value": 6600000000000000, "usd": 16.0636, "payment_token": {"address": "0x0000000000000000000000000000000000000000", "symbol": "ETH", "decimals": 18}}, "price": {"value": 0.68, "raw_value": 680000000000000000, "usd": 1656.7806022385826, "payment_token": {"address": "0x0000000000000000000000000000000000000000", "symbol": "ETH", "decimals": 18}}, "marketplace_path": ["blur"], "fees": [{"fee_type": "royalty", "recipient": "0x6650dc11f439f14d4dfbea75233bd9b0099a0647", "bps": 50, "price": {"value": 0.0034, "raw_value": 3400000000000000, "usd": 8.424786, "payment_token": {"address": "0x0000000000a39bb272e79075ade125fd351887ac", "symbol": "BETH", "decimals": 18}}}], "trait_offer_target": null}, {"blockchain": "ETH", "sender": {"address": "0x89a070392889bd89ff3ec4ed1da7d641598a20da", "ens": null, "is_whale": false, "blockchain": "ETH", "is_contract": false, "is_blue_chip_holder": false, "is_super_blue_chip_holder": false, "is_multi_sign_wallet": false, "das": null, "alias": null}, "receiver": {"address": "0x6f510f0817e052c732862dc95cba2e1168b65826", "ens": "yumuyi.eth", "is_whale": false, "blockchain": "ETH", "is_contract": false, "is_blue_chip_holder": false, "is_super_blue_chip_holder": false, "is_multi_sign_wallet": false, "das": null, "alias": "yumuyi.eth"}, "event": "transfer", "quantity": 1, "tx_hash": "0x5edee3e0d7b5e91a896d4bc4ed9ba09899a54529b4e8ec58e127c5448a1ec7bb", "time": 1705065071, "nft": {"contract_address": "0xc274a97f1691ef390f662067e95a6eff1f99b504", "token_id": "2280", "name": "TinFun #2280", "blockchain": "ETH", "image": "https://lh3.googleusercontent.com/PGMPjevLsnGCTbXW4_hyotWJiGzcFqrAdOfnBJHOB0QYDfqudHYXZfkf2Px_V9nG1_aj_crjtpoKxpEiYgDdI4DVDosx1Q9WHw", "contract_type": "ERC721"}, "collection": {"collection_id": "65a13036c284b18008bd25b7", "name": "TinFun", "logo": "https://i.seadn.io/s/raw/files/a531bedf317b5ffe5a35d559b5c94cd9.jpg?w=500&auto=format", "slug": "tin-fun"}, "gas_fee": {"value": 0.0038, "raw_value": 3800000000000000, "usd": 9.9711, "payment_token": {"address": "0x0000000000000000000000000000000000000000", "symbol": "ETH", "decimals": 18}}, "price": null, "marketplace_path": [], "fees": [], "trait_offer_target": null}]