[{"blockchain": "ETH", "sender": {"address": "0x73d30ba3dc4ffd17c28cc2d75d12e50df98f29cf", "ens": "nakiri.eth", "is_whale": false, "blockchain": "ETH", "is_contract": false, "is_blue_chip_holder": false, "is_super_blue_chip_holder": false, "is_multi_sign_wallet": false, "das": null, "alias": "nakiri.eth"}, "receiver": {"address": "0x8177e9fa379b85e01b2b30140ddc446b9875106a", "ens": null, "is_whale": false, "blockchain": "ETH", "is_contract": true, "is_blue_chip_holder": false, "is_super_blue_chip_holder": false, "is_multi_sign_wallet": false, "das": null, "alias": null}, "event": "transfer", "quantity": 1, "tx_hash": "0x2ee35e5bd039d2787121c760c4b0084f437416161e46a2ab30749fb5c8cb6033", "time": 1712988383, "nft": {"contract_address": "0xc274a97f1691ef390f662067e95a6eff1f99b504", "token_id": "367", "name": "TinFun #367", "blockchain": "ETH", "image": "https://lh3.googleusercontent.com/2CvXcUeOTExtLfhsMKyeA5M_9eUvBoeV5JYVciskJ6GGFO_aa0DbFC87a3ZKE4OwAkb8fFy4oOkz1PX_MbbeJSsqU6YK2eCUqvU", "contract_type": "ERC721"}, "collection": {"collection_id": "65a13036c284b18008bd25b7", "name": "TinFun", "logo": "https://i.seadn.io/s/raw/files/a531bedf317b5ffe5a35d559b5c94cd9.jpg?w=500&auto=format", "slug": "tin-fun"}, "gas_fee": {"value": 0.0268, "raw_value": 26800000000000000, "usd": 86.9533, "payment_token": {"address": "0x0000000000000000000000000000000000000000", "symbol": "ETH", "decimals": 18}}, "price": null, "marketplace_path": [], "fees": [], "trait_offer_target": null}, {"blockchain": "ETH", "sender": {"address": "0x9bd03673f9f3db5037cd839e96675b047eed143f", "ens": "goldpicker.eth", "is_whale": false, "blockchain": "ETH", "is_contract": false, "is_blue_chip_holder": true, "is_super_blue_chip_holder": false, "is_multi_sign_wallet": false, "das": null, "alias": "goldpicker.eth"}, "receiver": {"address": "0x73d30ba3dc4ffd17c28cc2d75d12e50df98f29cf", "ens": "nakiri.eth", "is_whale": false, "blockchain": "ETH", "is_contract": false, "is_blue_chip_holder": false, "is_super_blue_chip_holder": false, "is_multi_sign_wallet": false, "das": null, "alias": "nakiri.eth"}, "event": "sale", "quantity": 1, "tx_hash": "0x914bb87627dd5caabc2c822775bd0ff1762aeb45e6e92e7630ae154ace8ee508", "time": 1711593899, "nft": {"contract_address": "0xc274a97f1691ef390f662067e95a6eff1f99b504", "token_id": "367", "name": "TinFun #367", "blockchain": "ETH", "image": "https://lh3.googleusercontent.com/2CvXcUeOTExtLfhsMKyeA5M_9eUvBoeV5JYVciskJ6GGFO_aa0DbFC87a3ZKE4OwAkb8fFy4oOkz1PX_MbbeJSsqU6YK2eCUqvU", "contract_type": "ERC721"}, "collection": {"collection_id": "65a13036c284b18008bd25b7", "name": "TinFun", "logo": "https://i.seadn.io/s/raw/files/a531bedf317b5ffe5a35d559b5c94cd9.jpg?w=500&auto=format", "slug": "tin-fun"}, "gas_fee": {"value": 0.016, "raw_value": 16000000000000000, "usd": 55.9497, "payment_token": {"address": "0x0000000000000000000000000000000000000000", "symbol": "ETH", "decimals": 18}}, "price": {"value": 0.2, "raw_value": 200000000000000000, "usd": 699.150735747364, "payment_token": {"address": "0x0000000000000000000000000000000000000000", "symbol": "ETH", "decimals": 18}}, "marketplace_path": ["blur"], "fees": [{"fee_type": "royalty", "recipient": "0x6650dc11f439f14d4dfbea75233bd9b0099a0647", "bps": 50, "price": {"value": 0.001, "raw_value": 1000000000000000, "usd": 3.500216, "payment_token": {"address": "0x0000000000a39bb272e79075ade125fd351887ac", "symbol": "BETH", "decimals": 18}}}], "trait_offer_target": null}, {"blockchain": "ETH", "sender": {"address": "0x34180951385735157438c52d2ab762640f2a6d3d", "ens": "669938.eth", "is_whale": false, "blockchain": "ETH", "is_contract": false, "is_blue_chip_holder": false, "is_super_blue_chip_holder": false, "is_multi_sign_wallet": false, "das": null, "alias": "669938.eth"}, "receiver": {"address": "0x9bd03673f9f3db5037cd839e96675b047eed143f", "ens": "goldpicker.eth", "is_whale": false, "blockchain": "ETH", "is_contract": false, "is_blue_chip_holder": true, "is_super_blue_chip_holder": false, "is_multi_sign_wallet": false, "das": null, "alias": "goldpicker.eth"}, "event": "sale", "quantity": 1, "tx_hash": "0x13378092205f4d3ea612e4b8cfefcb754ff50a1738a13de71dfe8306679c1e53", "time": 1708817543, "nft": {"contract_address": "0xc274a97f1691ef390f662067e95a6eff1f99b504", "token_id": "367", "name": "TinFun #367", "blockchain": "ETH", "image": "https://lh3.googleusercontent.com/2CvXcUeOTExtLfhsMKyeA5M_9eUvBoeV5JYVciskJ6GGFO_aa0DbFC87a3ZKE4OwAkb8fFy4oOkz1PX_MbbeJSsqU6YK2eCUqvU", "contract_type": "ERC721"}, "collection": {"collection_id": "65a13036c284b18008bd25b7", "name": "TinFun", "logo": "https://i.seadn.io/s/raw/files/a531bedf317b5ffe5a35d559b5c94cd9.jpg?w=500&auto=format", "slug": "tin-fun"}, "gas_fee": {"value": 0.0099, "raw_value": 9900000000000000, "usd": 29.6217, "payment_token": {"address": "0x0000000000000000000000000000000000000000", "symbol": "ETH", "decimals": 18}}, "price": {"value": 0.35, "raw_value": 350000000000000000, "usd": 1045.9748918201415, "payment_token": {"address": "0x0000000000000000000000000000000000000000", "symbol": "ETH", "decimals": 18}}, "marketplace_path": ["blur"], "fees": [{"fee_type": "royalty", "recipient": "0x6650dc11f439f14d4dfbea75233bd9b0099a0647", "bps": 50, "price": {"value": 0.00175, "raw_value": 1750000000000000, "usd": 5.228976, "payment_token": {"address": "0x0000000000a39bb272e79075ade125fd351887ac", "symbol": "BETH", "decimals": 18}}}], "trait_offer_target": null}]