[{"blockchain": "ETH", "sender": {"address": "0x968f354cd3674a28dd33258aa24fce523eb32ebc", "ens": "\u6211\u8981\u51b2\u571f\u72d7.eth", "is_whale": false, "blockchain": "ETH", "is_contract": false, "is_blue_chip_holder": false, "is_super_blue_chip_holder": false, "is_multi_sign_wallet": false, "das": null, "alias": "\u6211\u8981\u51b2\u571f\u72d7.eth"}, "receiver": {"address": "0x57add142e6fb41c826969225b9b85349c917c46e", "ens": null, "is_whale": false, "blockchain": "ETH", "is_contract": false, "is_blue_chip_holder": false, "is_super_blue_chip_holder": false, "is_multi_sign_wallet": false, "das": null, "alias": null}, "event": "transfer", "quantity": 1, "tx_hash": "0xc3b9521acc609e157180fed9145a0b621c16afd42350043e2b6193ee449d3da8", "time": 1708319459, "nft": {"contract_address": "0xc274a97f1691ef390f662067e95a6eff1f99b504", "token_id": "644", "name": "TinFun #644", "blockchain": "ETH", "image": "https://lh3.googleusercontent.com/mI9Cqj-2ywwQ8TtRrY0d5v6G_rlJXKg_s_8t1G9g0bMUCZGLn92TiJIp3KA9mfgjSOKQOS5jyNusBmKbt_NZBRj02o0vKoEq6zM", "contract_type": "ERC721"}, "collection": {"collection_id": "65a13036c284b18008bd25b7", "name": "TinFun", "logo": "https://i.seadn.io/s/raw/files/a531bedf317b5ffe5a35d559b5c94cd9.jpg?w=500&auto=format", "slug": "tin-fun"}, "gas_fee": {"value": 0.0016, "raw_value": 1600000000000000, "usd": 4.6513, "payment_token": {"address": "0x0000000000000000000000000000000000000000", "symbol": "ETH", "decimals": 18}}, "price": null, "marketplace_path": [], "fees": [], "trait_offer_target": null}]