[{"blockchain": "ETH", "sender": {"address": "0xec2c7cf2dcf37ab2df85ea8226f93da61acc0d33", "ens": null, "is_whale": false, "blockchain": "ETH", "is_contract": false, "is_blue_chip_holder": false, "is_super_blue_chip_holder": false, "is_multi_sign_wallet": false, "das": null, "alias": null}, "receiver": {"address": "0x8177e9fa379b85e01b2b30140ddc446b9875106a", "ens": null, "is_whale": false, "blockchain": "ETH", "is_contract": true, "is_blue_chip_holder": false, "is_super_blue_chip_holder": false, "is_multi_sign_wallet": false, "das": null, "alias": null}, "event": "transfer", "quantity": 1, "tx_hash": "0x1bfca2d4bd9512cc8a91a14c1fa6b6f69ae6eda5e54acd6aab521aef39e236a0", "time": 1711948571, "nft": {"contract_address": "0xc274a97f1691ef390f662067e95a6eff1f99b504", "token_id": "8863", "name": "TinFun #8863", "blockchain": "ETH", "image": "https://lh3.googleusercontent.com/CHMN1iSgdK6HPtITQEHkktaZTJ1t3LEzX4jy-k5debtetG1Uf6NpaDHUIvrTi44Y40wvxtTOKkP0vXDVNQP4S_52k6oJc_Ht9c4b", "contract_type": "ERC721"}, "collection": {"collection_id": "65a13036c284b18008bd25b7", "name": "TinFun", "logo": "https://i.seadn.io/s/raw/files/a531bedf317b5ffe5a35d559b5c94cd9.jpg?w=500&auto=format", "slug": "tin-fun"}, "gas_fee": {"value": 0.0015, "raw_value": 1500000000000000, "usd": 5.2749, "payment_token": {"address": "0x0000000000000000000000000000000000000000", "symbol": "ETH", "decimals": 18}}, "price": null, "marketplace_path": [], "fees": [], "trait_offer_target": null}, {"blockchain": "ETH", "sender": {"address": "0xf65699826f87939525fdee8b5596714a09c36bbc", "ens": null, "is_whale": false, "blockchain": "ETH", "is_contract": false, "is_blue_chip_holder": false, "is_super_blue_chip_holder": false, "is_multi_sign_wallet": false, "das": null, "alias": null}, "receiver": {"address": "0xec2c7cf2dcf37ab2df85ea8226f93da61acc0d33", "ens": null, "is_whale": false, "blockchain": "ETH", "is_contract": false, "is_blue_chip_holder": false, "is_super_blue_chip_holder": false, "is_multi_sign_wallet": false, "das": null, "alias": null}, "event": "sale", "quantity": 1, "tx_hash": "0x679d73dbbd278a53bdbc506007ec6cc3b486d855bb7f444dea8d6f9a3c963978", "time": 1705066631, "nft": {"contract_address": "0xc274a97f1691ef390f662067e95a6eff1f99b504", "token_id": "8863", "name": "TinFun #8863", "blockchain": "ETH", "image": "https://lh3.googleusercontent.com/CHMN1iSgdK6HPtITQEHkktaZTJ1t3LEzX4jy-k5debtetG1Uf6NpaDHUIvrTi44Y40wvxtTOKkP0vXDVNQP4S_52k6oJc_Ht9c4b", "contract_type": "ERC721"}, "collection": {"collection_id": "65a13036c284b18008bd25b7", "name": "TinFun", "logo": "https://i.seadn.io/s/raw/files/a531bedf317b5ffe5a35d559b5c94cd9.jpg?w=500&auto=format", "slug": "tin-fun"}, "gas_fee": {"value": 0.0042, "raw_value": 4199999999999999, "usd": 11.0634, "payment_token": {"address": "0x0000000000000000000000000000000000000000", "symbol": "ETH", "decimals": 18}}, "price": {"value": 0.8, "raw_value": 800000000000000000, "usd": 2120.3267836975438, "payment_token": {"address": "0x0000000000000000000000000000000000000000", "symbol": "ETH", "decimals": 18}}, "marketplace_path": ["opensea"], "fees": [{"fee_type": "marketplace", "recipient": "0x0000a26b00c1f0df003000390027140000faa719", "bps": 50, "price": {"value": 0.004, "raw_value": 4000000000000000, "usd": 10.48448, "payment_token": {"address": "0x0000000000000000000000000000000000000000", "symbol": "ETH", "decimals": 18}}}], "trait_offer_target": null}, {"blockchain": "ETH", "sender": {"address": "0x35506c243cfc8a509a23f5fc92d6ffb51a07c1e2", "ens": null, "is_whale": false, "blockchain": "ETH", "is_contract": false, "is_blue_chip_holder": false, "is_super_blue_chip_holder": false, "is_multi_sign_wallet": false, "das": null, "alias": null}, "receiver": {"address": "0xf65699826f87939525fdee8b5596714a09c36bbc", "ens": null, "is_whale": false, "blockchain": "ETH", "is_contract": false, "is_blue_chip_holder": false, "is_super_blue_chip_holder": false, "is_multi_sign_wallet": false, "das": null, "alias": null}, "event": "sale", "quantity": 1, "tx_hash": "0xe2018f898aba54f57a495bd37010d83d01fa788346d7c36b0a6cbef8dab3fafc", "time": 1705066535, "nft": {"contract_address": "0xc274a97f1691ef390f662067e95a6eff1f99b504", "token_id": "8863", "name": "TinFun #8863", "blockchain": "ETH", "image": "https://lh3.googleusercontent.com/CHMN1iSgdK6HPtITQEHkktaZTJ1t3LEzX4jy-k5debtetG1Uf6NpaDHUIvrTi44Y40wvxtTOKkP0vXDVNQP4S_52k6oJc_Ht9c4b", "contract_type": "ERC721"}, "collection": {"collection_id": "65a13036c284b18008bd25b7", "name": "TinFun", "logo": "https://i.seadn.io/s/raw/files/a531bedf317b5ffe5a35d559b5c94cd9.jpg?w=500&auto=format", "slug": "tin-fun"}, "gas_fee": {"value": 0.0085, "raw_value": 8500000000000001, "usd": 22.4727, "payment_token": {"address": "0x0000000000000000000000000000000000000000", "symbol": "ETH", "decimals": 18}}, "price": {"value": 0.75, "raw_value": 750000000000000000, "usd": 1987.7022599720387, "payment_token": {"address": "0xc02aaa39b223fe8d0a0e5c4f27ead9083c756cc2", "symbol": "WETH", "decimals": 18}}, "marketplace_path": ["x2y2"], "fees": [{"fee_type": "marketplace", "recipient": "0xd823c605807cc5e6bd6fc0d7e4eea50d3e2d66cd", "bps": 50, "price": {"value": 0.00375, "raw_value": 3750000000000000, "usd": 9.8292, "payment_token": {"address": "0xc02aaa39b223fe8d0a0e5c4f27ead9083c756cc2", "symbol": "WETH", "decimals": 18}}}, {"fee_type": "royalty", "recipient": "0x6650dc11f439f14d4dfbea75233bd9b0099a0647", "bps": 500, "price": {"value": 0.0375, "raw_value": 37500000000000000, "usd": 98.292001, "payment_token": {"address": "0xc02aaa39b223fe8d0a0e5c4f27ead9083c756cc2", "symbol": "WETH", "decimals": 18}}}], "trait_offer_target": null}]