[{"blockchain": "ETH", "sender": {"address": "0x3c02a8d11e3f7d530b7b494e124de680f64c516c", "ens": "jackygekko.eth", "is_whale": false, "blockchain": "ETH", "is_contract": false, "is_blue_chip_holder": true, "is_super_blue_chip_holder": false, "is_multi_sign_wallet": false, "das": null, "alias": "jackygekko.eth"}, "receiver": {"address": "0x3eb879cc9a0ef4c6f1d870a40ae187768c278da2", "ens": "floorprotocol.eth", "is_whale": false, "blockchain": "ETH", "is_contract": true, "is_blue_chip_holder": true, "is_super_blue_chip_holder": false, "is_multi_sign_wallet": false, "das": null, "alias": "floorprotocol.eth"}, "event": "sale", "quantity": 1, "tx_hash": "0xcca940e728203ed312dd274a5131eff317283360240e2ae4f10c042622c62d5b", "time": 1706401595, "nft": {"contract_address": "0xc274a97f1691ef390f662067e95a6eff1f99b504", "token_id": "3254", "name": "TinFun #3254", "blockchain": "ETH", "image": "https://lh3.googleusercontent.com/mN6iKXz8KMmxMuHf9s7fijafjKgO-oZxg-44nEgqMBe47cUJOHTQEZ9p08kftn-LpGSUthTdMnbut5WfF9f3_MDAlgyzNqhd98yO", "contract_type": "ERC721"}, "collection": {"collection_id": "65a13036c284b18008bd25b7", "name": "TinFun", "logo": "https://i.seadn.io/s/raw/files/a531bedf317b5ffe5a35d559b5c94cd9.jpg?w=500&auto=format", "slug": "tin-fun"}, "gas_fee": {"value": 0.0037, "raw_value": 3700000000000000, "usd": 8.3773, "payment_token": {"address": "0x0000000000000000000000000000000000000000", "symbol": "ETH", "decimals": 18}}, "price": {"value": 0.578478020111123, "raw_value": 578478020111123027, "usd": 1311.8647056922325, "payment_token": {"address": "0xc02aaa39b223fe8d0a0e5c4f27ead9083c756cc2", "symbol": "WETH", "decimals": 18}}, "marketplace_path": ["floor"], "fees": [], "trait_offer_target": null}, {"blockchain": "ETH", "sender": {"address": "0x10940bbc025a29d13a1f24be3ba74dfd3addf021", "ens": null, "is_whale": false, "blockchain": "ETH", "is_contract": false, "is_blue_chip_holder": true, "is_super_blue_chip_holder": false, "is_multi_sign_wallet": false, "das": null, "alias": null}, "receiver": {"address": "0x3c02a8d11e3f7d530b7b494e124de680f64c516c", "ens": "jackygekko.eth", "is_whale": false, "blockchain": "ETH", "is_contract": false, "is_blue_chip_holder": true, "is_super_blue_chip_holder": false, "is_multi_sign_wallet": false, "das": null, "alias": "jackygekko.eth"}, "event": "sale", "quantity": 1, "tx_hash": "0x9a3698b6949194c1fe2ac7862f796b2007b705d3fede05517b46235b0c057941", "time": 1706401559, "nft": {"contract_address": "0xc274a97f1691ef390f662067e95a6eff1f99b504", "token_id": "3254", "name": "TinFun #3254", "blockchain": "ETH", "image": "https://lh3.googleusercontent.com/mN6iKXz8KMmxMuHf9s7fijafjKgO-oZxg-44nEgqMBe47cUJOHTQEZ9p08kftn-LpGSUthTdMnbut5WfF9f3_MDAlgyzNqhd98yO", "contract_type": "ERC721"}, "collection": {"collection_id": "65a13036c284b18008bd25b7", "name": "TinFun", "logo": "https://i.seadn.io/s/raw/files/a531bedf317b5ffe5a35d559b5c94cd9.jpg?w=500&auto=format", "slug": "tin-fun"}, "gas_fee": {"value": 0.0232, "raw_value": 23200000000000000, "usd": 52.541, "payment_token": {"address": "0x0000000000000000000000000000000000000000", "symbol": "ETH", "decimals": 18}}, "price": {"value": 0.57, "raw_value": 570000000000000000, "usd": 1292.8698959195788, "payment_token": {"address": "0x0000000000000000000000000000000000000000", "symbol": "ETH", "decimals": 18}}, "marketplace_path": ["blur"], "fees": [{"fee_type": "royalty", "recipient": "0x6650dc11f439f14d4dfbea75233bd9b0099a0647", "bps": 50, "price": {"value": 0.00285, "raw_value": 2850000000000000, "usd": 6.477174, "payment_token": {"address": "0x0000000000a39bb272e79075ade125fd351887ac", "symbol": "BETH", "decimals": 18}}}], "trait_offer_target": null}, {"blockchain": "ETH", "sender": {"address": "0x9217db55ebc662a01fd9e675939f80a15594c064", "ens": null, "is_whale": false, "blockchain": "ETH", "is_contract": false, "is_blue_chip_holder": false, "is_super_blue_chip_holder": false, "is_multi_sign_wallet": false, "das": null, "alias": null}, "receiver": {"address": "0x10940bbc025a29d13a1f24be3ba74dfd3addf021", "ens": null, "is_whale": false, "blockchain": "ETH", "is_contract": false, "is_blue_chip_holder": true, "is_super_blue_chip_holder": false, "is_multi_sign_wallet": false, "das": null, "alias": null}, "event": "sale", "quantity": 1, "tx_hash": "0x3d15022ae61ea7bc0618d70df7e29c9417eb598f80d046ae2d6e66603c6736a5", "time": 1705987847, "nft": {"contract_address": "0xc274a97f1691ef390f662067e95a6eff1f99b504", "token_id": "3254", "name": "TinFun #3254", "blockchain": "ETH", "image": "https://lh3.googleusercontent.com/mN6iKXz8KMmxMuHf9s7fijafjKgO-oZxg-44nEgqMBe47cUJOHTQEZ9p08kftn-LpGSUthTdMnbut5WfF9f3_MDAlgyzNqhd98yO", "contract_type": "ERC721"}, "collection": {"collection_id": "65a13036c284b18008bd25b7", "name": "TinFun", "logo": "https://i.seadn.io/s/raw/files/a531bedf317b5ffe5a35d559b5c94cd9.jpg?w=500&auto=format", "slug": "tin-fun"}, "gas_fee": {"value": 0.0035, "raw_value": 3500000000000000, "usd": 8.2105, "payment_token": {"address": "0x0000000000000000000000000000000000000000", "symbol": "ETH", "decimals": 18}}, "price": {"value": 0.599, "raw_value": 599000000000000000, "usd": 1402.9405289188833, "payment_token": {"address": "0x0000000000000000000000000000000000000000", "symbol": "ETH", "decimals": 18}}, "marketplace_path": ["blur-aggregator", "blur"], "fees": [{"fee_type": "royalty", "recipient": "0x6650dc11f439f14d4dfbea75233bd9b0099a0647", "bps": 50, "price": {"value": 0.002995, "raw_value": 2995000000000000, "usd": 6.999653, "payment_token": {"address": "0x0000000000000000000000000000000000000000", "symbol": "ETH", "decimals": 18}}}], "trait_offer_target": null}, {"blockchain": "ETH", "sender": {"address": "0x7a6b049d83554da1175d65be3f6264a74a05ae17", "ens": null, "is_whale": false, "blockchain": "ETH", "is_contract": false, "is_blue_chip_holder": false, "is_super_blue_chip_holder": false, "is_multi_sign_wallet": false, "das": null, "alias": null}, "receiver": {"address": "0x9217db55ebc662a01fd9e675939f80a15594c064", "ens": null, "is_whale": false, "blockchain": "ETH", "is_contract": false, "is_blue_chip_holder": false, "is_super_blue_chip_holder": false, "is_multi_sign_wallet": false, "das": null, "alias": null}, "event": "sale", "quantity": 1, "tx_hash": "0xc9cbd3bd9e664da9edd7b1e01dcaaee65108ce5116a725dd991db2c3d3d068db", "time": 1705900691, "nft": {"contract_address": "0xc274a97f1691ef390f662067e95a6eff1f99b504", "token_id": "3254", "name": "TinFun #3254", "blockchain": "ETH", "image": "https://lh3.googleusercontent.com/mN6iKXz8KMmxMuHf9s7fijafjKgO-oZxg-44nEgqMBe47cUJOHTQEZ9p08kftn-LpGSUthTdMnbut5WfF9f3_MDAlgyzNqhd98yO", "contract_type": "ERC721"}, "collection": {"collection_id": "65a13036c284b18008bd25b7", "name": "TinFun", "logo": "https://i.seadn.io/s/raw/files/a531bedf317b5ffe5a35d559b5c94cd9.jpg?w=500&auto=format", "slug": "tin-fun"}, "gas_fee": {"value": 0.0031, "raw_value": 3100000000000000, "usd": 7.3994, "payment_token": {"address": "0x0000000000000000000000000000000000000000", "symbol": "ETH", "decimals": 18}}, "price": {"value": 0.51, "raw_value": 510000000000000000, "usd": 1231.654011514045, "payment_token": {"address": "0x0000000000000000000000000000000000000000", "symbol": "ETH", "decimals": 18}}, "marketplace_path": ["blur"], "fees": [{"fee_type": "royalty", "recipient": "0x6650dc11f439f14d4dfbea75233bd9b0099a0647", "bps": 50, "price": {"value": 0.00255, "raw_value": 2550000000000000, "usd": 6.208532, "payment_token": {"address": "0x0000000000a39bb272e79075ade125fd351887ac", "symbol": "BETH", "decimals": 18}}}], "trait_offer_target": null}, {"blockchain": "ETH", "sender": {"address": "0xfb04ddf3012a31c3e62a897075dd7d33dd656754", "ens": null, "is_whale": false, "blockchain": "ETH", "is_contract": false, "is_blue_chip_holder": false, "is_super_blue_chip_holder": false, "is_multi_sign_wallet": false, "das": null, "alias": null}, "receiver": {"address": "0x7a6b049d83554da1175d65be3f6264a74a05ae17", "ens": null, "is_whale": false, "blockchain": "ETH", "is_contract": false, "is_blue_chip_holder": false, "is_super_blue_chip_holder": false, "is_multi_sign_wallet": false, "das": null, "alias": null}, "event": "sale", "quantity": 1, "tx_hash": "0xc77c4cfacfcdbc383bbd1f36d41f9f8f01b481d83d89e0ce9735e26a66ea17b9", "time": 1705895591, "nft": {"contract_address": "0xc274a97f1691ef390f662067e95a6eff1f99b504", "token_id": "3254", "name": "TinFun #3254", "blockchain": "ETH", "image": "https://lh3.googleusercontent.com/mN6iKXz8KMmxMuHf9s7fijafjKgO-oZxg-44nEgqMBe47cUJOHTQEZ9p08kftn-LpGSUthTdMnbut5WfF9f3_MDAlgyzNqhd98yO", "contract_type": "ERC721"}, "collection": {"collection_id": "65a13036c284b18008bd25b7", "name": "TinFun", "logo": "https://i.seadn.io/s/raw/files/a531bedf317b5ffe5a35d559b5c94cd9.jpg?w=500&auto=format", "slug": "tin-fun"}, "gas_fee": {"value": 0.0082, "raw_value": 8200000000000001, "usd": 20.0826, "payment_token": {"address": "0x0000000000000000000000000000000000000000", "symbol": "ETH", "decimals": 18}}, "price": {"value": 0.56, "raw_value": 560000000000000000, "usd": 1363.4423964806222, "payment_token": {"address": "0x0000000000000000000000000000000000000000", "symbol": "ETH", "decimals": 18}}, "marketplace_path": ["blur"], "fees": [{"fee_type": "royalty", "recipient": "0x6650dc11f439f14d4dfbea75233bd9b0099a0647", "bps": 50, "price": {"value": 0.0028, "raw_value": 2800000000000000, "usd": 6.887465, "payment_token": {"address": "0x0000000000a39bb272e79075ade125fd351887ac", "symbol": "BETH", "decimals": 18}}}], "trait_offer_target": null}, {"blockchain": "ETH", "sender": {"address": "0xde02fffb824720e25674a604baf2277f21c66a0f", "ens": "\u9a86\u9a7ckyc.eth", "is_whale": false, "blockchain": "ETH", "is_contract": false, "is_blue_chip_holder": true, "is_super_blue_chip_holder": false, "is_multi_sign_wallet": false, "das": null, "alias": "\u9a86\u9a7ckyc.eth"}, "receiver": {"address": "0xfb04ddf3012a31c3e62a897075dd7d33dd656754", "ens": null, "is_whale": false, "blockchain": "ETH", "is_contract": false, "is_blue_chip_holder": false, "is_super_blue_chip_holder": false, "is_multi_sign_wallet": false, "das": null, "alias": null}, "event": "sale", "quantity": 1, "tx_hash": "0x8f6832458922983994b4f9df7da3d39dccd123dbed473d5637886860294f2223", "time": 1705878827, "nft": {"contract_address": "0xc274a97f1691ef390f662067e95a6eff1f99b504", "token_id": "3254", "name": "TinFun #3254", "blockchain": "ETH", "image": "https://lh3.googleusercontent.com/mN6iKXz8KMmxMuHf9s7fijafjKgO-oZxg-44nEgqMBe47cUJOHTQEZ9p08kftn-LpGSUthTdMnbut5WfF9f3_MDAlgyzNqhd98yO", "contract_type": "ERC721"}, "collection": {"collection_id": "65a13036c284b18008bd25b7", "name": "TinFun", "logo": "https://i.seadn.io/s/raw/files/a531bedf317b5ffe5a35d559b5c94cd9.jpg?w=500&auto=format", "slug": "tin-fun"}, "gas_fee": {"value": 0.0035, "raw_value": 3500000000000000, "usd": 8.7155, "payment_token": {"address": "0x0000000000000000000000000000000000000000", "symbol": "ETH", "decimals": 18}}, "price": {"value": 0.6, "raw_value": 600000000000000000, "usd": 1476.4624810273915, "payment_token": {"address": "0x0000000000000000000000000000000000000000", "symbol": "ETH", "decimals": 18}}, "marketplace_path": ["blur"], "fees": [{"fee_type": "royalty", "recipient": "0x6650dc11f439f14d4dfbea75233bd9b0099a0647", "bps": 50, "price": {"value": 0.003, "raw_value": 3000000000000000, "usd": 7.39898, "payment_token": {"address": "0x0000000000a39bb272e79075ade125fd351887ac", "symbol": "BETH", "decimals": 18}}}], "trait_offer_target": null}, {"blockchain": "ETH", "sender": {"address": "0x10940bbc025a29d13a1f24be3ba74dfd3addf021", "ens": null, "is_whale": false, "blockchain": "ETH", "is_contract": false, "is_blue_chip_holder": true, "is_super_blue_chip_holder": false, "is_multi_sign_wallet": false, "das": null, "alias": null}, "receiver": {"address": "0xde02fffb824720e25674a604baf2277f21c66a0f", "ens": "\u9a86\u9a7ckyc.eth", "is_whale": false, "blockchain": "ETH", "is_contract": false, "is_blue_chip_holder": true, "is_super_blue_chip_holder": false, "is_multi_sign_wallet": false, "das": null, "alias": "\u9a86\u9a7ckyc.eth"}, "event": "sale", "quantity": 1, "tx_hash": "0xdb24d58aefc8c023e441a0f45fa26daf0606a1a957f85355708fdabda382e6c4", "time": 1705875611, "nft": {"contract_address": "0xc274a97f1691ef390f662067e95a6eff1f99b504", "token_id": "3254", "name": "TinFun #3254", "blockchain": "ETH", "image": "https://lh3.googleusercontent.com/mN6iKXz8KMmxMuHf9s7fijafjKgO-oZxg-44nEgqMBe47cUJOHTQEZ9p08kftn-LpGSUthTdMnbut5WfF9f3_MDAlgyzNqhd98yO", "contract_type": "ERC721"}, "collection": {"collection_id": "65a13036c284b18008bd25b7", "name": "TinFun", "logo": "https://i.seadn.io/s/raw/files/a531bedf317b5ffe5a35d559b5c94cd9.jpg?w=500&auto=format", "slug": "tin-fun"}, "gas_fee": {"value": 0.0137, "raw_value": 13700000000000000, "usd": 33.8548, "payment_token": {"address": "0x0000000000000000000000000000000000000000", "symbol": "ETH", "decimals": 18}}, "price": {"value": 0.62, "raw_value": 620000000000000000, "usd": 1532.7638422258558, "payment_token": {"address": "0x0000000000000000000000000000000000000000", "symbol": "ETH", "decimals": 18}}, "marketplace_path": ["blur"], "fees": [{"fee_type": "royalty", "recipient": "0x6650dc11f439f14d4dfbea75233bd9b0099a0647", "bps": 50, "price": {"value": 0.0031, "raw_value": 3100000000000000, "usd": 7.666016, "payment_token": {"address": "0x0000000000a39bb272e79075ade125fd351887ac", "symbol": "BETH", "decimals": 18}}}], "trait_offer_target": null}, {"blockchain": "ETH", "sender": {"address": "0x78f00e318b55e496de583b88a4e42c65a9d69533", "ens": null, "is_whale": false, "blockchain": "ETH", "is_contract": false, "is_blue_chip_holder": false, "is_super_blue_chip_holder": false, "is_multi_sign_wallet": false, "das": null, "alias": null}, "receiver": {"address": "0x10940bbc025a29d13a1f24be3ba74dfd3addf021", "ens": null, "is_whale": false, "blockchain": "ETH", "is_contract": false, "is_blue_chip_holder": true, "is_super_blue_chip_holder": false, "is_multi_sign_wallet": false, "das": null, "alias": null}, "event": "sale", "quantity": 1, "tx_hash": "0xfe13d3aed65d5d0ad5a0b92147210180c2981d9bd34e02a0b9ac0b77f5e1640b", "time": 1705633187, "nft": {"contract_address": "0xc274a97f1691ef390f662067e95a6eff1f99b504", "token_id": "3254", "name": "TinFun #3254", "blockchain": "ETH", "image": "https://lh3.googleusercontent.com/mN6iKXz8KMmxMuHf9s7fijafjKgO-oZxg-44nEgqMBe47cUJOHTQEZ9p08kftn-LpGSUthTdMnbut5WfF9f3_MDAlgyzNqhd98yO", "contract_type": "ERC721"}, "collection": {"collection_id": "65a13036c284b18008bd25b7", "name": "TinFun", "logo": "https://i.seadn.io/s/raw/files/a531bedf317b5ffe5a35d559b5c94cd9.jpg?w=500&auto=format", "slug": "tin-fun"}, "gas_fee": {"value": 0.0095, "raw_value": 9500000000000000, "usd": 23.4886, "payment_token": {"address": "0x0000000000000000000000000000000000000000", "symbol": "ETH", "decimals": 18}}, "price": {"value": 0.68, "raw_value": 680000000000000000, "usd": 1673.6805944628945, "payment_token": {"address": "0x0000000000000000000000000000000000000000", "symbol": "ETH", "decimals": 18}}, "marketplace_path": ["blur-aggregator", "blur"], "fees": [{"fee_type": "royalty", "recipient": "0x6650dc11f439f14d4dfbea75233bd9b0099a0647", "bps": 50, "price": {"value": 0.0034, "raw_value": 3400000000000000, "usd": 8.393542, "payment_token": {"address": "0x0000000000000000000000000000000000000000", "symbol": "ETH", "decimals": 18}}}], "trait_offer_target": null}, {"blockchain": "ETH", "sender": {"address": "0x77c9b7c7c9f5574a53ffc75c7580d7356bbfc148", "ens": null, "is_whale": false, "blockchain": "ETH", "is_contract": false, "is_blue_chip_holder": false, "is_super_blue_chip_holder": false, "is_multi_sign_wallet": false, "das": null, "alias": null}, "receiver": {"address": "0x78f00e318b55e496de583b88a4e42c65a9d69533", "ens": null, "is_whale": false, "blockchain": "ETH", "is_contract": false, "is_blue_chip_holder": false, "is_super_blue_chip_holder": false, "is_multi_sign_wallet": false, "das": null, "alias": null}, "event": "transfer", "quantity": 1, "tx_hash": "0xbed931efed1b5dcc26bdc012eebd8d77a6e7ef45ef8d8bef980e30b8aa313c3c", "time": 1705064999, "nft": {"contract_address": "0xc274a97f1691ef390f662067e95a6eff1f99b504", "token_id": "3254", "name": "TinFun #3254", "blockchain": "ETH", "image": "https://lh3.googleusercontent.com/mN6iKXz8KMmxMuHf9s7fijafjKgO-oZxg-44nEgqMBe47cUJOHTQEZ9p08kftn-LpGSUthTdMnbut5WfF9f3_MDAlgyzNqhd98yO", "contract_type": "ERC721"}, "collection": {"collection_id": "65a13036c284b18008bd25b7", "name": "TinFun", "logo": "https://i.seadn.io/s/raw/files/a531bedf317b5ffe5a35d559b5c94cd9.jpg?w=500&auto=format", "slug": "tin-fun"}, "gas_fee": {"value": 0.0022, "raw_value": 2200000000000000, "usd": 5.7564, "payment_token": {"address": "0x0000000000000000000000000000000000000000", "symbol": "ETH", "decimals": 18}}, "price": null, "marketplace_path": [], "fees": [], "trait_offer_target": null}]