[{"blockchain": "ETH", "sender": {"address": "0xce7552914211626fd040b1ffe42da0a8690694f6", "ens": null, "is_whale": false, "blockchain": "ETH", "is_contract": false, "is_blue_chip_holder": false, "is_super_blue_chip_holder": false, "is_multi_sign_wallet": false, "das": null, "alias": null}, "receiver": {"address": "0x8177e9fa379b85e01b2b30140ddc446b9875106a", "ens": null, "is_whale": false, "blockchain": "ETH", "is_contract": true, "is_blue_chip_holder": false, "is_super_blue_chip_holder": false, "is_multi_sign_wallet": false, "das": null, "alias": null}, "event": "transfer", "quantity": 1, "tx_hash": "0xe5497d83a251ffea56bc7af7c1a2500e1268467a9959a28fdea71875e1eefd58", "time": 1713348395, "nft": {"contract_address": "0xc274a97f1691ef390f662067e95a6eff1f99b504", "token_id": "3604", "name": "TinFun #3604", "blockchain": "ETH", "image": "https://lh3.googleusercontent.com/vhMqgi7Zf7BMbP3R8Zqm934yQl39hApTs1A_7SZgEANtbb8ekJnfTy1-ChjOgQaR9mbTBqXjjva-h0HaAuIxH8Sf_nKgsc4-GbQ", "contract_type": "ERC721"}, "collection": {"collection_id": "65a13036c284b18008bd25b7", "name": "TinFun", "logo": "https://i.seadn.io/s/raw/files/a531bedf317b5ffe5a35d559b5c94cd9.jpg?w=500&auto=format", "slug": "tin-fun"}, "gas_fee": {"value": 0.0015, "raw_value": 1500000000000000, "usd": 4.5471, "payment_token": {"address": "0x0000000000000000000000000000000000000000", "symbol": "ETH", "decimals": 18}}, "price": null, "marketplace_path": [], "fees": [], "trait_offer_target": null}, {"blockchain": "ETH", "sender": {"address": "0x7e5ccbf79f81baf0430a9ed8208580c7157f143c", "ens": null, "is_whale": false, "blockchain": "ETH", "is_contract": false, "is_blue_chip_holder": false, "is_super_blue_chip_holder": false, "is_multi_sign_wallet": false, "das": null, "alias": null}, "receiver": {"address": "0xce7552914211626fd040b1ffe42da0a8690694f6", "ens": null, "is_whale": false, "blockchain": "ETH", "is_contract": false, "is_blue_chip_holder": false, "is_super_blue_chip_holder": false, "is_multi_sign_wallet": false, "das": null, "alias": null}, "event": "sale", "quantity": 1, "tx_hash": "0xe641c821a6aceee33fff044b92bf46575a5a6eb34d01e97d75004816916cb7e3", "time": 1708783811, "nft": {"contract_address": "0xc274a97f1691ef390f662067e95a6eff1f99b504", "token_id": "3604", "name": "TinFun #3604", "blockchain": "ETH", "image": "https://lh3.googleusercontent.com/vhMqgi7Zf7BMbP3R8Zqm934yQl39hApTs1A_7SZgEANtbb8ekJnfTy1-ChjOgQaR9mbTBqXjjva-h0HaAuIxH8Sf_nKgsc4-GbQ", "contract_type": "ERC721"}, "collection": {"collection_id": "65a13036c284b18008bd25b7", "name": "TinFun", "logo": "https://i.seadn.io/s/raw/files/a531bedf317b5ffe5a35d559b5c94cd9.jpg?w=500&auto=format", "slug": "tin-fun"}, "gas_fee": {"value": 0.0066, "raw_value": 6600000000000000, "usd": 19.5206, "payment_token": {"address": "0x0000000000000000000000000000000000000000", "symbol": "ETH", "decimals": 18}}, "price": {"value": 0.5677, "raw_value": 567700000000000000, "usd": 1683.6057948553287, "payment_token": {"address": "0x0000000000000000000000000000000000000000", "symbol": "ETH", "decimals": 18}}, "marketplace_path": ["blur-aggregator", "blur"], "fees": [{"fee_type": "royalty", "recipient": "0x6650dc11f439f14d4dfbea75233bd9b0099a0647", "bps": 50, "price": {"value": 0.002838, "raw_value": 2838500000000000, "usd": 8.405273, "payment_token": {"address": "0x0000000000000000000000000000000000000000", "symbol": "ETH", "decimals": 18}}}], "trait_offer_target": null}, {"blockchain": "ETH", "sender": {"address": "0xd84c95c9a9159e3ed68bc5cfbe8542a63bc86d59", "ens": null, "is_whale": false, "blockchain": "ETH", "is_contract": false, "is_blue_chip_holder": false, "is_super_blue_chip_holder": false, "is_multi_sign_wallet": false, "das": null, "alias": null}, "receiver": {"address": "0x7e5ccbf79f81baf0430a9ed8208580c7157f143c", "ens": null, "is_whale": false, "blockchain": "ETH", "is_contract": false, "is_blue_chip_holder": false, "is_super_blue_chip_holder": false, "is_multi_sign_wallet": false, "das": null, "alias": null}, "event": "sale", "quantity": 1, "tx_hash": "0x15086a08a9ab4ec249fea251d8f8ba19e5ac9ca7142172f759d1d26fb88a7e10", "time": 1708783451, "nft": {"contract_address": "0xc274a97f1691ef390f662067e95a6eff1f99b504", "token_id": "3604", "name": "TinFun #3604", "blockchain": "ETH", "image": "https://lh3.googleusercontent.com/vhMqgi7Zf7BMbP3R8Zqm934yQl39hApTs1A_7SZgEANtbb8ekJnfTy1-ChjOgQaR9mbTBqXjjva-h0HaAuIxH8Sf_nKgsc4-GbQ", "contract_type": "ERC721"}, "collection": {"collection_id": "65a13036c284b18008bd25b7", "name": "TinFun", "logo": "https://i.seadn.io/s/raw/files/a531bedf317b5ffe5a35d559b5c94cd9.jpg?w=500&auto=format", "slug": "tin-fun"}, "gas_fee": {"value": 0.0117, "raw_value": 11700000000000000, "usd": 34.6089, "payment_token": {"address": "0x0000000000000000000000000000000000000000", "symbol": "ETH", "decimals": 18}}, "price": {"value": 0.53, "raw_value": 530000000000000000, "usd": 1571.8003721566395, "payment_token": {"address": "0x0000000000000000000000000000000000000000", "symbol": "ETH", "decimals": 18}}, "marketplace_path": ["blur"], "fees": [{"fee_type": "royalty", "recipient": "0x6650dc11f439f14d4dfbea75233bd9b0099a0647", "bps": 50, "price": {"value": 0.00265, "raw_value": 2650000000000000, "usd": 7.847093, "payment_token": {"address": "0x0000000000a39bb272e79075ade125fd351887ac", "symbol": "BETH", "decimals": 18}}}], "trait_offer_target": null}, {"blockchain": "ETH", "sender": {"address": "0xc821d3d24c27c713a9e2758086bd29b23f7381e2", "ens": "\u4ee3\u865f9527.eth", "is_whale": false, "blockchain": "ETH", "is_contract": false, "is_blue_chip_holder": false, "is_super_blue_chip_holder": false, "is_multi_sign_wallet": false, "das": null, "alias": "\u4ee3\u865f9527.eth"}, "receiver": {"address": "0xd84c95c9a9159e3ed68bc5cfbe8542a63bc86d59", "ens": null, "is_whale": false, "blockchain": "ETH", "is_contract": false, "is_blue_chip_holder": false, "is_super_blue_chip_holder": false, "is_multi_sign_wallet": false, "das": null, "alias": null}, "event": "sale", "quantity": 1, "tx_hash": "0x7b22e8761ca9992937d253caf15e72a60d400cb2070a38805d41debe3017b869", "time": 1707028907, "nft": {"contract_address": "0xc274a97f1691ef390f662067e95a6eff1f99b504", "token_id": "3604", "name": "TinFun #3604", "blockchain": "ETH", "image": "https://lh3.googleusercontent.com/vhMqgi7Zf7BMbP3R8Zqm934yQl39hApTs1A_7SZgEANtbb8ekJnfTy1-ChjOgQaR9mbTBqXjjva-h0HaAuIxH8Sf_nKgsc4-GbQ", "contract_type": "ERC721"}, "collection": {"collection_id": "65a13036c284b18008bd25b7", "name": "TinFun", "logo": "https://i.seadn.io/s/raw/files/a531bedf317b5ffe5a35d559b5c94cd9.jpg?w=500&auto=format", "slug": "tin-fun"}, "gas_fee": {"value": 0.0044, "raw_value": 4400000000000000, "usd": 10.0062, "payment_token": {"address": "0x0000000000000000000000000000000000000000", "symbol": "ETH", "decimals": 18}}, "price": {"value": 0.585, "raw_value": 585000000000000000, "usd": 1345.2041590597191, "payment_token": {"address": "0x0000000000000000000000000000000000000000", "symbol": "ETH", "decimals": 18}}, "marketplace_path": ["blur-aggregator", "blur"], "fees": [{"fee_type": "royalty", "recipient": "0x6650dc11f439f14d4dfbea75233bd9b0099a0647", "bps": 50, "price": {"value": 0.002925, "raw_value": 2925000000000000, "usd": 6.735185, "payment_token": {"address": "0x0000000000000000000000000000000000000000", "symbol": "ETH", "decimals": 18}}}], "trait_offer_target": null}, {"blockchain": "ETH", "sender": {"address": "0x3eb879cc9a0ef4c6f1d870a40ae187768c278da2", "ens": "floorprotocol.eth", "is_whale": false, "blockchain": "ETH", "is_contract": true, "is_blue_chip_holder": true, "is_super_blue_chip_holder": true, "is_multi_sign_wallet": false, "das": null, "alias": "floorprotocol.eth"}, "receiver": {"address": "0xc821d3d24c27c713a9e2758086bd29b23f7381e2", "ens": "\u4ee3\u865f9527.eth", "is_whale": false, "blockchain": "ETH", "is_contract": false, "is_blue_chip_holder": false, "is_super_blue_chip_holder": true, "is_multi_sign_wallet": false, "das": null, "alias": "\u4ee3\u865f9527.eth"}, "event": "transfer", "quantity": 1, "tx_hash": "0xf6875cff6b0db81d0f1b338f28ecb6a3d45aff01390b98ac54fc8d86c9014d12", "time": 1707028247, "nft": {"contract_address": "0xc274a97f1691ef390f662067e95a6eff1f99b504", "token_id": "3604", "name": "TinFun #3604", "blockchain": "ETH", "image": "https://lh3.googleusercontent.com/vhMqgi7Zf7BMbP3R8Zqm934yQl39hApTs1A_7SZgEANtbb8ekJnfTy1-ChjOgQaR9mbTBqXjjva-h0HaAuIxH8Sf_nKgsc4-GbQ", "contract_type": "ERC721"}, "collection": {"collection_id": "65a13036c284b18008bd25b7", "name": "TinFun", "logo": "https://i.seadn.io/s/raw/files/a531bedf317b5ffe5a35d559b5c94cd9.jpg?w=500&auto=format", "slug": "tin-fun"}, "gas_fee": {"value": 0.0026, "raw_value": 2600000000000000, "usd": 5.9349, "payment_token": {"address": "0x0000000000000000000000000000000000000000", "symbol": "ETH", "decimals": 18}}, "price": null, "marketplace_path": ["floor"], "fees": [], "trait_offer_target": null}, {"blockchain": "ETH", "sender": {"address": "0x5ef7231a742a9da3b7151c274099f7a4814a0df3", "ens": null, "is_whale": false, "blockchain": "ETH", "is_contract": false, "is_blue_chip_holder": false, "is_super_blue_chip_holder": false, "is_multi_sign_wallet": false, "das": null, "alias": null}, "receiver": {"address": "0x3eb879cc9a0ef4c6f1d870a40ae187768c278da2", "ens": "floorprotocol.eth", "is_whale": false, "blockchain": "ETH", "is_contract": true, "is_blue_chip_holder": true, "is_super_blue_chip_holder": false, "is_multi_sign_wallet": false, "das": null, "alias": "floorprotocol.eth"}, "event": "sale", "quantity": 1, "tx_hash": "0xa31262cb7843e9e0b61dda3787c77792caab335bfc51b9fc39ba58ddd1608364", "time": 1705882703, "nft": {"contract_address": "0xc274a97f1691ef390f662067e95a6eff1f99b504", "token_id": "3604", "name": "TinFun #3604", "blockchain": "ETH", "image": "https://lh3.googleusercontent.com/vhMqgi7Zf7BMbP3R8Zqm934yQl39hApTs1A_7SZgEANtbb8ekJnfTy1-ChjOgQaR9mbTBqXjjva-h0HaAuIxH8Sf_nKgsc4-GbQ", "contract_type": "ERC721"}, "collection": {"collection_id": "65a13036c284b18008bd25b7", "name": "TinFun", "logo": "https://i.seadn.io/s/raw/files/a531bedf317b5ffe5a35d559b5c94cd9.jpg?w=500&auto=format", "slug": "tin-fun"}, "gas_fee": {"value": 0.0044, "raw_value": 4400000000000000, "usd": 10.785, "payment_token": {"address": "0x0000000000000000000000000000000000000000", "symbol": "ETH", "decimals": 18}}, "price": {"value": 0.5864661937431751, "raw_value": 586466193743175077, "usd": 1443.2083634736418, "payment_token": {"address": "0xc02aaa39b223fe8d0a0e5c4f27ead9083c756cc2", "symbol": "WETH", "decimals": 18}}, "marketplace_path": ["floor"], "fees": [], "trait_offer_target": null}, {"blockchain": "ETH", "sender": {"address": "0x260db26a5d85e9e6983257e8af71a60e95873d6b", "ens": "tummyachejake.eth", "is_whale": false, "blockchain": "ETH", "is_contract": false, "is_blue_chip_holder": true, "is_super_blue_chip_holder": false, "is_multi_sign_wallet": false, "das": null, "alias": "tummyachejake.eth"}, "receiver": {"address": "0x5ef7231a742a9da3b7151c274099f7a4814a0df3", "ens": null, "is_whale": false, "blockchain": "ETH", "is_contract": false, "is_blue_chip_holder": false, "is_super_blue_chip_holder": false, "is_multi_sign_wallet": false, "das": null, "alias": null}, "event": "sale", "quantity": 1, "tx_hash": "0xda9c8422ed11e8da03409b0e07ceb70b8072712662105069da39efbe70c1fd57", "time": 1705882643, "nft": {"contract_address": "0xc274a97f1691ef390f662067e95a6eff1f99b504", "token_id": "3604", "name": "TinFun #3604", "blockchain": "ETH", "image": "https://lh3.googleusercontent.com/vhMqgi7Zf7BMbP3R8Zqm934yQl39hApTs1A_7SZgEANtbb8ekJnfTy1-ChjOgQaR9mbTBqXjjva-h0HaAuIxH8Sf_nKgsc4-GbQ", "contract_type": "ERC721"}, "collection": {"collection_id": "65a13036c284b18008bd25b7", "name": "TinFun", "logo": "https://i.seadn.io/s/raw/files/a531bedf317b5ffe5a35d559b5c94cd9.jpg?w=500&auto=format", "slug": "tin-fun"}, "gas_fee": {"value": 0.002, "raw_value": 2000000000000000, "usd": 4.9003, "payment_token": {"address": "0x0000000000000000000000000000000000000000", "symbol": "ETH", "decimals": 18}}, "price": {"value": 0.59, "raw_value": 590000000000000000, "usd": 1448.4425695309715, "payment_token": {"address": "0x0000000000000000000000000000000000000000", "symbol": "ETH", "decimals": 18}}, "marketplace_path": ["blur"], "fees": [{"fee_type": "royalty", "recipient": "0x6650dc11f439f14d4dfbea75233bd9b0099a0647", "bps": 50, "price": {"value": 0.00295, "raw_value": 2950000000000000, "usd": 7.292989, "payment_token": {"address": "0x0000000000a39bb272e79075ade125fd351887ac", "symbol": "BETH", "decimals": 18}}}], "trait_offer_target": null}, {"blockchain": "ETH", "sender": {"address": "0x65807b8b0e4a16b76dd27158b81f3ad524394c70", "ens": null, "is_whale": false, "blockchain": "ETH", "is_contract": false, "is_blue_chip_holder": false, "is_super_blue_chip_holder": false, "is_multi_sign_wallet": false, "das": null, "alias": null}, "receiver": {"address": "0x260db26a5d85e9e6983257e8af71a60e95873d6b", "ens": "tummyachejake.eth", "is_whale": false, "blockchain": "ETH", "is_contract": false, "is_blue_chip_holder": true, "is_super_blue_chip_holder": false, "is_multi_sign_wallet": false, "das": null, "alias": "tummyachejake.eth"}, "event": "sale", "quantity": 1, "tx_hash": "0x736b8104fb9424a6abab570fa9b4f4dbc234be60bb09038699f1b23bf58fcf73", "time": 1705879715, "nft": {"contract_address": "0xc274a97f1691ef390f662067e95a6eff1f99b504", "token_id": "3604", "name": "TinFun #3604", "blockchain": "ETH", "image": "https://lh3.googleusercontent.com/vhMqgi7Zf7BMbP3R8Zqm934yQl39hApTs1A_7SZgEANtbb8ekJnfTy1-ChjOgQaR9mbTBqXjjva-h0HaAuIxH8Sf_nKgsc4-GbQ", "contract_type": "ERC721"}, "collection": {"collection_id": "65a13036c284b18008bd25b7", "name": "TinFun", "logo": "https://i.seadn.io/s/raw/files/a531bedf317b5ffe5a35d559b5c94cd9.jpg?w=500&auto=format", "slug": "tin-fun"}, "gas_fee": {"value": 0.0031, "raw_value": 3100000000000000, "usd": 7.546, "payment_token": {"address": "0x0000000000000000000000000000000000000000", "symbol": "ETH", "decimals": 18}}, "price": {"value": 0.6, "raw_value": 600000000000000000, "usd": 1476.4624810273915, "payment_token": {"address": "0x0000000000000000000000000000000000000000", "symbol": "ETH", "decimals": 18}}, "marketplace_path": ["blur"], "fees": [{"fee_type": "royalty", "recipient": "0x6650dc11f439f14d4dfbea75233bd9b0099a0647", "bps": 50, "price": {"value": 0.003, "raw_value": 3000000000000000, "usd": 7.39898, "payment_token": {"address": "0x0000000000a39bb272e79075ade125fd351887ac", "symbol": "BETH", "decimals": 18}}}], "trait_offer_target": null}, {"blockchain": "ETH", "sender": {"address": "0x10940bbc025a29d13a1f24be3ba74dfd3addf021", "ens": null, "is_whale": false, "blockchain": "ETH", "is_contract": false, "is_blue_chip_holder": true, "is_super_blue_chip_holder": false, "is_multi_sign_wallet": false, "das": null, "alias": null}, "receiver": {"address": "0x65807b8b0e4a16b76dd27158b81f3ad524394c70", "ens": null, "is_whale": false, "blockchain": "ETH", "is_contract": false, "is_blue_chip_holder": false, "is_super_blue_chip_holder": false, "is_multi_sign_wallet": false, "das": null, "alias": null}, "event": "sale", "quantity": 1, "tx_hash": "0xd1ee3a33a221744074fd849fdae13204f842723011eab7857f3e0f2745b46e4d", "time": 1705875707, "nft": {"contract_address": "0xc274a97f1691ef390f662067e95a6eff1f99b504", "token_id": "3604", "name": "TinFun #3604", "blockchain": "ETH", "image": "https://lh3.googleusercontent.com/vhMqgi7Zf7BMbP3R8Zqm934yQl39hApTs1A_7SZgEANtbb8ekJnfTy1-ChjOgQaR9mbTBqXjjva-h0HaAuIxH8Sf_nKgsc4-GbQ", "contract_type": "ERC721"}, "collection": {"collection_id": "65a13036c284b18008bd25b7", "name": "TinFun", "logo": "https://i.seadn.io/s/raw/files/a531bedf317b5ffe5a35d559b5c94cd9.jpg?w=500&auto=format", "slug": "tin-fun"}, "gas_fee": {"value": 0.0103, "raw_value": 10300000000000000, "usd": 25.4122, "payment_token": {"address": "0x0000000000000000000000000000000000000000", "symbol": "ETH", "decimals": 18}}, "price": {"value": 0.62, "raw_value": 620000000000000000, "usd": 1532.7638422258558, "payment_token": {"address": "0x0000000000000000000000000000000000000000", "symbol": "ETH", "decimals": 18}}, "marketplace_path": ["blur"], "fees": [{"fee_type": "royalty", "recipient": "0x6650dc11f439f14d4dfbea75233bd9b0099a0647", "bps": 50, "price": {"value": 0.0031, "raw_value": 3100000000000000, "usd": 7.666016, "payment_token": {"address": "0x0000000000a39bb272e79075ade125fd351887ac", "symbol": "BETH", "decimals": 18}}}], "trait_offer_target": null}, {"blockchain": "ETH", "sender": {"address": "0x8d6eab0bb32c6105b458f7dc1bf9d80efbc0d188", "ens": "ryanjpegs.eth", "is_whale": false, "blockchain": "ETH", "is_contract": false, "is_blue_chip_holder": false, "is_super_blue_chip_holder": false, "is_multi_sign_wallet": false, "das": null, "alias": "ryanjpegs.eth"}, "receiver": {"address": "0x10940bbc025a29d13a1f24be3ba74dfd3addf021", "ens": null, "is_whale": false, "blockchain": "ETH", "is_contract": false, "is_blue_chip_holder": true, "is_super_blue_chip_holder": false, "is_multi_sign_wallet": false, "das": null, "alias": null}, "event": "sale", "quantity": 1, "tx_hash": "0xaea7409fea6b7d37b63fa28c256965deced56fe14012325dc19920ba079e97f6", "time": 1705469087, "nft": {"contract_address": "0xc274a97f1691ef390f662067e95a6eff1f99b504", "token_id": "3604", "name": "TinFun #3604", "blockchain": "ETH", "image": "https://lh3.googleusercontent.com/vhMqgi7Zf7BMbP3R8Zqm934yQl39hApTs1A_7SZgEANtbb8ekJnfTy1-ChjOgQaR9mbTBqXjjva-h0HaAuIxH8Sf_nKgsc4-GbQ", "contract_type": "ERC721"}, "collection": {"collection_id": "65a13036c284b18008bd25b7", "name": "TinFun", "logo": "https://i.seadn.io/s/raw/files/a531bedf317b5ffe5a35d559b5c94cd9.jpg?w=500&auto=format", "slug": "tin-fun"}, "gas_fee": {"value": 0.0046, "raw_value": 4600000000000000, "usd": 11.7318, "payment_token": {"address": "0x0000000000000000000000000000000000000000", "symbol": "ETH", "decimals": 18}}, "price": {"value": 0.75, "raw_value": 750000000000000000, "usd": 1925.6742489388027, "payment_token": {"address": "0x0000000000000000000000000000000000000000", "symbol": "ETH", "decimals": 18}}, "marketplace_path": ["blur"], "fees": [{"fee_type": "royalty", "recipient": "0x6650dc11f439f14d4dfbea75233bd9b0099a0647", "bps": 50, "price": {"value": 0.00375, "raw_value": 3750000000000000, "usd": 9.662813, "payment_token": {"address": "0x0000000000a39bb272e79075ade125fd351887ac", "symbol": "BETH", "decimals": 18}}}], "trait_offer_target": null}, {"blockchain": "ETH", "sender": {"address": "0xdf4e0f7e6cbcb5a1b78fd0f3a71aff8e2a782112", "ens": "ethflash.eth", "is_whale": false, "blockchain": "ETH", "is_contract": false, "is_blue_chip_holder": false, "is_super_blue_chip_holder": false, "is_multi_sign_wallet": false, "das": null, "alias": "ethflash.eth"}, "receiver": {"address": "0x8d6eab0bb32c6105b458f7dc1bf9d80efbc0d188", "ens": "ryanjpegs.eth", "is_whale": false, "blockchain": "ETH", "is_contract": false, "is_blue_chip_holder": false, "is_super_blue_chip_holder": false, "is_multi_sign_wallet": false, "das": null, "alias": "ryanjpegs.eth"}, "event": "sale", "quantity": 1, "tx_hash": "0xa46d234e5a827b162e9d5d69963adb152de2619bd4230bc91cb1d11ca686e072", "time": 1705466843, "nft": {"contract_address": "0xc274a97f1691ef390f662067e95a6eff1f99b504", "token_id": "3604", "name": "TinFun #3604", "blockchain": "ETH", "image": "https://lh3.googleusercontent.com/vhMqgi7Zf7BMbP3R8Zqm934yQl39hApTs1A_7SZgEANtbb8ekJnfTy1-ChjOgQaR9mbTBqXjjva-h0HaAuIxH8Sf_nKgsc4-GbQ", "contract_type": "ERC721"}, "collection": {"collection_id": "65a13036c284b18008bd25b7", "name": "TinFun", "logo": "https://i.seadn.io/s/raw/files/a531bedf317b5ffe5a35d559b5c94cd9.jpg?w=500&auto=format", "slug": "tin-fun"}, "gas_fee": {"value": 0.0087, "raw_value": 8699999999999999, "usd": 22.4252, "payment_token": {"address": "0x0000000000000000000000000000000000000000", "symbol": "ETH", "decimals": 18}}, "price": {"value": 0.75, "raw_value": 750000000000000000, "usd": 1928.5614081139588, "payment_token": {"address": "0x0000000000000000000000000000000000000000", "symbol": "ETH", "decimals": 18}}, "marketplace_path": ["blur"], "fees": [{"fee_type": "royalty", "recipient": "0x6650dc11f439f14d4dfbea75233bd9b0099a0647", "bps": 50, "price": {"value": 0.00375, "raw_value": 3750000000000000, "usd": 9.670327, "payment_token": {"address": "0x0000000000a39bb272e79075ade125fd351887ac", "symbol": "BETH", "decimals": 18}}}], "trait_offer_target": null}, {"blockchain": "ETH", "sender": {"address": "0x056563fe91923e1e64b611aa3eb73cca256cc3fb", "ens": "flowtools-thomadsen.eth", "is_whale": false, "blockchain": "ETH", "is_contract": false, "is_blue_chip_holder": false, "is_super_blue_chip_holder": false, "is_multi_sign_wallet": false, "das": null, "alias": "flowtools-thomadsen.eth"}, "receiver": {"address": "0xdf4e0f7e6cbcb5a1b78fd0f3a71aff8e2a782112", "ens": "ethflash.eth", "is_whale": false, "blockchain": "ETH", "is_contract": false, "is_blue_chip_holder": false, "is_super_blue_chip_holder": false, "is_multi_sign_wallet": false, "das": null, "alias": "ethflash.eth"}, "event": "sale", "quantity": 1, "tx_hash": "0xcaf2efecafe4b949b6b2aff67f6b8175c912ed9ec5cb6d867d00ca41606b21e3", "time": 1705463675, "nft": {"contract_address": "0xc274a97f1691ef390f662067e95a6eff1f99b504", "token_id": "3604", "name": "TinFun #3604", "blockchain": "ETH", "image": "https://lh3.googleusercontent.com/vhMqgi7Zf7BMbP3R8Zqm934yQl39hApTs1A_7SZgEANtbb8ekJnfTy1-ChjOgQaR9mbTBqXjjva-h0HaAuIxH8Sf_nKgsc4-GbQ", "contract_type": "ERC721"}, "collection": {"collection_id": "65a13036c284b18008bd25b7", "name": "TinFun", "logo": "https://i.seadn.io/s/raw/files/a531bedf317b5ffe5a35d559b5c94cd9.jpg?w=500&auto=format", "slug": "tin-fun"}, "gas_fee": {"value": 0.0077, "raw_value": 7700000000000000, "usd": 19.7882, "payment_token": {"address": "0x0000000000000000000000000000000000000000", "symbol": "ETH", "decimals": 18}}, "price": {"value": 0.78, "raw_value": 780000000000000000, "usd": 2009.865179360648, "payment_token": {"address": "0x0000000000000000000000000000000000000000", "symbol": "ETH", "decimals": 18}}, "marketplace_path": ["blur"], "fees": [{"fee_type": "royalty", "recipient": "0x6650dc11f439f14d4dfbea75233bd9b0099a0647", "bps": 50, "price": {"value": 0.0039, "raw_value": 3900000000000000, "usd": 10.095573, "payment_token": {"address": "0x0000000000a39bb272e79075ade125fd351887ac", "symbol": "BETH", "decimals": 18}}}], "trait_offer_target": null}, {"blockchain": "ETH", "sender": {"address": "0x9c731c50fb63ee893121245b58816e212f64df6e", "ens": null, "is_whale": false, "blockchain": "ETH", "is_contract": false, "is_blue_chip_holder": false, "is_super_blue_chip_holder": false, "is_multi_sign_wallet": false, "das": null, "alias": null}, "receiver": {"address": "0x056563fe91923e1e64b611aa3eb73cca256cc3fb", "ens": "flowtools-thomadsen.eth", "is_whale": false, "blockchain": "ETH", "is_contract": false, "is_blue_chip_holder": false, "is_super_blue_chip_holder": false, "is_multi_sign_wallet": false, "das": null, "alias": "flowtools-thomadsen.eth"}, "event": "sale", "quantity": 1, "tx_hash": "0xe2fc9bcf8807fcca985696d15a8b7beccdf51c57a25920305f8da88ffb6ed64c", "time": 1705456331, "nft": {"contract_address": "0xc274a97f1691ef390f662067e95a6eff1f99b504", "token_id": "3604", "name": "TinFun #3604", "blockchain": "ETH", "image": "https://lh3.googleusercontent.com/vhMqgi7Zf7BMbP3R8Zqm934yQl39hApTs1A_7SZgEANtbb8ekJnfTy1-ChjOgQaR9mbTBqXjjva-h0HaAuIxH8Sf_nKgsc4-GbQ", "contract_type": "ERC721"}, "collection": {"collection_id": "65a13036c284b18008bd25b7", "name": "TinFun", "logo": "https://i.seadn.io/s/raw/files/a531bedf317b5ffe5a35d559b5c94cd9.jpg?w=500&auto=format", "slug": "tin-fun"}, "gas_fee": {"value": 0.012, "raw_value": 12000000000000000, "usd": 31.0178, "payment_token": {"address": "0x0000000000000000000000000000000000000000", "symbol": "ETH", "decimals": 18}}, "price": {"value": 0.79, "raw_value": 790000000000000000, "usd": 2045.0005918592876, "payment_token": {"address": "0x0000000000000000000000000000000000000000", "symbol": "ETH", "decimals": 18}}, "marketplace_path": ["blur"], "fees": [{"fee_type": "royalty", "recipient": "0x6650dc11f439f14d4dfbea75233bd9b0099a0647", "bps": 50, "price": {"value": 0.00395, "raw_value": 3950000000000000, "usd": 10.247926, "payment_token": {"address": "0x0000000000a39bb272e79075ade125fd351887ac", "symbol": "BETH", "decimals": 18}}}], "trait_offer_target": null}, {"blockchain": "ETH", "sender": {"address": "0xdf4e0f7e6cbcb5a1b78fd0f3a71aff8e2a782112", "ens": "ethflash.eth", "is_whale": false, "blockchain": "ETH", "is_contract": false, "is_blue_chip_holder": false, "is_super_blue_chip_holder": false, "is_multi_sign_wallet": false, "das": null, "alias": "ethflash.eth"}, "receiver": {"address": "0x9c731c50fb63ee893121245b58816e212f64df6e", "ens": null, "is_whale": false, "blockchain": "ETH", "is_contract": false, "is_blue_chip_holder": false, "is_super_blue_chip_holder": false, "is_multi_sign_wallet": false, "das": null, "alias": null}, "event": "sale", "quantity": 1, "tx_hash": "0x3e7d2b67d896a5e0fc2262a1ac62879861f54f120e729fe13126ccbca9416c47", "time": 1705404815, "nft": {"contract_address": "0xc274a97f1691ef390f662067e95a6eff1f99b504", "token_id": "3604", "name": "TinFun #3604", "blockchain": "ETH", "image": "https://lh3.googleusercontent.com/vhMqgi7Zf7BMbP3R8Zqm934yQl39hApTs1A_7SZgEANtbb8ekJnfTy1-ChjOgQaR9mbTBqXjjva-h0HaAuIxH8Sf_nKgsc4-GbQ", "contract_type": "ERC721"}, "collection": {"collection_id": "65a13036c284b18008bd25b7", "name": "TinFun", "logo": "https://i.seadn.io/s/raw/files/a531bedf317b5ffe5a35d559b5c94cd9.jpg?w=500&auto=format", "slug": "tin-fun"}, "gas_fee": {"value": 0.0056, "raw_value": 5600000000000000, "usd": 14.0962, "payment_token": {"address": "0x0000000000000000000000000000000000000000", "symbol": "ETH", "decimals": 18}}, "price": {"value": 0.77, "raw_value": 770000000000000000, "usd": 1949.5507287812602, "payment_token": {"address": "0x0000000000000000000000000000000000000000", "symbol": "ETH", "decimals": 18}}, "marketplace_path": ["blur"], "fees": [{"fee_type": "royalty", "recipient": "0x6650dc11f439f14d4dfbea75233bd9b0099a0647", "bps": 50, "price": {"value": 0.00385, "raw_value": 3850000000000000, "usd": 9.783653, "payment_token": {"address": "0x0000000000a39bb272e79075ade125fd351887ac", "symbol": "BETH", "decimals": 18}}}], "trait_offer_target": null}, {"blockchain": "ETH", "sender": {"address": "0xd883fb2c3285c0700d45ddfbd6ebe836a75cb07f", "ens": null, "is_whale": false, "blockchain": "ETH", "is_contract": false, "is_blue_chip_holder": true, "is_super_blue_chip_holder": false, "is_multi_sign_wallet": false, "das": null, "alias": null}, "receiver": {"address": "0xdf4e0f7e6cbcb5a1b78fd0f3a71aff8e2a782112", "ens": "ethflash.eth", "is_whale": false, "blockchain": "ETH", "is_contract": false, "is_blue_chip_holder": false, "is_super_blue_chip_holder": false, "is_multi_sign_wallet": false, "das": null, "alias": "ethflash.eth"}, "event": "sale", "quantity": 1, "tx_hash": "0xb46f335b5bd6297a33e203953801efc85a85416a75fefbd81b706504b52ae949", "time": 1705401503, "nft": {"contract_address": "0xc274a97f1691ef390f662067e95a6eff1f99b504", "token_id": "3604", "name": "TinFun #3604", "blockchain": "ETH", "image": "https://lh3.googleusercontent.com/vhMqgi7Zf7BMbP3R8Zqm934yQl39hApTs1A_7SZgEANtbb8ekJnfTy1-ChjOgQaR9mbTBqXjjva-h0HaAuIxH8Sf_nKgsc4-GbQ", "contract_type": "ERC721"}, "collection": {"collection_id": "65a13036c284b18008bd25b7", "name": "TinFun", "logo": "https://i.seadn.io/s/raw/files/a531bedf317b5ffe5a35d559b5c94cd9.jpg?w=500&auto=format", "slug": "tin-fun"}, "gas_fee": {"value": 0.0099, "raw_value": 9900000000000000, "usd": 25.1869, "payment_token": {"address": "0x0000000000000000000000000000000000000000", "symbol": "ETH", "decimals": 18}}, "price": {"value": 0.78, "raw_value": 780000000000000000, "usd": 1980.915270208851, "payment_token": {"address": "0x0000000000000000000000000000000000000000", "symbol": "ETH", "decimals": 18}}, "marketplace_path": ["blur"], "fees": [{"fee_type": "royalty", "recipient": "0x6650dc11f439f14d4dfbea75233bd9b0099a0647", "bps": 50, "price": {"value": 0.0039, "raw_value": 3900000000000000, "usd": 9.848048, "payment_token": {"address": "0x0000000000a39bb272e79075ade125fd351887ac", "symbol": "BETH", "decimals": 18}}}], "trait_offer_target": null}, {"blockchain": "ETH", "sender": {"address": "0xc502c07f7f537f47470071fd59cd8287238761aa", "ens": null, "is_whale": false, "blockchain": "ETH", "is_contract": false, "is_blue_chip_holder": true, "is_super_blue_chip_holder": false, "is_multi_sign_wallet": false, "das": null, "alias": null}, "receiver": {"address": "0xd883fb2c3285c0700d45ddfbd6ebe836a75cb07f", "ens": null, "is_whale": false, "blockchain": "ETH", "is_contract": false, "is_blue_chip_holder": true, "is_super_blue_chip_holder": false, "is_multi_sign_wallet": false, "das": null, "alias": null}, "event": "sale", "quantity": 1, "tx_hash": "0x317c666edb528eb556cae8e69f3af1b54cb81f07aac7f81296056be738f5e210", "time": 1705393883, "nft": {"contract_address": "0xc274a97f1691ef390f662067e95a6eff1f99b504", "token_id": "3604", "name": "TinFun #3604", "blockchain": "ETH", "image": "https://lh3.googleusercontent.com/vhMqgi7Zf7BMbP3R8Zqm934yQl39hApTs1A_7SZgEANtbb8ekJnfTy1-ChjOgQaR9mbTBqXjjva-h0HaAuIxH8Sf_nKgsc4-GbQ", "contract_type": "ERC721"}, "collection": {"collection_id": "65a13036c284b18008bd25b7", "name": "TinFun", "logo": "https://i.seadn.io/s/raw/files/a531bedf317b5ffe5a35d559b5c94cd9.jpg?w=500&auto=format", "slug": "tin-fun"}, "gas_fee": {"value": 0.0067, "raw_value": 6700000000000000, "usd": 17.0333, "payment_token": {"address": "0x0000000000000000000000000000000000000000", "symbol": "ETH", "decimals": 18}}, "price": {"value": 0.79, "raw_value": 790000000000000000, "usd": 1994.8609476916306, "payment_token": {"address": "0x0000000000000000000000000000000000000000", "symbol": "ETH", "decimals": 18}}, "marketplace_path": ["blur"], "fees": [{"fee_type": "royalty", "recipient": "0x6650dc11f439f14d4dfbea75233bd9b0099a0647", "bps": 50, "price": {"value": 0.00395, "raw_value": 3950000000000000, "usd": 9.997356, "payment_token": {"address": "0x0000000000a39bb272e79075ade125fd351887ac", "symbol": "BETH", "decimals": 18}}}], "trait_offer_target": null}, {"blockchain": "ETH", "sender": {"address": "0xa69833b9fda816f1bfc79517e7932e64708df0dd", "ens": null, "is_whale": false, "blockchain": "ETH", "is_contract": false, "is_blue_chip_holder": true, "is_super_blue_chip_holder": false, "is_multi_sign_wallet": false, "das": null, "alias": null}, "receiver": {"address": "0xc502c07f7f537f47470071fd59cd8287238761aa", "ens": null, "is_whale": false, "blockchain": "ETH", "is_contract": false, "is_blue_chip_holder": true, "is_super_blue_chip_holder": false, "is_multi_sign_wallet": false, "das": null, "alias": null}, "event": "sale", "quantity": 1, "tx_hash": "0xc8d5ec3f5a92a44865a1ab918d4604dc08050a455293bfd9893fee3af60c51d1", "time": 1705391915, "nft": {"contract_address": "0xc274a97f1691ef390f662067e95a6eff1f99b504", "token_id": "3604", "name": "TinFun #3604", "blockchain": "ETH", "image": "https://lh3.googleusercontent.com/vhMqgi7Zf7BMbP3R8Zqm934yQl39hApTs1A_7SZgEANtbb8ekJnfTy1-ChjOgQaR9mbTBqXjjva-h0HaAuIxH8Sf_nKgsc4-GbQ", "contract_type": "ERC721"}, "collection": {"collection_id": "65a13036c284b18008bd25b7", "name": "TinFun", "logo": "https://i.seadn.io/s/raw/files/a531bedf317b5ffe5a35d559b5c94cd9.jpg?w=500&auto=format", "slug": "tin-fun"}, "gas_fee": {"value": 0.0156, "raw_value": 15600000000000000, "usd": 39.6005, "payment_token": {"address": "0x0000000000000000000000000000000000000000", "symbol": "ETH", "decimals": 18}}, "price": {"value": 0.8, "raw_value": 800000000000000000, "usd": 2025.477282236061, "payment_token": {"address": "0x0000000000000000000000000000000000000000", "symbol": "ETH", "decimals": 18}}, "marketplace_path": ["blur"], "fees": [{"fee_type": "royalty", "recipient": "0x6650dc11f439f14d4dfbea75233bd9b0099a0647", "bps": 50, "price": {"value": 0.004, "raw_value": 4000000000000000, "usd": 10.112053, "payment_token": {"address": "0x0000000000a39bb272e79075ade125fd351887ac", "symbol": "BETH", "decimals": 18}}}], "trait_offer_target": null}, {"blockchain": "ETH", "sender": {"address": "0x4259589361c72a9dbeed585eb4bc0a9400ab1617", "ens": null, "is_whale": false, "blockchain": "ETH", "is_contract": false, "is_blue_chip_holder": false, "is_super_blue_chip_holder": false, "is_multi_sign_wallet": false, "das": null, "alias": null}, "receiver": {"address": "0xa69833b9fda816f1bfc79517e7932e64708df0dd", "ens": null, "is_whale": false, "blockchain": "ETH", "is_contract": false, "is_blue_chip_holder": true, "is_super_blue_chip_holder": false, "is_multi_sign_wallet": false, "das": null, "alias": null}, "event": "sale", "quantity": 1, "tx_hash": "0x373d3b67a31cb3f6bbfc4304de8a6cb519dbf08add97b31cd0de66e49dde81cd", "time": 1705389863, "nft": {"contract_address": "0xc274a97f1691ef390f662067e95a6eff1f99b504", "token_id": "3604", "name": "TinFun #3604", "blockchain": "ETH", "image": "https://lh3.googleusercontent.com/vhMqgi7Zf7BMbP3R8Zqm934yQl39hApTs1A_7SZgEANtbb8ekJnfTy1-ChjOgQaR9mbTBqXjjva-h0HaAuIxH8Sf_nKgsc4-GbQ", "contract_type": "ERC721"}, "collection": {"collection_id": "65a13036c284b18008bd25b7", "name": "TinFun", "logo": "https://i.seadn.io/s/raw/files/a531bedf317b5ffe5a35d559b5c94cd9.jpg?w=500&auto=format", "slug": "tin-fun"}, "gas_fee": {"value": 0.0138, "raw_value": 13800000000000000, "usd": 35.0417, "payment_token": {"address": "0x0000000000000000000000000000000000000000", "symbol": "ETH", "decimals": 18}}, "price": {"value": 0.8, "raw_value": 800000000000000000, "usd": 2025.477282236061, "payment_token": {"address": "0x0000000000000000000000000000000000000000", "symbol": "ETH", "decimals": 18}}, "marketplace_path": ["blur"], "fees": [{"fee_type": "royalty", "recipient": "0x6650dc11f439f14d4dfbea75233bd9b0099a0647", "bps": 50, "price": {"value": 0.004, "raw_value": 4000000000000000, "usd": 10.112053, "payment_token": {"address": "0x0000000000a39bb272e79075ade125fd351887ac", "symbol": "BETH", "decimals": 18}}}], "trait_offer_target": null}, {"blockchain": "ETH", "sender": {"address": "0xbc63730e9a3d7faa648246b787926fa5d2cbddb2", "ens": null, "is_whale": false, "blockchain": "ETH", "is_contract": false, "is_blue_chip_holder": false, "is_super_blue_chip_holder": false, "is_multi_sign_wallet": false, "das": null, "alias": null}, "receiver": {"address": "0x4259589361c72a9dbeed585eb4bc0a9400ab1617", "ens": null, "is_whale": false, "blockchain": "ETH", "is_contract": false, "is_blue_chip_holder": false, "is_super_blue_chip_holder": false, "is_multi_sign_wallet": false, "das": null, "alias": null}, "event": "sale", "quantity": 1, "tx_hash": "0x0e2e9733f42b38a91abb74ab2f96dd96d81d98335f14cd56b32fd4ed6a4bf3aa", "time": 1705341287, "nft": {"contract_address": "0xc274a97f1691ef390f662067e95a6eff1f99b504", "token_id": "3604", "name": "TinFun #3604", "blockchain": "ETH", "image": "https://lh3.googleusercontent.com/vhMqgi7Zf7BMbP3R8Zqm934yQl39hApTs1A_7SZgEANtbb8ekJnfTy1-ChjOgQaR9mbTBqXjjva-h0HaAuIxH8Sf_nKgsc4-GbQ", "contract_type": "ERC721"}, "collection": {"collection_id": "65a13036c284b18008bd25b7", "name": "TinFun", "logo": "https://i.seadn.io/s/raw/files/a531bedf317b5ffe5a35d559b5c94cd9.jpg?w=500&auto=format", "slug": "tin-fun"}, "gas_fee": {"value": 0.0053, "raw_value": 5300000000000000, "usd": 13.3999, "payment_token": {"address": "0x0000000000000000000000000000000000000000", "symbol": "ETH", "decimals": 18}}, "price": {"value": 0.77, "raw_value": 770000000000000000, "usd": 1943.0031903423182, "payment_token": {"address": "0x0000000000000000000000000000000000000000", "symbol": "ETH", "decimals": 18}}, "marketplace_path": ["blur"], "fees": [], "trait_offer_target": null}]