[{"blockchain": "ETH", "sender": {"address": "0xe93938005abf66b291eb63ad4c4842cf7b695150", "ens": null, "is_whale": false, "blockchain": "ETH", "is_contract": false, "is_blue_chip_holder": false, "is_super_blue_chip_holder": false, "is_multi_sign_wallet": false, "das": null, "alias": null}, "receiver": {"address": "0x8177e9fa379b85e01b2b30140ddc446b9875106a", "ens": null, "is_whale": false, "blockchain": "ETH", "is_contract": true, "is_blue_chip_holder": false, "is_super_blue_chip_holder": false, "is_multi_sign_wallet": false, "das": null, "alias": null}, "event": "transfer", "quantity": 1, "tx_hash": "0x9889a47335385f6d1f290e509164e8d423003fd9bc4fdc8fad891788b4aecaef", "time": 1712976059, "nft": {"contract_address": "0xc274a97f1691ef390f662067e95a6eff1f99b504", "token_id": "3151", "name": "TinFun #3151", "blockchain": "ETH", "image": "https://lh3.googleusercontent.com/43h-ZF9ui4n8jX6csZ9p-HDLPWItLNqluIo4CO2olYnxMx5iA4I0C6b-dWix74S02DFPrfumkwB7RB1uoi-Aw7ncDCawt_L9gA", "contract_type": "ERC721"}, "collection": {"collection_id": "65a13036c284b18008bd25b7", "name": "TinFun", "logo": "https://i.seadn.io/s/raw/files/a531bedf317b5ffe5a35d559b5c94cd9.jpg?w=500&auto=format", "slug": "tin-fun"}, "gas_fee": {"value": 0.0011, "raw_value": 1100000000000000, "usd": 3.5944, "payment_token": {"address": "0x0000000000000000000000000000000000000000", "symbol": "ETH", "decimals": 18}}, "price": null, "marketplace_path": [], "fees": [], "trait_offer_target": null}, {"blockchain": "ETH", "sender": {"address": "0xd91dc7c83bd01b91cb25019dfc4e35bc6faab814", "ens": "valent1ne.eth", "is_whale": false, "blockchain": "ETH", "is_contract": false, "is_blue_chip_holder": false, "is_super_blue_chip_holder": false, "is_multi_sign_wallet": false, "das": null, "alias": "valent1ne.eth"}, "receiver": {"address": "0xe93938005abf66b291eb63ad4c4842cf7b695150", "ens": null, "is_whale": false, "blockchain": "ETH", "is_contract": false, "is_blue_chip_holder": false, "is_super_blue_chip_holder": false, "is_multi_sign_wallet": false, "das": null, "alias": null}, "event": "transfer", "quantity": 1, "tx_hash": "0xcebc2e936fa32e9e68ae072bd5e99e9efa2e6e60eb5de78ab33cb9c27e837ec1", "time": 1709895011, "nft": {"contract_address": "0xc274a97f1691ef390f662067e95a6eff1f99b504", "token_id": "3151", "name": "TinFun #3151", "blockchain": "ETH", "image": "https://lh3.googleusercontent.com/43h-ZF9ui4n8jX6csZ9p-HDLPWItLNqluIo4CO2olYnxMx5iA4I0C6b-dWix74S02DFPrfumkwB7RB1uoi-Aw7ncDCawt_L9gA", "contract_type": "ERC721"}, "collection": {"collection_id": "65a13036c284b18008bd25b7", "name": "TinFun", "logo": "https://i.seadn.io/s/raw/files/a531bedf317b5ffe5a35d559b5c94cd9.jpg?w=500&auto=format", "slug": "tin-fun"}, "gas_fee": {"value": 0.004, "raw_value": 4000000000000000, "usd": 15.8296, "payment_token": {"address": "0x0000000000000000000000000000000000000000", "symbol": "ETH", "decimals": 18}}, "price": null, "marketplace_path": [], "fees": [], "trait_offer_target": null}, {"blockchain": "ETH", "sender": {"address": "0xc68324cd902bb6189db135e28c64aa332fb76680", "ens": null, "is_whale": false, "blockchain": "ETH", "is_contract": false, "is_blue_chip_holder": false, "is_super_blue_chip_holder": false, "is_multi_sign_wallet": false, "das": null, "alias": null}, "receiver": {"address": "0xd91dc7c83bd01b91cb25019dfc4e35bc6faab814", "ens": "valent1ne.eth", "is_whale": false, "blockchain": "ETH", "is_contract": false, "is_blue_chip_holder": false, "is_super_blue_chip_holder": false, "is_multi_sign_wallet": false, "das": null, "alias": "valent1ne.eth"}, "event": "sale", "quantity": 1, "tx_hash": "0x7d4b47640831716cad98a2d53dbe7d816ce28ddfd16660e8b0a0cbf05e9457a2", "time": 1708973999, "nft": {"contract_address": "0xc274a97f1691ef390f662067e95a6eff1f99b504", "token_id": "3151", "name": "TinFun #3151", "blockchain": "ETH", "image": "https://lh3.googleusercontent.com/43h-ZF9ui4n8jX6csZ9p-HDLPWItLNqluIo4CO2olYnxMx5iA4I0C6b-dWix74S02DFPrfumkwB7RB1uoi-Aw7ncDCawt_L9gA", "contract_type": "ERC721"}, "collection": {"collection_id": "65a13036c284b18008bd25b7", "name": "TinFun", "logo": "https://i.seadn.io/s/raw/files/a531bedf317b5ffe5a35d559b5c94cd9.jpg?w=500&auto=format", "slug": "tin-fun"}, "gas_fee": {"value": 0.0317, "raw_value": 31700000000000000, "usd": 99.7507, "payment_token": {"address": "0x0000000000000000000000000000000000000000", "symbol": "ETH", "decimals": 18}}, "price": {"value": 0.2822, "raw_value": 282200000000000000, "usd": 889.0961504851973, "payment_token": {"address": "0x0000000000000000000000000000000000000000", "symbol": "ETH", "decimals": 18}}, "marketplace_path": ["blur-aggregator", "blur"], "fees": [{"fee_type": "royalty", "recipient": "0x6650dc11f439f14d4dfbea75233bd9b0099a0647", "bps": 50, "price": {"value": 0.001411, "raw_value": 1411000000000000, "usd": 4.439247, "payment_token": {"address": "0x0000000000000000000000000000000000000000", "symbol": "ETH", "decimals": 18}}}], "trait_offer_target": null}, {"blockchain": "ETH", "sender": {"address": "0xe2591bd3d77e4ab6a477b8fc776a36f7aee13a1d", "ens": null, "is_whale": false, "blockchain": "ETH", "is_contract": false, "is_blue_chip_holder": false, "is_super_blue_chip_holder": false, "is_multi_sign_wallet": false, "das": null, "alias": null}, "receiver": {"address": "0xc68324cd902bb6189db135e28c64aa332fb76680", "ens": null, "is_whale": false, "blockchain": "ETH", "is_contract": false, "is_blue_chip_holder": false, "is_super_blue_chip_holder": false, "is_multi_sign_wallet": false, "das": null, "alias": null}, "event": "sale", "quantity": 1, "tx_hash": "0xac4f3a44111b6fcfa2c6c848c19e3a7cedfdd470c897fb5d966b1b381655610a", "time": 1708932767, "nft": {"contract_address": "0xc274a97f1691ef390f662067e95a6eff1f99b504", "token_id": "3151", "name": "TinFun #3151", "blockchain": "ETH", "image": "https://lh3.googleusercontent.com/43h-ZF9ui4n8jX6csZ9p-HDLPWItLNqluIo4CO2olYnxMx5iA4I0C6b-dWix74S02DFPrfumkwB7RB1uoi-Aw7ncDCawt_L9gA", "contract_type": "ERC721"}, "collection": {"collection_id": "65a13036c284b18008bd25b7", "name": "TinFun", "logo": "https://i.seadn.io/s/raw/files/a531bedf317b5ffe5a35d559b5c94cd9.jpg?w=500&auto=format", "slug": "tin-fun"}, "gas_fee": {"value": 0.0287, "raw_value": 28700000000000000, "usd": 89.3906, "payment_token": {"address": "0x0000000000000000000000000000000000000000", "symbol": "ETH", "decimals": 18}}, "price": {"value": 0.26, "raw_value": 260000000000000000, "usd": 809.4588953211554, "payment_token": {"address": "0x0000000000000000000000000000000000000000", "symbol": "ETH", "decimals": 18}}, "marketplace_path": ["blur"], "fees": [{"fee_type": "royalty", "recipient": "0x6650dc11f439f14d4dfbea75233bd9b0099a0647", "bps": 50, "price": {"value": 0.0013, "raw_value": 1300000000000000, "usd": 4.034567, "payment_token": {"address": "0x0000000000a39bb272e79075ade125fd351887ac", "symbol": "BETH", "decimals": 18}}}], "trait_offer_target": null}, {"blockchain": "ETH", "sender": {"address": "0x90b74ef7bc1975bcb1c67450c7b1575922b67e54", "ens": null, "is_whale": false, "blockchain": "ETH", "is_contract": false, "is_blue_chip_holder": false, "is_super_blue_chip_holder": false, "is_multi_sign_wallet": false, "das": null, "alias": null}, "receiver": {"address": "0xe2591bd3d77e4ab6a477b8fc776a36f7aee13a1d", "ens": null, "is_whale": false, "blockchain": "ETH", "is_contract": false, "is_blue_chip_holder": false, "is_super_blue_chip_holder": false, "is_multi_sign_wallet": false, "das": null, "alias": null}, "event": "sale", "quantity": 1, "tx_hash": "0xc4e2adf24d02da6e22d28febee4cd4d9d6b26c48f071100ca1d077a00da9a1b7", "time": 1708785731, "nft": {"contract_address": "0xc274a97f1691ef390f662067e95a6eff1f99b504", "token_id": "3151", "name": "TinFun #3151", "blockchain": "ETH", "image": "https://lh3.googleusercontent.com/43h-ZF9ui4n8jX6csZ9p-HDLPWItLNqluIo4CO2olYnxMx5iA4I0C6b-dWix74S02DFPrfumkwB7RB1uoi-Aw7ncDCawt_L9gA", "contract_type": "ERC721"}, "collection": {"collection_id": "65a13036c284b18008bd25b7", "name": "TinFun", "logo": "https://i.seadn.io/s/raw/files/a531bedf317b5ffe5a35d559b5c94cd9.jpg?w=500&auto=format", "slug": "tin-fun"}, "gas_fee": {"value": 0.0104, "raw_value": 10400000000000000, "usd": 30.7772, "payment_token": {"address": "0x0000000000000000000000000000000000000000", "symbol": "ETH", "decimals": 18}}, "price": {"value": 0.375, "raw_value": 375000000000000000, "usd": 1112.1229048278108, "payment_token": {"address": "0x0000000000000000000000000000000000000000", "symbol": "ETH", "decimals": 18}}, "marketplace_path": ["blur-aggregator", "blur"], "fees": [{"fee_type": "royalty", "recipient": "0x6650dc11f439f14d4dfbea75233bd9b0099a0647", "bps": 50, "price": {"value": 0.001875, "raw_value": 1875000000000000, "usd": 5.552188, "payment_token": {"address": "0x0000000000000000000000000000000000000000", "symbol": "ETH", "decimals": 18}}}], "trait_offer_target": null}, {"blockchain": "ETH", "sender": {"address": "0xb50b26255a6a5efa4ef75eb978a92639da185564", "ens": "9110.eth", "is_whale": false, "blockchain": "ETH", "is_contract": false, "is_blue_chip_holder": false, "is_super_blue_chip_holder": false, "is_multi_sign_wallet": false, "das": null, "alias": "9110.eth"}, "receiver": {"address": "0x90b74ef7bc1975bcb1c67450c7b1575922b67e54", "ens": null, "is_whale": false, "blockchain": "ETH", "is_contract": false, "is_blue_chip_holder": false, "is_super_blue_chip_holder": false, "is_multi_sign_wallet": false, "das": null, "alias": null}, "event": "sale", "quantity": 1, "tx_hash": "0x8a4bc07d4abfc777ae7e6229282ba6cefb79552326cc49ef4bc01d0964545f5b", "time": 1708783907, "nft": {"contract_address": "0xc274a97f1691ef390f662067e95a6eff1f99b504", "token_id": "3151", "name": "TinFun #3151", "blockchain": "ETH", "image": "https://lh3.googleusercontent.com/43h-ZF9ui4n8jX6csZ9p-HDLPWItLNqluIo4CO2olYnxMx5iA4I0C6b-dWix74S02DFPrfumkwB7RB1uoi-Aw7ncDCawt_L9gA", "contract_type": "ERC721"}, "collection": {"collection_id": "65a13036c284b18008bd25b7", "name": "TinFun", "logo": "https://i.seadn.io/s/raw/files/a531bedf317b5ffe5a35d559b5c94cd9.jpg?w=500&auto=format", "slug": "tin-fun"}, "gas_fee": {"value": 0.0063, "raw_value": 6300000000000000, "usd": 18.5796, "payment_token": {"address": "0x0000000000000000000000000000000000000000", "symbol": "ETH", "decimals": 18}}, "price": {"value": 0.46, "raw_value": 460000000000000000, "usd": 1364.2040965887813, "payment_token": {"address": "0x0000000000000000000000000000000000000000", "symbol": "ETH", "decimals": 18}}, "marketplace_path": ["blur"], "fees": [{"fee_type": "royalty", "recipient": "0x6650dc11f439f14d4dfbea75233bd9b0099a0647", "bps": 50, "price": {"value": 0.0023, "raw_value": 2300000000000000, "usd": 6.810684, "payment_token": {"address": "0x0000000000a39bb272e79075ade125fd351887ac", "symbol": "BETH", "decimals": 18}}}], "trait_offer_target": null}]