[{"blockchain": "ETH", "sender": {"address": "0x2efdb6dd6daa243fdf30cac2391adb8350d5e322", "ens": null, "is_whale": false, "blockchain": "ETH", "is_contract": false, "is_blue_chip_holder": true, "is_super_blue_chip_holder": false, "is_multi_sign_wallet": false, "das": null, "alias": null}, "receiver": {"address": "0x8177e9fa379b85e01b2b30140ddc446b9875106a", "ens": null, "is_whale": false, "blockchain": "ETH", "is_contract": true, "is_blue_chip_holder": false, "is_super_blue_chip_holder": false, "is_multi_sign_wallet": false, "das": null, "alias": null}, "event": "transfer", "quantity": 1, "tx_hash": "0x324c67918a2118b987fb235d58ee8f179ed35f8645cb5b6a439648255ddedf63", "time": 1711698263, "nft": {"contract_address": "0xc274a97f1691ef390f662067e95a6eff1f99b504", "token_id": "5302", "name": "TinFun #5302", "blockchain": "ETH", "image": "https://lh3.googleusercontent.com/ZwsD0dl1xhRKgyjpy69vy7fFPELh_hAULITzg4PGlodBsfhd_Du_O4P5L-PlX3frc-D_Pog8vGc0RWQ1tluMi2j0mj5tj1v3gw8", "contract_type": "ERC721"}, "collection": {"collection_id": "65a13036c284b18008bd25b7", "name": "TinFun", "logo": "https://i.seadn.io/s/raw/files/a531bedf317b5ffe5a35d559b5c94cd9.jpg?w=500&auto=format", "slug": "tin-fun"}, "gas_fee": {"value": 0.0018, "raw_value": 1800000000000000, "usd": 6.4351, "payment_token": {"address": "0x0000000000000000000000000000000000000000", "symbol": "ETH", "decimals": 18}}, "price": null, "marketplace_path": [], "fees": [], "trait_offer_target": null}, {"blockchain": "ETH", "sender": {"address": "0x6f0d6d278db91b72785e95549e8897e6ad0f566d", "ens": null, "is_whale": false, "blockchain": "ETH", "is_contract": false, "is_blue_chip_holder": false, "is_super_blue_chip_holder": false, "is_multi_sign_wallet": false, "das": null, "alias": null}, "receiver": {"address": "0x2efdb6dd6daa243fdf30cac2391adb8350d5e322", "ens": null, "is_whale": false, "blockchain": "ETH", "is_contract": false, "is_blue_chip_holder": true, "is_super_blue_chip_holder": false, "is_multi_sign_wallet": false, "das": null, "alias": null}, "event": "sale", "quantity": 1, "tx_hash": "0x96a4dc04cc3888c8a1e13bb4c354cc9f7b4910e41051aa5081a6c97d510df30d", "time": 1709483795, "nft": {"contract_address": "0xc274a97f1691ef390f662067e95a6eff1f99b504", "token_id": "5302", "name": "TinFun #5302", "blockchain": "ETH", "image": "https://lh3.googleusercontent.com/ZwsD0dl1xhRKgyjpy69vy7fFPELh_hAULITzg4PGlodBsfhd_Du_O4P5L-PlX3frc-D_Pog8vGc0RWQ1tluMi2j0mj5tj1v3gw8", "contract_type": "ERC721"}, "collection": {"collection_id": "65a13036c284b18008bd25b7", "name": "TinFun", "logo": "https://i.seadn.io/s/raw/files/a531bedf317b5ffe5a35d559b5c94cd9.jpg?w=500&auto=format", "slug": "tin-fun"}, "gas_fee": {"value": 0.0606, "raw_value": 60600000000000000, "usd": 207.4137, "payment_token": {"address": "0x0000000000000000000000000000000000000000", "symbol": "ETH", "decimals": 18}}, "price": {"value": 0.23, "raw_value": 230000000000000000, "usd": 787.6652710336723, "payment_token": {"address": "0x0000000000000000000000000000000000000000", "symbol": "ETH", "decimals": 18}}, "marketplace_path": ["blur"], "fees": [{"fee_type": "royalty", "recipient": "0x6650dc11f439f14d4dfbea75233bd9b0099a0647", "bps": 500, "price": {"value": 0.0115, "raw_value": 11500000000000000, "usd": 39.440969, "payment_token": {"address": "0x0000000000a39bb272e79075ade125fd351887ac", "symbol": "BETH", "decimals": 18}}}], "trait_offer_target": null}, {"blockchain": "ETH", "sender": {"address": "0x5de1ec3f59ce3abf3a526e3fe43b564581f2ee36", "ens": null, "is_whale": false, "blockchain": "ETH", "is_contract": false, "is_blue_chip_holder": false, "is_super_blue_chip_holder": false, "is_multi_sign_wallet": false, "das": null, "alias": null}, "receiver": {"address": "0x6f0d6d278db91b72785e95549e8897e6ad0f566d", "ens": null, "is_whale": false, "blockchain": "ETH", "is_contract": false, "is_blue_chip_holder": false, "is_super_blue_chip_holder": false, "is_multi_sign_wallet": false, "das": null, "alias": null}, "event": "sale", "quantity": 1, "tx_hash": "0xbaa0ece846e485c40afd4d076dfc63666396c32eaeff2adc3934dd3926800c72", "time": 1706768363, "nft": {"contract_address": "0xc274a97f1691ef390f662067e95a6eff1f99b504", "token_id": "5302", "name": "TinFun #5302", "blockchain": "ETH", "image": "https://lh3.googleusercontent.com/ZwsD0dl1xhRKgyjpy69vy7fFPELh_hAULITzg4PGlodBsfhd_Du_O4P5L-PlX3frc-D_Pog8vGc0RWQ1tluMi2j0mj5tj1v3gw8", "contract_type": "ERC721"}, "collection": {"collection_id": "65a13036c284b18008bd25b7", "name": "TinFun", "logo": "https://i.seadn.io/s/raw/files/a531bedf317b5ffe5a35d559b5c94cd9.jpg?w=500&auto=format", "slug": "tin-fun"}, "gas_fee": {"value": 0.0074, "raw_value": 7400000000000000, "usd": 16.7862, "payment_token": {"address": "0x0000000000000000000000000000000000000000", "symbol": "ETH", "decimals": 18}}, "price": {"value": 0.566, "raw_value": 566000000000000000, "usd": 1282.7916148375257, "payment_token": {"address": "0x0000000000000000000000000000000000000000", "symbol": "ETH", "decimals": 18}}, "marketplace_path": ["element-aggregator", "element"], "fees": [], "trait_offer_target": null}]