[{"blockchain": "ETH", "sender": {"address": "0x1dc6d962c7441b41a9d1c601455a71835a519468", "ens": null, "is_whale": false, "blockchain": "ETH", "is_contract": false, "is_blue_chip_holder": false, "is_super_blue_chip_holder": false, "is_multi_sign_wallet": false, "das": null, "alias": null}, "receiver": {"address": "0x8177e9fa379b85e01b2b30140ddc446b9875106a", "ens": null, "is_whale": false, "blockchain": "ETH", "is_contract": true, "is_blue_chip_holder": false, "is_super_blue_chip_holder": false, "is_multi_sign_wallet": false, "das": null, "alias": null}, "event": "transfer", "quantity": 1, "tx_hash": "0x4345945b29e651514ec8a79ab2c7bf884b7c5919d60a40be517fde69ad91d270", "time": 1711697219, "nft": {"contract_address": "0xc274a97f1691ef390f662067e95a6eff1f99b504", "token_id": "9819", "name": "TinFun #9819", "blockchain": "ETH", "image": "https://lh3.googleusercontent.com/K7ySmXfD3wdKIA-QglwlWd98B3Z_JZ9VNZaKnBQ0nUFPISOp09bGNZryIcLgPUCWvTucyNZV0zXLhECToPFDrT6yn0bHc0OppkpH", "contract_type": "ERC721"}, "collection": {"collection_id": "65a13036c284b18008bd25b7", "name": "TinFun", "logo": "https://i.seadn.io/s/raw/files/a531bedf317b5ffe5a35d559b5c94cd9.jpg?w=500&auto=format", "slug": "tin-fun"}, "gas_fee": {"value": 0.0043, "raw_value": 4300000000000000, "usd": 15.3732, "payment_token": {"address": "0x0000000000000000000000000000000000000000", "symbol": "ETH", "decimals": 18}}, "price": null, "marketplace_path": [], "fees": [], "trait_offer_target": null}, {"blockchain": "ETH", "sender": {"address": "0x5c90f15144ca4959a9990442e4121a2343d5771f", "ens": "pengyuchang.eth", "is_whale": false, "blockchain": "ETH", "is_contract": false, "is_blue_chip_holder": false, "is_super_blue_chip_holder": false, "is_multi_sign_wallet": false, "das": null, "alias": "pengyuchang.eth"}, "receiver": {"address": "0x1dc6d962c7441b41a9d1c601455a71835a519468", "ens": null, "is_whale": false, "blockchain": "ETH", "is_contract": false, "is_blue_chip_holder": false, "is_super_blue_chip_holder": false, "is_multi_sign_wallet": false, "das": null, "alias": null}, "event": "sale", "quantity": 1, "tx_hash": "0xeb956ac2444437c191ca47e650f6dc0db7d9c14e9a32adb227b80e9eda2842e5", "time": 1711696835, "nft": {"contract_address": "0xc274a97f1691ef390f662067e95a6eff1f99b504", "token_id": "9819", "name": "TinFun #9819", "blockchain": "ETH", "image": "https://lh3.googleusercontent.com/K7ySmXfD3wdKIA-QglwlWd98B3Z_JZ9VNZaKnBQ0nUFPISOp09bGNZryIcLgPUCWvTucyNZV0zXLhECToPFDrT6yn0bHc0OppkpH", "contract_type": "ERC721"}, "collection": {"collection_id": "65a13036c284b18008bd25b7", "name": "TinFun", "logo": "https://i.seadn.io/s/raw/files/a531bedf317b5ffe5a35d559b5c94cd9.jpg?w=500&auto=format", "slug": "tin-fun"}, "gas_fee": {"value": 0.0031, "raw_value": 3100000000000000, "usd": 10.9063, "payment_token": {"address": "0x0000000000000000000000000000000000000000", "symbol": "ETH", "decimals": 18}}, "price": {"value": 0.24, "raw_value": 240000000000000000, "usd": 857.6856709970074, "payment_token": {"address": "0x0000000000000000000000000000000000000000", "symbol": "ETH", "decimals": 18}}, "marketplace_path": ["blur"], "fees": [{"fee_type": "royalty", "recipient": "0x6650dc11f439f14d4dfbea75233bd9b0099a0647", "bps": 50, "price": {"value": 0.0012, "raw_value": 1200000000000000, "usd": 4.277778, "payment_token": {"address": "0x0000000000000000000000000000000000000000", "symbol": "ETH", "decimals": 18}}}], "trait_offer_target": null}, {"blockchain": "ETH", "sender": {"address": "0x63bd50d00191aecef348f4c61dc634aaded62530", "ens": null, "is_whale": false, "blockchain": "ETH", "is_contract": false, "is_blue_chip_holder": false, "is_super_blue_chip_holder": false, "is_multi_sign_wallet": false, "das": null, "alias": null}, "receiver": {"address": "0x5c90f15144ca4959a9990442e4121a2343d5771f", "ens": "pengyuchang.eth", "is_whale": false, "blockchain": "ETH", "is_contract": false, "is_blue_chip_holder": false, "is_super_blue_chip_holder": false, "is_multi_sign_wallet": false, "das": null, "alias": "pengyuchang.eth"}, "event": "sale", "quantity": 1, "tx_hash": "0xe180d376f997a392fa59cd78f4bc8695e8e9556c7a4d40e4397bff759a3849cb", "time": 1705064279, "nft": {"contract_address": "0xc274a97f1691ef390f662067e95a6eff1f99b504", "token_id": "9819", "name": "TinFun #9819", "blockchain": "ETH", "image": "https://lh3.googleusercontent.com/K7ySmXfD3wdKIA-QglwlWd98B3Z_JZ9VNZaKnBQ0nUFPISOp09bGNZryIcLgPUCWvTucyNZV0zXLhECToPFDrT6yn0bHc0OppkpH", "contract_type": "ERC721"}, "collection": {"collection_id": "65a13036c284b18008bd25b7", "name": "TinFun", "logo": "https://i.seadn.io/s/raw/files/a531bedf317b5ffe5a35d559b5c94cd9.jpg?w=500&auto=format", "slug": "tin-fun"}, "gas_fee": {"value": 0.0047, "raw_value": 4700000000000000, "usd": 12.4018, "payment_token": {"address": "0x0000000000000000000000000000000000000000", "symbol": "ETH", "decimals": 18}}, "price": {"value": 0.8038, "raw_value": 803800000000000000, "usd": 2128.219271204484, "payment_token": {"address": "0x0000000000000000000000000000000000000000", "symbol": "ETH", "decimals": 18}}, "marketplace_path": ["opensea"], "fees": [{"fee_type": "royalty", "recipient": "0x6650dc11f439f14d4dfbea75233bd9b0099a0647", "bps": 500, "price": {"value": 0.04019, "raw_value": 40190000000000000, "usd": 105.075388, "payment_token": {"address": "0x0000000000000000000000000000000000000000", "symbol": "ETH", "decimals": 18}}}], "trait_offer_target": null}]