[{"blockchain": "ETH", "sender": {"address": "0x3eb879cc9a0ef4c6f1d870a40ae187768c278da2", "ens": "floorprotocol.eth", "is_whale": false, "blockchain": "ETH", "is_contract": true, "is_blue_chip_holder": true, "is_super_blue_chip_holder": true, "is_multi_sign_wallet": false, "das": null, "alias": "floorprotocol.eth"}, "receiver": {"address": "0x37078e0ee1b0e31024a7a7298cde95028018113a", "ens": null, "is_whale": false, "blockchain": "ETH", "is_contract": false, "is_blue_chip_holder": true, "is_super_blue_chip_holder": true, "is_multi_sign_wallet": false, "das": null, "alias": null}, "event": "transfer", "quantity": 1, "tx_hash": "0x3cc239f0893349b6f53cad6512e15182883932a42c1b3f5b074e408c7fdb02fd", "time": 1705286651, "nft": {"contract_address": "0xc274a97f1691ef390f662067e95a6eff1f99b504", "token_id": "5457", "name": "TinFun #5457", "blockchain": "ETH", "image": "https://lh3.googleusercontent.com/hsagw60K1NBBKAR2R1rFdigHNVcTwIr8I5W8ZL2pClFrTvkdk8kGGcpelm145m7DoW73C_ODqiR2o_9p1j9gn6VMUKYpsCR0D2A", "contract_type": "ERC721"}, "collection": {"collection_id": "65a13036c284b18008bd25b7", "name": "TinFun", "logo": "https://i.seadn.io/s/raw/files/a531bedf317b5ffe5a35d559b5c94cd9.jpg?w=500&auto=format", "slug": "tin-fun"}, "gas_fee": {"value": 0.0039, "raw_value": 3900000000000000, "usd": 9.6983, "payment_token": {"address": "0x0000000000000000000000000000000000000000", "symbol": "ETH", "decimals": 18}}, "price": null, "marketplace_path": ["floor"], "fees": [], "trait_offer_target": null}, {"blockchain": "ETH", "sender": {"address": "0x66666f58de1bcd762a5e5c5aff9cc3c906d66666", "ens": null, "is_whale": true, "blockchain": "ETH", "is_contract": false, "is_blue_chip_holder": true, "is_super_blue_chip_holder": true, "is_multi_sign_wallet": false, "das": null, "alias": null}, "receiver": {"address": "0x3eb879cc9a0ef4c6f1d870a40ae187768c278da2", "ens": "floorprotocol.eth", "is_whale": false, "blockchain": "ETH", "is_contract": true, "is_blue_chip_holder": true, "is_super_blue_chip_holder": true, "is_multi_sign_wallet": false, "das": null, "alias": "floorprotocol.eth"}, "event": "transfer", "quantity": 1, "tx_hash": "0x13d06c9e529d4dd22c8e0c086bac6635b7f8153deb18f135ea6852c50195a604", "time": 1705069235, "nft": {"contract_address": "0xc274a97f1691ef390f662067e95a6eff1f99b504", "token_id": "5457", "name": "TinFun #5457", "blockchain": "ETH", "image": "https://lh3.googleusercontent.com/hsagw60K1NBBKAR2R1rFdigHNVcTwIr8I5W8ZL2pClFrTvkdk8kGGcpelm145m7DoW73C_ODqiR2o_9p1j9gn6VMUKYpsCR0D2A", "contract_type": "ERC721"}, "collection": {"collection_id": "65a13036c284b18008bd25b7", "name": "TinFun", "logo": "https://i.seadn.io/s/raw/files/a531bedf317b5ffe5a35d559b5c94cd9.jpg?w=500&auto=format", "slug": "tin-fun"}, "gas_fee": {"value": 0.0682, "raw_value": 68200000000000000, "usd": 182.3846, "payment_token": {"address": "0x0000000000000000000000000000000000000000", "symbol": "ETH", "decimals": 18}}, "price": null, "marketplace_path": ["floor"], "fees": [], "trait_offer_target": null}, {"blockchain": "ETH", "sender": {"address": "0x1ce3ad1da3ce96c14713a57ecabc014a8af6eb70", "ens": null, "is_whale": false, "blockchain": "ETH", "is_contract": false, "is_blue_chip_holder": false, "is_super_blue_chip_holder": false, "is_multi_sign_wallet": false, "das": null, "alias": null}, "receiver": {"address": "0x66666f58de1bcd762a5e5c5aff9cc3c906d66666", "ens": null, "is_whale": true, "blockchain": "ETH", "is_contract": false, "is_blue_chip_holder": true, "is_super_blue_chip_holder": false, "is_multi_sign_wallet": false, "das": null, "alias": null}, "event": "sale", "quantity": 1, "tx_hash": "0x912b04a322ed64d974555386ccf16a0fa560a0e7add233b8b7b95ec99860fca4", "time": 1705069163, "nft": {"contract_address": "0xc274a97f1691ef390f662067e95a6eff1f99b504", "token_id": "5457", "name": "TinFun #5457", "blockchain": "ETH", "image": "https://lh3.googleusercontent.com/hsagw60K1NBBKAR2R1rFdigHNVcTwIr8I5W8ZL2pClFrTvkdk8kGGcpelm145m7DoW73C_ODqiR2o_9p1j9gn6VMUKYpsCR0D2A", "contract_type": "ERC721"}, "collection": {"collection_id": "65a13036c284b18008bd25b7", "name": "TinFun", "logo": "https://i.seadn.io/s/raw/files/a531bedf317b5ffe5a35d559b5c94cd9.jpg?w=500&auto=format", "slug": "tin-fun"}, "gas_fee": {"value": 0.1038, "raw_value": 103800000000000000, "usd": 277.4677, "payment_token": {"address": "0x0000000000000000000000000000000000000000", "symbol": "ETH", "decimals": 18}}, "price": {"value": 0.797, "raw_value": 797000000000000000, "usd": 2130.9092205287334, "payment_token": {"address": "0x0000000000000000000000000000000000000000", "symbol": "ETH", "decimals": 18}}, "marketplace_path": ["openseapro", "opensea"], "fees": [{"fee_type": "marketplace", "recipient": "0x0000a26b00c1f0df003000390027140000faa719", "bps": 250, "price": {"value": 0.019925, "raw_value": 19925000000000000, "usd": 52.755373, "payment_token": {"address": "0x0000000000000000000000000000000000000000", "symbol": "ETH", "decimals": 18}}}], "trait_offer_target": null}, {"blockchain": "ETH", "sender": {"address": "0x5c1269eae2cb4ac3d86d262df3dbc7f7431b203f", "ens": null, "is_whale": false, "blockchain": "ETH", "is_contract": false, "is_blue_chip_holder": false, "is_super_blue_chip_holder": false, "is_multi_sign_wallet": false, "das": null, "alias": null}, "receiver": {"address": "0x1ce3ad1da3ce96c14713a57ecabc014a8af6eb70", "ens": null, "is_whale": false, "blockchain": "ETH", "is_contract": false, "is_blue_chip_holder": false, "is_super_blue_chip_holder": false, "is_multi_sign_wallet": false, "das": null, "alias": null}, "event": "sale", "quantity": 1, "tx_hash": "0x5b11f8ccad687f28068cc76f272e13100ca6783a380dfdf72f0a5fadf081bd38", "time": 1705064699, "nft": {"contract_address": "0xc274a97f1691ef390f662067e95a6eff1f99b504", "token_id": "5457", "name": "TinFun #5457", "blockchain": "ETH", "image": "https://lh3.googleusercontent.com/hsagw60K1NBBKAR2R1rFdigHNVcTwIr8I5W8ZL2pClFrTvkdk8kGGcpelm145m7DoW73C_ODqiR2o_9p1j9gn6VMUKYpsCR0D2A", "contract_type": "ERC721"}, "collection": {"collection_id": "65a13036c284b18008bd25b7", "name": "TinFun", "logo": "https://i.seadn.io/s/raw/files/a531bedf317b5ffe5a35d559b5c94cd9.jpg?w=500&auto=format", "slug": "tin-fun"}, "gas_fee": {"value": 0.0037, "raw_value": 3700000000000000, "usd": 9.6838, "payment_token": {"address": "0x0000000000000000000000000000000000000000", "symbol": "ETH", "decimals": 18}}, "price": {"value": 0.749, "raw_value": 749000000000000000, "usd": 1985.155951236825, "payment_token": {"address": "0x0000000000000000000000000000000000000000", "symbol": "ETH", "decimals": 18}}, "marketplace_path": ["opensea"], "fees": [{"fee_type": "marketplace", "recipient": "0x0000a26b00c1f0df003000390027140000faa719", "bps": 50, "price": {"value": 0.003745, "raw_value": 3745000000000000, "usd": 9.816094, "payment_token": {"address": "0x0000000000000000000000000000000000000000", "symbol": "ETH", "decimals": 18}}}], "trait_offer_target": null}]