[{"blockchain": "ETH", "sender": {"address": "0xa09b4cfffd06cc1435e6df2097545f7faf5ce967", "ens": null, "is_whale": false, "blockchain": "ETH", "is_contract": false, "is_blue_chip_holder": false, "is_super_blue_chip_holder": false, "is_multi_sign_wallet": false, "das": null, "alias": null}, "receiver": {"address": "0x8177e9fa379b85e01b2b30140ddc446b9875106a", "ens": null, "is_whale": false, "blockchain": "ETH", "is_contract": true, "is_blue_chip_holder": false, "is_super_blue_chip_holder": false, "is_multi_sign_wallet": false, "das": null, "alias": null}, "event": "transfer", "quantity": 1, "tx_hash": "0x06bd7d369919381c09c86242dbc37c32d68615ea6aaa32c17449e1bc12dcd5eb", "time": 1711698311, "nft": {"contract_address": "0xc274a97f1691ef390f662067e95a6eff1f99b504", "token_id": "1947", "name": "TinFun #1947", "blockchain": "ETH", "image": "https://lh3.googleusercontent.com/NmV4cAui4Uhqw1jTxrhc54Ea3QW9veGO3NO4Dlqu1mZg2uHCsVSyONN87ZNy8s0qs2unYvz5G8C07ObOclv1IQcENqUccYjcew", "contract_type": "ERC721"}, "collection": {"collection_id": "65a13036c284b18008bd25b7", "name": "TinFun", "logo": "https://i.seadn.io/s/raw/files/a531bedf317b5ffe5a35d559b5c94cd9.jpg?w=500&auto=format", "slug": "tin-fun"}, "gas_fee": {"value": 0.0042, "raw_value": 4199999999999999, "usd": 15.1445, "payment_token": {"address": "0x0000000000000000000000000000000000000000", "symbol": "ETH", "decimals": 18}}, "price": null, "marketplace_path": [], "fees": [], "trait_offer_target": null}, {"blockchain": "ETH", "sender": {"address": "0xbbdd1b3c87c211e482cda98ea14fa8bf50022ca0", "ens": "ronniedcky.eth", "is_whale": false, "blockchain": "ETH", "is_contract": false, "is_blue_chip_holder": true, "is_super_blue_chip_holder": false, "is_multi_sign_wallet": false, "das": null, "alias": "ronniedcky.eth"}, "receiver": {"address": "0xa09b4cfffd06cc1435e6df2097545f7faf5ce967", "ens": null, "is_whale": false, "blockchain": "ETH", "is_contract": false, "is_blue_chip_holder": false, "is_super_blue_chip_holder": false, "is_multi_sign_wallet": false, "das": null, "alias": null}, "event": "sale", "quantity": 1, "tx_hash": "0xdbc9bb9ba00081edb1b27f5152450b5399f5d13dbc71dfcd2b699a45bcc9139b", "time": 1709173535, "nft": {"contract_address": "0xc274a97f1691ef390f662067e95a6eff1f99b504", "token_id": "1947", "name": "TinFun #1947", "blockchain": "ETH", "image": "https://lh3.googleusercontent.com/NmV4cAui4Uhqw1jTxrhc54Ea3QW9veGO3NO4Dlqu1mZg2uHCsVSyONN87ZNy8s0qs2unYvz5G8C07ObOclv1IQcENqUccYjcew", "contract_type": "ERC721"}, "collection": {"collection_id": "65a13036c284b18008bd25b7", "name": "TinFun", "logo": "https://i.seadn.io/s/raw/files/a531bedf317b5ffe5a35d559b5c94cd9.jpg?w=500&auto=format", "slug": "tin-fun"}, "gas_fee": {"value": 0.0375, "raw_value": 37500000000000000, "usd": 128.0699, "payment_token": {"address": "0x0000000000000000000000000000000000000000", "symbol": "ETH", "decimals": 18}}, "price": {"value": 0.267, "raw_value": 267000000000000000, "usd": 912.7204800181051, "payment_token": {"address": "0x0000000000000000000000000000000000000000", "symbol": "ETH", "decimals": 18}}, "marketplace_path": ["blur-aggregator", "blur"], "fees": [{"fee_type": "royalty", "recipient": "0x6650dc11f439f14d4dfbea75233bd9b0099a0647", "bps": 50, "price": {"value": 0.001335, "raw_value": 1335000000000000, "usd": 4.521382, "payment_token": {"address": "0x0000000000000000000000000000000000000000", "symbol": "ETH", "decimals": 18}}}], "trait_offer_target": null}, {"blockchain": "ETH", "sender": {"address": "0x7a6b049d83554da1175d65be3f6264a74a05ae17", "ens": null, "is_whale": false, "blockchain": "ETH", "is_contract": false, "is_blue_chip_holder": false, "is_super_blue_chip_holder": false, "is_multi_sign_wallet": false, "das": null, "alias": null}, "receiver": {"address": "0xbbdd1b3c87c211e482cda98ea14fa8bf50022ca0", "ens": "ronniedcky.eth", "is_whale": false, "blockchain": "ETH", "is_contract": false, "is_blue_chip_holder": true, "is_super_blue_chip_holder": false, "is_multi_sign_wallet": false, "das": null, "alias": "ronniedcky.eth"}, "event": "sale", "quantity": 1, "tx_hash": "0x64df5a218df45eb17a57ab17f066a5586e2efbf65e01b1e6094ee440a4c54334", "time": 1709158127, "nft": {"contract_address": "0xc274a97f1691ef390f662067e95a6eff1f99b504", "token_id": "1947", "name": "TinFun #1947", "blockchain": "ETH", "image": "https://lh3.googleusercontent.com/NmV4cAui4Uhqw1jTxrhc54Ea3QW9veGO3NO4Dlqu1mZg2uHCsVSyONN87ZNy8s0qs2unYvz5G8C07ObOclv1IQcENqUccYjcew", "contract_type": "ERC721"}, "collection": {"collection_id": "65a13036c284b18008bd25b7", "name": "TinFun", "logo": "https://i.seadn.io/s/raw/files/a531bedf317b5ffe5a35d559b5c94cd9.jpg?w=500&auto=format", "slug": "tin-fun"}, "gas_fee": {"value": 0.0205, "raw_value": 20500000000000000, "usd": 68.1296, "payment_token": {"address": "0x0000000000000000000000000000000000000000", "symbol": "ETH", "decimals": 18}}, "price": {"value": 0.25, "raw_value": 250000000000000000, "usd": 830.9769298865998, "payment_token": {"address": "0x0000000000000000000000000000000000000000", "symbol": "ETH", "decimals": 18}}, "marketplace_path": ["blur"], "fees": [{"fee_type": "royalty", "recipient": "0x6650dc11f439f14d4dfbea75233bd9b0099a0647", "bps": 50, "price": {"value": 0.00125, "raw_value": 1250000000000000, "usd": 4.126224, "payment_token": {"address": "0x0000000000a39bb272e79075ade125fd351887ac", "symbol": "BETH", "decimals": 18}}}], "trait_offer_target": null}, {"blockchain": "ETH", "sender": {"address": "0xb189b9f0bfce11cedd5bac2284365ab481067d86", "ens": "mabon.eth", "is_whale": false, "blockchain": "ETH", "is_contract": false, "is_blue_chip_holder": false, "is_super_blue_chip_holder": false, "is_multi_sign_wallet": false, "das": null, "alias": "mabon.eth"}, "receiver": {"address": "0x7a6b049d83554da1175d65be3f6264a74a05ae17", "ens": null, "is_whale": false, "blockchain": "ETH", "is_contract": false, "is_blue_chip_holder": false, "is_super_blue_chip_holder": false, "is_multi_sign_wallet": false, "das": null, "alias": null}, "event": "sale", "quantity": 1, "tx_hash": "0x155c49c1920ff2f00c3fbc56c07994c0d48f2d55f328896c813b66a1c35bf07d", "time": 1709141147, "nft": {"contract_address": "0xc274a97f1691ef390f662067e95a6eff1f99b504", "token_id": "1947", "name": "TinFun #1947", "blockchain": "ETH", "image": "https://lh3.googleusercontent.com/NmV4cAui4Uhqw1jTxrhc54Ea3QW9veGO3NO4Dlqu1mZg2uHCsVSyONN87ZNy8s0qs2unYvz5G8C07ObOclv1IQcENqUccYjcew", "contract_type": "ERC721"}, "collection": {"collection_id": "65a13036c284b18008bd25b7", "name": "TinFun", "logo": "https://i.seadn.io/s/raw/files/a531bedf317b5ffe5a35d559b5c94cd9.jpg?w=500&auto=format", "slug": "tin-fun"}, "gas_fee": {"value": 0.2958, "raw_value": 295800000000000000, "usd": 1013.7283, "payment_token": {"address": "0x0000000000000000000000000000000000000000", "symbol": "ETH", "decimals": 18}}, "price": {"value": 0.26, "raw_value": 260000000000000000, "usd": 891.0655457891504, "payment_token": {"address": "0x0000000000000000000000000000000000000000", "symbol": "ETH", "decimals": 18}}, "marketplace_path": ["blur"], "fees": [{"fee_type": "royalty", "recipient": "0x6650dc11f439f14d4dfbea75233bd9b0099a0647", "bps": 50, "price": {"value": 0.0013, "raw_value": 1300000000000000, "usd": 4.364899, "payment_token": {"address": "0x0000000000a39bb272e79075ade125fd351887ac", "symbol": "BETH", "decimals": 18}}}], "trait_offer_target": null}, {"blockchain": "ETH", "sender": {"address": "0x0cf80a3abe3ee382b55566213f4780e633d79172", "ens": null, "is_whale": false, "blockchain": "ETH", "is_contract": false, "is_blue_chip_holder": false, "is_super_blue_chip_holder": false, "is_multi_sign_wallet": false, "das": null, "alias": null}, "receiver": {"address": "0xb189b9f0bfce11cedd5bac2284365ab481067d86", "ens": "mabon.eth", "is_whale": false, "blockchain": "ETH", "is_contract": false, "is_blue_chip_holder": false, "is_super_blue_chip_holder": false, "is_multi_sign_wallet": false, "das": null, "alias": "mabon.eth"}, "event": "transfer", "quantity": 1, "tx_hash": "0x788fafe93190afbda7dbaaab7e0dad124dc6abc63cfe4969a601f3e1a63655b4", "time": 1708525391, "nft": {"contract_address": "0xc274a97f1691ef390f662067e95a6eff1f99b504", "token_id": "1947", "name": "TinFun #1947", "blockchain": "ETH", "image": "https://lh3.googleusercontent.com/NmV4cAui4Uhqw1jTxrhc54Ea3QW9veGO3NO4Dlqu1mZg2uHCsVSyONN87ZNy8s0qs2unYvz5G8C07ObOclv1IQcENqUccYjcew", "contract_type": "ERC721"}, "collection": {"collection_id": "65a13036c284b18008bd25b7", "name": "TinFun", "logo": "https://i.seadn.io/s/raw/files/a531bedf317b5ffe5a35d559b5c94cd9.jpg?w=500&auto=format", "slug": "tin-fun"}, "gas_fee": {"value": 0.051, "raw_value": 51000000000000000, "usd": 148.2882, "payment_token": {"address": "0x0000000000000000000000000000000000000000", "symbol": "ETH", "decimals": 18}}, "price": null, "marketplace_path": [], "fees": [], "trait_offer_target": null}, {"blockchain": "ETH", "sender": {"address": "0x3dc359716b1ee31e779bbf3a44cbf445df8798b2", "ens": null, "is_whale": false, "blockchain": "ETH", "is_contract": false, "is_blue_chip_holder": false, "is_super_blue_chip_holder": false, "is_multi_sign_wallet": false, "das": null, "alias": null}, "receiver": {"address": "0x0cf80a3abe3ee382b55566213f4780e633d79172", "ens": null, "is_whale": false, "blockchain": "ETH", "is_contract": false, "is_blue_chip_holder": false, "is_super_blue_chip_holder": false, "is_multi_sign_wallet": false, "das": null, "alias": null}, "event": "sale", "quantity": 1, "tx_hash": "0x53150fa9f3d543f5ee6f4c7950e08cb111bc0297b5aa93c5a1da3da646a294ed", "time": 1705679399, "nft": {"contract_address": "0xc274a97f1691ef390f662067e95a6eff1f99b504", "token_id": "1947", "name": "TinFun #1947", "blockchain": "ETH", "image": "https://lh3.googleusercontent.com/NmV4cAui4Uhqw1jTxrhc54Ea3QW9veGO3NO4Dlqu1mZg2uHCsVSyONN87ZNy8s0qs2unYvz5G8C07ObOclv1IQcENqUccYjcew", "contract_type": "ERC721"}, "collection": {"collection_id": "65a13036c284b18008bd25b7", "name": "TinFun", "logo": "https://i.seadn.io/s/raw/files/a531bedf317b5ffe5a35d559b5c94cd9.jpg?w=500&auto=format", "slug": "tin-fun"}, "gas_fee": {"value": 0.0412, "raw_value": 41200000000000000, "usd": 101.7784, "payment_token": {"address": "0x0000000000000000000000000000000000000000", "symbol": "ETH", "decimals": 18}}, "price": {"value": 0.634, "raw_value": 634000000000000000, "usd": 1566.9150339547955, "payment_token": {"address": "0x0000000000000000000000000000000000000000", "symbol": "ETH", "decimals": 18}}, "marketplace_path": ["blur-aggregator", "blur"], "fees": [{"fee_type": "royalty", "recipient": "0x6650dc11f439f14d4dfbea75233bd9b0099a0647", "bps": 50, "price": {"value": 0.00317, "raw_value": 3170000000000000, "usd": 7.871408, "payment_token": {"address": "0x0000000000000000000000000000000000000000", "symbol": "ETH", "decimals": 18}}}], "trait_offer_target": null}, {"blockchain": "ETH", "sender": {"address": "0xa9a7a5b2c4b7620b71b9832b97ca18e1ce583f89", "ens": null, "is_whale": false, "blockchain": "ETH", "is_contract": false, "is_blue_chip_holder": false, "is_super_blue_chip_holder": false, "is_multi_sign_wallet": false, "das": null, "alias": null}, "receiver": {"address": "0x3dc359716b1ee31e779bbf3a44cbf445df8798b2", "ens": null, "is_whale": false, "blockchain": "ETH", "is_contract": false, "is_blue_chip_holder": false, "is_super_blue_chip_holder": false, "is_multi_sign_wallet": false, "das": null, "alias": null}, "event": "sale", "quantity": 1, "tx_hash": "0xd6eaa02596b1c657e91db7e2093f947d64eaa2258c282efe4b6f0d94e1be1a35", "time": 1705132943, "nft": {"contract_address": "0xc274a97f1691ef390f662067e95a6eff1f99b504", "token_id": "1947", "name": "TinFun #1947", "blockchain": "ETH", "image": "https://lh3.googleusercontent.com/NmV4cAui4Uhqw1jTxrhc54Ea3QW9veGO3NO4Dlqu1mZg2uHCsVSyONN87ZNy8s0qs2unYvz5G8C07ObOclv1IQcENqUccYjcew", "contract_type": "ERC721"}, "collection": {"collection_id": "65a13036c284b18008bd25b7", "name": "TinFun", "logo": "https://i.seadn.io/s/raw/files/a531bedf317b5ffe5a35d559b5c94cd9.jpg?w=500&auto=format", "slug": "tin-fun"}, "gas_fee": {"value": 0.003, "raw_value": 3000000000000000, "usd": 7.6486, "payment_token": {"address": "0x0000000000000000000000000000000000000000", "symbol": "ETH", "decimals": 18}}, "price": {"value": 0.86, "raw_value": 860000000000000000, "usd": 2193.5883783307545, "payment_token": {"address": "0x0000000000000000000000000000000000000000", "symbol": "ETH", "decimals": 18}}, "marketplace_path": ["blur"], "fees": [{"fee_type": "royalty", "recipient": "0x6650dc11f439f14d4dfbea75233bd9b0099a0647", "bps": 50, "price": {"value": 0.0043, "raw_value": 4300000000000000, "usd": 10.975673, "payment_token": {"address": "0x0000000000000000000000000000000000000000", "symbol": "ETH", "decimals": 18}}}], "trait_offer_target": null}, {"blockchain": "ETH", "sender": {"address": "0x7c7c9ce081becb5f44ef9eed3a90d99057d2eb53", "ens": "blockmemory.eth", "is_whale": false, "blockchain": "ETH", "is_contract": false, "is_blue_chip_holder": false, "is_super_blue_chip_holder": false, "is_multi_sign_wallet": false, "das": null, "alias": "blockmemory.eth"}, "receiver": {"address": "0xa9a7a5b2c4b7620b71b9832b97ca18e1ce583f89", "ens": null, "is_whale": false, "blockchain": "ETH", "is_contract": false, "is_blue_chip_holder": false, "is_super_blue_chip_holder": false, "is_multi_sign_wallet": false, "das": null, "alias": null}, "event": "sale", "quantity": 1, "tx_hash": "0xd6b4cc5aed5c8624361d75fb2717cfacaf578c27344222308d6bcf2aa923f59d", "time": 1705074251, "nft": {"contract_address": "0xc274a97f1691ef390f662067e95a6eff1f99b504", "token_id": "1947", "name": "TinFun #1947", "blockchain": "ETH", "image": "https://lh3.googleusercontent.com/NmV4cAui4Uhqw1jTxrhc54Ea3QW9veGO3NO4Dlqu1mZg2uHCsVSyONN87ZNy8s0qs2unYvz5G8C07ObOclv1IQcENqUccYjcew", "contract_type": "ERC721"}, "collection": {"collection_id": "65a13036c284b18008bd25b7", "name": "TinFun", "logo": "https://i.seadn.io/s/raw/files/a531bedf317b5ffe5a35d559b5c94cd9.jpg?w=500&auto=format", "slug": "tin-fun"}, "gas_fee": {"value": 0.0079, "raw_value": 7900000000000001, "usd": 21.3581, "payment_token": {"address": "0x0000000000000000000000000000000000000000", "symbol": "ETH", "decimals": 18}}, "price": {"value": 0.8399, "raw_value": 839900000000000000, "usd": 2273.389156813408, "payment_token": {"address": "0x0000000000000000000000000000000000000000", "symbol": "ETH", "decimals": 18}}, "marketplace_path": ["blur"], "fees": [{"fee_type": "royalty", "recipient": "0x6650dc11f439f14d4dfbea75233bd9b0099a0647", "bps": 50, "price": {"value": 0.0042, "raw_value": 4199500000000000, "usd": 11.13039, "payment_token": {"address": "0x0000000000000000000000000000000000000000", "symbol": "ETH", "decimals": 18}}}], "trait_offer_target": null}, {"blockchain": "ETH", "sender": {"address": "0xff6bce30d4e1c95be514ebf4f05d9fe1c24b0e79", "ens": null, "is_whale": false, "blockchain": "ETH", "is_contract": false, "is_blue_chip_holder": false, "is_super_blue_chip_holder": false, "is_multi_sign_wallet": false, "das": null, "alias": null}, "receiver": {"address": "0x7c7c9ce081becb5f44ef9eed3a90d99057d2eb53", "ens": "blockmemory.eth", "is_whale": false, "blockchain": "ETH", "is_contract": false, "is_blue_chip_holder": false, "is_super_blue_chip_holder": false, "is_multi_sign_wallet": false, "das": null, "alias": "blockmemory.eth"}, "event": "sale", "quantity": 1, "tx_hash": "0xdf90882a905090f4fc2fa675483108f34480abe9f405529d5c293b7de123e662", "time": 1705073591, "nft": {"contract_address": "0xc274a97f1691ef390f662067e95a6eff1f99b504", "token_id": "1947", "name": "TinFun #1947", "blockchain": "ETH", "image": "https://lh3.googleusercontent.com/NmV4cAui4Uhqw1jTxrhc54Ea3QW9veGO3NO4Dlqu1mZg2uHCsVSyONN87ZNy8s0qs2unYvz5G8C07ObOclv1IQcENqUccYjcew", "contract_type": "ERC721"}, "collection": {"collection_id": "65a13036c284b18008bd25b7", "name": "TinFun", "logo": "https://i.seadn.io/s/raw/files/a531bedf317b5ffe5a35d559b5c94cd9.jpg?w=500&auto=format", "slug": "tin-fun"}, "gas_fee": {"value": 0.0084, "raw_value": 8399999999999999, "usd": 22.744, "payment_token": {"address": "0x0000000000000000000000000000000000000000", "symbol": "ETH", "decimals": 18}}, "price": {"value": 0.83, "raw_value": 830000000000000000, "usd": 2246.5924516670184, "payment_token": {"address": "0x0000000000000000000000000000000000000000", "symbol": "ETH", "decimals": 18}}, "marketplace_path": ["blur"], "fees": [{"fee_type": "royalty", "recipient": "0x6650dc11f439f14d4dfbea75233bd9b0099a0647", "bps": 50, "price": {"value": 0.00415, "raw_value": 4150000000000000, "usd": 10.999195, "payment_token": {"address": "0x0000000000a39bb272e79075ade125fd351887ac", "symbol": "BETH", "decimals": 18}}}], "trait_offer_target": null}, {"blockchain": "ETH", "sender": {"address": "0x428e5b51e213c746a069e75f42c012a5089ba9e5", "ens": null, "is_whale": false, "blockchain": "ETH", "is_contract": false, "is_blue_chip_holder": false, "is_super_blue_chip_holder": false, "is_multi_sign_wallet": false, "das": null, "alias": null}, "receiver": {"address": "0xff6bce30d4e1c95be514ebf4f05d9fe1c24b0e79", "ens": null, "is_whale": false, "blockchain": "ETH", "is_contract": false, "is_blue_chip_holder": false, "is_super_blue_chip_holder": false, "is_multi_sign_wallet": false, "das": null, "alias": null}, "event": "transfer", "quantity": 1, "tx_hash": "0x852ce02bec7ed621c2ed0ffc2c30834c19ea1365772ef96a52fa5007863b67ac", "time": 1705065215, "nft": {"contract_address": "0xc274a97f1691ef390f662067e95a6eff1f99b504", "token_id": "1947", "name": "TinFun #1947", "blockchain": "ETH", "image": "https://lh3.googleusercontent.com/NmV4cAui4Uhqw1jTxrhc54Ea3QW9veGO3NO4Dlqu1mZg2uHCsVSyONN87ZNy8s0qs2unYvz5G8C07ObOclv1IQcENqUccYjcew", "contract_type": "ERC721"}, "collection": {"collection_id": "65a13036c284b18008bd25b7", "name": "TinFun", "logo": "https://i.seadn.io/s/raw/files/a531bedf317b5ffe5a35d559b5c94cd9.jpg?w=500&auto=format", "slug": "tin-fun"}, "gas_fee": {"value": 0.003, "raw_value": 3000000000000000, "usd": 7.8214, "payment_token": {"address": "0x0000000000000000000000000000000000000000", "symbol": "ETH", "decimals": 18}}, "price": null, "marketplace_path": [], "fees": [], "trait_offer_target": null}]