[{"blockchain": "ETH", "sender": {"address": "0xea1974c5cf43aaab83d7471095d887a9d6871ec9", "ens": null, "is_whale": false, "blockchain": "ETH", "is_contract": false, "is_blue_chip_holder": false, "is_super_blue_chip_holder": false, "is_multi_sign_wallet": false, "das": null, "alias": null}, "receiver": {"address": "0x3eb879cc9a0ef4c6f1d870a40ae187768c278da2", "ens": "floorprotocol.eth", "is_whale": false, "blockchain": "ETH", "is_contract": true, "is_blue_chip_holder": true, "is_super_blue_chip_holder": false, "is_multi_sign_wallet": false, "das": null, "alias": "floorprotocol.eth"}, "event": "sale", "quantity": 1, "tx_hash": "0xcabbe43793e934643f7f9fcc8328724df1825e284c3fd2ff89a56c87ecea3daa", "time": 1708783763, "nft": {"contract_address": "0xc274a97f1691ef390f662067e95a6eff1f99b504", "token_id": "1814", "name": "TinFun #1814", "blockchain": "ETH", "image": "https://lh3.googleusercontent.com/X29hJRUtuVwN92BpNW6hKvWt5TdRMHHLXHCovNDj7tXKGSnzelX4f7sGDDMeVDQI77JIjBbFXudsSeezeFjVuEqwum2u0FE6R8w", "contract_type": "ERC721"}, "collection": {"collection_id": "65a13036c284b18008bd25b7", "name": "TinFun", "logo": "https://i.seadn.io/s/raw/files/a531bedf317b5ffe5a35d559b5c94cd9.jpg?w=500&auto=format", "slug": "tin-fun"}, "gas_fee": {"value": 0.0195, "raw_value": 19500000000000000, "usd": 57.7205, "payment_token": {"address": "0x0000000000000000000000000000000000000000", "symbol": "ETH", "decimals": 18}}, "price": {"value": 0.5101221933703369, "raw_value": 510122193370336944, "usd": 1510.19660190559, "payment_token": {"address": "0xc02aaa39b223fe8d0a0e5c4f27ead9083c756cc2", "symbol": "WETH", "decimals": 18}}, "marketplace_path": ["floor"], "fees": [], "trait_offer_target": null}, {"blockchain": "ETH", "sender": {"address": "0x2f7a721c59e23d27cf93abb1f3c018b8c3de91e2", "ens": "6491.eth", "is_whale": false, "blockchain": "ETH", "is_contract": false, "is_blue_chip_holder": true, "is_super_blue_chip_holder": false, "is_multi_sign_wallet": false, "das": null, "alias": "6491.eth"}, "receiver": {"address": "0xea1974c5cf43aaab83d7471095d887a9d6871ec9", "ens": null, "is_whale": false, "blockchain": "ETH", "is_contract": false, "is_blue_chip_holder": false, "is_super_blue_chip_holder": false, "is_multi_sign_wallet": false, "das": null, "alias": null}, "event": "sale", "quantity": 1, "tx_hash": "0xe9c3309588fe2f81f511f5d82891eab19c33aa2112e910f25caba425de09b083", "time": 1708783763, "nft": {"contract_address": "0xc274a97f1691ef390f662067e95a6eff1f99b504", "token_id": "1814", "name": "TinFun #1814", "blockchain": "ETH", "image": "https://lh3.googleusercontent.com/X29hJRUtuVwN92BpNW6hKvWt5TdRMHHLXHCovNDj7tXKGSnzelX4f7sGDDMeVDQI77JIjBbFXudsSeezeFjVuEqwum2u0FE6R8w", "contract_type": "ERC721"}, "collection": {"collection_id": "65a13036c284b18008bd25b7", "name": "TinFun", "logo": "https://i.seadn.io/s/raw/files/a531bedf317b5ffe5a35d559b5c94cd9.jpg?w=500&auto=format", "slug": "tin-fun"}, "gas_fee": {"value": 0.0087, "raw_value": 8699999999999999, "usd": 25.7241, "payment_token": {"address": "0x0000000000000000000000000000000000000000", "symbol": "ETH", "decimals": 18}}, "price": {"value": 0.48, "raw_value": 480000000000000000, "usd": 1423.5173181795979, "payment_token": {"address": "0x0000000000000000000000000000000000000000", "symbol": "ETH", "decimals": 18}}, "marketplace_path": ["blur"], "fees": [{"fee_type": "royalty", "recipient": "0x6650dc11f439f14d4dfbea75233bd9b0099a0647", "bps": 50, "price": {"value": 0.0024, "raw_value": 2400000000000000, "usd": 7.106801, "payment_token": {"address": "0x0000000000a39bb272e79075ade125fd351887ac", "symbol": "BETH", "decimals": 18}}}], "trait_offer_target": null}, {"blockchain": "ETH", "sender": {"address": "0xd698e2424400343469ae701dbc34fdceaed48ce6", "ens": "superwill.eth", "is_whale": false, "blockchain": "ETH", "is_contract": false, "is_blue_chip_holder": false, "is_super_blue_chip_holder": false, "is_multi_sign_wallet": false, "das": null, "alias": "superwill.eth"}, "receiver": {"address": "0x2f7a721c59e23d27cf93abb1f3c018b8c3de91e2", "ens": "6491.eth", "is_whale": false, "blockchain": "ETH", "is_contract": false, "is_blue_chip_holder": true, "is_super_blue_chip_holder": false, "is_multi_sign_wallet": false, "das": null, "alias": "6491.eth"}, "event": "transfer", "quantity": 1, "tx_hash": "0xa83a657c50e78e8579a9dafaccb3ea28371bdf103b918d9c014e0d3b2259fbfe", "time": 1705206839, "nft": {"contract_address": "0xc274a97f1691ef390f662067e95a6eff1f99b504", "token_id": "1814", "name": "TinFun #1814", "blockchain": "ETH", "image": "https://lh3.googleusercontent.com/X29hJRUtuVwN92BpNW6hKvWt5TdRMHHLXHCovNDj7tXKGSnzelX4f7sGDDMeVDQI77JIjBbFXudsSeezeFjVuEqwum2u0FE6R8w", "contract_type": "ERC721"}, "collection": {"collection_id": "65a13036c284b18008bd25b7", "name": "TinFun", "logo": "https://i.seadn.io/s/raw/files/a531bedf317b5ffe5a35d559b5c94cd9.jpg?w=500&auto=format", "slug": "tin-fun"}, "gas_fee": {"value": 0.004, "raw_value": 4000000000000000, "usd": 10.1834, "payment_token": {"address": "0x0000000000000000000000000000000000000000", "symbol": "ETH", "decimals": 18}}, "price": null, "marketplace_path": [], "fees": [], "trait_offer_target": null}]