[{"blockchain": "ETH", "sender": {"address": "0x350582c1d65d228eda722a8df5e8f82e6dca7953", "ens": "littleshine.eth", "is_whale": false, "blockchain": "ETH", "is_contract": false, "is_blue_chip_holder": false, "is_super_blue_chip_holder": false, "is_multi_sign_wallet": false, "das": null, "alias": "littleshine.eth"}, "receiver": {"address": "0x9a291ff4025826635277096a7fe2a849e521ce17", "ens": null, "is_whale": false, "blockchain": "ETH", "is_contract": false, "is_blue_chip_holder": false, "is_super_blue_chip_holder": false, "is_multi_sign_wallet": false, "das": null, "alias": null}, "event": "transfer", "quantity": 1, "tx_hash": "0xf17b05f09580002423064fe64303d35b77269573872a994292463a07aa679237", "time": 1706281547, "nft": {"contract_address": "0xc274a97f1691ef390f662067e95a6eff1f99b504", "token_id": "1707", "name": "TinFun #1707", "blockchain": "ETH", "image": "https://lh3.googleusercontent.com/K0DydkeS7pR9s5v_UrBkbS7o5mnHs3Ekj93jb3ifgNZBswrhhLZAIjZ0WAX3d4sr4W9sp_MVSBHp3Y8keHI-cGU_dvQoS9nKHMM", "contract_type": "ERC721"}, "collection": {"collection_id": "65a13036c284b18008bd25b7", "name": "TinFun", "logo": "https://i.seadn.io/s/raw/files/a531bedf317b5ffe5a35d559b5c94cd9.jpg?w=500&auto=format", "slug": "tin-fun"}, "gas_fee": {"value": 0.0011, "raw_value": 1100000000000000, "usd": 2.5728, "payment_token": {"address": "0x0000000000000000000000000000000000000000", "symbol": "ETH", "decimals": 18}}, "price": null, "marketplace_path": [], "fees": [], "trait_offer_target": null}, {"blockchain": "ETH", "sender": {"address": "0xa83dff816d4c1434531efb16a9524450d6e225ab", "ens": "0xdouya.eth", "is_whale": false, "blockchain": "ETH", "is_contract": false, "is_blue_chip_holder": false, "is_super_blue_chip_holder": false, "is_multi_sign_wallet": false, "das": null, "alias": "0xdouya.eth"}, "receiver": {"address": "0x350582c1d65d228eda722a8df5e8f82e6dca7953", "ens": "littleshine.eth", "is_whale": false, "blockchain": "ETH", "is_contract": false, "is_blue_chip_holder": false, "is_super_blue_chip_holder": false, "is_multi_sign_wallet": false, "das": null, "alias": "littleshine.eth"}, "event": "transfer", "quantity": 1, "tx_hash": "0x1711e27bd5c4f89b568ad271b8454e239ab4974cdd8b26804d9982b9010bceff", "time": 1705063763, "nft": {"contract_address": "0xc274a97f1691ef390f662067e95a6eff1f99b504", "token_id": "1707", "name": "TinFun #1707", "blockchain": "ETH", "image": "https://lh3.googleusercontent.com/K0DydkeS7pR9s5v_UrBkbS7o5mnHs3Ekj93jb3ifgNZBswrhhLZAIjZ0WAX3d4sr4W9sp_MVSBHp3Y8keHI-cGU_dvQoS9nKHMM", "contract_type": "ERC721"}, "collection": {"collection_id": "65a13036c284b18008bd25b7", "name": "TinFun", "logo": "https://i.seadn.io/s/raw/files/a531bedf317b5ffe5a35d559b5c94cd9.jpg?w=500&auto=format", "slug": "tin-fun"}, "gas_fee": {"value": 0.0036, "raw_value": 3600000000000000, "usd": 9.4187, "payment_token": {"address": "0x0000000000000000000000000000000000000000", "symbol": "ETH", "decimals": 18}}, "price": null, "marketplace_path": [], "fees": [], "trait_offer_target": null}]