[{"blockchain": "ETH", "sender": {"address": "0x2b81cf00392506d1ccba003d400e32af8d0861a9", "ens": "zhaoge.eth", "is_whale": false, "blockchain": "ETH", "is_contract": false, "is_blue_chip_holder": false, "is_super_blue_chip_holder": false, "is_multi_sign_wallet": false, "das": null, "alias": "zhaoge.eth"}, "receiver": {"address": "0x8177e9fa379b85e01b2b30140ddc446b9875106a", "ens": null, "is_whale": false, "blockchain": "ETH", "is_contract": true, "is_blue_chip_holder": false, "is_super_blue_chip_holder": false, "is_multi_sign_wallet": false, "das": null, "alias": null}, "event": "transfer", "quantity": 1, "tx_hash": "0x55b9b4459f584a90c70a26a18e60420abcac099b9f8cffe787845fa2415f3a16", "time": 1713025439, "nft": {"contract_address": "0xc274a97f1691ef390f662067e95a6eff1f99b504", "token_id": "6129", "name": "TinFun #6129", "blockchain": "ETH", "image": "https://lh3.googleusercontent.com/6AlTqMTV5V1vXBmMm5dkKY2uvTTDkZjsKUCoW_aAUh55GgiyLQB5BN1Ncf6ZB6kZXLz2iAp_TBKHkxo71ZSm7T0IWQtaw7X6lg", "contract_type": "ERC721"}, "collection": {"collection_id": "65a13036c284b18008bd25b7", "name": "TinFun", "logo": "https://i.seadn.io/s/raw/files/a531bedf317b5ffe5a35d559b5c94cd9.jpg?w=500&auto=format", "slug": "tin-fun"}, "gas_fee": {"value": 0.0041, "raw_value": 4100000000000000, "usd": 13.4187, "payment_token": {"address": "0x0000000000000000000000000000000000000000", "symbol": "ETH", "decimals": 18}}, "price": null, "marketplace_path": [], "fees": [], "trait_offer_target": null}, {"blockchain": "ETH", "sender": {"address": "0x3090cab845b38798af22d10d2f3c118bbb9b0233", "ens": null, "is_whale": false, "blockchain": "ETH", "is_contract": false, "is_blue_chip_holder": false, "is_super_blue_chip_holder": false, "is_multi_sign_wallet": false, "das": null, "alias": null}, "receiver": {"address": "0x2b81cf00392506d1ccba003d400e32af8d0861a9", "ens": "zhaoge.eth", "is_whale": false, "blockchain": "ETH", "is_contract": false, "is_blue_chip_holder": false, "is_super_blue_chip_holder": false, "is_multi_sign_wallet": false, "das": null, "alias": "zhaoge.eth"}, "event": "sale", "quantity": 1, "tx_hash": "0x7219120e140a8c4fca615e567d81998f1b89952010dcf4f1d17eaba9478697dc", "time": 1711349723, "nft": {"contract_address": "0xc274a97f1691ef390f662067e95a6eff1f99b504", "token_id": "6129", "name": "TinFun #6129", "blockchain": "ETH", "image": "https://lh3.googleusercontent.com/6AlTqMTV5V1vXBmMm5dkKY2uvTTDkZjsKUCoW_aAUh55GgiyLQB5BN1Ncf6ZB6kZXLz2iAp_TBKHkxo71ZSm7T0IWQtaw7X6lg", "contract_type": "ERC721"}, "collection": {"collection_id": "65a13036c284b18008bd25b7", "name": "TinFun", "logo": "https://i.seadn.io/s/raw/files/a531bedf317b5ffe5a35d559b5c94cd9.jpg?w=500&auto=format", "slug": "tin-fun"}, "gas_fee": {"value": 0.0032, "raw_value": 3200000000000000, "usd": 11.0958, "payment_token": {"address": "0x0000000000000000000000000000000000000000", "symbol": "ETH", "decimals": 18}}, "price": {"value": 0.2188, "raw_value": 218800000000000000, "usd": 763.5106283831576, "payment_token": {"address": "0x0000000000000000000000000000000000000000", "symbol": "ETH", "decimals": 18}}, "marketplace_path": ["magiceden"], "fees": [], "trait_offer_target": null}, {"blockchain": "ETH", "sender": {"address": "0x87c75639e1204057d7c2b8733533b31e7c38ad8d", "ens": null, "is_whale": false, "blockchain": "ETH", "is_contract": false, "is_blue_chip_holder": false, "is_super_blue_chip_holder": false, "is_multi_sign_wallet": false, "das": null, "alias": null}, "receiver": {"address": "0x3090cab845b38798af22d10d2f3c118bbb9b0233", "ens": null, "is_whale": false, "blockchain": "ETH", "is_contract": false, "is_blue_chip_holder": false, "is_super_blue_chip_holder": false, "is_multi_sign_wallet": false, "das": null, "alias": null}, "event": "sale", "quantity": 1, "tx_hash": "0x2466fb6dec9b7035f07549456cdb477c86eb07daa209fbba27d18d6547a8781f", "time": 1711346123, "nft": {"contract_address": "0xc274a97f1691ef390f662067e95a6eff1f99b504", "token_id": "6129", "name": "TinFun #6129", "blockchain": "ETH", "image": "https://lh3.googleusercontent.com/6AlTqMTV5V1vXBmMm5dkKY2uvTTDkZjsKUCoW_aAUh55GgiyLQB5BN1Ncf6ZB6kZXLz2iAp_TBKHkxo71ZSm7T0IWQtaw7X6lg", "contract_type": "ERC721"}, "collection": {"collection_id": "65a13036c284b18008bd25b7", "name": "TinFun", "logo": "https://i.seadn.io/s/raw/files/a531bedf317b5ffe5a35d559b5c94cd9.jpg?w=500&auto=format", "slug": "tin-fun"}, "gas_fee": {"value": 0.0032, "raw_value": 3200000000000000, "usd": 11.2567, "payment_token": {"address": "0x0000000000000000000000000000000000000000", "symbol": "ETH", "decimals": 18}}, "price": {"value": 0.19, "raw_value": 190000000000000000, "usd": 663.0733945894963, "payment_token": {"address": "0x0000000000000000000000000000000000000000", "symbol": "ETH", "decimals": 18}}, "marketplace_path": ["magiceden"], "fees": [], "trait_offer_target": null}, {"blockchain": "ETH", "sender": {"address": "0x852cf24bbccd5e643bff99c42af0dc978b553bb2", "ens": null, "is_whale": false, "blockchain": "ETH", "is_contract": false, "is_blue_chip_holder": false, "is_super_blue_chip_holder": false, "is_multi_sign_wallet": false, "das": null, "alias": null}, "receiver": {"address": "0x87c75639e1204057d7c2b8733533b31e7c38ad8d", "ens": null, "is_whale": false, "blockchain": "ETH", "is_contract": false, "is_blue_chip_holder": false, "is_super_blue_chip_holder": false, "is_multi_sign_wallet": false, "das": null, "alias": null}, "event": "sale", "quantity": 1, "tx_hash": "0xedccf365c812009123aaae79358581cd939cf611ff8b645826669d968b8883eb", "time": 1709506427, "nft": {"contract_address": "0xc274a97f1691ef390f662067e95a6eff1f99b504", "token_id": "6129", "name": "TinFun #6129", "blockchain": "ETH", "image": "https://lh3.googleusercontent.com/6AlTqMTV5V1vXBmMm5dkKY2uvTTDkZjsKUCoW_aAUh55GgiyLQB5BN1Ncf6ZB6kZXLz2iAp_TBKHkxo71ZSm7T0IWQtaw7X6lg", "contract_type": "ERC721"}, "collection": {"collection_id": "65a13036c284b18008bd25b7", "name": "TinFun", "logo": "https://i.seadn.io/s/raw/files/a531bedf317b5ffe5a35d559b5c94cd9.jpg?w=500&auto=format", "slug": "tin-fun"}, "gas_fee": {"value": 0.0094, "raw_value": 9400000000000000, "usd": 32.6166, "payment_token": {"address": "0x0000000000000000000000000000000000000000", "symbol": "ETH", "decimals": 18}}, "price": {"value": 0.242, "raw_value": 242000000000000000, "usd": 841.779399925182, "payment_token": {"address": "0x0000000000000000000000000000000000000000", "symbol": "ETH", "decimals": 18}}, "marketplace_path": ["opensea"], "fees": [{"fee_type": "royalty", "recipient": "0x6650dc11f439f14d4dfbea75233bd9b0099a0647", "bps": 500, "price": {"value": 0.0121, "raw_value": 12100000000000000, "usd": 41.953164, "payment_token": {"address": "0x0000000000000000000000000000000000000000", "symbol": "ETH", "decimals": 18}}}, {"fee_type": "marketplace", "recipient": "0x0000a26b00c1f0df003000390027140000faa719", "bps": 250, "price": {"value": 0.00605, "raw_value": 6050000000000000, "usd": 20.976582, "payment_token": {"address": "0x0000000000000000000000000000000000000000", "symbol": "ETH", "decimals": 18}}}], "trait_offer_target": null}, {"blockchain": "ETH", "sender": {"address": "0x60f90502a67e749ccd4a1a38de39a56a48335f6b", "ens": null, "is_whale": false, "blockchain": "ETH", "is_contract": false, "is_blue_chip_holder": false, "is_super_blue_chip_holder": false, "is_multi_sign_wallet": false, "das": null, "alias": null}, "receiver": {"address": "0x852cf24bbccd5e643bff99c42af0dc978b553bb2", "ens": null, "is_whale": false, "blockchain": "ETH", "is_contract": false, "is_blue_chip_holder": false, "is_super_blue_chip_holder": false, "is_multi_sign_wallet": false, "das": null, "alias": null}, "event": "sale", "quantity": 1, "tx_hash": "0x060b588d659aa733d7aa8964e59bb273223b90fc79ed126bb6bf207e45bdf42b", "time": 1705422683, "nft": {"contract_address": "0xc274a97f1691ef390f662067e95a6eff1f99b504", "token_id": "6129", "name": "TinFun #6129", "blockchain": "ETH", "image": "https://lh3.googleusercontent.com/6AlTqMTV5V1vXBmMm5dkKY2uvTTDkZjsKUCoW_aAUh55GgiyLQB5BN1Ncf6ZB6kZXLz2iAp_TBKHkxo71ZSm7T0IWQtaw7X6lg", "contract_type": "ERC721"}, "collection": {"collection_id": "65a13036c284b18008bd25b7", "name": "TinFun", "logo": "https://i.seadn.io/s/raw/files/a531bedf317b5ffe5a35d559b5c94cd9.jpg?w=500&auto=format", "slug": "tin-fun"}, "gas_fee": {"value": 0.0066, "raw_value": 6600000000000000, "usd": 16.8313, "payment_token": {"address": "0x0000000000000000000000000000000000000000", "symbol": "ETH", "decimals": 18}}, "price": {"value": 0.779, "raw_value": 779000000000000000, "usd": 1992.9235851595095, "payment_token": {"address": "0x0000000000000000000000000000000000000000", "symbol": "ETH", "decimals": 18}}, "marketplace_path": ["opensea"], "fees": [{"fee_type": "marketplace", "recipient": "0x0000a26b00c1f0df003000390027140000faa719", "bps": 250, "price": {"value": 0.019475, "raw_value": 19475000000000000, "usd": 49.159345, "payment_token": {"address": "0x0000000000000000000000000000000000000000", "symbol": "ETH", "decimals": 18}}}], "trait_offer_target": null}]