[{"blockchain": "ETH", "sender": {"address": "0x61e07007f6500decc32d0adad8ba726f4c25aa1d", "ens": "yohanft.eth", "is_whale": false, "blockchain": "ETH", "is_contract": false, "is_blue_chip_holder": true, "is_super_blue_chip_holder": false, "is_multi_sign_wallet": false, "das": null, "alias": "yohanft.eth"}, "receiver": {"address": "0xea659cef8364ab0a95196d9cd336cb983ec0e23c", "ens": null, "is_whale": false, "blockchain": "ETH", "is_contract": false, "is_blue_chip_holder": true, "is_super_blue_chip_holder": false, "is_multi_sign_wallet": false, "das": null, "alias": null}, "event": "sale", "quantity": 1, "tx_hash": "0x9c9eb900db168bf16cb5370df2007001472646c9efca4b62f57612d08fd8b907", "time": 1709643143, "nft": {"contract_address": "0xc274a97f1691ef390f662067e95a6eff1f99b504", "token_id": "4909", "name": "TinFun #4909", "blockchain": "ETH", "image": "https://lh3.googleusercontent.com/wEgyYxBAqhvcLv4NZaSJ6aMlaxVIi2N-Ey_KWveEWu_Q7nc84qIT2Zz3fod-Wig18CkqSTyKfDEJiNga9AhezJUse32bIszQ6Nn4", "contract_type": "ERC721"}, "collection": {"collection_id": "65a13036c284b18008bd25b7", "name": "TinFun", "logo": "https://i.seadn.io/s/raw/files/a531bedf317b5ffe5a35d559b5c94cd9.jpg?w=500&auto=format", "slug": "tin-fun"}, "gas_fee": {"value": 0.0108, "raw_value": 10800000000000000, "usd": 40.3538, "payment_token": {"address": "0x0000000000000000000000000000000000000000", "symbol": "ETH", "decimals": 18}}, "price": {"value": 0.2325, "raw_value": 232500000000000000, "usd": 868.179636028571, "payment_token": {"address": "0x0000000000000000000000000000000000000000", "symbol": "ETH", "decimals": 18}}, "marketplace_path": ["opensea"], "fees": [{"fee_type": "marketplace", "recipient": "0x0000a26b00c1f0df003000390027140000faa719", "bps": 50, "price": {"value": 0.001162, "raw_value": 1162500000000000, "usd": 4.286409, "payment_token": {"address": "0x0000000000000000000000000000000000000000", "symbol": "ETH", "decimals": 18}}}], "trait_offer_target": null}, {"blockchain": "ETH", "sender": {"address": "0x6d02ce0cd50bff383035e1de5c8b2235fb22e4e8", "ens": null, "is_whale": false, "blockchain": "ETH", "is_contract": false, "is_blue_chip_holder": false, "is_super_blue_chip_holder": false, "is_multi_sign_wallet": false, "das": null, "alias": null}, "receiver": {"address": "0x61e07007f6500decc32d0adad8ba726f4c25aa1d", "ens": "yohanft.eth", "is_whale": false, "blockchain": "ETH", "is_contract": false, "is_blue_chip_holder": true, "is_super_blue_chip_holder": false, "is_multi_sign_wallet": false, "das": null, "alias": "yohanft.eth"}, "event": "sale", "quantity": 1, "tx_hash": "0xd34addae90861280ca3c923aeac9f88ee76654527ec1f403589a8db126264d30", "time": 1709219987, "nft": {"contract_address": "0xc274a97f1691ef390f662067e95a6eff1f99b504", "token_id": "4909", "name": "TinFun #4909", "blockchain": "ETH", "image": "https://lh3.googleusercontent.com/wEgyYxBAqhvcLv4NZaSJ6aMlaxVIi2N-Ey_KWveEWu_Q7nc84qIT2Zz3fod-Wig18CkqSTyKfDEJiNga9AhezJUse32bIszQ6Nn4", "contract_type": "ERC721"}, "collection": {"collection_id": "65a13036c284b18008bd25b7", "name": "TinFun", "logo": "https://i.seadn.io/s/raw/files/a531bedf317b5ffe5a35d559b5c94cd9.jpg?w=500&auto=format", "slug": "tin-fun"}, "gas_fee": {"value": 0.0182, "raw_value": 18200000000000000, "usd": 62.9972, "payment_token": {"address": "0x0000000000000000000000000000000000000000", "symbol": "ETH", "decimals": 18}}, "price": {"value": 0.2699, "raw_value": 269900000000000000, "usd": 936.7665272586005, "payment_token": {"address": "0x0000000000000000000000000000000000000000", "symbol": "ETH", "decimals": 18}}, "marketplace_path": ["blur-aggregator", "blur"], "fees": [{"fee_type": "royalty", "recipient": "0x6650dc11f439f14d4dfbea75233bd9b0099a0647", "bps": 50, "price": {"value": 0.00135, "raw_value": 1349500000000000, "usd": 4.676712, "payment_token": {"address": "0x0000000000000000000000000000000000000000", "symbol": "ETH", "decimals": 18}}}], "trait_offer_target": null}, {"blockchain": "ETH", "sender": {"address": "0xa69833b9fda816f1bfc79517e7932e64708df0dd", "ens": null, "is_whale": false, "blockchain": "ETH", "is_contract": false, "is_blue_chip_holder": true, "is_super_blue_chip_holder": false, "is_multi_sign_wallet": false, "das": null, "alias": null}, "receiver": {"address": "0x6d02ce0cd50bff383035e1de5c8b2235fb22e4e8", "ens": null, "is_whale": false, "blockchain": "ETH", "is_contract": false, "is_blue_chip_holder": false, "is_super_blue_chip_holder": false, "is_multi_sign_wallet": false, "das": null, "alias": null}, "event": "sale", "quantity": 1, "tx_hash": "0xb3c6d7e11ac63b2b24519d12d9cc7e217edb5e5949d5354721f1eb4f1f33a1ad", "time": 1709197667, "nft": {"contract_address": "0xc274a97f1691ef390f662067e95a6eff1f99b504", "token_id": "4909", "name": "TinFun #4909", "blockchain": "ETH", "image": "https://lh3.googleusercontent.com/wEgyYxBAqhvcLv4NZaSJ6aMlaxVIi2N-Ey_KWveEWu_Q7nc84qIT2Zz3fod-Wig18CkqSTyKfDEJiNga9AhezJUse32bIszQ6Nn4", "contract_type": "ERC721"}, "collection": {"collection_id": "65a13036c284b18008bd25b7", "name": "TinFun", "logo": "https://i.seadn.io/s/raw/files/a531bedf317b5ffe5a35d559b5c94cd9.jpg?w=500&auto=format", "slug": "tin-fun"}, "gas_fee": {"value": 0.0502, "raw_value": 50200000000000000, "usd": 174.5068, "payment_token": {"address": "0x0000000000000000000000000000000000000000", "symbol": "ETH", "decimals": 18}}, "price": {"value": 0.26, "raw_value": 260000000000000000, "usd": 904.3631166985595, "payment_token": {"address": "0x0000000000000000000000000000000000000000", "symbol": "ETH", "decimals": 18}}, "marketplace_path": ["blur"], "fees": [{"fee_type": "royalty", "recipient": "0x6650dc11f439f14d4dfbea75233bd9b0099a0647", "bps": 50, "price": {"value": 0.0013, "raw_value": 1300000000000000, "usd": 4.52455, "payment_token": {"address": "0x0000000000a39bb272e79075ade125fd351887ac", "symbol": "BETH", "decimals": 18}}}], "trait_offer_target": null}, {"blockchain": "ETH", "sender": {"address": "0x5e8d4113c418e8d02831426e98397b7629748bb7", "ens": "grandaddy.eth", "is_whale": false, "blockchain": "ETH", "is_contract": false, "is_blue_chip_holder": false, "is_super_blue_chip_holder": false, "is_multi_sign_wallet": false, "das": null, "alias": "grandaddy.eth"}, "receiver": {"address": "0xa69833b9fda816f1bfc79517e7932e64708df0dd", "ens": null, "is_whale": false, "blockchain": "ETH", "is_contract": false, "is_blue_chip_holder": true, "is_super_blue_chip_holder": false, "is_multi_sign_wallet": false, "das": null, "alias": null}, "event": "sale", "quantity": 1, "tx_hash": "0x1defb7c84ca5ceaf22671f3f4e9f41a4bcbfa103304009632d87c7b91c5c76d1", "time": 1709162399, "nft": {"contract_address": "0xc274a97f1691ef390f662067e95a6eff1f99b504", "token_id": "4909", "name": "TinFun #4909", "blockchain": "ETH", "image": "https://lh3.googleusercontent.com/wEgyYxBAqhvcLv4NZaSJ6aMlaxVIi2N-Ey_KWveEWu_Q7nc84qIT2Zz3fod-Wig18CkqSTyKfDEJiNga9AhezJUse32bIszQ6Nn4", "contract_type": "ERC721"}, "collection": {"collection_id": "65a13036c284b18008bd25b7", "name": "TinFun", "logo": "https://i.seadn.io/s/raw/files/a531bedf317b5ffe5a35d559b5c94cd9.jpg?w=500&auto=format", "slug": "tin-fun"}, "gas_fee": {"value": 0.0332, "raw_value": 33200000000000000, "usd": 110.8317, "payment_token": {"address": "0x0000000000000000000000000000000000000000", "symbol": "ETH", "decimals": 18}}, "price": {"value": 0.25, "raw_value": 250000000000000000, "usd": 835.5102553855153, "payment_token": {"address": "0x0000000000000000000000000000000000000000", "symbol": "ETH", "decimals": 18}}, "marketplace_path": ["blur"], "fees": [{"fee_type": "royalty", "recipient": "0x6650dc11f439f14d4dfbea75233bd9b0099a0647", "bps": 50, "price": {"value": 0.00125, "raw_value": 1250000000000000, "usd": 4.120725, "payment_token": {"address": "0x0000000000a39bb272e79075ade125fd351887ac", "symbol": "BETH", "decimals": 18}}}], "trait_offer_target": null}, {"blockchain": "ETH", "sender": {"address": "0x7ed08aacfd5e88a7f2cb89e6a37d5be1a3a12cfc", "ens": "nftliu.eth", "is_whale": false, "blockchain": "ETH", "is_contract": false, "is_blue_chip_holder": false, "is_super_blue_chip_holder": false, "is_multi_sign_wallet": false, "das": null, "alias": "nftliu.eth"}, "receiver": {"address": "0x5e8d4113c418e8d02831426e98397b7629748bb7", "ens": "grandaddy.eth", "is_whale": false, "blockchain": "ETH", "is_contract": false, "is_blue_chip_holder": false, "is_super_blue_chip_holder": false, "is_multi_sign_wallet": false, "das": null, "alias": "grandaddy.eth"}, "event": "sale", "quantity": 1, "tx_hash": "0x0cc79e6999e1c5c0fdec18125f4e25b5696328153275483b88e3833b74e103f4", "time": 1705258259, "nft": {"contract_address": "0xc274a97f1691ef390f662067e95a6eff1f99b504", "token_id": "4909", "name": "TinFun #4909", "blockchain": "ETH", "image": "https://lh3.googleusercontent.com/wEgyYxBAqhvcLv4NZaSJ6aMlaxVIi2N-Ey_KWveEWu_Q7nc84qIT2Zz3fod-Wig18CkqSTyKfDEJiNga9AhezJUse32bIszQ6Nn4", "contract_type": "ERC721"}, "collection": {"collection_id": "65a13036c284b18008bd25b7", "name": "TinFun", "logo": "https://i.seadn.io/s/raw/files/a531bedf317b5ffe5a35d559b5c94cd9.jpg?w=500&auto=format", "slug": "tin-fun"}, "gas_fee": {"value": 0.0045, "raw_value": 4499999999999999, "usd": 11.3087, "payment_token": {"address": "0x0000000000000000000000000000000000000000", "symbol": "ETH", "decimals": 18}}, "price": {"value": 0.77, "raw_value": 770000000000000000, "usd": 1948.3794963532612, "payment_token": {"address": "0x0000000000000000000000000000000000000000", "symbol": "ETH", "decimals": 18}}, "marketplace_path": ["blur-aggregator", "blur"], "fees": [{"fee_type": "royalty", "recipient": "0x6650dc11f439f14d4dfbea75233bd9b0099a0647", "bps": 50, "price": {"value": 0.00385, "raw_value": 3850000000000000, "usd": 9.772376, "payment_token": {"address": "0x0000000000000000000000000000000000000000", "symbol": "ETH", "decimals": 18}}}], "trait_offer_target": null}]