[{"blockchain": "ETH", "sender": {"address": "0x4952922a57f756f2700e0365b952f8a95fd0873b", "ens": null, "is_whale": false, "blockchain": "ETH", "is_contract": false, "is_blue_chip_holder": false, "is_super_blue_chip_holder": false, "is_multi_sign_wallet": false, "das": null, "alias": null}, "receiver": {"address": "0x8177e9fa379b85e01b2b30140ddc446b9875106a", "ens": null, "is_whale": false, "blockchain": "ETH", "is_contract": true, "is_blue_chip_holder": false, "is_super_blue_chip_holder": false, "is_multi_sign_wallet": false, "das": null, "alias": null}, "event": "transfer", "quantity": 1, "tx_hash": "0x8da9dc94a8d1cef9fca23113f99200366a40dcf4da3a74835fd4a9690bb74e1d", "time": 1711698839, "nft": {"contract_address": "0xc274a97f1691ef390f662067e95a6eff1f99b504", "token_id": "577", "name": "TinFun #577", "blockchain": "ETH", "image": "https://lh3.googleusercontent.com/uQGp3UELm3JyYjoTpmfoXDEkVylSoTqpLF4D9_oy_2sAcPM1lzN-V8Q-xd3ROTyE833KSwogjbO9svamwWjz2AMQP2gnizvsc4o", "contract_type": "ERC721"}, "collection": {"collection_id": "65a13036c284b18008bd25b7", "name": "TinFun", "logo": "https://i.seadn.io/s/raw/files/a531bedf317b5ffe5a35d559b5c94cd9.jpg?w=500&auto=format", "slug": "tin-fun"}, "gas_fee": {"value": 0.004, "raw_value": 4000000000000000, "usd": 14.3966, "payment_token": {"address": "0x0000000000000000000000000000000000000000", "symbol": "ETH", "decimals": 18}}, "price": null, "marketplace_path": [], "fees": [], "trait_offer_target": null}, {"blockchain": "ETH", "sender": {"address": "0xb34d4b5ec99c7dba1b3a60cb4f1bffb23ac18436", "ens": null, "is_whale": false, "blockchain": "ETH", "is_contract": false, "is_blue_chip_holder": false, "is_super_blue_chip_holder": false, "is_multi_sign_wallet": false, "das": null, "alias": null}, "receiver": {"address": "0x4952922a57f756f2700e0365b952f8a95fd0873b", "ens": null, "is_whale": false, "blockchain": "ETH", "is_contract": false, "is_blue_chip_holder": false, "is_super_blue_chip_holder": false, "is_multi_sign_wallet": false, "das": null, "alias": null}, "event": "transfer", "quantity": 1, "tx_hash": "0x0a21b87d41193ec24a58d23181000dcba04effd7bfbe634fd30c88c0d5f7b2f5", "time": 1710377315, "nft": {"contract_address": "0xc274a97f1691ef390f662067e95a6eff1f99b504", "token_id": "577", "name": "TinFun #577", "blockchain": "ETH", "image": "https://lh3.googleusercontent.com/uQGp3UELm3JyYjoTpmfoXDEkVylSoTqpLF4D9_oy_2sAcPM1lzN-V8Q-xd3ROTyE833KSwogjbO9svamwWjz2AMQP2gnizvsc4o", "contract_type": "ERC721"}, "collection": {"collection_id": "65a13036c284b18008bd25b7", "name": "TinFun", "logo": "https://i.seadn.io/s/raw/files/a531bedf317b5ffe5a35d559b5c94cd9.jpg?w=500&auto=format", "slug": "tin-fun"}, "gas_fee": {"value": 0.0026, "raw_value": 2600000000000000, "usd": 10.4219, "payment_token": {"address": "0x0000000000000000000000000000000000000000", "symbol": "ETH", "decimals": 18}}, "price": null, "marketplace_path": [], "fees": [], "trait_offer_target": null}, {"blockchain": "ETH", "sender": {"address": "0x4952922a57f756f2700e0365b952f8a95fd0873b", "ens": null, "is_whale": false, "blockchain": "ETH", "is_contract": false, "is_blue_chip_holder": false, "is_super_blue_chip_holder": false, "is_multi_sign_wallet": false, "das": null, "alias": null}, "receiver": {"address": "0xb34d4b5ec99c7dba1b3a60cb4f1bffb23ac18436", "ens": null, "is_whale": false, "blockchain": "ETH", "is_contract": false, "is_blue_chip_holder": false, "is_super_blue_chip_holder": false, "is_multi_sign_wallet": false, "das": null, "alias": null}, "event": "transfer", "quantity": 1, "tx_hash": "0x99ea9a67a5f6ea64b95607c66bef4780b3d15571d3b9ef6b320a073738cb5e01", "time": 1707240263, "nft": {"contract_address": "0xc274a97f1691ef390f662067e95a6eff1f99b504", "token_id": "577", "name": "TinFun #577", "blockchain": "ETH", "image": "https://lh3.googleusercontent.com/uQGp3UELm3JyYjoTpmfoXDEkVylSoTqpLF4D9_oy_2sAcPM1lzN-V8Q-xd3ROTyE833KSwogjbO9svamwWjz2AMQP2gnizvsc4o", "contract_type": "ERC721"}, "collection": {"collection_id": "65a13036c284b18008bd25b7", "name": "TinFun", "logo": "https://i.seadn.io/s/raw/files/a531bedf317b5ffe5a35d559b5c94cd9.jpg?w=500&auto=format", "slug": "tin-fun"}, "gas_fee": {"value": 0.0026, "raw_value": 2600000000000000, "usd": 6.0252, "payment_token": {"address": "0x0000000000000000000000000000000000000000", "symbol": "ETH", "decimals": 18}}, "price": null, "marketplace_path": [], "fees": [], "trait_offer_target": null}, {"blockchain": "ETH", "sender": {"address": "0x08046e2349017615d53d3977c307d39ab4eeb3cf", "ens": "maxnaut.eth", "is_whale": false, "blockchain": "ETH", "is_contract": false, "is_blue_chip_holder": false, "is_super_blue_chip_holder": false, "is_multi_sign_wallet": false, "das": null, "alias": "maxnaut"}, "receiver": {"address": "0x4952922a57f756f2700e0365b952f8a95fd0873b", "ens": null, "is_whale": false, "blockchain": "ETH", "is_contract": false, "is_blue_chip_holder": false, "is_super_blue_chip_holder": false, "is_multi_sign_wallet": false, "das": null, "alias": null}, "event": "sale", "quantity": 1, "tx_hash": "0x5952ee633170db53f18c313aa8c0b43d48bbcb7e4a51d473374cb06ed7af31c3", "time": 1705069703, "nft": {"contract_address": "0xc274a97f1691ef390f662067e95a6eff1f99b504", "token_id": "577", "name": "TinFun #577", "blockchain": "ETH", "image": "https://lh3.googleusercontent.com/uQGp3UELm3JyYjoTpmfoXDEkVylSoTqpLF4D9_oy_2sAcPM1lzN-V8Q-xd3ROTyE833KSwogjbO9svamwWjz2AMQP2gnizvsc4o", "contract_type": "ERC721"}, "collection": {"collection_id": "65a13036c284b18008bd25b7", "name": "TinFun", "logo": "https://i.seadn.io/s/raw/files/a531bedf317b5ffe5a35d559b5c94cd9.jpg?w=500&auto=format", "slug": "tin-fun"}, "gas_fee": {"value": 0.0066, "raw_value": 6600000000000000, "usd": 17.5266, "payment_token": {"address": "0x0000000000000000000000000000000000000000", "symbol": "ETH", "decimals": 18}}, "price": {"value": 0.83, "raw_value": 830000000000000000, "usd": 2219.1400916422194, "payment_token": {"address": "0x0000000000000000000000000000000000000000", "symbol": "ETH", "decimals": 18}}, "marketplace_path": ["blur"], "fees": [{"fee_type": "royalty", "recipient": "0x6650dc11f439f14d4dfbea75233bd9b0099a0647", "bps": 50, "price": {"value": 0.00415, "raw_value": 4150000000000000, "usd": 10.987945, "payment_token": {"address": "0x0000000000000000000000000000000000000000", "symbol": "ETH", "decimals": 18}}}], "trait_offer_target": null}, {"blockchain": "ETH", "sender": {"address": "0x8353d5c7dc6f0ddb0429cb93cfdead6fc5795831", "ens": null, "is_whale": false, "blockchain": "ETH", "is_contract": false, "is_blue_chip_holder": false, "is_super_blue_chip_holder": false, "is_multi_sign_wallet": false, "das": null, "alias": null}, "receiver": {"address": "0x08046e2349017615d53d3977c307d39ab4eeb3cf", "ens": "maxnaut.eth", "is_whale": false, "blockchain": "ETH", "is_contract": false, "is_blue_chip_holder": false, "is_super_blue_chip_holder": false, "is_multi_sign_wallet": false, "das": null, "alias": "maxnaut"}, "event": "sale", "quantity": 1, "tx_hash": "0x92383d5c1cb802d17c38ede3233367e66337872363c8feb6111b18a51f6b9a8d", "time": 1705065407, "nft": {"contract_address": "0xc274a97f1691ef390f662067e95a6eff1f99b504", "token_id": "577", "name": "TinFun #577", "blockchain": "ETH", "image": "https://lh3.googleusercontent.com/uQGp3UELm3JyYjoTpmfoXDEkVylSoTqpLF4D9_oy_2sAcPM1lzN-V8Q-xd3ROTyE833KSwogjbO9svamwWjz2AMQP2gnizvsc4o", "contract_type": "ERC721"}, "collection": {"collection_id": "65a13036c284b18008bd25b7", "name": "TinFun", "logo": "https://i.seadn.io/s/raw/files/a531bedf317b5ffe5a35d559b5c94cd9.jpg?w=500&auto=format", "slug": "tin-fun"}, "gas_fee": {"value": 0.004, "raw_value": 4000000000000000, "usd": 10.6485, "payment_token": {"address": "0x0000000000000000000000000000000000000000", "symbol": "ETH", "decimals": 18}}, "price": {"value": 0.739, "raw_value": 739000000000000000, "usd": 1958.651866440606, "payment_token": {"address": "0x0000000000000000000000000000000000000000", "symbol": "ETH", "decimals": 18}}, "marketplace_path": ["blur-aggregator", "blur"], "fees": [{"fee_type": "royalty", "recipient": "0x6650dc11f439f14d4dfbea75233bd9b0099a0647", "bps": 50, "price": {"value": 0.003695, "raw_value": 3695000000000000, "usd": 9.685038, "payment_token": {"address": "0x0000000000000000000000000000000000000000", "symbol": "ETH", "decimals": 18}}}], "trait_offer_target": null}]