[{"blockchain": "ETH", "sender": {"address": "0x1935ba29d778f2e4623c42910910ef85be7021ca", "ens": "mikumiku.eth", "is_whale": false, "blockchain": "ETH", "is_contract": false, "is_blue_chip_holder": false, "is_super_blue_chip_holder": false, "is_multi_sign_wallet": false, "das": null, "alias": "mikumiku.eth"}, "receiver": {"address": "0x8177e9fa379b85e01b2b30140ddc446b9875106a", "ens": null, "is_whale": false, "blockchain": "ETH", "is_contract": true, "is_blue_chip_holder": false, "is_super_blue_chip_holder": false, "is_multi_sign_wallet": false, "das": null, "alias": null}, "event": "transfer", "quantity": 1, "tx_hash": "0x1ecda8a247f8ca2d137080983e3c4f628033a3847628c79d0646e2ee82abc9ba", "time": 1711793123, "nft": {"contract_address": "0xc274a97f1691ef390f662067e95a6eff1f99b504", "token_id": "1300", "name": "TinFun #1300", "blockchain": "ETH", "image": "https://lh3.googleusercontent.com/JNaifiphl3WMPs6XLpCRWT0jKHIi1y_Dp0byWuy9JK75GFLq2yfEbUbEzmw5x91RQ3FIO_Bfy98xRebOmBlTnuuAovgRstdY-qS4", "contract_type": "ERC721"}, "collection": {"collection_id": "65a13036c284b18008bd25b7", "name": "TinFun", "logo": "https://i.seadn.io/s/raw/files/a531bedf317b5ffe5a35d559b5c94cd9.jpg?w=500&auto=format", "slug": "tin-fun"}, "gas_fee": {"value": 0.0073, "raw_value": 7300000000000000, "usd": 25.5583, "payment_token": {"address": "0x0000000000000000000000000000000000000000", "symbol": "ETH", "decimals": 18}}, "price": null, "marketplace_path": [], "fees": [], "trait_offer_target": null}]