[{"blockchain": "ETH", "sender": {"address": "0xbaeac8d6a00f1865c3366653b225a2c1aa89da2a", "ens": null, "is_whale": false, "blockchain": "ETH", "is_contract": false, "is_blue_chip_holder": false, "is_super_blue_chip_holder": false, "is_multi_sign_wallet": false, "das": null, "alias": null}, "receiver": {"address": "0x8177e9fa379b85e01b2b30140ddc446b9875106a", "ens": null, "is_whale": false, "blockchain": "ETH", "is_contract": true, "is_blue_chip_holder": false, "is_super_blue_chip_holder": false, "is_multi_sign_wallet": false, "das": null, "alias": null}, "event": "transfer", "quantity": 1, "tx_hash": "0xc0f0d74b5fb7acdf02ca7eeab5811ac0f37662c46c424c6a00e39ae25e532700", "time": 1711701071, "nft": {"contract_address": "0xc274a97f1691ef390f662067e95a6eff1f99b504", "token_id": "3844", "name": "TinFun #3844", "blockchain": "ETH", "image": "https://lh3.googleusercontent.com/L5fEBMUl5zEOWLaDyrUtcDny5vPgahZbc2B_ImtNZmJ30j-7coALSXJB3jdL13onGcitan7Rpj_R4moq4BmqTsOVCPbVtrEQBA", "contract_type": "ERC721"}, "collection": {"collection_id": "65a13036c284b18008bd25b7", "name": "TinFun", "logo": "https://i.seadn.io/s/raw/files/a531bedf317b5ffe5a35d559b5c94cd9.jpg?w=500&auto=format", "slug": "tin-fun"}, "gas_fee": {"value": 0.0021, "raw_value": 2099999999999999, "usd": 7.3745, "payment_token": {"address": "0x0000000000000000000000000000000000000000", "symbol": "ETH", "decimals": 18}}, "price": null, "marketplace_path": [], "fees": [], "trait_offer_target": null}, {"blockchain": "ETH", "sender": {"address": "0x4f63af4d4e82390090ac3dd1bdf51fab5d6ba17f", "ens": null, "is_whale": false, "blockchain": "ETH", "is_contract": false, "is_blue_chip_holder": false, "is_super_blue_chip_holder": false, "is_multi_sign_wallet": false, "das": null, "alias": null}, "receiver": {"address": "0xbaeac8d6a00f1865c3366653b225a2c1aa89da2a", "ens": null, "is_whale": false, "blockchain": "ETH", "is_contract": false, "is_blue_chip_holder": false, "is_super_blue_chip_holder": false, "is_multi_sign_wallet": false, "das": null, "alias": null}, "event": "sale", "quantity": 1, "tx_hash": "0x95a0573b3782c65e9ea5d34c46fce6befb7a96c38abec5db0339fcc896c39cc1", "time": 1710413591, "nft": {"contract_address": "0xc274a97f1691ef390f662067e95a6eff1f99b504", "token_id": "3844", "name": "TinFun #3844", "blockchain": "ETH", "image": "https://lh3.googleusercontent.com/L5fEBMUl5zEOWLaDyrUtcDny5vPgahZbc2B_ImtNZmJ30j-7coALSXJB3jdL13onGcitan7Rpj_R4moq4BmqTsOVCPbVtrEQBA", "contract_type": "ERC721"}, "collection": {"collection_id": "65a13036c284b18008bd25b7", "name": "TinFun", "logo": "https://i.seadn.io/s/raw/files/a531bedf317b5ffe5a35d559b5c94cd9.jpg?w=500&auto=format", "slug": "tin-fun"}, "gas_fee": {"value": 0.0083, "raw_value": 8300000000000000, "usd": 33.0656, "payment_token": {"address": "0x0000000000000000000000000000000000000000", "symbol": "ETH", "decimals": 18}}, "price": {"value": 0.165, "raw_value": 165000000000000000, "usd": 658.2526567620207, "payment_token": {"address": "0x0000000000000000000000000000000000000000", "symbol": "ETH", "decimals": 18}}, "marketplace_path": ["blur-aggregator", "blur"], "fees": [{"fee_type": "royalty", "recipient": "0x6650dc11f439f14d4dfbea75233bd9b0099a0647", "bps": 500, "price": {"value": 0.00825, "raw_value": 8250000000000000, "usd": 32.719683, "payment_token": {"address": "0x0000000000000000000000000000000000000000", "symbol": "ETH", "decimals": 18}}}], "trait_offer_target": null}, {"blockchain": "ETH", "sender": {"address": "0xfdd6d58877fe4ebaf4291e6cd65fadad44e8f7d1", "ens": null, "is_whale": false, "blockchain": "ETH", "is_contract": false, "is_blue_chip_holder": false, "is_super_blue_chip_holder": false, "is_multi_sign_wallet": false, "das": null, "alias": null}, "receiver": {"address": "0x4f63af4d4e82390090ac3dd1bdf51fab5d6ba17f", "ens": null, "is_whale": false, "blockchain": "ETH", "is_contract": false, "is_blue_chip_holder": false, "is_super_blue_chip_holder": false, "is_multi_sign_wallet": false, "das": null, "alias": null}, "event": "sale", "quantity": 1, "tx_hash": "0x6dd9673cc86203304e380d0a56564ef9a813a6032078b3468e4c9398499db683", "time": 1705087955, "nft": {"contract_address": "0xc274a97f1691ef390f662067e95a6eff1f99b504", "token_id": "3844", "name": "TinFun #3844", "blockchain": "ETH", "image": "https://lh3.googleusercontent.com/L5fEBMUl5zEOWLaDyrUtcDny5vPgahZbc2B_ImtNZmJ30j-7coALSXJB3jdL13onGcitan7Rpj_R4moq4BmqTsOVCPbVtrEQBA", "contract_type": "ERC721"}, "collection": {"collection_id": "65a13036c284b18008bd25b7", "name": "TinFun", "logo": "https://i.seadn.io/s/raw/files/a531bedf317b5ffe5a35d559b5c94cd9.jpg?w=500&auto=format", "slug": "tin-fun"}, "gas_fee": {"value": 0.004, "raw_value": 4000000000000000, "usd": 10.4635, "payment_token": {"address": "0x0000000000000000000000000000000000000000", "symbol": "ETH", "decimals": 18}}, "price": {"value": 0.77, "raw_value": 770000000000000000, "usd": 1997.4611749566807, "payment_token": {"address": "0x0000000000000000000000000000000000000000", "symbol": "ETH", "decimals": 18}}, "marketplace_path": ["element"], "fees": [], "trait_offer_target": null}]