[{"blockchain": "ETH", "sender": {"address": "0xb4ad1b4ab790c5ef71698a73febdd6421dd25261", "ens": "\u90d1\u90d1\u90d1\u65b9\u5f62.eth", "is_whale": false, "blockchain": "ETH", "is_contract": false, "is_blue_chip_holder": true, "is_super_blue_chip_holder": false, "is_multi_sign_wallet": false, "das": null, "alias": "\u90d1\u90d1\u90d1\u65b9\u5f62.eth"}, "receiver": {"address": "0x8177e9fa379b85e01b2b30140ddc446b9875106a", "ens": null, "is_whale": false, "blockchain": "ETH", "is_contract": true, "is_blue_chip_holder": false, "is_super_blue_chip_holder": false, "is_multi_sign_wallet": false, "das": null, "alias": null}, "event": "transfer", "quantity": 1, "tx_hash": "0x6a7f9eaf3552f218b8cb565c9f47825f0c6efb1a077511a9e24acccca8fea75b", "time": 1712991035, "nft": {"contract_address": "0xc274a97f1691ef390f662067e95a6eff1f99b504", "token_id": "5181", "name": "TinFun #5181", "blockchain": "ETH", "image": "https://lh3.googleusercontent.com/I0tSD03qM_-nItOyDj1gb8sg-IipVN_FFlpn4kKifgI4C6ZrEyIIU4aMkrG-gfunb2NFIQx1lgpldLy6GE6tU6IBEmj5xmPPe8Q", "contract_type": "ERC721"}, "collection": {"collection_id": "65a13036c284b18008bd25b7", "name": "TinFun", "logo": "https://i.seadn.io/s/raw/files/a531bedf317b5ffe5a35d559b5c94cd9.jpg?w=500&auto=format", "slug": "tin-fun"}, "gas_fee": {"value": 0.001, "raw_value": 1000000000000000, "usd": 3.1632, "payment_token": {"address": "0x0000000000000000000000000000000000000000", "symbol": "ETH", "decimals": 18}}, "price": null, "marketplace_path": [], "fees": [], "trait_offer_target": null}, {"blockchain": "ETH", "sender": {"address": "0x53817bb6513f1f43dc932480ffa928b85a588001", "ens": "\u6211\u6709\u533b\u4fdd\u6211\u5148\u51b2.eth", "is_whale": false, "blockchain": "ETH", "is_contract": false, "is_blue_chip_holder": false, "is_super_blue_chip_holder": false, "is_multi_sign_wallet": false, "das": null, "alias": "\u6211\u6709\u533b\u4fdd\u6211\u5148\u51b2.eth"}, "receiver": {"address": "0xb4ad1b4ab790c5ef71698a73febdd6421dd25261", "ens": "\u90d1\u90d1\u90d1\u65b9\u5f62.eth", "is_whale": false, "blockchain": "ETH", "is_contract": false, "is_blue_chip_holder": true, "is_super_blue_chip_holder": false, "is_multi_sign_wallet": false, "das": null, "alias": "\u90d1\u90d1\u90d1\u65b9\u5f62.eth"}, "event": "transfer", "quantity": 1, "tx_hash": "0x43c2c3d19a9f844a73c6e52db13790959332c4b4f7018f7cba9f4915f6ac2ffa", "time": 1706115083, "nft": {"contract_address": "0xc274a97f1691ef390f662067e95a6eff1f99b504", "token_id": "5181", "name": "TinFun #5181", "blockchain": "ETH", "image": "https://lh3.googleusercontent.com/I0tSD03qM_-nItOyDj1gb8sg-IipVN_FFlpn4kKifgI4C6ZrEyIIU4aMkrG-gfunb2NFIQx1lgpldLy6GE6tU6IBEmj5xmPPe8Q", "contract_type": "ERC721"}, "collection": {"collection_id": "65a13036c284b18008bd25b7", "name": "TinFun", "logo": "https://i.seadn.io/s/raw/files/a531bedf317b5ffe5a35d559b5c94cd9.jpg?w=500&auto=format", "slug": "tin-fun"}, "gas_fee": {"value": 0.0009, "raw_value": 900000000000000, "usd": 2.0958, "payment_token": {"address": "0x0000000000000000000000000000000000000000", "symbol": "ETH", "decimals": 18}}, "price": null, "marketplace_path": [], "fees": [], "trait_offer_target": null}, {"blockchain": "ETH", "sender": {"address": "0x3371f5c5ca2b7921e92f77177853f4f7341c8792", "ens": "fenbushi.eth", "is_whale": false, "blockchain": "ETH", "is_contract": false, "is_blue_chip_holder": false, "is_super_blue_chip_holder": false, "is_multi_sign_wallet": false, "das": null, "alias": "fenbushi.eth"}, "receiver": {"address": "0x53817bb6513f1f43dc932480ffa928b85a588001", "ens": "\u6211\u6709\u533b\u4fdd\u6211\u5148\u51b2.eth", "is_whale": false, "blockchain": "ETH", "is_contract": false, "is_blue_chip_holder": false, "is_super_blue_chip_holder": false, "is_multi_sign_wallet": false, "das": null, "alias": "\u6211\u6709\u533b\u4fdd\u6211\u5148\u51b2.eth"}, "event": "transfer", "quantity": 1, "tx_hash": "0x2629bdda86dd40f0b8cbd040e65f6f6f07d5a916bc6304bc5760b2d8db7c6e66", "time": 1705090859, "nft": {"contract_address": "0xc274a97f1691ef390f662067e95a6eff1f99b504", "token_id": "5181", "name": "TinFun #5181", "blockchain": "ETH", "image": "https://lh3.googleusercontent.com/I0tSD03qM_-nItOyDj1gb8sg-IipVN_FFlpn4kKifgI4C6ZrEyIIU4aMkrG-gfunb2NFIQx1lgpldLy6GE6tU6IBEmj5xmPPe8Q", "contract_type": "ERC721"}, "collection": {"collection_id": "65a13036c284b18008bd25b7", "name": "TinFun", "logo": "https://i.seadn.io/s/raw/files/a531bedf317b5ffe5a35d559b5c94cd9.jpg?w=500&auto=format", "slug": "tin-fun"}, "gas_fee": {"value": 0.0035, "raw_value": 3500000000000000, "usd": 9.1164, "payment_token": {"address": "0x0000000000000000000000000000000000000000", "symbol": "ETH", "decimals": 18}}, "price": null, "marketplace_path": [], "fees": [], "trait_offer_target": null}]