[{"blockchain": "ETH", "sender": {"address": "0x51d9e4137b08a0c740e3c5f1ef87dfe0fde546ba", "ens": "blackexe.eth", "is_whale": false, "blockchain": "ETH", "is_contract": false, "is_blue_chip_holder": false, "is_super_blue_chip_holder": false, "is_multi_sign_wallet": false, "das": null, "alias": "blackexe.eth"}, "receiver": {"address": "0xf810af8c87901cd532c78273148d021ede95f25b", "ens": null, "is_whale": false, "blockchain": "ETH", "is_contract": false, "is_blue_chip_holder": false, "is_super_blue_chip_holder": false, "is_multi_sign_wallet": false, "das": null, "alias": null}, "event": "sale", "quantity": 1, "tx_hash": "0xd8cb8698a47f3b1a845bf2a2163964b6f0ff1e7194d0146626a75581cd80afd1", "time": 1707646679, "nft": {"contract_address": "0xc274a97f1691ef390f662067e95a6eff1f99b504", "token_id": "2486", "name": "TinFun #2486", "blockchain": "ETH", "image": "https://lh3.googleusercontent.com/A4CvF1y8dk_kbthmIuIj-iiY6x8PfA8t0xVGvjhRzMg7-d_yU_D2W6atg_W_V7jmiTQqmoGkwcGoa3lpGXvVGXY3lgc2qBkaNw", "contract_type": "ERC721"}, "collection": {"collection_id": "65a13036c284b18008bd25b7", "name": "TinFun", "logo": "https://i.seadn.io/s/raw/files/a531bedf317b5ffe5a35d559b5c94cd9.jpg?w=500&auto=format", "slug": "tin-fun"}, "gas_fee": {"value": 0.016, "raw_value": 16000000000000000, "usd": 40.358, "payment_token": {"address": "0x0000000000000000000000000000000000000000", "symbol": "ETH", "decimals": 18}}, "price": {"value": 0.58, "raw_value": 580000000000000000, "usd": 1463.9013883601738, "payment_token": {"address": "0x0000000000000000000000000000000000000000", "symbol": "ETH", "decimals": 18}}, "marketplace_path": ["blur"], "fees": [{"fee_type": "royalty", "recipient": "0x6650dc11f439f14d4dfbea75233bd9b0099a0647", "bps": 50, "price": {"value": 0.0029, "raw_value": 2900000000000000, "usd": 7.334193, "payment_token": {"address": "0x0000000000a39bb272e79075ade125fd351887ac", "symbol": "BETH", "decimals": 18}}}], "trait_offer_target": null}]