[{"blockchain": "ETH", "sender": {"address": "0xff11d4b93cd990fd93233f61a32509ce70ba11cf", "ens": "dpppps.eth", "is_whale": false, "blockchain": "ETH", "is_contract": false, "is_blue_chip_holder": false, "is_super_blue_chip_holder": false, "is_multi_sign_wallet": false, "das": null, "alias": "dpppps.eth"}, "receiver": {"address": "0x6400f6ebf6e958ec1887c92f30515bbad3745073", "ens": null, "is_whale": false, "blockchain": "ETH", "is_contract": false, "is_blue_chip_holder": true, "is_super_blue_chip_holder": false, "is_multi_sign_wallet": false, "das": null, "alias": null}, "event": "sale", "quantity": 1, "tx_hash": "0x66e2c45148af81d9fb9640a0e7b67f8d39f8adc1c8316c3e0b97e5c0db0d1102", "time": 1706858963, "nft": {"contract_address": "0xc274a97f1691ef390f662067e95a6eff1f99b504", "token_id": "1269", "name": "TinFun #1269", "blockchain": "ETH", "image": "https://lh3.googleusercontent.com/dfG5ZRrlvzRTcHjrpMaON-YjXi4rr7wDcNxKHK9GXaPUiJXikTi0vuSVRdRQaSsxRk2wv0gFmpyv4k2sZhDzP-qf8NkCwCqjQ_8", "contract_type": "ERC721"}, "collection": {"collection_id": "65a13036c284b18008bd25b7", "name": "TinFun", "logo": "https://i.seadn.io/s/raw/files/a531bedf317b5ffe5a35d559b5c94cd9.jpg?w=500&auto=format", "slug": "tin-fun"}, "gas_fee": {"value": 0.0104, "raw_value": 10400000000000000, "usd": 24.0415, "payment_token": {"address": "0x0000000000000000000000000000000000000000", "symbol": "ETH", "decimals": 18}}, "price": {"value": 0.5564, "raw_value": 556400000000000000, "usd": 1284.7486527905821, "payment_token": {"address": "0x0000000000000000000000000000000000000000", "symbol": "ETH", "decimals": 18}}, "marketplace_path": ["blur-aggregator", "blur"], "fees": [{"fee_type": "royalty", "recipient": "0x6650dc11f439f14d4dfbea75233bd9b0099a0647", "bps": 50, "price": {"value": 0.002782, "raw_value": 2782000000000000, "usd": 6.391696, "payment_token": {"address": "0x0000000000000000000000000000000000000000", "symbol": "ETH", "decimals": 18}}}], "trait_offer_target": null}, {"blockchain": "ETH", "sender": {"address": "0x431ebbf1026359174df3798841655e48b2b3a5a9", "ens": null, "is_whale": false, "blockchain": "ETH", "is_contract": false, "is_blue_chip_holder": false, "is_super_blue_chip_holder": false, "is_multi_sign_wallet": false, "das": null, "alias": null}, "receiver": {"address": "0xff11d4b93cd990fd93233f61a32509ce70ba11cf", "ens": "dpppps.eth", "is_whale": false, "blockchain": "ETH", "is_contract": false, "is_blue_chip_holder": false, "is_super_blue_chip_holder": false, "is_multi_sign_wallet": false, "das": null, "alias": "dpppps.eth"}, "event": "transfer", "quantity": 1, "tx_hash": "0x06e4158ac3fb7c488ca9497d9a6a12ea8f5a1854bc276bf62e9543f387607949", "time": 1705069907, "nft": {"contract_address": "0xc274a97f1691ef390f662067e95a6eff1f99b504", "token_id": "1269", "name": "TinFun #1269", "blockchain": "ETH", "image": "https://lh3.googleusercontent.com/dfG5ZRrlvzRTcHjrpMaON-YjXi4rr7wDcNxKHK9GXaPUiJXikTi0vuSVRdRQaSsxRk2wv0gFmpyv4k2sZhDzP-qf8NkCwCqjQ_8", "contract_type": "ERC721"}, "collection": {"collection_id": "65a13036c284b18008bd25b7", "name": "TinFun", "logo": "https://i.seadn.io/s/raw/files/a531bedf317b5ffe5a35d559b5c94cd9.jpg?w=500&auto=format", "slug": "tin-fun"}, "gas_fee": {"value": 0.0035, "raw_value": 3500000000000000, "usd": 9.428, "payment_token": {"address": "0x0000000000000000000000000000000000000000", "symbol": "ETH", "decimals": 18}}, "price": null, "marketplace_path": [], "fees": [], "trait_offer_target": null}]