[{"blockchain": "ETH", "sender": {"address": "0x7c9d4525cb6d17679e77d9dd92888c0190ed4f13", "ens": null, "is_whale": false, "blockchain": "ETH", "is_contract": false, "is_blue_chip_holder": false, "is_super_blue_chip_holder": false, "is_multi_sign_wallet": false, "das": null, "alias": null}, "receiver": {"address": "0x96db9ee5c409b3d8cf7d7c48d5b241d20932b486", "ens": null, "is_whale": false, "blockchain": "ETH", "is_contract": false, "is_blue_chip_holder": false, "is_super_blue_chip_holder": false, "is_multi_sign_wallet": false, "das": null, "alias": null}, "event": "sale", "quantity": 1, "tx_hash": "0x393e1bc951c07ab4ecb9f44dec440e88acfe1b25956163599161facfa93e209c", "time": 1705063955, "nft": {"contract_address": "0xc274a97f1691ef390f662067e95a6eff1f99b504", "token_id": "6806", "name": "TinFun #6806", "blockchain": "ETH", "image": "https://lh3.googleusercontent.com/ht455dPSVbh_7_Es9h0nGI5_TF14gbsshC8rAPzVc5VDUoYhIY52s7u_OMpt2I6d8_5_9ccSlDcgPCQJUBhKvOzqlePgu8dy_zw", "contract_type": "ERC721"}, "collection": {"collection_id": "65a13036c284b18008bd25b7", "name": "TinFun", "logo": "https://i.seadn.io/s/raw/files/a531bedf317b5ffe5a35d559b5c94cd9.jpg?w=500&auto=format", "slug": "tin-fun"}, "gas_fee": {"value": 0.0061, "raw_value": 6100000000000000, "usd": 16.1463, "payment_token": {"address": "0x0000000000000000000000000000000000000000", "symbol": "ETH", "decimals": 18}}, "price": {"value": 0.8, "raw_value": 800000000000000000, "usd": 2118.1580206066023, "payment_token": {"address": "0x0000000000000000000000000000000000000000", "symbol": "ETH", "decimals": 18}}, "marketplace_path": ["openseapro", "element"], "fees": [], "trait_offer_target": null}]