[{"blockchain": "ETH", "sender": {"address": "0xa637e4ac42431976ebe112e13096a61350900f24", "ens": null, "is_whale": false, "blockchain": "ETH", "is_contract": false, "is_blue_chip_holder": false, "is_super_blue_chip_holder": false, "is_multi_sign_wallet": false, "das": null, "alias": null}, "receiver": {"address": "0x8177e9fa379b85e01b2b30140ddc446b9875106a", "ens": null, "is_whale": false, "blockchain": "ETH", "is_contract": true, "is_blue_chip_holder": false, "is_super_blue_chip_holder": false, "is_multi_sign_wallet": false, "das": null, "alias": null}, "event": "transfer", "quantity": 1, "tx_hash": "0x4e4c83d19f7870da078cd593cbd66410b15421443e728a262e283dd105554bcf", "time": 1711705547, "nft": {"contract_address": "0xc274a97f1691ef390f662067e95a6eff1f99b504", "token_id": "310", "name": "TinFun #310", "blockchain": "ETH", "image": "https://lh3.googleusercontent.com/H6sI0ywX8JFXRGwAMhHpse-9jpF4JJhVi0498NPx2VOBXRHFhCkfUL9YCOV2tYsYOQD_9bNrYbssVLu2RgkFx_iNQL9LGDyF4yE", "contract_type": "ERC721"}, "collection": {"collection_id": "65a13036c284b18008bd25b7", "name": "TinFun", "logo": "https://i.seadn.io/s/raw/files/a531bedf317b5ffe5a35d559b5c94cd9.jpg?w=500&auto=format", "slug": "tin-fun"}, "gas_fee": {"value": 0.047, "raw_value": 47000000000000000, "usd": 166.2887, "payment_token": {"address": "0x0000000000000000000000000000000000000000", "symbol": "ETH", "decimals": 18}}, "price": null, "marketplace_path": [], "fees": [], "trait_offer_target": null}, {"blockchain": "ETH", "sender": {"address": "0xcc85e19b7d341c7bc3d1d15d2fdfae85aad19b2b", "ens": "swifter.eth", "is_whale": false, "blockchain": "ETH", "is_contract": false, "is_blue_chip_holder": false, "is_super_blue_chip_holder": false, "is_multi_sign_wallet": false, "das": null, "alias": "swifter.eth"}, "receiver": {"address": "0xa637e4ac42431976ebe112e13096a61350900f24", "ens": null, "is_whale": false, "blockchain": "ETH", "is_contract": false, "is_blue_chip_holder": false, "is_super_blue_chip_holder": false, "is_multi_sign_wallet": false, "das": null, "alias": null}, "event": "sale", "quantity": 1, "tx_hash": "0xa47acbdf77b3b5dee8855411621de42180156f55ddd24217bd8fa8e4b0b598ff", "time": 1709486075, "nft": {"contract_address": "0xc274a97f1691ef390f662067e95a6eff1f99b504", "token_id": "310", "name": "TinFun #310", "blockchain": "ETH", "image": "https://lh3.googleusercontent.com/H6sI0ywX8JFXRGwAMhHpse-9jpF4JJhVi0498NPx2VOBXRHFhCkfUL9YCOV2tYsYOQD_9bNrYbssVLu2RgkFx_iNQL9LGDyF4yE", "contract_type": "ERC721"}, "collection": {"collection_id": "65a13036c284b18008bd25b7", "name": "TinFun", "logo": "https://i.seadn.io/s/raw/files/a531bedf317b5ffe5a35d559b5c94cd9.jpg?w=500&auto=format", "slug": "tin-fun"}, "gas_fee": {"value": 0.1091, "raw_value": 109100000000000000, "usd": 379.902, "payment_token": {"address": "0x0000000000000000000000000000000000000000", "symbol": "ETH", "decimals": 18}}, "price": {"value": 0.233, "raw_value": 233000000000000000, "usd": 811.2028001841306, "payment_token": {"address": "0x0000000000000000000000000000000000000000", "symbol": "ETH", "decimals": 18}}, "marketplace_path": ["blur-aggregator", "blur"], "fees": [{"fee_type": "royalty", "recipient": "0x6650dc11f439f14d4dfbea75233bd9b0099a0647", "bps": 50, "price": {"value": 0.001165, "raw_value": 1165000000000000, "usd": 3.985985, "payment_token": {"address": "0x0000000000000000000000000000000000000000", "symbol": "ETH", "decimals": 18}}}], "trait_offer_target": null}]