[{"blockchain": "ETH", "sender": {"address": "0x83255b31846be9f7ae5e6b6cd60c08675e23a9cd", "ens": null, "is_whale": false, "blockchain": "ETH", "is_contract": false, "is_blue_chip_holder": false, "is_super_blue_chip_holder": false, "is_multi_sign_wallet": false, "das": null, "alias": null}, "receiver": {"address": "0x8177e9fa379b85e01b2b30140ddc446b9875106a", "ens": null, "is_whale": false, "blockchain": "ETH", "is_contract": true, "is_blue_chip_holder": false, "is_super_blue_chip_holder": false, "is_multi_sign_wallet": false, "das": null, "alias": null}, "event": "transfer", "quantity": 1, "tx_hash": "0xdefac372b21760fa40d082018501b3e9c71c0c1c092ca624ebeba7d4fd225aee", "time": 1711699631, "nft": {"contract_address": "0xc274a97f1691ef390f662067e95a6eff1f99b504", "token_id": "1880", "name": "TinFun #1880", "blockchain": "ETH", "image": "https://lh3.googleusercontent.com/7PNhRmh3dvJHmmrsswdwzNWbx7lMUFGeqScN6Gtfkb5_BPLtYv08_Xwj_GqqLZwZmX11-eLsEPZF8dJ5ME2MvvY2PR9ZTedPephb", "contract_type": "ERC721"}, "collection": {"collection_id": "65a13036c284b18008bd25b7", "name": "TinFun", "logo": "https://i.seadn.io/s/raw/files/a531bedf317b5ffe5a35d559b5c94cd9.jpg?w=500&auto=format", "slug": "tin-fun"}, "gas_fee": {"value": 0.0034, "raw_value": 3400000000000000, "usd": 12.0083, "payment_token": {"address": "0x0000000000000000000000000000000000000000", "symbol": "ETH", "decimals": 18}}, "price": null, "marketplace_path": [], "fees": [], "trait_offer_target": null}, {"blockchain": "ETH", "sender": {"address": "0x63abd9a8c6f4035adcd7fe3a5ce16f966276aeda", "ens": "laserkitty.eth", "is_whale": false, "blockchain": "ETH", "is_contract": false, "is_blue_chip_holder": false, "is_super_blue_chip_holder": false, "is_multi_sign_wallet": false, "das": null, "alias": "laserkitty.eth"}, "receiver": {"address": "0x83255b31846be9f7ae5e6b6cd60c08675e23a9cd", "ens": null, "is_whale": false, "blockchain": "ETH", "is_contract": false, "is_blue_chip_holder": false, "is_super_blue_chip_holder": false, "is_multi_sign_wallet": false, "das": null, "alias": null}, "event": "transfer", "quantity": 1, "tx_hash": "0xb136174641dfa9191c73367583b3aa93aee04a0434f2f28ac04d4eb0b7ee8f34", "time": 1707046943, "nft": {"contract_address": "0xc274a97f1691ef390f662067e95a6eff1f99b504", "token_id": "1880", "name": "TinFun #1880", "blockchain": "ETH", "image": "https://lh3.googleusercontent.com/7PNhRmh3dvJHmmrsswdwzNWbx7lMUFGeqScN6Gtfkb5_BPLtYv08_Xwj_GqqLZwZmX11-eLsEPZF8dJ5ME2MvvY2PR9ZTedPephb", "contract_type": "ERC721"}, "collection": {"collection_id": "65a13036c284b18008bd25b7", "name": "TinFun", "logo": "https://i.seadn.io/s/raw/files/a531bedf317b5ffe5a35d559b5c94cd9.jpg?w=500&auto=format", "slug": "tin-fun"}, "gas_fee": {"value": 0.0026, "raw_value": 2600000000000000, "usd": 5.9573, "payment_token": {"address": "0x0000000000000000000000000000000000000000", "symbol": "ETH", "decimals": 18}}, "price": null, "marketplace_path": [], "fees": [], "trait_offer_target": null}]