[{"blockchain": "ETH", "sender": {"address": "0x39f7b785bbc6be9d0acb3ce9330793b1d72fc71f", "ens": null, "is_whale": false, "blockchain": "ETH", "is_contract": false, "is_blue_chip_holder": false, "is_super_blue_chip_holder": false, "is_multi_sign_wallet": false, "das": null, "alias": null}, "receiver": {"address": "0x8177e9fa379b85e01b2b30140ddc446b9875106a", "ens": null, "is_whale": false, "blockchain": "ETH", "is_contract": true, "is_blue_chip_holder": false, "is_super_blue_chip_holder": false, "is_multi_sign_wallet": false, "das": null, "alias": null}, "event": "transfer", "quantity": 1, "tx_hash": "0x4dcf3d41f06122dadd8732531cfa093c8b50e1179831c1067f91bde32a87014e", "time": 1711699079, "nft": {"contract_address": "0xc274a97f1691ef390f662067e95a6eff1f99b504", "token_id": "2994", "name": "TinFun #2994", "blockchain": "ETH", "image": "https://lh3.googleusercontent.com/EqA_mlyFLzQCjnBfyr0UCSfKgHWWbgnTJAjmIlHNW1aptmICpTFHGDB8PNuAmtj0OV2Utu9LYYDBq5bsx4zmyY-sMzDOAvce6rA", "contract_type": "ERC721"}, "collection": {"collection_id": "65a13036c284b18008bd25b7", "name": "TinFun", "logo": "https://i.seadn.io/s/raw/files/a531bedf317b5ffe5a35d559b5c94cd9.jpg?w=500&auto=format", "slug": "tin-fun"}, "gas_fee": {"value": 0.0128, "raw_value": 12800000000000000, "usd": 45.6362, "payment_token": {"address": "0x0000000000000000000000000000000000000000", "symbol": "ETH", "decimals": 18}}, "price": null, "marketplace_path": [], "fees": [], "trait_offer_target": null}, {"blockchain": "ETH", "sender": {"address": "0x1277f5266dead289eb6ab3f97a866f5854feb33d", "ens": null, "is_whale": false, "blockchain": "ETH", "is_contract": false, "is_blue_chip_holder": true, "is_super_blue_chip_holder": false, "is_multi_sign_wallet": false, "das": null, "alias": null}, "receiver": {"address": "0x39f7b785bbc6be9d0acb3ce9330793b1d72fc71f", "ens": null, "is_whale": false, "blockchain": "ETH", "is_contract": false, "is_blue_chip_holder": false, "is_super_blue_chip_holder": false, "is_multi_sign_wallet": false, "das": null, "alias": null}, "event": "sale", "quantity": 1, "tx_hash": "0xec0f83a25415b1ea0084f044b06c2a6e30d29a6051a7cf99f6befc2d75c08c09", "time": 1711661651, "nft": {"contract_address": "0xc274a97f1691ef390f662067e95a6eff1f99b504", "token_id": "2994", "name": "TinFun #2994", "blockchain": "ETH", "image": "https://lh3.googleusercontent.com/EqA_mlyFLzQCjnBfyr0UCSfKgHWWbgnTJAjmIlHNW1aptmICpTFHGDB8PNuAmtj0OV2Utu9LYYDBq5bsx4zmyY-sMzDOAvce6rA", "contract_type": "ERC721"}, "collection": {"collection_id": "65a13036c284b18008bd25b7", "name": "TinFun", "logo": "https://i.seadn.io/s/raw/files/a531bedf317b5ffe5a35d559b5c94cd9.jpg?w=500&auto=format", "slug": "tin-fun"}, "gas_fee": {"value": 0.0376, "raw_value": 37600000000000000, "usd": 133.8081, "payment_token": {"address": "0x0000000000000000000000000000000000000000", "symbol": "ETH", "decimals": 18}}, "price": {"value": 0.229, "raw_value": 229000000000000000, "usd": 815.7839523537742, "payment_token": {"address": "0x0000000000000000000000000000000000000000", "symbol": "ETH", "decimals": 18}}, "marketplace_path": ["blur-aggregator", "blur"], "fees": [{"fee_type": "royalty", "recipient": "0x6650dc11f439f14d4dfbea75233bd9b0099a0647", "bps": 50, "price": {"value": 0.001145, "raw_value": 1145000000000000, "usd": 4.077363, "payment_token": {"address": "0x0000000000000000000000000000000000000000", "symbol": "ETH", "decimals": 18}}}], "trait_offer_target": null}, {"blockchain": "ETH", "sender": {"address": "0x3eb879cc9a0ef4c6f1d870a40ae187768c278da2", "ens": "floorprotocol.eth", "is_whale": false, "blockchain": "ETH", "is_contract": true, "is_blue_chip_holder": true, "is_super_blue_chip_holder": true, "is_multi_sign_wallet": false, "das": null, "alias": "floorprotocol.eth"}, "receiver": {"address": "0x1277f5266dead289eb6ab3f97a866f5854feb33d", "ens": null, "is_whale": false, "blockchain": "ETH", "is_contract": false, "is_blue_chip_holder": true, "is_super_blue_chip_holder": true, "is_multi_sign_wallet": false, "das": null, "alias": null}, "event": "transfer", "quantity": 1, "tx_hash": "0x47403345f2b7ab3ed1dc40aa9a5c8ccd5f2e06fcc8e9cde44c84bda39da29ab6", "time": 1711614971, "nft": {"contract_address": "0xc274a97f1691ef390f662067e95a6eff1f99b504", "token_id": "2994", "name": "TinFun #2994", "blockchain": "ETH", "image": "https://lh3.googleusercontent.com/EqA_mlyFLzQCjnBfyr0UCSfKgHWWbgnTJAjmIlHNW1aptmICpTFHGDB8PNuAmtj0OV2Utu9LYYDBq5bsx4zmyY-sMzDOAvce6rA", "contract_type": "ERC721"}, "collection": {"collection_id": "65a13036c284b18008bd25b7", "name": "TinFun", "logo": "https://i.seadn.io/s/raw/files/a531bedf317b5ffe5a35d559b5c94cd9.jpg?w=500&auto=format", "slug": "tin-fun"}, "gas_fee": {"value": 0.0045, "raw_value": 4499999999999999, "usd": 16.241, "payment_token": {"address": "0x0000000000000000000000000000000000000000", "symbol": "ETH", "decimals": 18}}, "price": null, "marketplace_path": ["floor"], "fees": [], "trait_offer_target": null}, {"blockchain": "ETH", "sender": {"address": "0xaddb38203d5cc95b46aa690f94cb12fece0f9e8e", "ens": null, "is_whale": false, "blockchain": "ETH", "is_contract": false, "is_blue_chip_holder": false, "is_super_blue_chip_holder": false, "is_multi_sign_wallet": false, "das": null, "alias": null}, "receiver": {"address": "0x3eb879cc9a0ef4c6f1d870a40ae187768c278da2", "ens": "floorprotocol.eth", "is_whale": false, "blockchain": "ETH", "is_contract": true, "is_blue_chip_holder": true, "is_super_blue_chip_holder": false, "is_multi_sign_wallet": false, "das": null, "alias": "floorprotocol.eth"}, "event": "transfer", "quantity": 1, "tx_hash": "0xb6e4d0a3671214b5ad882181ac2cf9ef61f4b53d33ecc502fe8e14d4559fa51f", "time": 1705333007, "nft": {"contract_address": "0xc274a97f1691ef390f662067e95a6eff1f99b504", "token_id": "2994", "name": "TinFun #2994", "blockchain": "ETH", "image": "https://lh3.googleusercontent.com/EqA_mlyFLzQCjnBfyr0UCSfKgHWWbgnTJAjmIlHNW1aptmICpTFHGDB8PNuAmtj0OV2Utu9LYYDBq5bsx4zmyY-sMzDOAvce6rA", "contract_type": "ERC721"}, "collection": {"collection_id": "65a13036c284b18008bd25b7", "name": "TinFun", "logo": "https://i.seadn.io/s/raw/files/a531bedf317b5ffe5a35d559b5c94cd9.jpg?w=500&auto=format", "slug": "tin-fun"}, "gas_fee": {"value": 0.0091, "raw_value": 9100000000000000, "usd": 22.7718, "payment_token": {"address": "0x0000000000000000000000000000000000000000", "symbol": "ETH", "decimals": 18}}, "price": null, "marketplace_path": ["floor"], "fees": [], "trait_offer_target": null}, {"blockchain": "ETH", "sender": {"address": "0x3eb879cc9a0ef4c6f1d870a40ae187768c278da2", "ens": "floorprotocol.eth", "is_whale": false, "blockchain": "ETH", "is_contract": true, "is_blue_chip_holder": true, "is_super_blue_chip_holder": true, "is_multi_sign_wallet": false, "das": null, "alias": "floorprotocol.eth"}, "receiver": {"address": "0xaddb38203d5cc95b46aa690f94cb12fece0f9e8e", "ens": null, "is_whale": false, "blockchain": "ETH", "is_contract": false, "is_blue_chip_holder": false, "is_super_blue_chip_holder": true, "is_multi_sign_wallet": false, "das": null, "alias": null}, "event": "transfer", "quantity": 1, "tx_hash": "0x9449aaca75818ec82042b298add689c2b63da5cef72a965247683c9884914c14", "time": 1705332911, "nft": {"contract_address": "0xc274a97f1691ef390f662067e95a6eff1f99b504", "token_id": "2994", "name": "TinFun #2994", "blockchain": "ETH", "image": "https://lh3.googleusercontent.com/EqA_mlyFLzQCjnBfyr0UCSfKgHWWbgnTJAjmIlHNW1aptmICpTFHGDB8PNuAmtj0OV2Utu9LYYDBq5bsx4zmyY-sMzDOAvce6rA", "contract_type": "ERC721"}, "collection": {"collection_id": "65a13036c284b18008bd25b7", "name": "TinFun", "logo": "https://i.seadn.io/s/raw/files/a531bedf317b5ffe5a35d559b5c94cd9.jpg?w=500&auto=format", "slug": "tin-fun"}, "gas_fee": {"value": 0.0049, "raw_value": 4900000000000000, "usd": 12.2058, "payment_token": {"address": "0x0000000000000000000000000000000000000000", "symbol": "ETH", "decimals": 18}}, "price": null, "marketplace_path": ["floor"], "fees": [], "trait_offer_target": null}, {"blockchain": "ETH", "sender": {"address": "0x1ecbc285f34390516fb69797949d9d4ca3f86cff", "ens": "\u8d85\u7ea7\u65e0\u654c\u72c2\u66b4\u795e\u9f99\u70c8\u7130\u94e0\u7532\u6218\u58eb.eth", "is_whale": false, "blockchain": "ETH", "is_contract": false, "is_blue_chip_holder": false, "is_super_blue_chip_holder": false, "is_multi_sign_wallet": false, "das": null, "alias": "\u8d85\u7ea7\u65e0\u654c\u72c2\u66b4\u795e\u9f99\u70c8\u7130\u94e0\u7532\u6218\u58eb.eth"}, "receiver": {"address": "0x3eb879cc9a0ef4c6f1d870a40ae187768c278da2", "ens": "floorprotocol.eth", "is_whale": false, "blockchain": "ETH", "is_contract": true, "is_blue_chip_holder": true, "is_super_blue_chip_holder": false, "is_multi_sign_wallet": false, "das": null, "alias": "floorprotocol.eth"}, "event": "sale", "quantity": 1, "tx_hash": "0xf658510801100427b0f965971a9949b1e3eeb23478f6d7755ad53491ed881d8c", "time": 1705156535, "nft": {"contract_address": "0xc274a97f1691ef390f662067e95a6eff1f99b504", "token_id": "2994", "name": "TinFun #2994", "blockchain": "ETH", "image": "https://lh3.googleusercontent.com/EqA_mlyFLzQCjnBfyr0UCSfKgHWWbgnTJAjmIlHNW1aptmICpTFHGDB8PNuAmtj0OV2Utu9LYYDBq5bsx4zmyY-sMzDOAvce6rA", "contract_type": "ERC721"}, "collection": {"collection_id": "65a13036c284b18008bd25b7", "name": "TinFun", "logo": "https://i.seadn.io/s/raw/files/a531bedf317b5ffe5a35d559b5c94cd9.jpg?w=500&auto=format", "slug": "tin-fun"}, "gas_fee": {"value": 0.008, "raw_value": 8000000000000000, "usd": 20.2804, "payment_token": {"address": "0x0000000000000000000000000000000000000000", "symbol": "ETH", "decimals": 18}}, "price": {"value": 0.8025415155640037, "raw_value": 802541515564003697, "usd": 2041.2708833484648, "payment_token": {"address": "0xc02aaa39b223fe8d0a0e5c4f27ead9083c756cc2", "symbol": "WETH", "decimals": 18}}, "marketplace_path": ["floor"], "fees": [], "trait_offer_target": null}, {"blockchain": "ETH", "sender": {"address": "0xf55cfd6144e6bfd5bc92a540bc3c4c337665a052", "ens": null, "is_whale": false, "blockchain": "ETH", "is_contract": false, "is_blue_chip_holder": false, "is_super_blue_chip_holder": false, "is_multi_sign_wallet": false, "das": null, "alias": null}, "receiver": {"address": "0x1ecbc285f34390516fb69797949d9d4ca3f86cff", "ens": "\u8d85\u7ea7\u65e0\u654c\u72c2\u66b4\u795e\u9f99\u70c8\u7130\u94e0\u7532\u6218\u58eb.eth", "is_whale": false, "blockchain": "ETH", "is_contract": false, "is_blue_chip_holder": false, "is_super_blue_chip_holder": false, "is_multi_sign_wallet": false, "das": null, "alias": "\u8d85\u7ea7\u65e0\u654c\u72c2\u66b4\u795e\u9f99\u70c8\u7130\u94e0\u7532\u6218\u58eb.eth"}, "event": "sale", "quantity": 1, "tx_hash": "0x4a92148383104fd554e08479f2f68e7b2e78b2bb51002e0a33ee9af53156e79e", "time": 1705156415, "nft": {"contract_address": "0xc274a97f1691ef390f662067e95a6eff1f99b504", "token_id": "2994", "name": "TinFun #2994", "blockchain": "ETH", "image": "https://lh3.googleusercontent.com/EqA_mlyFLzQCjnBfyr0UCSfKgHWWbgnTJAjmIlHNW1aptmICpTFHGDB8PNuAmtj0OV2Utu9LYYDBq5bsx4zmyY-sMzDOAvce6rA", "contract_type": "ERC721"}, "collection": {"collection_id": "65a13036c284b18008bd25b7", "name": "TinFun", "logo": "https://i.seadn.io/s/raw/files/a531bedf317b5ffe5a35d559b5c94cd9.jpg?w=500&auto=format", "slug": "tin-fun"}, "gas_fee": {"value": 0.0026, "raw_value": 2600000000000000, "usd": 6.68, "payment_token": {"address": "0x0000000000000000000000000000000000000000", "symbol": "ETH", "decimals": 18}}, "price": {"value": 0.79, "raw_value": 790000000000000000, "usd": 2007.5272715115198, "payment_token": {"address": "0x0000000000000000000000000000000000000000", "symbol": "ETH", "decimals": 18}}, "marketplace_path": ["blur-aggregator", "opensea"], "fees": [{"fee_type": "marketplace", "recipient": "0x0000a26b00c1f0df003000390027140000faa719", "bps": 250, "price": {"value": 0.01975, "raw_value": 19750000000000000, "usd": 50.208253, "payment_token": {"address": "0x0000000000000000000000000000000000000000", "symbol": "ETH", "decimals": 18}}}], "trait_offer_target": null}, {"blockchain": "ETH", "sender": {"address": "0xcdaf1db6d387e74b2078e98a7595b1a7a4ab8767", "ens": "acesteam.eth", "is_whale": false, "blockchain": "ETH", "is_contract": false, "is_blue_chip_holder": false, "is_super_blue_chip_holder": false, "is_multi_sign_wallet": false, "das": null, "alias": "acesteam.eth"}, "receiver": {"address": "0xf55cfd6144e6bfd5bc92a540bc3c4c337665a052", "ens": null, "is_whale": false, "blockchain": "ETH", "is_contract": false, "is_blue_chip_holder": false, "is_super_blue_chip_holder": false, "is_multi_sign_wallet": false, "das": null, "alias": null}, "event": "sale", "quantity": 1, "tx_hash": "0x808b28e862f19c2927fd284903468ea5b978fbbc5cac1d113e764b65076c9e54", "time": 1705080671, "nft": {"contract_address": "0xc274a97f1691ef390f662067e95a6eff1f99b504", "token_id": "2994", "name": "TinFun #2994", "blockchain": "ETH", "image": "https://lh3.googleusercontent.com/EqA_mlyFLzQCjnBfyr0UCSfKgHWWbgnTJAjmIlHNW1aptmICpTFHGDB8PNuAmtj0OV2Utu9LYYDBq5bsx4zmyY-sMzDOAvce6rA", "contract_type": "ERC721"}, "collection": {"collection_id": "65a13036c284b18008bd25b7", "name": "TinFun", "logo": "https://i.seadn.io/s/raw/files/a531bedf317b5ffe5a35d559b5c94cd9.jpg?w=500&auto=format", "slug": "tin-fun"}, "gas_fee": {"value": 0.0094, "raw_value": 9400000000000000, "usd": 24.6423, "payment_token": {"address": "0x0000000000000000000000000000000000000000", "symbol": "ETH", "decimals": 18}}, "price": {"value": 0.759, "raw_value": 759000000000000000, "usd": 1986.6733128516632, "payment_token": {"address": "0x0000000000000000000000000000000000000000", "symbol": "ETH", "decimals": 18}}, "marketplace_path": ["blur"], "fees": [{"fee_type": "royalty", "recipient": "0x6650dc11f439f14d4dfbea75233bd9b0099a0647", "bps": 50, "price": {"value": 0.003795, "raw_value": 3795000000000000, "usd": 10.27207, "payment_token": {"address": "0x0000000000000000000000000000000000000000", "symbol": "ETH", "decimals": 18}}}], "trait_offer_target": null}]