[{"blockchain": "ETH", "sender": {"address": "0xba1ba61ff159422bcb07f78017186624e94e6936", "ens": "te1egram.eth", "is_whale": false, "blockchain": "ETH", "is_contract": false, "is_blue_chip_holder": true, "is_super_blue_chip_holder": false, "is_multi_sign_wallet": false, "das": null, "alias": "te1egram.eth"}, "receiver": {"address": "0xf4b0a3791f2ea863177053a98b7c23554109df68", "ens": null, "is_whale": false, "blockchain": "ETH", "is_contract": false, "is_blue_chip_holder": false, "is_super_blue_chip_holder": false, "is_multi_sign_wallet": false, "das": null, "alias": null}, "event": "sale", "quantity": 1, "tx_hash": "0x0ceab621b8ab3d56a5734566296562ada17d8d1c52c5e9bc84970ad9005155ba", "time": 1708934471, "nft": {"contract_address": "0xc274a97f1691ef390f662067e95a6eff1f99b504", "token_id": "1176", "name": "TinFun #1176", "blockchain": "ETH", "image": "https://lh3.googleusercontent.com/nhB2tcYb4J8wQV9j7wpNva7W9ZHrfXkoxya8ZVKl6H8P3M2uTgUIMgcl0GwNz1d4eZMF_L995A2t8VkKS0EFIIdDcHohZPSWzV8", "contract_type": "ERC721"}, "collection": {"collection_id": "65a13036c284b18008bd25b7", "name": "TinFun", "logo": "https://i.seadn.io/s/raw/files/a531bedf317b5ffe5a35d559b5c94cd9.jpg?w=500&auto=format", "slug": "tin-fun"}, "gas_fee": {"value": 0.0106, "raw_value": 10600000000000000, "usd": 32.8063, "payment_token": {"address": "0x0000000000000000000000000000000000000000", "symbol": "ETH", "decimals": 18}}, "price": {"value": 0.26, "raw_value": 260000000000000000, "usd": 802.7031814092364, "payment_token": {"address": "0x0000000000000000000000000000000000000000", "symbol": "ETH", "decimals": 18}}, "marketplace_path": ["blur"], "fees": [{"fee_type": "royalty", "recipient": "0x6650dc11f439f14d4dfbea75233bd9b0099a0647", "bps": 50, "price": {"value": 0.0013, "raw_value": 1300000000000000, "usd": 4.038947, "payment_token": {"address": "0x0000000000a39bb272e79075ade125fd351887ac", "symbol": "BETH", "decimals": 18}}}], "trait_offer_target": null}, {"blockchain": "ETH", "sender": {"address": "0xc9c55fecc58721e57a844e16a583cb682a0a8bea", "ens": null, "is_whale": false, "blockchain": "ETH", "is_contract": false, "is_blue_chip_holder": false, "is_super_blue_chip_holder": false, "is_multi_sign_wallet": false, "das": null, "alias": null}, "receiver": {"address": "0xba1ba61ff159422bcb07f78017186624e94e6936", "ens": "te1egram.eth", "is_whale": false, "blockchain": "ETH", "is_contract": false, "is_blue_chip_holder": true, "is_super_blue_chip_holder": false, "is_multi_sign_wallet": false, "das": null, "alias": "te1egram.eth"}, "event": "sale", "quantity": 1, "tx_hash": "0xf1bc0cac19f58375f202961b060f7eb509a8ed1678ca659abf5d09eec0281c6f", "time": 1708932611, "nft": {"contract_address": "0xc274a97f1691ef390f662067e95a6eff1f99b504", "token_id": "1176", "name": "TinFun #1176", "blockchain": "ETH", "image": "https://lh3.googleusercontent.com/nhB2tcYb4J8wQV9j7wpNva7W9ZHrfXkoxya8ZVKl6H8P3M2uTgUIMgcl0GwNz1d4eZMF_L995A2t8VkKS0EFIIdDcHohZPSWzV8", "contract_type": "ERC721"}, "collection": {"collection_id": "65a13036c284b18008bd25b7", "name": "TinFun", "logo": "https://i.seadn.io/s/raw/files/a531bedf317b5ffe5a35d559b5c94cd9.jpg?w=500&auto=format", "slug": "tin-fun"}, "gas_fee": {"value": 0.0334, "raw_value": 33400000000000000, "usd": 103.9985, "payment_token": {"address": "0x0000000000000000000000000000000000000000", "symbol": "ETH", "decimals": 18}}, "price": {"value": 0.26, "raw_value": 260000000000000000, "usd": 809.4588953211554, "payment_token": {"address": "0x0000000000000000000000000000000000000000", "symbol": "ETH", "decimals": 18}}, "marketplace_path": ["blur"], "fees": [{"fee_type": "royalty", "recipient": "0x6650dc11f439f14d4dfbea75233bd9b0099a0647", "bps": 50, "price": {"value": 0.0013, "raw_value": 1300000000000000, "usd": 4.034567, "payment_token": {"address": "0x0000000000a39bb272e79075ade125fd351887ac", "symbol": "BETH", "decimals": 18}}}], "trait_offer_target": null}, {"blockchain": "ETH", "sender": {"address": "0x60cbc31b2126f13dfeeebd5f1d2ea816e9d904c4", "ens": null, "is_whale": false, "blockchain": "ETH", "is_contract": false, "is_blue_chip_holder": true, "is_super_blue_chip_holder": false, "is_multi_sign_wallet": false, "das": null, "alias": null}, "receiver": {"address": "0xc9c55fecc58721e57a844e16a583cb682a0a8bea", "ens": null, "is_whale": false, "blockchain": "ETH", "is_contract": false, "is_blue_chip_holder": false, "is_super_blue_chip_holder": false, "is_multi_sign_wallet": false, "das": null, "alias": null}, "event": "sale", "quantity": 1, "tx_hash": "0x272b849f9dfb6260af0acfd9e3bf79cff5fccc405ea4b4213a5124571a3ed893", "time": 1708744619, "nft": {"contract_address": "0xc274a97f1691ef390f662067e95a6eff1f99b504", "token_id": "1176", "name": "TinFun #1176", "blockchain": "ETH", "image": "https://lh3.googleusercontent.com/nhB2tcYb4J8wQV9j7wpNva7W9ZHrfXkoxya8ZVKl6H8P3M2uTgUIMgcl0GwNz1d4eZMF_L995A2t8VkKS0EFIIdDcHohZPSWzV8", "contract_type": "ERC721"}, "collection": {"collection_id": "65a13036c284b18008bd25b7", "name": "TinFun", "logo": "https://i.seadn.io/s/raw/files/a531bedf317b5ffe5a35d559b5c94cd9.jpg?w=500&auto=format", "slug": "tin-fun"}, "gas_fee": {"value": 0.0068, "raw_value": 6800000000000000, "usd": 19.9368, "payment_token": {"address": "0x0000000000000000000000000000000000000000", "symbol": "ETH", "decimals": 18}}, "price": {"value": 0.56, "raw_value": 560000000000000000, "usd": 1636.60883508012, "payment_token": {"address": "0x0000000000000000000000000000000000000000", "symbol": "ETH", "decimals": 18}}, "marketplace_path": ["blur"], "fees": [{"fee_type": "royalty", "recipient": "0x6650dc11f439f14d4dfbea75233bd9b0099a0647", "bps": 50, "price": {"value": 0.0028, "raw_value": 2800000000000000, "usd": 8.213094, "payment_token": {"address": "0x0000000000a39bb272e79075ade125fd351887ac", "symbol": "BETH", "decimals": 18}}}], "trait_offer_target": null}, {"blockchain": "ETH", "sender": {"address": "0x038c395ea00d65a6234a4c34d8006a37bd7a3e6a", "ens": "4evergod.eth", "is_whale": false, "blockchain": "ETH", "is_contract": false, "is_blue_chip_holder": false, "is_super_blue_chip_holder": false, "is_multi_sign_wallet": false, "das": null, "alias": "4evergod.eth"}, "receiver": {"address": "0x60cbc31b2126f13dfeeebd5f1d2ea816e9d904c4", "ens": null, "is_whale": false, "blockchain": "ETH", "is_contract": false, "is_blue_chip_holder": true, "is_super_blue_chip_holder": false, "is_multi_sign_wallet": false, "das": null, "alias": null}, "event": "sale", "quantity": 1, "tx_hash": "0xd3cfc5315a965d0816cccd5bbee804defe01422af030d9071a677163ec26e3e9", "time": 1708737227, "nft": {"contract_address": "0xc274a97f1691ef390f662067e95a6eff1f99b504", "token_id": "1176", "name": "TinFun #1176", "blockchain": "ETH", "image": "https://lh3.googleusercontent.com/nhB2tcYb4J8wQV9j7wpNva7W9ZHrfXkoxya8ZVKl6H8P3M2uTgUIMgcl0GwNz1d4eZMF_L995A2t8VkKS0EFIIdDcHohZPSWzV8", "contract_type": "ERC721"}, "collection": {"collection_id": "65a13036c284b18008bd25b7", "name": "TinFun", "logo": "https://i.seadn.io/s/raw/files/a531bedf317b5ffe5a35d559b5c94cd9.jpg?w=500&auto=format", "slug": "tin-fun"}, "gas_fee": {"value": 0.0213, "raw_value": 21300000000000000, "usd": 62.6245, "payment_token": {"address": "0x0000000000000000000000000000000000000000", "symbol": "ETH", "decimals": 18}}, "price": {"value": 0.56, "raw_value": 560000000000000000, "usd": 1642.6188903503153, "payment_token": {"address": "0x0000000000000000000000000000000000000000", "symbol": "ETH", "decimals": 18}}, "marketplace_path": ["blur"], "fees": [{"fee_type": "royalty", "recipient": "0x6650dc11f439f14d4dfbea75233bd9b0099a0647", "bps": 50, "price": {"value": 0.0028, "raw_value": 2800000000000000, "usd": 8.183562, "payment_token": {"address": "0x0000000000a39bb272e79075ade125fd351887ac", "symbol": "BETH", "decimals": 18}}}], "trait_offer_target": null}, {"blockchain": "ETH", "sender": {"address": "0xf0eaf0c77c1362ad4de668755be5559eb47cfb9f", "ens": "seaify.eth", "is_whale": false, "blockchain": "ETH", "is_contract": false, "is_blue_chip_holder": false, "is_super_blue_chip_holder": false, "is_multi_sign_wallet": false, "das": null, "alias": "seaify.eth"}, "receiver": {"address": "0x038c395ea00d65a6234a4c34d8006a37bd7a3e6a", "ens": "4evergod.eth", "is_whale": false, "blockchain": "ETH", "is_contract": false, "is_blue_chip_holder": false, "is_super_blue_chip_holder": false, "is_multi_sign_wallet": false, "das": null, "alias": "4evergod.eth"}, "event": "sale", "quantity": 1, "tx_hash": "0x96b9751481fd0fcde78277d0404712e38f6283b872825103bb1783f3220edbb1", "time": 1705067279, "nft": {"contract_address": "0xc274a97f1691ef390f662067e95a6eff1f99b504", "token_id": "1176", "name": "TinFun #1176", "blockchain": "ETH", "image": "https://lh3.googleusercontent.com/nhB2tcYb4J8wQV9j7wpNva7W9ZHrfXkoxya8ZVKl6H8P3M2uTgUIMgcl0GwNz1d4eZMF_L995A2t8VkKS0EFIIdDcHohZPSWzV8", "contract_type": "ERC721"}, "collection": {"collection_id": "65a13036c284b18008bd25b7", "name": "TinFun", "logo": "https://i.seadn.io/s/raw/files/a531bedf317b5ffe5a35d559b5c94cd9.jpg?w=500&auto=format", "slug": "tin-fun"}, "gas_fee": {"value": 0.0055, "raw_value": 5500000000000000, "usd": 14.4603, "payment_token": {"address": "0x0000000000000000000000000000000000000000", "symbol": "ETH", "decimals": 18}}, "price": {"value": 0.78, "raw_value": 780000000000000000, "usd": 2067.318614105105, "payment_token": {"address": "0x0000000000000000000000000000000000000000", "symbol": "ETH", "decimals": 18}}, "marketplace_path": ["openseapro", "opensea"], "fees": [{"fee_type": "marketplace", "recipient": "0x0000a26b00c1f0df003000390027140000faa719", "bps": 250, "price": {"value": 0.0195, "raw_value": 19500000000000000, "usd": 51.11184, "payment_token": {"address": "0x0000000000000000000000000000000000000000", "symbol": "ETH", "decimals": 18}}}, {"fee_type": "royalty", "recipient": "0x6650dc11f439f14d4dfbea75233bd9b0099a0647", "bps": 100, "price": {"value": 0.0078, "raw_value": 7800000000000000, "usd": 20.444736, "payment_token": {"address": "0x0000000000000000000000000000000000000000", "symbol": "ETH", "decimals": 18}}}], "trait_offer_target": null}]