[{"blockchain": "ETH", "sender": {"address": "0xbb28e17c8ea4789c86955d13065c6c2b4e2790c3", "ens": null, "is_whale": false, "blockchain": "ETH", "is_contract": false, "is_blue_chip_holder": false, "is_super_blue_chip_holder": false, "is_multi_sign_wallet": false, "das": null, "alias": null}, "receiver": {"address": "0x8177e9fa379b85e01b2b30140ddc446b9875106a", "ens": null, "is_whale": false, "blockchain": "ETH", "is_contract": true, "is_blue_chip_holder": false, "is_super_blue_chip_holder": false, "is_multi_sign_wallet": false, "das": null, "alias": null}, "event": "transfer", "quantity": 1, "tx_hash": "0xeff1d858456a87dc4b33770dcd04b1d635f7f9fda420e73fbfee5571bedd0abd", "time": 1711698827, "nft": {"contract_address": "0xc274a97f1691ef390f662067e95a6eff1f99b504", "token_id": "2424", "name": "TinFun #2424", "blockchain": "ETH", "image": "https://lh3.googleusercontent.com/rrk4EqGWEa2a_6WIC8O9MrFvTdwmFuxXxn7A_VqFK-WMfX_kSWwVsU2-JJVkDZbCBpYUXNEf2sy6WM5xaGnxP8Rhpni6JHUH3rQ", "contract_type": "ERC721"}, "collection": {"collection_id": "65a13036c284b18008bd25b7", "name": "TinFun", "logo": "https://i.seadn.io/s/raw/files/a531bedf317b5ffe5a35d559b5c94cd9.jpg?w=500&auto=format", "slug": "tin-fun"}, "gas_fee": {"value": 0.0031, "raw_value": 3100000000000000, "usd": 10.9272, "payment_token": {"address": "0x0000000000000000000000000000000000000000", "symbol": "ETH", "decimals": 18}}, "price": null, "marketplace_path": [], "fees": [], "trait_offer_target": null}, {"blockchain": "ETH", "sender": {"address": "0x1e6b8758b72afbab15cf6dac1b78b2fbfc55d1cb", "ens": null, "is_whale": false, "blockchain": "ETH", "is_contract": false, "is_blue_chip_holder": false, "is_super_blue_chip_holder": false, "is_multi_sign_wallet": false, "das": null, "alias": null}, "receiver": {"address": "0xbb28e17c8ea4789c86955d13065c6c2b4e2790c3", "ens": null, "is_whale": false, "blockchain": "ETH", "is_contract": false, "is_blue_chip_holder": false, "is_super_blue_chip_holder": false, "is_multi_sign_wallet": false, "das": null, "alias": null}, "event": "transfer", "quantity": 1, "tx_hash": "0x15d0916ad664db17ee427a12a9ac0bd252b72a9471d4259d050ab534b659cbc4", "time": 1705063571, "nft": {"contract_address": "0xc274a97f1691ef390f662067e95a6eff1f99b504", "token_id": "2424", "name": "TinFun #2424", "blockchain": "ETH", "image": "https://lh3.googleusercontent.com/rrk4EqGWEa2a_6WIC8O9MrFvTdwmFuxXxn7A_VqFK-WMfX_kSWwVsU2-JJVkDZbCBpYUXNEf2sy6WM5xaGnxP8Rhpni6JHUH3rQ", "contract_type": "ERC721"}, "collection": {"collection_id": "65a13036c284b18008bd25b7", "name": "TinFun", "logo": "https://i.seadn.io/s/raw/files/a531bedf317b5ffe5a35d559b5c94cd9.jpg?w=500&auto=format", "slug": "tin-fun"}, "gas_fee": {"value": 0.0016, "raw_value": 1600000000000000, "usd": 4.1645, "payment_token": {"address": "0x0000000000000000000000000000000000000000", "symbol": "ETH", "decimals": 18}}, "price": null, "marketplace_path": [], "fees": [], "trait_offer_target": null}]