[{"blockchain": "ETH", "sender": {"address": "0x5b50ae16ecab17b16a63eb60ebb4d55f8b785378", "ens": null, "is_whale": false, "blockchain": "ETH", "is_contract": false, "is_blue_chip_holder": false, "is_super_blue_chip_holder": false, "is_multi_sign_wallet": false, "das": null, "alias": null}, "receiver": {"address": "0x8177e9fa379b85e01b2b30140ddc446b9875106a", "ens": null, "is_whale": false, "blockchain": "ETH", "is_contract": true, "is_blue_chip_holder": false, "is_super_blue_chip_holder": false, "is_multi_sign_wallet": false, "das": null, "alias": null}, "event": "transfer", "quantity": 1, "tx_hash": "0x33f5b53d410551c382357f52658e868ef2fe4ad1fc2a2aafff75d510ac7a92e0", "time": 1712924831, "nft": {"contract_address": "0xc274a97f1691ef390f662067e95a6eff1f99b504", "token_id": "4661", "name": "TinFun #4661", "blockchain": "ETH", "image": "https://lh3.googleusercontent.com/MPQz9XcHnnwPTCIKGYyJxL4hdf9Y3Bre4Tg6JJodgewzNEXRPXe9kcLV-MoqQo5gKnFoz-_tNZvF45x1b5i_GJ5g4N0986jmyUI", "contract_type": "ERC721"}, "collection": {"collection_id": "65a13036c284b18008bd25b7", "name": "TinFun", "logo": "https://i.seadn.io/s/raw/files/a531bedf317b5ffe5a35d559b5c94cd9.jpg?w=500&auto=format", "slug": "tin-fun"}, "gas_fee": {"value": 0.0042, "raw_value": 4199999999999999, "usd": 14.9274, "payment_token": {"address": "0x0000000000000000000000000000000000000000", "symbol": "ETH", "decimals": 18}}, "price": null, "marketplace_path": [], "fees": [], "trait_offer_target": null}, {"blockchain": "ETH", "sender": {"address": "0xae66dfaa4fbea2a4214a9be07e5b5387920d650f", "ens": null, "is_whale": false, "blockchain": "ETH", "is_contract": false, "is_blue_chip_holder": false, "is_super_blue_chip_holder": false, "is_multi_sign_wallet": false, "das": null, "alias": null}, "receiver": {"address": "0x5b50ae16ecab17b16a63eb60ebb4d55f8b785378", "ens": null, "is_whale": false, "blockchain": "ETH", "is_contract": false, "is_blue_chip_holder": false, "is_super_blue_chip_holder": false, "is_multi_sign_wallet": false, "das": null, "alias": null}, "event": "transfer", "quantity": 1, "tx_hash": "0x1fd1799f66179d23e5b3ee9fd3925147925c1d4cdae1fdb73013bcee46bd5225", "time": 1705063715, "nft": {"contract_address": "0xc274a97f1691ef390f662067e95a6eff1f99b504", "token_id": "4661", "name": "TinFun #4661", "blockchain": "ETH", "image": "https://lh3.googleusercontent.com/MPQz9XcHnnwPTCIKGYyJxL4hdf9Y3Bre4Tg6JJodgewzNEXRPXe9kcLV-MoqQo5gKnFoz-_tNZvF45x1b5i_GJ5g4N0986jmyUI", "contract_type": "ERC721"}, "collection": {"collection_id": "65a13036c284b18008bd25b7", "name": "TinFun", "logo": "https://i.seadn.io/s/raw/files/a531bedf317b5ffe5a35d559b5c94cd9.jpg?w=500&auto=format", "slug": "tin-fun"}, "gas_fee": {"value": 0.0017, "raw_value": 1700000000000000, "usd": 4.6009, "payment_token": {"address": "0x0000000000000000000000000000000000000000", "symbol": "ETH", "decimals": 18}}, "price": null, "marketplace_path": [], "fees": [], "trait_offer_target": null}]