[{"blockchain": "ETH", "sender": {"address": "0x868282d449aa318611e3c160258c212321135eb5", "ens": "feiye95.eth", "is_whale": false, "blockchain": "ETH", "is_contract": false, "is_blue_chip_holder": true, "is_super_blue_chip_holder": false, "is_multi_sign_wallet": false, "das": null, "alias": "feiye95.eth"}, "receiver": {"address": "0x8177e9fa379b85e01b2b30140ddc446b9875106a", "ens": null, "is_whale": false, "blockchain": "ETH", "is_contract": true, "is_blue_chip_holder": false, "is_super_blue_chip_holder": false, "is_multi_sign_wallet": false, "das": null, "alias": null}, "event": "transfer", "quantity": 1, "tx_hash": "0xd9aa81b94135707545854e80b5fe4957e9eb87fb7d7b96486cd7480edc1e1e64", "time": 1712926091, "nft": {"contract_address": "0xc274a97f1691ef390f662067e95a6eff1f99b504", "token_id": "7939", "name": "TinFun #7939", "blockchain": "ETH", "image": "https://lh3.googleusercontent.com/ytg939MLpUfNdrOWeq_Cw55R_RWu4iTfKQivploXpitUT568kop6O-bmkaFlOKxxWzLqfuseXz6tVL2QO_po5E_fozz13CgyiA", "contract_type": "ERC721"}, "collection": {"collection_id": "65a13036c284b18008bd25b7", "name": "TinFun", "logo": "https://i.seadn.io/s/raw/files/a531bedf317b5ffe5a35d559b5c94cd9.jpg?w=500&auto=format", "slug": "tin-fun"}, "gas_fee": {"value": 0.004, "raw_value": 4000000000000000, "usd": 14.1746, "payment_token": {"address": "0x0000000000000000000000000000000000000000", "symbol": "ETH", "decimals": 18}}, "price": null, "marketplace_path": [], "fees": [], "trait_offer_target": null}]