[{"blockchain": "ETH", "sender": {"address": "0xd523381e3a37ff0fedc53f8458a085c0397c1b65", "ens": null, "is_whale": false, "blockchain": "ETH", "is_contract": false, "is_blue_chip_holder": false, "is_super_blue_chip_holder": false, "is_multi_sign_wallet": false, "das": null, "alias": null}, "receiver": {"address": "0x8177e9fa379b85e01b2b30140ddc446b9875106a", "ens": null, "is_whale": false, "blockchain": "ETH", "is_contract": true, "is_blue_chip_holder": false, "is_super_blue_chip_holder": false, "is_multi_sign_wallet": false, "das": null, "alias": null}, "event": "transfer", "quantity": 1, "tx_hash": "0x0795bf8b18927e75be4697416c862589a2bf0397f85855273cea922253a4df41", "time": 1712991371, "nft": {"contract_address": "0xc274a97f1691ef390f662067e95a6eff1f99b504", "token_id": "9675", "name": "TinFun #9675", "blockchain": "ETH", "image": "https://lh3.googleusercontent.com/e9YCM5Ybf7EFOJ-ORkEG0dcjL6LnGcUV1p1_ctpfYx27CN_CJYUFKjx177La949zsqtHWA2PJa-OSywYK1m0YFZD8Ej8KAQyhbs", "contract_type": "ERC721"}, "collection": {"collection_id": "65a13036c284b18008bd25b7", "name": "TinFun", "logo": "https://i.seadn.io/s/raw/files/a531bedf317b5ffe5a35d559b5c94cd9.jpg?w=500&auto=format", "slug": "tin-fun"}, "gas_fee": {"value": 0.0014, "raw_value": 1400000000000000, "usd": 4.4662, "payment_token": {"address": "0x0000000000000000000000000000000000000000", "symbol": "ETH", "decimals": 18}}, "price": null, "marketplace_path": [], "fees": [], "trait_offer_target": null}, {"blockchain": "ETH", "sender": {"address": "0x8e57bf9684ef2c36fd01e8c67e34e94596bfb42b", "ens": null, "is_whale": false, "blockchain": "ETH", "is_contract": false, "is_blue_chip_holder": true, "is_super_blue_chip_holder": false, "is_multi_sign_wallet": false, "das": null, "alias": null}, "receiver": {"address": "0xd523381e3a37ff0fedc53f8458a085c0397c1b65", "ens": null, "is_whale": false, "blockchain": "ETH", "is_contract": false, "is_blue_chip_holder": false, "is_super_blue_chip_holder": false, "is_multi_sign_wallet": false, "das": null, "alias": null}, "event": "sale", "quantity": 1, "tx_hash": "0x5096cc8aeea978db239b1e420e656fa88fb7e9f2febf9d2e8aebfd23cf06c7bc", "time": 1709641439, "nft": {"contract_address": "0xc274a97f1691ef390f662067e95a6eff1f99b504", "token_id": "9675", "name": "TinFun #9675", "blockchain": "ETH", "image": "https://lh3.googleusercontent.com/e9YCM5Ybf7EFOJ-ORkEG0dcjL6LnGcUV1p1_ctpfYx27CN_CJYUFKjx177La949zsqtHWA2PJa-OSywYK1m0YFZD8Ej8KAQyhbs", "contract_type": "ERC721"}, "collection": {"collection_id": "65a13036c284b18008bd25b7", "name": "TinFun", "logo": "https://i.seadn.io/s/raw/files/a531bedf317b5ffe5a35d559b5c94cd9.jpg?w=500&auto=format", "slug": "tin-fun"}, "gas_fee": {"value": 0.0228, "raw_value": 22800000000000000, "usd": 85.31, "payment_token": {"address": "0x0000000000000000000000000000000000000000", "symbol": "ETH", "decimals": 18}}, "price": {"value": 0.2295, "raw_value": 229500000000000000, "usd": 856.9773181443314, "payment_token": {"address": "0x0000000000000000000000000000000000000000", "symbol": "ETH", "decimals": 18}}, "marketplace_path": ["blur-aggregator", "blur"], "fees": [{"fee_type": "royalty", "recipient": "0x6650dc11f439f14d4dfbea75233bd9b0099a0647", "bps": 50, "price": {"value": 0.001148, "raw_value": 1147500000000000, "usd": 4.2311, "payment_token": {"address": "0x0000000000000000000000000000000000000000", "symbol": "ETH", "decimals": 18}}}], "trait_offer_target": null}, {"blockchain": "ETH", "sender": {"address": "0x6d02ce0cd50bff383035e1de5c8b2235fb22e4e8", "ens": null, "is_whale": false, "blockchain": "ETH", "is_contract": false, "is_blue_chip_holder": false, "is_super_blue_chip_holder": false, "is_multi_sign_wallet": false, "das": null, "alias": null}, "receiver": {"address": "0x8e57bf9684ef2c36fd01e8c67e34e94596bfb42b", "ens": null, "is_whale": false, "blockchain": "ETH", "is_contract": false, "is_blue_chip_holder": true, "is_super_blue_chip_holder": false, "is_multi_sign_wallet": false, "das": null, "alias": null}, "event": "sale", "quantity": 1, "tx_hash": "0x2dda6ed28dd25a1eb163b0d4f6a7f7d1e425e98f078d82691021a44fbafeb889", "time": 1705736855, "nft": {"contract_address": "0xc274a97f1691ef390f662067e95a6eff1f99b504", "token_id": "9675", "name": "TinFun #9675", "blockchain": "ETH", "image": "https://lh3.googleusercontent.com/e9YCM5Ybf7EFOJ-ORkEG0dcjL6LnGcUV1p1_ctpfYx27CN_CJYUFKjx177La949zsqtHWA2PJa-OSywYK1m0YFZD8Ej8KAQyhbs", "contract_type": "ERC721"}, "collection": {"collection_id": "65a13036c284b18008bd25b7", "name": "TinFun", "logo": "https://i.seadn.io/s/raw/files/a531bedf317b5ffe5a35d559b5c94cd9.jpg?w=500&auto=format", "slug": "tin-fun"}, "gas_fee": {"value": 0.0025, "raw_value": 2500000000000000, "usd": 6.1461, "payment_token": {"address": "0x0000000000000000000000000000000000000000", "symbol": "ETH", "decimals": 18}}, "price": {"value": 0.65, "raw_value": 650000000000000000, "usd": 1612.460712568966, "payment_token": {"address": "0x0000000000000000000000000000000000000000", "symbol": "ETH", "decimals": 18}}, "marketplace_path": ["blur"], "fees": [{"fee_type": "royalty", "recipient": "0x6650dc11f439f14d4dfbea75233bd9b0099a0647", "bps": 50, "price": {"value": 0.00325, "raw_value": 3250000000000000, "usd": 8.064015, "payment_token": {"address": "0x0000000000a39bb272e79075ade125fd351887ac", "symbol": "BETH", "decimals": 18}}}], "trait_offer_target": null}, {"blockchain": "ETH", "sender": {"address": "0x0cf7934be4d5c07f4a4b4238c56b68ba86df8f98", "ens": null, "is_whale": false, "blockchain": "ETH", "is_contract": false, "is_blue_chip_holder": false, "is_super_blue_chip_holder": false, "is_multi_sign_wallet": false, "das": null, "alias": null}, "receiver": {"address": "0x6d02ce0cd50bff383035e1de5c8b2235fb22e4e8", "ens": null, "is_whale": false, "blockchain": "ETH", "is_contract": false, "is_blue_chip_holder": false, "is_super_blue_chip_holder": false, "is_multi_sign_wallet": false, "das": null, "alias": null}, "event": "sale", "quantity": 1, "tx_hash": "0x98ebeb06a35bee5959697f49f858d5157d1d152bc742ab2e7aadbf85725ec5ec", "time": 1705730135, "nft": {"contract_address": "0xc274a97f1691ef390f662067e95a6eff1f99b504", "token_id": "9675", "name": "TinFun #9675", "blockchain": "ETH", "image": "https://lh3.googleusercontent.com/e9YCM5Ybf7EFOJ-ORkEG0dcjL6LnGcUV1p1_ctpfYx27CN_CJYUFKjx177La949zsqtHWA2PJa-OSywYK1m0YFZD8Ej8KAQyhbs", "contract_type": "ERC721"}, "collection": {"collection_id": "65a13036c284b18008bd25b7", "name": "TinFun", "logo": "https://i.seadn.io/s/raw/files/a531bedf317b5ffe5a35d559b5c94cd9.jpg?w=500&auto=format", "slug": "tin-fun"}, "gas_fee": {"value": 0.0078, "raw_value": 7800000000000000, "usd": 19.2365, "payment_token": {"address": "0x0000000000000000000000000000000000000000", "symbol": "ETH", "decimals": 18}}, "price": {"value": 0.65, "raw_value": 650000000000000000, "usd": 1612.803020212044, "payment_token": {"address": "0x0000000000000000000000000000000000000000", "symbol": "ETH", "decimals": 18}}, "marketplace_path": ["blur"], "fees": [{"fee_type": "royalty", "recipient": "0x6650dc11f439f14d4dfbea75233bd9b0099a0647", "bps": 50, "price": {"value": 0.00325, "raw_value": 3250000000000000, "usd": 8.074007, "payment_token": {"address": "0x0000000000a39bb272e79075ade125fd351887ac", "symbol": "BETH", "decimals": 18}}}], "trait_offer_target": null}, {"blockchain": "ETH", "sender": {"address": "0xab3bb93b22763def9055996f921e74be9d7c6ea8", "ens": null, "is_whale": false, "blockchain": "ETH", "is_contract": false, "is_blue_chip_holder": false, "is_super_blue_chip_holder": false, "is_multi_sign_wallet": false, "das": null, "alias": null}, "receiver": {"address": "0x0cf7934be4d5c07f4a4b4238c56b68ba86df8f98", "ens": null, "is_whale": false, "blockchain": "ETH", "is_contract": false, "is_blue_chip_holder": false, "is_super_blue_chip_holder": false, "is_multi_sign_wallet": false, "das": null, "alias": null}, "event": "transfer", "quantity": 1, "tx_hash": "0x8681d1e7bbbb6364d0d06502b4e0f25a19a141d39345d65402e4f44a22afe939", "time": 1705063475, "nft": {"contract_address": "0xc274a97f1691ef390f662067e95a6eff1f99b504", "token_id": "9675", "name": "TinFun #9675", "blockchain": "ETH", "image": "https://lh3.googleusercontent.com/e9YCM5Ybf7EFOJ-ORkEG0dcjL6LnGcUV1p1_ctpfYx27CN_CJYUFKjx177La949zsqtHWA2PJa-OSywYK1m0YFZD8Ej8KAQyhbs", "contract_type": "ERC721"}, "collection": {"collection_id": "65a13036c284b18008bd25b7", "name": "TinFun", "logo": "https://i.seadn.io/s/raw/files/a531bedf317b5ffe5a35d559b5c94cd9.jpg?w=500&auto=format", "slug": "tin-fun"}, "gas_fee": {"value": 0.0018, "raw_value": 1800000000000000, "usd": 4.7224, "payment_token": {"address": "0x0000000000000000000000000000000000000000", "symbol": "ETH", "decimals": 18}}, "price": null, "marketplace_path": [], "fees": [], "trait_offer_target": null}]