[{"blockchain": "ETH", "sender": {"address": "0x7773a2ee2461226000646112331ff43315f1e055", "ens": "000591.eth", "is_whale": false, "blockchain": "ETH", "is_contract": false, "is_blue_chip_holder": false, "is_super_blue_chip_holder": false, "is_multi_sign_wallet": false, "das": null, "alias": "000591.eth"}, "receiver": {"address": "0x8177e9fa379b85e01b2b30140ddc446b9875106a", "ens": null, "is_whale": false, "blockchain": "ETH", "is_contract": true, "is_blue_chip_holder": false, "is_super_blue_chip_holder": false, "is_multi_sign_wallet": false, "das": null, "alias": null}, "event": "transfer", "quantity": 1, "tx_hash": "0x4bae640656d6430130ee979683a0083a37aceaf66a5201f7be7f6cffebeb42a1", "time": 1712978855, "nft": {"contract_address": "0xc274a97f1691ef390f662067e95a6eff1f99b504", "token_id": "1789", "name": "TinFun #1789", "blockchain": "ETH", "image": "https://lh3.googleusercontent.com/Lj1vpzm4HNyS2M-Q8m9gdBktQI8exhpG7r_n6KdCQF4H6cTtz7ZrM69NGq8Iww6hvfz0miJMXAFwvZxQrcTmEgnvcG-g4g9zzxum", "contract_type": "ERC721"}, "collection": {"collection_id": "65a13036c284b18008bd25b7", "name": "TinFun", "logo": "https://i.seadn.io/s/raw/files/a531bedf317b5ffe5a35d559b5c94cd9.jpg?w=500&auto=format", "slug": "tin-fun"}, "gas_fee": {"value": 0.0012, "raw_value": 1200000000000000, "usd": 3.8092, "payment_token": {"address": "0x0000000000000000000000000000000000000000", "symbol": "ETH", "decimals": 18}}, "price": null, "marketplace_path": [], "fees": [], "trait_offer_target": null}]