[{"blockchain": "ETH", "sender": {"address": "0xcdaf1db6d387e74b2078e98a7595b1a7a4ab8767", "ens": "acesteam.eth", "is_whale": false, "blockchain": "ETH", "is_contract": false, "is_blue_chip_holder": false, "is_super_blue_chip_holder": false, "is_multi_sign_wallet": false, "das": null, "alias": "acesteam.eth"}, "receiver": {"address": "0x8177e9fa379b85e01b2b30140ddc446b9875106a", "ens": null, "is_whale": false, "blockchain": "ETH", "is_contract": true, "is_blue_chip_holder": false, "is_super_blue_chip_holder": false, "is_multi_sign_wallet": false, "das": null, "alias": null}, "event": "transfer", "quantity": 1, "tx_hash": "0xa30707dc698fbe9445ec5c8dca00273e1ed5a9f541484d7427aadc56c1ef6cac", "time": 1711697591, "nft": {"contract_address": "0xc274a97f1691ef390f662067e95a6eff1f99b504", "token_id": "432", "name": "TinFun #432", "blockchain": "ETH", "image": "https://lh3.googleusercontent.com/gTN0ZKT9ZFAyuPauhNzP2wvAWTxQ-og53bni2HhUFZhq_1pGb5SdpdFxeOfqCNXZscJfJaPYTm3mOE0StEjBm5CTZiP7u7QF9DE", "contract_type": "ERC721"}, "collection": {"collection_id": "65a13036c284b18008bd25b7", "name": "TinFun", "logo": "https://i.seadn.io/s/raw/files/a531bedf317b5ffe5a35d559b5c94cd9.jpg?w=500&auto=format", "slug": "tin-fun"}, "gas_fee": {"value": 0.0017, "raw_value": 1700000000000000, "usd": 6.1123, "payment_token": {"address": "0x0000000000000000000000000000000000000000", "symbol": "ETH", "decimals": 18}}, "price": null, "marketplace_path": [], "fees": [], "trait_offer_target": null}, {"blockchain": "ETH", "sender": {"address": "0x85a7951a4d6cbe216da59f169774510f0f172e86", "ens": null, "is_whale": false, "blockchain": "ETH", "is_contract": false, "is_blue_chip_holder": false, "is_super_blue_chip_holder": false, "is_multi_sign_wallet": false, "das": null, "alias": null}, "receiver": {"address": "0xcdaf1db6d387e74b2078e98a7595b1a7a4ab8767", "ens": "acesteam.eth", "is_whale": false, "blockchain": "ETH", "is_contract": false, "is_blue_chip_holder": false, "is_super_blue_chip_holder": false, "is_multi_sign_wallet": false, "das": null, "alias": "acesteam.eth"}, "event": "sale", "quantity": 1, "tx_hash": "0xe44cbe729dc5d99ee309ce1eaa4bc19638e5f2716d15f6c6b36774608068349c", "time": 1710568595, "nft": {"contract_address": "0xc274a97f1691ef390f662067e95a6eff1f99b504", "token_id": "432", "name": "TinFun #432", "blockchain": "ETH", "image": "https://lh3.googleusercontent.com/gTN0ZKT9ZFAyuPauhNzP2wvAWTxQ-og53bni2HhUFZhq_1pGb5SdpdFxeOfqCNXZscJfJaPYTm3mOE0StEjBm5CTZiP7u7QF9DE", "contract_type": "ERC721"}, "collection": {"collection_id": "65a13036c284b18008bd25b7", "name": "TinFun", "logo": "https://i.seadn.io/s/raw/files/a531bedf317b5ffe5a35d559b5c94cd9.jpg?w=500&auto=format", "slug": "tin-fun"}, "gas_fee": {"value": 0.005, "raw_value": 5000000000000000, "usd": 18.5396, "payment_token": {"address": "0x0000000000000000000000000000000000000000", "symbol": "ETH", "decimals": 18}}, "price": {"value": 0.1999, "raw_value": 199900000000000000, "usd": 744.6098532807637, "payment_token": {"address": "0x0000000000000000000000000000000000000000", "symbol": "ETH", "decimals": 18}}, "marketplace_path": ["blur-aggregator", "blur"], "fees": [{"fee_type": "royalty", "recipient": "0x6650dc11f439f14d4dfbea75233bd9b0099a0647", "bps": 50, "price": {"value": 0.000999, "raw_value": 999500000000000, "usd": 3.728893, "payment_token": {"address": "0x0000000000000000000000000000000000000000", "symbol": "ETH", "decimals": 18}}}], "trait_offer_target": null}, {"blockchain": "ETH", "sender": {"address": "0x1277f5266dead289eb6ab3f97a866f5854feb33d", "ens": null, "is_whale": false, "blockchain": "ETH", "is_contract": false, "is_blue_chip_holder": true, "is_super_blue_chip_holder": false, "is_multi_sign_wallet": false, "das": null, "alias": null}, "receiver": {"address": "0x85a7951a4d6cbe216da59f169774510f0f172e86", "ens": null, "is_whale": false, "blockchain": "ETH", "is_contract": false, "is_blue_chip_holder": false, "is_super_blue_chip_holder": false, "is_multi_sign_wallet": false, "das": null, "alias": null}, "event": "sale", "quantity": 1, "tx_hash": "0xf299ea300d8fb4ef5d47460a1d6ca8a7bbd3cb582adc9eb7aea2cdb564440db5", "time": 1710568475, "nft": {"contract_address": "0xc274a97f1691ef390f662067e95a6eff1f99b504", "token_id": "432", "name": "TinFun #432", "blockchain": "ETH", "image": "https://lh3.googleusercontent.com/gTN0ZKT9ZFAyuPauhNzP2wvAWTxQ-og53bni2HhUFZhq_1pGb5SdpdFxeOfqCNXZscJfJaPYTm3mOE0StEjBm5CTZiP7u7QF9DE", "contract_type": "ERC721"}, "collection": {"collection_id": "65a13036c284b18008bd25b7", "name": "TinFun", "logo": "https://i.seadn.io/s/raw/files/a531bedf317b5ffe5a35d559b5c94cd9.jpg?w=500&auto=format", "slug": "tin-fun"}, "gas_fee": {"value": 0.0116, "raw_value": 11600000000000000, "usd": 43.147, "payment_token": {"address": "0x0000000000000000000000000000000000000000", "symbol": "ETH", "decimals": 18}}, "price": {"value": 0.19, "raw_value": 190000000000000000, "usd": 707.7332272303407, "payment_token": {"address": "0x0000000000000000000000000000000000000000", "symbol": "ETH", "decimals": 18}}, "marketplace_path": ["blur"], "fees": [{"fee_type": "royalty", "recipient": "0x6650dc11f439f14d4dfbea75233bd9b0099a0647", "bps": 50, "price": {"value": 0.00095, "raw_value": 950000000000000, "usd": 3.54422, "payment_token": {"address": "0x0000000000a39bb272e79075ade125fd351887ac", "symbol": "BETH", "decimals": 18}}}], "trait_offer_target": null}, {"blockchain": "ETH", "sender": {"address": "0x3eb879cc9a0ef4c6f1d870a40ae187768c278da2", "ens": "floorprotocol.eth", "is_whale": false, "blockchain": "ETH", "is_contract": true, "is_blue_chip_holder": true, "is_super_blue_chip_holder": true, "is_multi_sign_wallet": false, "das": null, "alias": "floorprotocol.eth"}, "receiver": {"address": "0x1277f5266dead289eb6ab3f97a866f5854feb33d", "ens": null, "is_whale": false, "blockchain": "ETH", "is_contract": false, "is_blue_chip_holder": true, "is_super_blue_chip_holder": true, "is_multi_sign_wallet": false, "das": null, "alias": null}, "event": "transfer", "quantity": 1, "tx_hash": "0x0f2162b5ca7fcf7d0a5f80680c2353eb897b08e35a21e3137b86243c51bf5f5c", "time": 1710564959, "nft": {"contract_address": "0xc274a97f1691ef390f662067e95a6eff1f99b504", "token_id": "432", "name": "TinFun #432", "blockchain": "ETH", "image": "https://lh3.googleusercontent.com/gTN0ZKT9ZFAyuPauhNzP2wvAWTxQ-og53bni2HhUFZhq_1pGb5SdpdFxeOfqCNXZscJfJaPYTm3mOE0StEjBm5CTZiP7u7QF9DE", "contract_type": "ERC721"}, "collection": {"collection_id": "65a13036c284b18008bd25b7", "name": "TinFun", "logo": "https://i.seadn.io/s/raw/files/a531bedf317b5ffe5a35d559b5c94cd9.jpg?w=500&auto=format", "slug": "tin-fun"}, "gas_fee": {"value": 0.0047, "raw_value": 4700000000000000, "usd": 17.457, "payment_token": {"address": "0x0000000000000000000000000000000000000000", "symbol": "ETH", "decimals": 18}}, "price": null, "marketplace_path": ["floor"], "fees": [], "trait_offer_target": null}, {"blockchain": "ETH", "sender": {"address": "0x3eb879cc9a0ef4c6f1d870a40ae187768c278da2", "ens": "floorprotocol.eth", "is_whale": false, "blockchain": "ETH", "is_contract": true, "is_blue_chip_holder": true, "is_super_blue_chip_holder": true, "is_multi_sign_wallet": false, "das": null, "alias": "floorprotocol.eth"}, "receiver": {"address": "0x3eb879cc9a0ef4c6f1d870a40ae187768c278da2", "ens": "floorprotocol.eth", "is_whale": false, "blockchain": "ETH", "is_contract": true, "is_blue_chip_holder": true, "is_super_blue_chip_holder": true, "is_multi_sign_wallet": false, "das": null, "alias": "floorprotocol.eth"}, "event": "transfer", "quantity": 1, "tx_hash": "0x9a10abeca87a446f59c35b450db48cea5baa589416688d5ede9883554fbb2265", "time": 1708783319, "nft": {"contract_address": "0xc274a97f1691ef390f662067e95a6eff1f99b504", "token_id": "432", "name": "TinFun #432", "blockchain": "ETH", "image": "https://lh3.googleusercontent.com/gTN0ZKT9ZFAyuPauhNzP2wvAWTxQ-og53bni2HhUFZhq_1pGb5SdpdFxeOfqCNXZscJfJaPYTm3mOE0StEjBm5CTZiP7u7QF9DE", "contract_type": "ERC721"}, "collection": {"collection_id": "65a13036c284b18008bd25b7", "name": "TinFun", "logo": "https://i.seadn.io/s/raw/files/a531bedf317b5ffe5a35d559b5c94cd9.jpg?w=500&auto=format", "slug": "tin-fun"}, "gas_fee": {"value": 0.05, "raw_value": 50000000000000000, "usd": 148.1941, "payment_token": {"address": "0x0000000000000000000000000000000000000000", "symbol": "ETH", "decimals": 18}}, "price": null, "marketplace_path": ["floor"], "fees": [], "trait_offer_target": null}, {"blockchain": "ETH", "sender": {"address": "0xc821d3d24c27c713a9e2758086bd29b23f7381e2", "ens": "\u4ee3\u865f9527.eth", "is_whale": false, "blockchain": "ETH", "is_contract": false, "is_blue_chip_holder": false, "is_super_blue_chip_holder": false, "is_multi_sign_wallet": false, "das": null, "alias": "\u4ee3\u865f9527.eth"}, "receiver": {"address": "0x3eb879cc9a0ef4c6f1d870a40ae187768c278da2", "ens": "floorprotocol.eth", "is_whale": false, "blockchain": "ETH", "is_contract": true, "is_blue_chip_holder": true, "is_super_blue_chip_holder": false, "is_multi_sign_wallet": false, "das": null, "alias": "floorprotocol.eth"}, "event": "sale", "quantity": 1, "tx_hash": "0xaa717c7bc33bb67c20c296132bf8cfa2f7d1473311d7f0989cd567d7be2190c3", "time": 1708766627, "nft": {"contract_address": "0xc274a97f1691ef390f662067e95a6eff1f99b504", "token_id": "432", "name": "TinFun #432", "blockchain": "ETH", "image": "https://lh3.googleusercontent.com/gTN0ZKT9ZFAyuPauhNzP2wvAWTxQ-og53bni2HhUFZhq_1pGb5SdpdFxeOfqCNXZscJfJaPYTm3mOE0StEjBm5CTZiP7u7QF9DE", "contract_type": "ERC721"}, "collection": {"collection_id": "65a13036c284b18008bd25b7", "name": "TinFun", "logo": "https://i.seadn.io/s/raw/files/a531bedf317b5ffe5a35d559b5c94cd9.jpg?w=500&auto=format", "slug": "tin-fun"}, "gas_fee": {"value": 0.0163, "raw_value": 16299999999999998, "usd": 48.023, "payment_token": {"address": "0x0000000000000000000000000000000000000000", "symbol": "ETH", "decimals": 18}}, "price": {"value": 0.5564072800686962, "raw_value": 556407280068696218, "usd": 1642.42088880024, "payment_token": {"address": "0xc02aaa39b223fe8d0a0e5c4f27ead9083c756cc2", "symbol": "WETH", "decimals": 18}}, "marketplace_path": ["floor"], "fees": [], "trait_offer_target": null}, {"blockchain": "ETH", "sender": {"address": "0x3eb879cc9a0ef4c6f1d870a40ae187768c278da2", "ens": "floorprotocol.eth", "is_whale": false, "blockchain": "ETH", "is_contract": true, "is_blue_chip_holder": true, "is_super_blue_chip_holder": true, "is_multi_sign_wallet": false, "das": null, "alias": "floorprotocol.eth"}, "receiver": {"address": "0xc821d3d24c27c713a9e2758086bd29b23f7381e2", "ens": "\u4ee3\u865f9527.eth", "is_whale": false, "blockchain": "ETH", "is_contract": false, "is_blue_chip_holder": false, "is_super_blue_chip_holder": true, "is_multi_sign_wallet": false, "das": null, "alias": "\u4ee3\u865f9527.eth"}, "event": "transfer", "quantity": 1, "tx_hash": "0xb93be483e49e103663e9232178c789d3b61ccbb5b8c44dc894fdf227653b62bb", "time": 1708764107, "nft": {"contract_address": "0xc274a97f1691ef390f662067e95a6eff1f99b504", "token_id": "432", "name": "TinFun #432", "blockchain": "ETH", "image": "https://lh3.googleusercontent.com/gTN0ZKT9ZFAyuPauhNzP2wvAWTxQ-og53bni2HhUFZhq_1pGb5SdpdFxeOfqCNXZscJfJaPYTm3mOE0StEjBm5CTZiP7u7QF9DE", "contract_type": "ERC721"}, "collection": {"collection_id": "65a13036c284b18008bd25b7", "name": "TinFun", "logo": "https://i.seadn.io/s/raw/files/a531bedf317b5ffe5a35d559b5c94cd9.jpg?w=500&auto=format", "slug": "tin-fun"}, "gas_fee": {"value": 0.0077, "raw_value": 7700000000000000, "usd": 22.8554, "payment_token": {"address": "0x0000000000000000000000000000000000000000", "symbol": "ETH", "decimals": 18}}, "price": null, "marketplace_path": ["floor"], "fees": [], "trait_offer_target": null}, {"blockchain": "ETH", "sender": {"address": "0x1ba657aecc79ec1f4cde9b581adbcc6d4168b813", "ens": "twboy.eth", "is_whale": false, "blockchain": "ETH", "is_contract": false, "is_blue_chip_holder": false, "is_super_blue_chip_holder": false, "is_multi_sign_wallet": false, "das": null, "alias": "twboy.eth"}, "receiver": {"address": "0x3eb879cc9a0ef4c6f1d870a40ae187768c278da2", "ens": "floorprotocol.eth", "is_whale": false, "blockchain": "ETH", "is_contract": true, "is_blue_chip_holder": true, "is_super_blue_chip_holder": false, "is_multi_sign_wallet": false, "das": null, "alias": "floorprotocol.eth"}, "event": "transfer", "quantity": 1, "tx_hash": "0xb05f664375e7b1335084ed1912c3941f54e8a7ca39dbb73cf20c581518a467b4", "time": 1706525903, "nft": {"contract_address": "0xc274a97f1691ef390f662067e95a6eff1f99b504", "token_id": "432", "name": "TinFun #432", "blockchain": "ETH", "image": "https://lh3.googleusercontent.com/gTN0ZKT9ZFAyuPauhNzP2wvAWTxQ-og53bni2HhUFZhq_1pGb5SdpdFxeOfqCNXZscJfJaPYTm3mOE0StEjBm5CTZiP7u7QF9DE", "contract_type": "ERC721"}, "collection": {"collection_id": "65a13036c284b18008bd25b7", "name": "TinFun", "logo": "https://i.seadn.io/s/raw/files/a531bedf317b5ffe5a35d559b5c94cd9.jpg?w=500&auto=format", "slug": "tin-fun"}, "gas_fee": {"value": 0.005, "raw_value": 5000000000000000, "usd": 11.2657, "payment_token": {"address": "0x0000000000000000000000000000000000000000", "symbol": "ETH", "decimals": 18}}, "price": null, "marketplace_path": ["floor"], "fees": [], "trait_offer_target": null}, {"blockchain": "ETH", "sender": {"address": "0x85c52cc43300f37575805c7b6a240d0c7dcccd0d", "ens": null, "is_whale": false, "blockchain": "ETH", "is_contract": false, "is_blue_chip_holder": false, "is_super_blue_chip_holder": false, "is_multi_sign_wallet": false, "das": null, "alias": null}, "receiver": {"address": "0x1ba657aecc79ec1f4cde9b581adbcc6d4168b813", "ens": "twboy.eth", "is_whale": false, "blockchain": "ETH", "is_contract": false, "is_blue_chip_holder": false, "is_super_blue_chip_holder": false, "is_multi_sign_wallet": false, "das": null, "alias": "twboy.eth"}, "event": "sale", "quantity": 1, "tx_hash": "0xd232b64544fb2188342c5518e9edf602bd985a3e876a2e2fbe350251763456de", "time": 1705500059, "nft": {"contract_address": "0xc274a97f1691ef390f662067e95a6eff1f99b504", "token_id": "432", "name": "TinFun #432", "blockchain": "ETH", "image": "https://lh3.googleusercontent.com/gTN0ZKT9ZFAyuPauhNzP2wvAWTxQ-og53bni2HhUFZhq_1pGb5SdpdFxeOfqCNXZscJfJaPYTm3mOE0StEjBm5CTZiP7u7QF9DE", "contract_type": "ERC721"}, "collection": {"collection_id": "65a13036c284b18008bd25b7", "name": "TinFun", "logo": "https://i.seadn.io/s/raw/files/a531bedf317b5ffe5a35d559b5c94cd9.jpg?w=500&auto=format", "slug": "tin-fun"}, "gas_fee": {"value": 0.0064, "raw_value": 6400000000000000, "usd": 16.2152, "payment_token": {"address": "0x0000000000000000000000000000000000000000", "symbol": "ETH", "decimals": 18}}, "price": {"value": 0.76, "raw_value": 760000000000000000, "usd": 1931.9510699928915, "payment_token": {"address": "0x0000000000000000000000000000000000000000", "symbol": "ETH", "decimals": 18}}, "marketplace_path": ["blur"], "fees": [{"fee_type": "royalty", "recipient": "0x6650dc11f439f14d4dfbea75233bd9b0099a0647", "bps": 50, "price": {"value": 0.0038, "raw_value": 3800000000000000, "usd": 9.656545, "payment_token": {"address": "0x0000000000a39bb272e79075ade125fd351887ac", "symbol": "BETH", "decimals": 18}}}], "trait_offer_target": null}, {"blockchain": "ETH", "sender": {"address": "0x21ccce8276a349e47e1146f2d3499153940affbf", "ens": null, "is_whale": false, "blockchain": "ETH", "is_contract": false, "is_blue_chip_holder": false, "is_super_blue_chip_holder": false, "is_multi_sign_wallet": false, "das": null, "alias": null}, "receiver": {"address": "0x85c52cc43300f37575805c7b6a240d0c7dcccd0d", "ens": null, "is_whale": false, "blockchain": "ETH", "is_contract": false, "is_blue_chip_holder": false, "is_super_blue_chip_holder": false, "is_multi_sign_wallet": false, "das": null, "alias": null}, "event": "sale", "quantity": 1, "tx_hash": "0x27fc151ddc909109157d9335b24427e71a41c9b5343faf32d93ba9c9c46e3ee9", "time": 1705494947, "nft": {"contract_address": "0xc274a97f1691ef390f662067e95a6eff1f99b504", "token_id": "432", "name": "TinFun #432", "blockchain": "ETH", "image": "https://lh3.googleusercontent.com/gTN0ZKT9ZFAyuPauhNzP2wvAWTxQ-og53bni2HhUFZhq_1pGb5SdpdFxeOfqCNXZscJfJaPYTm3mOE0StEjBm5CTZiP7u7QF9DE", "contract_type": "ERC721"}, "collection": {"collection_id": "65a13036c284b18008bd25b7", "name": "TinFun", "logo": "https://i.seadn.io/s/raw/files/a531bedf317b5ffe5a35d559b5c94cd9.jpg?w=500&auto=format", "slug": "tin-fun"}, "gas_fee": {"value": 0.0068, "raw_value": 6800000000000000, "usd": 17.1654, "payment_token": {"address": "0x0000000000000000000000000000000000000000", "symbol": "ETH", "decimals": 18}}, "price": {"value": 0.75, "raw_value": 750000000000000000, "usd": 1905.8970919233698, "payment_token": {"address": "0x0000000000000000000000000000000000000000", "symbol": "ETH", "decimals": 18}}, "marketplace_path": ["blur"], "fees": [{"fee_type": "royalty", "recipient": "0x6650dc11f439f14d4dfbea75233bd9b0099a0647", "bps": 500, "price": {"value": 0.0375, "raw_value": 37500000000000000, "usd": 95.363095, "payment_token": {"address": "0x0000000000a39bb272e79075ade125fd351887ac", "symbol": "BETH", "decimals": 18}}}], "trait_offer_target": null}, {"blockchain": "ETH", "sender": {"address": "0xddbcfa7bf061322b2aa4c50c6531d93b2cf0cc8b", "ens": null, "is_whale": false, "blockchain": "ETH", "is_contract": false, "is_blue_chip_holder": false, "is_super_blue_chip_holder": false, "is_multi_sign_wallet": false, "das": null, "alias": null}, "receiver": {"address": "0x21ccce8276a349e47e1146f2d3499153940affbf", "ens": null, "is_whale": false, "blockchain": "ETH", "is_contract": false, "is_blue_chip_holder": false, "is_super_blue_chip_holder": false, "is_multi_sign_wallet": false, "das": null, "alias": null}, "event": "sale", "quantity": 1, "tx_hash": "0xd0c12ca683ca533bf9346ea95e2326681993d52ee9c6f4515221f9ed754e9c0a", "time": 1705072019, "nft": {"contract_address": "0xc274a97f1691ef390f662067e95a6eff1f99b504", "token_id": "432", "name": "TinFun #432", "blockchain": "ETH", "image": "https://lh3.googleusercontent.com/gTN0ZKT9ZFAyuPauhNzP2wvAWTxQ-og53bni2HhUFZhq_1pGb5SdpdFxeOfqCNXZscJfJaPYTm3mOE0StEjBm5CTZiP7u7QF9DE", "contract_type": "ERC721"}, "collection": {"collection_id": "65a13036c284b18008bd25b7", "name": "TinFun", "logo": "https://i.seadn.io/s/raw/files/a531bedf317b5ffe5a35d559b5c94cd9.jpg?w=500&auto=format", "slug": "tin-fun"}, "gas_fee": {"value": 0.006, "raw_value": 6000000000000000, "usd": 16.2009, "payment_token": {"address": "0x0000000000000000000000000000000000000000", "symbol": "ETH", "decimals": 18}}, "price": {"value": 0.9, "raw_value": 900000000000000000, "usd": 2436.0641042172488, "payment_token": {"address": "0x0000000000000000000000000000000000000000", "symbol": "ETH", "decimals": 18}}, "marketplace_path": ["openseapro", "opensea"], "fees": [{"fee_type": "marketplace", "recipient": "0x0000a26b00c1f0df003000390027140000faa719", "bps": 50, "price": {"value": 0.0045, "raw_value": 4500000000000000, "usd": 11.926838, "payment_token": {"address": "0x0000000000000000000000000000000000000000", "symbol": "ETH", "decimals": 18}}}], "trait_offer_target": null}]