[{"blockchain": "ETH", "sender": {"address": "0x397b032bd5320662c9ea935e4c00ddcfcb3a3ba3", "ens": "\u5e7f\u544a\u4f4d5e\u4e00\u6708.eth", "is_whale": false, "blockchain": "ETH", "is_contract": false, "is_blue_chip_holder": false, "is_super_blue_chip_holder": false, "is_multi_sign_wallet": false, "das": null, "alias": "\u5e7f\u544a\u4f4d5e\u4e00\u6708.eth"}, "receiver": {"address": "0x804388a4c3f5c3f5faddde0822cfdcd521505318", "ens": "kaka22.eth", "is_whale": false, "blockchain": "ETH", "is_contract": false, "is_blue_chip_holder": true, "is_super_blue_chip_holder": false, "is_multi_sign_wallet": false, "das": null, "alias": "kaka22.eth"}, "event": "sale", "quantity": 1, "tx_hash": "0xc0eeae0e94a9f9ea03c6c8cb6a6e8ac6d1182b5fb9d3e00ad126bf58d0fa8d15", "time": 1708874879, "nft": {"contract_address": "0xc274a97f1691ef390f662067e95a6eff1f99b504", "token_id": "1678", "name": "TinFun #1678", "blockchain": "ETH", "image": "https://lh3.googleusercontent.com/ZINe92AAIKYFz6PY2bg-s7q0rLkVwiZfo7RadiZB2JmExTwI3_KBLjwd00OB3UjnTBM4xOLDxoRlieDIMVlwzp2Em2fyVhJ-kQ", "contract_type": "ERC721"}, "collection": {"collection_id": "65a13036c284b18008bd25b7", "name": "TinFun", "logo": "https://i.seadn.io/s/raw/files/a531bedf317b5ffe5a35d559b5c94cd9.jpg?w=500&auto=format", "slug": "tin-fun"}, "gas_fee": {"value": 0.007, "raw_value": 7000000000000000, "usd": 21.6272, "payment_token": {"address": "0x0000000000000000000000000000000000000000", "symbol": "ETH", "decimals": 18}}, "price": {"value": 0.33, "raw_value": 330000000000000000, "usd": 1012.4144731658705, "payment_token": {"address": "0x0000000000000000000000000000000000000000", "symbol": "ETH", "decimals": 18}}, "marketplace_path": ["blur-aggregator", "blur"], "fees": [{"fee_type": "royalty", "recipient": "0x6650dc11f439f14d4dfbea75233bd9b0099a0647", "bps": 50, "price": {"value": 0.00165, "raw_value": 1650000000000000, "usd": 5.020748, "payment_token": {"address": "0x0000000000000000000000000000000000000000", "symbol": "ETH", "decimals": 18}}}], "trait_offer_target": null}, {"blockchain": "ETH", "sender": {"address": "0xa69833b9fda816f1bfc79517e7932e64708df0dd", "ens": null, "is_whale": false, "blockchain": "ETH", "is_contract": false, "is_blue_chip_holder": true, "is_super_blue_chip_holder": false, "is_multi_sign_wallet": false, "das": null, "alias": null}, "receiver": {"address": "0x397b032bd5320662c9ea935e4c00ddcfcb3a3ba3", "ens": "\u5e7f\u544a\u4f4d5e\u4e00\u6708.eth", "is_whale": false, "blockchain": "ETH", "is_contract": false, "is_blue_chip_holder": false, "is_super_blue_chip_holder": false, "is_multi_sign_wallet": false, "das": null, "alias": "\u5e7f\u544a\u4f4d5e\u4e00\u6708.eth"}, "event": "sale", "quantity": 1, "tx_hash": "0x78532f7460bc0daedaf35dd4bb5b4d6cddb7e9a66ad4bf91b8081e16fa446726", "time": 1708874663, "nft": {"contract_address": "0xc274a97f1691ef390f662067e95a6eff1f99b504", "token_id": "1678", "name": "TinFun #1678", "blockchain": "ETH", "image": "https://lh3.googleusercontent.com/ZINe92AAIKYFz6PY2bg-s7q0rLkVwiZfo7RadiZB2JmExTwI3_KBLjwd00OB3UjnTBM4xOLDxoRlieDIMVlwzp2Em2fyVhJ-kQ", "contract_type": "ERC721"}, "collection": {"collection_id": "65a13036c284b18008bd25b7", "name": "TinFun", "logo": "https://i.seadn.io/s/raw/files/a531bedf317b5ffe5a35d559b5c94cd9.jpg?w=500&auto=format", "slug": "tin-fun"}, "gas_fee": {"value": 0.0072, "raw_value": 7200000000000000, "usd": 22.117, "payment_token": {"address": "0x0000000000000000000000000000000000000000", "symbol": "ETH", "decimals": 18}}, "price": {"value": 0.33, "raw_value": 330000000000000000, "usd": 1012.4144731658705, "payment_token": {"address": "0x0000000000000000000000000000000000000000", "symbol": "ETH", "decimals": 18}}, "marketplace_path": ["blur"], "fees": [{"fee_type": "royalty", "recipient": "0x6650dc11f439f14d4dfbea75233bd9b0099a0647", "bps": 50, "price": {"value": 0.00165, "raw_value": 1650000000000000, "usd": 5.020748, "payment_token": {"address": "0x0000000000a39bb272e79075ade125fd351887ac", "symbol": "BETH", "decimals": 18}}}], "trait_offer_target": null}, {"blockchain": "ETH", "sender": {"address": "0xa3d276fac48a55dff8e559a7e1ec5f09918eb166", "ens": null, "is_whale": false, "blockchain": "ETH", "is_contract": false, "is_blue_chip_holder": false, "is_super_blue_chip_holder": false, "is_multi_sign_wallet": false, "das": null, "alias": null}, "receiver": {"address": "0xa69833b9fda816f1bfc79517e7932e64708df0dd", "ens": null, "is_whale": false, "blockchain": "ETH", "is_contract": false, "is_blue_chip_holder": true, "is_super_blue_chip_holder": false, "is_multi_sign_wallet": false, "das": null, "alias": null}, "event": "sale", "quantity": 1, "tx_hash": "0x954a6461bfaf9d9cd687700d5426f7e08a80316c36e6ddccf986688db9836df2", "time": 1708872815, "nft": {"contract_address": "0xc274a97f1691ef390f662067e95a6eff1f99b504", "token_id": "1678", "name": "TinFun #1678", "blockchain": "ETH", "image": "https://lh3.googleusercontent.com/ZINe92AAIKYFz6PY2bg-s7q0rLkVwiZfo7RadiZB2JmExTwI3_KBLjwd00OB3UjnTBM4xOLDxoRlieDIMVlwzp2Em2fyVhJ-kQ", "contract_type": "ERC721"}, "collection": {"collection_id": "65a13036c284b18008bd25b7", "name": "TinFun", "logo": "https://i.seadn.io/s/raw/files/a531bedf317b5ffe5a35d559b5c94cd9.jpg?w=500&auto=format", "slug": "tin-fun"}, "gas_fee": {"value": 0.0058, "raw_value": 5800000000000000, "usd": 17.685, "payment_token": {"address": "0x0000000000000000000000000000000000000000", "symbol": "ETH", "decimals": 18}}, "price": {"value": 0.33, "raw_value": 330000000000000000, "usd": 1002.6242532379814, "payment_token": {"address": "0x0000000000000000000000000000000000000000", "symbol": "ETH", "decimals": 18}}, "marketplace_path": ["blur"], "fees": [{"fee_type": "royalty", "recipient": "0x6650dc11f439f14d4dfbea75233bd9b0099a0647", "bps": 50, "price": {"value": 0.00165, "raw_value": 1650000000000000, "usd": 5.01509, "payment_token": {"address": "0x0000000000a39bb272e79075ade125fd351887ac", "symbol": "BETH", "decimals": 18}}}], "trait_offer_target": null}, {"blockchain": "ETH", "sender": {"address": "0x3f47a30180c6fd23c8fcf5a062a08b66ae1c9192", "ens": "\u0431\u0430\u043d\u0434\u0435\u0440\u0430.eth", "is_whale": false, "blockchain": "ETH", "is_contract": false, "is_blue_chip_holder": false, "is_super_blue_chip_holder": false, "is_multi_sign_wallet": false, "das": null, "alias": "\u0431\u0430\u043d\u0434\u0435\u0440\u0430.eth"}, "receiver": {"address": "0xa3d276fac48a55dff8e559a7e1ec5f09918eb166", "ens": null, "is_whale": false, "blockchain": "ETH", "is_contract": false, "is_blue_chip_holder": false, "is_super_blue_chip_holder": false, "is_multi_sign_wallet": false, "das": null, "alias": null}, "event": "sale", "quantity": 1, "tx_hash": "0x7f4e723e31e47804ff6009c0ea60e88e9d14822853e152c5449aed42afc6cbd4", "time": 1705070087, "nft": {"contract_address": "0xc274a97f1691ef390f662067e95a6eff1f99b504", "token_id": "1678", "name": "TinFun #1678", "blockchain": "ETH", "image": "https://lh3.googleusercontent.com/ZINe92AAIKYFz6PY2bg-s7q0rLkVwiZfo7RadiZB2JmExTwI3_KBLjwd00OB3UjnTBM4xOLDxoRlieDIMVlwzp2Em2fyVhJ-kQ", "contract_type": "ERC721"}, "collection": {"collection_id": "65a13036c284b18008bd25b7", "name": "TinFun", "logo": "https://i.seadn.io/s/raw/files/a531bedf317b5ffe5a35d559b5c94cd9.jpg?w=500&auto=format", "slug": "tin-fun"}, "gas_fee": {"value": 0.0052, "raw_value": 5200000000000000, "usd": 13.8353, "payment_token": {"address": "0x0000000000000000000000000000000000000000", "symbol": "ETH", "decimals": 18}}, "price": {"value": 0.82, "raw_value": 820000000000000000, "usd": 2192.403464032072, "payment_token": {"address": "0x0000000000000000000000000000000000000000", "symbol": "ETH", "decimals": 18}}, "marketplace_path": ["element-aggregator", "opensea"], "fees": [{"fee_type": "marketplace", "recipient": "0x0000a26b00c1f0df003000390027140000faa719", "bps": 50, "price": {"value": 0.0041, "raw_value": 4100000000000000, "usd": 10.85556, "payment_token": {"address": "0x0000000000000000000000000000000000000000", "symbol": "ETH", "decimals": 18}}}], "trait_offer_target": null}, {"blockchain": "ETH", "sender": {"address": "0xb3a267eedfaef313f3d4d85c092a3677f5fa3936", "ens": null, "is_whale": false, "blockchain": "ETH", "is_contract": false, "is_blue_chip_holder": false, "is_super_blue_chip_holder": false, "is_multi_sign_wallet": false, "das": null, "alias": null}, "receiver": {"address": "0x3f47a30180c6fd23c8fcf5a062a08b66ae1c9192", "ens": "\u0431\u0430\u043d\u0434\u0435\u0440\u0430.eth", "is_whale": false, "blockchain": "ETH", "is_contract": false, "is_blue_chip_holder": false, "is_super_blue_chip_holder": false, "is_multi_sign_wallet": false, "das": null, "alias": "\u0431\u0430\u043d\u0434\u0435\u0440\u0430.eth"}, "event": "sale", "quantity": 1, "tx_hash": "0xd1ecb3ed5fc9d0ad86f92ced720a82e2e5c9037583f9e35ccc7ccd3dd6fbb645", "time": 1705068035, "nft": {"contract_address": "0xc274a97f1691ef390f662067e95a6eff1f99b504", "token_id": "1678", "name": "TinFun #1678", "blockchain": "ETH", "image": "https://lh3.googleusercontent.com/ZINe92AAIKYFz6PY2bg-s7q0rLkVwiZfo7RadiZB2JmExTwI3_KBLjwd00OB3UjnTBM4xOLDxoRlieDIMVlwzp2Em2fyVhJ-kQ", "contract_type": "ERC721"}, "collection": {"collection_id": "65a13036c284b18008bd25b7", "name": "TinFun", "logo": "https://i.seadn.io/s/raw/files/a531bedf317b5ffe5a35d559b5c94cd9.jpg?w=500&auto=format", "slug": "tin-fun"}, "gas_fee": {"value": 0.0066, "raw_value": 6600000000000000, "usd": 17.7691, "payment_token": {"address": "0x0000000000000000000000000000000000000000", "symbol": "ETH", "decimals": 18}}, "price": {"value": 0.739, "raw_value": 739000000000000000, "usd": 1975.8367803898796, "payment_token": {"address": "0x0000000000000000000000000000000000000000", "symbol": "ETH", "decimals": 18}}, "marketplace_path": ["opensea"], "fees": [{"fee_type": "marketplace", "recipient": "0x0000a26b00c1f0df003000390027140000faa719", "bps": 50, "price": {"value": 0.003695, "raw_value": 3695000000000000, "usd": 9.783242, "payment_token": {"address": "0x0000000000000000000000000000000000000000", "symbol": "ETH", "decimals": 18}}}], "trait_offer_target": null}, {"blockchain": "ETH", "sender": {"address": "0xc457ac7de3170d476e74d9c9a1a116555138420f", "ens": null, "is_whale": false, "blockchain": "ETH", "is_contract": false, "is_blue_chip_holder": false, "is_super_blue_chip_holder": false, "is_multi_sign_wallet": false, "das": null, "alias": null}, "receiver": {"address": "0xb3a267eedfaef313f3d4d85c092a3677f5fa3936", "ens": null, "is_whale": false, "blockchain": "ETH", "is_contract": false, "is_blue_chip_holder": false, "is_super_blue_chip_holder": false, "is_multi_sign_wallet": false, "das": null, "alias": null}, "event": "sale", "quantity": 1, "tx_hash": "0xded7b9a0392f4bb352996166d26894b02ba4d46781c9cee7237d41778bffc40b", "time": 1705067939, "nft": {"contract_address": "0xc274a97f1691ef390f662067e95a6eff1f99b504", "token_id": "1678", "name": "TinFun #1678", "blockchain": "ETH", "image": "https://lh3.googleusercontent.com/ZINe92AAIKYFz6PY2bg-s7q0rLkVwiZfo7RadiZB2JmExTwI3_KBLjwd00OB3UjnTBM4xOLDxoRlieDIMVlwzp2Em2fyVhJ-kQ", "contract_type": "ERC721"}, "collection": {"collection_id": "65a13036c284b18008bd25b7", "name": "TinFun", "logo": "https://i.seadn.io/s/raw/files/a531bedf317b5ffe5a35d559b5c94cd9.jpg?w=500&auto=format", "slug": "tin-fun"}, "gas_fee": {"value": 0.0052, "raw_value": 5200000000000000, "usd": 13.8864, "payment_token": {"address": "0x0000000000000000000000000000000000000000", "symbol": "ETH", "decimals": 18}}, "price": {"value": 0.73, "raw_value": 730000000000000000, "usd": 1934.7981901240084, "payment_token": {"address": "0x0000000000000000000000000000000000000000", "symbol": "ETH", "decimals": 18}}, "marketplace_path": ["opensea"], "fees": [{"fee_type": "royalty", "recipient": "0x6650dc11f439f14d4dfbea75233bd9b0099a0647", "bps": 500, "price": {"value": 0.0365, "raw_value": 36500000000000000, "usd": 95.670881, "payment_token": {"address": "0x0000000000000000000000000000000000000000", "symbol": "ETH", "decimals": 18}}}, {"fee_type": "marketplace", "recipient": "0x0000a26b00c1f0df003000390027140000faa719", "bps": 250, "price": {"value": 0.01825, "raw_value": 18250000000000000, "usd": 47.83544, "payment_token": {"address": "0x0000000000000000000000000000000000000000", "symbol": "ETH", "decimals": 18}}}], "trait_offer_target": null}]