[{"blockchain": "ETH", "sender": {"address": "0xa69833b9fda816f1bfc79517e7932e64708df0dd", "ens": null, "is_whale": false, "blockchain": "ETH", "is_contract": false, "is_blue_chip_holder": true, "is_super_blue_chip_holder": false, "is_multi_sign_wallet": false, "das": null, "alias": null}, "receiver": {"address": "0x2f2519c3d329b87c744ff449c6a901a0fdaa82f1", "ens": "viviv.eth", "is_whale": false, "blockchain": "ETH", "is_contract": false, "is_blue_chip_holder": false, "is_super_blue_chip_holder": false, "is_multi_sign_wallet": false, "das": null, "alias": "viviv.eth"}, "event": "sale", "quantity": 1, "tx_hash": "0x1f025016f77eba38c064915b90125cf9416509672a69c39301439d1d8055f628", "time": 1708852799, "nft": {"contract_address": "0xc274a97f1691ef390f662067e95a6eff1f99b504", "token_id": "1639", "name": "TinFun #1639", "blockchain": "ETH", "image": "https://lh3.googleusercontent.com/YaRhN3Y93XhO2QgAGMbeR_aU2xerU0Rf2WPJ3YSNKcO6iXIyCAZFkmsPyxJaUc2N0SFGKrojbYVOseHkx7sacHZgBs1f97WA8qE", "contract_type": "ERC721"}, "collection": {"collection_id": "65a13036c284b18008bd25b7", "name": "TinFun", "logo": "https://i.seadn.io/s/raw/files/a531bedf317b5ffe5a35d559b5c94cd9.jpg?w=500&auto=format", "slug": "tin-fun"}, "gas_fee": {"value": 0.0043, "raw_value": 4300000000000000, "usd": 12.8544, "payment_token": {"address": "0x0000000000000000000000000000000000000000", "symbol": "ETH", "decimals": 18}}, "price": {"value": 0.34, "raw_value": 340000000000000000, "usd": 1026.3429837671586, "payment_token": {"address": "0x0000000000000000000000000000000000000000", "symbol": "ETH", "decimals": 18}}, "marketplace_path": ["blur"], "fees": [{"fee_type": "royalty", "recipient": "0x6650dc11f439f14d4dfbea75233bd9b0099a0647", "bps": 50, "price": {"value": 0.0017, "raw_value": 1700000000000000, "usd": 5.160054, "payment_token": {"address": "0x0000000000a39bb272e79075ade125fd351887ac", "symbol": "BETH", "decimals": 18}}}], "trait_offer_target": null}, {"blockchain": "ETH", "sender": {"address": "0x8f987686578ff61ea5e645c68a210d07dc4dddca", "ens": null, "is_whale": false, "blockchain": "ETH", "is_contract": false, "is_blue_chip_holder": true, "is_super_blue_chip_holder": false, "is_multi_sign_wallet": false, "das": null, "alias": null}, "receiver": {"address": "0xa69833b9fda816f1bfc79517e7932e64708df0dd", "ens": null, "is_whale": false, "blockchain": "ETH", "is_contract": false, "is_blue_chip_holder": true, "is_super_blue_chip_holder": false, "is_multi_sign_wallet": false, "das": null, "alias": null}, "event": "sale", "quantity": 1, "tx_hash": "0xf21532d16328809b8c52d4f785752b868f3387bd4bd8decdcb104602a75ad96b", "time": 1708850627, "nft": {"contract_address": "0xc274a97f1691ef390f662067e95a6eff1f99b504", "token_id": "1639", "name": "TinFun #1639", "blockchain": "ETH", "image": "https://lh3.googleusercontent.com/YaRhN3Y93XhO2QgAGMbeR_aU2xerU0Rf2WPJ3YSNKcO6iXIyCAZFkmsPyxJaUc2N0SFGKrojbYVOseHkx7sacHZgBs1f97WA8qE", "contract_type": "ERC721"}, "collection": {"collection_id": "65a13036c284b18008bd25b7", "name": "TinFun", "logo": "https://i.seadn.io/s/raw/files/a531bedf317b5ffe5a35d559b5c94cd9.jpg?w=500&auto=format", "slug": "tin-fun"}, "gas_fee": {"value": 0.0044, "raw_value": 4400000000000000, "usd": 13.3909, "payment_token": {"address": "0x0000000000000000000000000000000000000000", "symbol": "ETH", "decimals": 18}}, "price": {"value": 0.34, "raw_value": 340000000000000000, "usd": 1030.2249386139556, "payment_token": {"address": "0x0000000000000000000000000000000000000000", "symbol": "ETH", "decimals": 18}}, "marketplace_path": ["blur"], "fees": [{"fee_type": "royalty", "recipient": "0x6650dc11f439f14d4dfbea75233bd9b0099a0647", "bps": 50, "price": {"value": 0.0017, "raw_value": 1700000000000000, "usd": 5.158698, "payment_token": {"address": "0x0000000000a39bb272e79075ade125fd351887ac", "symbol": "BETH", "decimals": 18}}}], "trait_offer_target": null}, {"blockchain": "ETH", "sender": {"address": "0xff0b9681ef40fd0992ef52fd5bd94e0fa21c0359", "ens": "jiang2018.eth", "is_whale": false, "blockchain": "ETH", "is_contract": false, "is_blue_chip_holder": false, "is_super_blue_chip_holder": false, "is_multi_sign_wallet": false, "das": null, "alias": "jiang2018.eth"}, "receiver": {"address": "0x8f987686578ff61ea5e645c68a210d07dc4dddca", "ens": null, "is_whale": false, "blockchain": "ETH", "is_contract": false, "is_blue_chip_holder": true, "is_super_blue_chip_holder": false, "is_multi_sign_wallet": false, "das": null, "alias": null}, "event": "sale", "quantity": 1, "tx_hash": "0x776a122769f25511a70b148454256b18abda6b2f388d1c20f35f46cd116b8cdb", "time": 1705840355, "nft": {"contract_address": "0xc274a97f1691ef390f662067e95a6eff1f99b504", "token_id": "1639", "name": "TinFun #1639", "blockchain": "ETH", "image": "https://lh3.googleusercontent.com/YaRhN3Y93XhO2QgAGMbeR_aU2xerU0Rf2WPJ3YSNKcO6iXIyCAZFkmsPyxJaUc2N0SFGKrojbYVOseHkx7sacHZgBs1f97WA8qE", "contract_type": "ERC721"}, "collection": {"collection_id": "65a13036c284b18008bd25b7", "name": "TinFun", "logo": "https://i.seadn.io/s/raw/files/a531bedf317b5ffe5a35d559b5c94cd9.jpg?w=500&auto=format", "slug": "tin-fun"}, "gas_fee": {"value": 0.0028, "raw_value": 2800000000000000, "usd": 6.8484, "payment_token": {"address": "0x0000000000000000000000000000000000000000", "symbol": "ETH", "decimals": 18}}, "price": {"value": 0.635, "raw_value": 635000000000000000, "usd": 1569.765814545182, "payment_token": {"address": "0x0000000000000000000000000000000000000000", "symbol": "ETH", "decimals": 18}}, "marketplace_path": ["blur"], "fees": [{"fee_type": "royalty", "recipient": "0x6650dc11f439f14d4dfbea75233bd9b0099a0647", "bps": 50, "price": {"value": 0.003175, "raw_value": 3175000000000000, "usd": 7.85968, "payment_token": {"address": "0x0000000000000000000000000000000000000000", "symbol": "ETH", "decimals": 18}}}], "trait_offer_target": null}, {"blockchain": "ETH", "sender": {"address": "0x10940bbc025a29d13a1f24be3ba74dfd3addf021", "ens": null, "is_whale": false, "blockchain": "ETH", "is_contract": false, "is_blue_chip_holder": true, "is_super_blue_chip_holder": false, "is_multi_sign_wallet": false, "das": null, "alias": null}, "receiver": {"address": "0xff0b9681ef40fd0992ef52fd5bd94e0fa21c0359", "ens": "jiang2018.eth", "is_whale": false, "blockchain": "ETH", "is_contract": false, "is_blue_chip_holder": false, "is_super_blue_chip_holder": false, "is_multi_sign_wallet": false, "das": null, "alias": "jiang2018.eth"}, "event": "sale", "quantity": 1, "tx_hash": "0xdd42a81f4c92fd5f9be42fa32b0893a789bae0ed09f8268ad4ad67dd44967f27", "time": 1705775999, "nft": {"contract_address": "0xc274a97f1691ef390f662067e95a6eff1f99b504", "token_id": "1639", "name": "TinFun #1639", "blockchain": "ETH", "image": "https://lh3.googleusercontent.com/YaRhN3Y93XhO2QgAGMbeR_aU2xerU0Rf2WPJ3YSNKcO6iXIyCAZFkmsPyxJaUc2N0SFGKrojbYVOseHkx7sacHZgBs1f97WA8qE", "contract_type": "ERC721"}, "collection": {"collection_id": "65a13036c284b18008bd25b7", "name": "TinFun", "logo": "https://i.seadn.io/s/raw/files/a531bedf317b5ffe5a35d559b5c94cd9.jpg?w=500&auto=format", "slug": "tin-fun"}, "gas_fee": {"value": 0.0107, "raw_value": 10700000000000000, "usd": 26.4652, "payment_token": {"address": "0x0000000000000000000000000000000000000000", "symbol": "ETH", "decimals": 18}}, "price": {"value": 0.63, "raw_value": 630000000000000000, "usd": 1551.9383986041594, "payment_token": {"address": "0x0000000000000000000000000000000000000000", "symbol": "ETH", "decimals": 18}}, "marketplace_path": ["blur"], "fees": [{"fee_type": "royalty", "recipient": "0x6650dc11f439f14d4dfbea75233bd9b0099a0647", "bps": 50, "price": {"value": 0.00315, "raw_value": 3150000000000000, "usd": 7.756528, "payment_token": {"address": "0x0000000000a39bb272e79075ade125fd351887ac", "symbol": "BETH", "decimals": 18}}}], "trait_offer_target": null}, {"blockchain": "ETH", "sender": {"address": "0xc5ce6fea2d97622c00ce3fbf89ad4e90ca50cbed", "ens": "lazymannft.eth", "is_whale": false, "blockchain": "ETH", "is_contract": false, "is_blue_chip_holder": true, "is_super_blue_chip_holder": false, "is_multi_sign_wallet": false, "das": null, "alias": "lazymannft.eth"}, "receiver": {"address": "0x10940bbc025a29d13a1f24be3ba74dfd3addf021", "ens": null, "is_whale": false, "blockchain": "ETH", "is_contract": false, "is_blue_chip_holder": true, "is_super_blue_chip_holder": false, "is_multi_sign_wallet": false, "das": null, "alias": null}, "event": "sale", "quantity": 1, "tx_hash": "0x187616467ce9c81a0610502928784f8a94ee640484b4d2660b4a876bbac789ea", "time": 1705452791, "nft": {"contract_address": "0xc274a97f1691ef390f662067e95a6eff1f99b504", "token_id": "1639", "name": "TinFun #1639", "blockchain": "ETH", "image": "https://lh3.googleusercontent.com/YaRhN3Y93XhO2QgAGMbeR_aU2xerU0Rf2WPJ3YSNKcO6iXIyCAZFkmsPyxJaUc2N0SFGKrojbYVOseHkx7sacHZgBs1f97WA8qE", "contract_type": "ERC721"}, "collection": {"collection_id": "65a13036c284b18008bd25b7", "name": "TinFun", "logo": "https://i.seadn.io/s/raw/files/a531bedf317b5ffe5a35d559b5c94cd9.jpg?w=500&auto=format", "slug": "tin-fun"}, "gas_fee": {"value": 0.0067, "raw_value": 6700000000000000, "usd": 17.3074, "payment_token": {"address": "0x0000000000000000000000000000000000000000", "symbol": "ETH", "decimals": 18}}, "price": {"value": 0.783, "raw_value": 783000000000000000, "usd": 2025.6559670092681, "payment_token": {"address": "0x0000000000000000000000000000000000000000", "symbol": "ETH", "decimals": 18}}, "marketplace_path": ["blur-aggregator", "blur"], "fees": [], "trait_offer_target": null}, {"blockchain": "ETH", "sender": {"address": "0xd883fb2c3285c0700d45ddfbd6ebe836a75cb07f", "ens": null, "is_whale": false, "blockchain": "ETH", "is_contract": false, "is_blue_chip_holder": true, "is_super_blue_chip_holder": false, "is_multi_sign_wallet": false, "das": null, "alias": null}, "receiver": {"address": "0xc5ce6fea2d97622c00ce3fbf89ad4e90ca50cbed", "ens": "lazymannft.eth", "is_whale": false, "blockchain": "ETH", "is_contract": false, "is_blue_chip_holder": true, "is_super_blue_chip_holder": false, "is_multi_sign_wallet": false, "das": null, "alias": "lazymannft.eth"}, "event": "sale", "quantity": 1, "tx_hash": "0xb46f335b5bd6297a33e203953801efc85a85416a75fefbd81b706504b52ae949", "time": 1705401503, "nft": {"contract_address": "0xc274a97f1691ef390f662067e95a6eff1f99b504", "token_id": "1639", "name": "TinFun #1639", "blockchain": "ETH", "image": "https://lh3.googleusercontent.com/YaRhN3Y93XhO2QgAGMbeR_aU2xerU0Rf2WPJ3YSNKcO6iXIyCAZFkmsPyxJaUc2N0SFGKrojbYVOseHkx7sacHZgBs1f97WA8qE", "contract_type": "ERC721"}, "collection": {"collection_id": "65a13036c284b18008bd25b7", "name": "TinFun", "logo": "https://i.seadn.io/s/raw/files/a531bedf317b5ffe5a35d559b5c94cd9.jpg?w=500&auto=format", "slug": "tin-fun"}, "gas_fee": {"value": 0.0099, "raw_value": 9900000000000000, "usd": 25.1869, "payment_token": {"address": "0x0000000000000000000000000000000000000000", "symbol": "ETH", "decimals": 18}}, "price": {"value": 0.78, "raw_value": 780000000000000000, "usd": 1980.915270208851, "payment_token": {"address": "0x0000000000000000000000000000000000000000", "symbol": "ETH", "decimals": 18}}, "marketplace_path": ["blur"], "fees": [{"fee_type": "royalty", "recipient": "0x6650dc11f439f14d4dfbea75233bd9b0099a0647", "bps": 50, "price": {"value": 0.0039, "raw_value": 3900000000000000, "usd": 9.848048, "payment_token": {"address": "0x0000000000a39bb272e79075ade125fd351887ac", "symbol": "BETH", "decimals": 18}}}], "trait_offer_target": null}, {"blockchain": "ETH", "sender": {"address": "0x9c731c50fb63ee893121245b58816e212f64df6e", "ens": null, "is_whale": false, "blockchain": "ETH", "is_contract": false, "is_blue_chip_holder": false, "is_super_blue_chip_holder": false, "is_multi_sign_wallet": false, "das": null, "alias": null}, "receiver": {"address": "0xd883fb2c3285c0700d45ddfbd6ebe836a75cb07f", "ens": null, "is_whale": false, "blockchain": "ETH", "is_contract": false, "is_blue_chip_holder": true, "is_super_blue_chip_holder": false, "is_multi_sign_wallet": false, "das": null, "alias": null}, "event": "sale", "quantity": 1, "tx_hash": "0x0692a69272594534f306919f7af2329696f1112ea56bf457c08495f1464f1139", "time": 1705393847, "nft": {"contract_address": "0xc274a97f1691ef390f662067e95a6eff1f99b504", "token_id": "1639", "name": "TinFun #1639", "blockchain": "ETH", "image": "https://lh3.googleusercontent.com/YaRhN3Y93XhO2QgAGMbeR_aU2xerU0Rf2WPJ3YSNKcO6iXIyCAZFkmsPyxJaUc2N0SFGKrojbYVOseHkx7sacHZgBs1f97WA8qE", "contract_type": "ERC721"}, "collection": {"collection_id": "65a13036c284b18008bd25b7", "name": "TinFun", "logo": "https://i.seadn.io/s/raw/files/a531bedf317b5ffe5a35d559b5c94cd9.jpg?w=500&auto=format", "slug": "tin-fun"}, "gas_fee": {"value": 0.0072, "raw_value": 7200000000000000, "usd": 18.2823, "payment_token": {"address": "0x0000000000000000000000000000000000000000", "symbol": "ETH", "decimals": 18}}, "price": {"value": 0.79, "raw_value": 790000000000000000, "usd": 1994.8609476916306, "payment_token": {"address": "0x0000000000000000000000000000000000000000", "symbol": "ETH", "decimals": 18}}, "marketplace_path": ["blur"], "fees": [{"fee_type": "royalty", "recipient": "0x6650dc11f439f14d4dfbea75233bd9b0099a0647", "bps": 50, "price": {"value": 0.00395, "raw_value": 3950000000000000, "usd": 9.997356, "payment_token": {"address": "0x0000000000a39bb272e79075ade125fd351887ac", "symbol": "BETH", "decimals": 18}}}], "trait_offer_target": null}, {"blockchain": "ETH", "sender": {"address": "0xa69833b9fda816f1bfc79517e7932e64708df0dd", "ens": null, "is_whale": false, "blockchain": "ETH", "is_contract": false, "is_blue_chip_holder": true, "is_super_blue_chip_holder": false, "is_multi_sign_wallet": false, "das": null, "alias": null}, "receiver": {"address": "0x9c731c50fb63ee893121245b58816e212f64df6e", "ens": null, "is_whale": false, "blockchain": "ETH", "is_contract": false, "is_blue_chip_holder": false, "is_super_blue_chip_holder": false, "is_multi_sign_wallet": false, "das": null, "alias": null}, "event": "sale", "quantity": 1, "tx_hash": "0xc8d5ec3f5a92a44865a1ab918d4604dc08050a455293bfd9893fee3af60c51d1", "time": 1705391915, "nft": {"contract_address": "0xc274a97f1691ef390f662067e95a6eff1f99b504", "token_id": "1639", "name": "TinFun #1639", "blockchain": "ETH", "image": "https://lh3.googleusercontent.com/YaRhN3Y93XhO2QgAGMbeR_aU2xerU0Rf2WPJ3YSNKcO6iXIyCAZFkmsPyxJaUc2N0SFGKrojbYVOseHkx7sacHZgBs1f97WA8qE", "contract_type": "ERC721"}, "collection": {"collection_id": "65a13036c284b18008bd25b7", "name": "TinFun", "logo": "https://i.seadn.io/s/raw/files/a531bedf317b5ffe5a35d559b5c94cd9.jpg?w=500&auto=format", "slug": "tin-fun"}, "gas_fee": {"value": 0.0156, "raw_value": 15600000000000000, "usd": 39.6005, "payment_token": {"address": "0x0000000000000000000000000000000000000000", "symbol": "ETH", "decimals": 18}}, "price": {"value": 0.8, "raw_value": 800000000000000000, "usd": 2025.477282236061, "payment_token": {"address": "0x0000000000000000000000000000000000000000", "symbol": "ETH", "decimals": 18}}, "marketplace_path": ["blur"], "fees": [{"fee_type": "royalty", "recipient": "0x6650dc11f439f14d4dfbea75233bd9b0099a0647", "bps": 50, "price": {"value": 0.004, "raw_value": 4000000000000000, "usd": 10.112053, "payment_token": {"address": "0x0000000000a39bb272e79075ade125fd351887ac", "symbol": "BETH", "decimals": 18}}}], "trait_offer_target": null}, {"blockchain": "ETH", "sender": {"address": "0xabf84116200e0a67d4d6673f6ace1da3f8a216f3", "ens": "bitfuture.eth", "is_whale": false, "blockchain": "ETH", "is_contract": false, "is_blue_chip_holder": false, "is_super_blue_chip_holder": false, "is_multi_sign_wallet": false, "das": null, "alias": "bitfuture.eth"}, "receiver": {"address": "0xa69833b9fda816f1bfc79517e7932e64708df0dd", "ens": null, "is_whale": false, "blockchain": "ETH", "is_contract": false, "is_blue_chip_holder": true, "is_super_blue_chip_holder": false, "is_multi_sign_wallet": false, "das": null, "alias": null}, "event": "sale", "quantity": 1, "tx_hash": "0x4480a23effadc04f62af58f61e9a882bf05003eb5c61ca965fe3fa75d02ed599", "time": 1705353227, "nft": {"contract_address": "0xc274a97f1691ef390f662067e95a6eff1f99b504", "token_id": "1639", "name": "TinFun #1639", "blockchain": "ETH", "image": "https://lh3.googleusercontent.com/YaRhN3Y93XhO2QgAGMbeR_aU2xerU0Rf2WPJ3YSNKcO6iXIyCAZFkmsPyxJaUc2N0SFGKrojbYVOseHkx7sacHZgBs1f97WA8qE", "contract_type": "ERC721"}, "collection": {"collection_id": "65a13036c284b18008bd25b7", "name": "TinFun", "logo": "https://i.seadn.io/s/raw/files/a531bedf317b5ffe5a35d559b5c94cd9.jpg?w=500&auto=format", "slug": "tin-fun"}, "gas_fee": {"value": 0.0064, "raw_value": 6400000000000000, "usd": 16.1024, "payment_token": {"address": "0x0000000000000000000000000000000000000000", "symbol": "ETH", "decimals": 18}}, "price": {"value": 0.78, "raw_value": 780000000000000000, "usd": 1972.4342579109884, "payment_token": {"address": "0x0000000000000000000000000000000000000000", "symbol": "ETH", "decimals": 18}}, "marketplace_path": ["blur"], "fees": [{"fee_type": "royalty", "recipient": "0x6650dc11f439f14d4dfbea75233bd9b0099a0647", "bps": 50, "price": {"value": 0.0039, "raw_value": 3900000000000000, "usd": 9.900131, "payment_token": {"address": "0x0000000000a39bb272e79075ade125fd351887ac", "symbol": "BETH", "decimals": 18}}}], "trait_offer_target": null}]