[{"blockchain": "ETH", "sender": {"address": "0xfa18da7e2db0802312bf47ed927ccffeeba4036a", "ens": "\u8ba9\u5b50\u5f39\u98de\u5427.eth", "is_whale": false, "blockchain": "ETH", "is_contract": false, "is_blue_chip_holder": true, "is_super_blue_chip_holder": false, "is_multi_sign_wallet": false, "das": null, "alias": "\u8ba9\u5b50\u5f39\u98de\u5427.eth"}, "receiver": {"address": "0x8177e9fa379b85e01b2b30140ddc446b9875106a", "ens": null, "is_whale": false, "blockchain": "ETH", "is_contract": true, "is_blue_chip_holder": false, "is_super_blue_chip_holder": false, "is_multi_sign_wallet": false, "das": null, "alias": null}, "event": "transfer", "quantity": 1, "tx_hash": "0x1047b85cd5ed43636ed89ca3f07873bbf0dea8b2b9e2a773faee4fb136beeee9", "time": 1711861463, "nft": {"contract_address": "0xc274a97f1691ef390f662067e95a6eff1f99b504", "token_id": "2609", "name": "TinFun #2609", "blockchain": "ETH", "image": "https://lh3.googleusercontent.com/uNy_RxPwFtHMygFlXRqNdsfG1P5NCW1vjMsgSHdi6wQ9PPbR3G5H1O_a5uvcNgSTuwqAh33WP3Z3jL902CfCxbX0yw3CJ54V6xc", "contract_type": "ERC721"}, "collection": {"collection_id": "65a13036c284b18008bd25b7", "name": "TinFun", "logo": "https://i.seadn.io/s/raw/files/a531bedf317b5ffe5a35d559b5c94cd9.jpg?w=500&auto=format", "slug": "tin-fun"}, "gas_fee": {"value": 0.0488, "raw_value": 48800000000000000, "usd": 172.9837, "payment_token": {"address": "0x0000000000000000000000000000000000000000", "symbol": "ETH", "decimals": 18}}, "price": null, "marketplace_path": [], "fees": [], "trait_offer_target": null}, {"blockchain": "ETH", "sender": {"address": "0x77c223f8ffcda453919a7e56e8e143fa457215c8", "ens": null, "is_whale": false, "blockchain": "ETH", "is_contract": false, "is_blue_chip_holder": false, "is_super_blue_chip_holder": false, "is_multi_sign_wallet": false, "das": null, "alias": null}, "receiver": {"address": "0xfa18da7e2db0802312bf47ed927ccffeeba4036a", "ens": "\u8ba9\u5b50\u5f39\u98de\u5427.eth", "is_whale": false, "blockchain": "ETH", "is_contract": false, "is_blue_chip_holder": true, "is_super_blue_chip_holder": false, "is_multi_sign_wallet": false, "das": null, "alias": "\u8ba9\u5b50\u5f39\u98de\u5427.eth"}, "event": "sale", "quantity": 1, "tx_hash": "0xaa0e6eb50d8b2ce3789bf0b2a664146e35cd4d0d7a3e0474d742e4edfcde1600", "time": 1710384539, "nft": {"contract_address": "0xc274a97f1691ef390f662067e95a6eff1f99b504", "token_id": "2609", "name": "TinFun #2609", "blockchain": "ETH", "image": "https://lh3.googleusercontent.com/uNy_RxPwFtHMygFlXRqNdsfG1P5NCW1vjMsgSHdi6wQ9PPbR3G5H1O_a5uvcNgSTuwqAh33WP3Z3jL902CfCxbX0yw3CJ54V6xc", "contract_type": "ERC721"}, "collection": {"collection_id": "65a13036c284b18008bd25b7", "name": "TinFun", "logo": "https://i.seadn.io/s/raw/files/a531bedf317b5ffe5a35d559b5c94cd9.jpg?w=500&auto=format", "slug": "tin-fun"}, "gas_fee": {"value": 0.0147, "raw_value": 14700000000000000, "usd": 58.5449, "payment_token": {"address": "0x0000000000000000000000000000000000000000", "symbol": "ETH", "decimals": 18}}, "price": {"value": 0.16, "raw_value": 160000000000000000, "usd": 637.7808152530237, "payment_token": {"address": "0x0000000000000000000000000000000000000000", "symbol": "ETH", "decimals": 18}}, "marketplace_path": ["blur"], "fees": [{"fee_type": "royalty", "recipient": "0x6650dc11f439f14d4dfbea75233bd9b0099a0647", "bps": 50, "price": {"value": 0.0008, "raw_value": 800000000000000, "usd": 3.204596, "payment_token": {"address": "0x0000000000a39bb272e79075ade125fd351887ac", "symbol": "BETH", "decimals": 18}}}], "trait_offer_target": null}]