[{"blockchain": "ETH", "sender": {"address": "0xb21705e90c3e90fb9d3e8778a11d21d532a9563a", "ens": null, "is_whale": false, "blockchain": "ETH", "is_contract": false, "is_blue_chip_holder": false, "is_super_blue_chip_holder": false, "is_multi_sign_wallet": false, "das": null, "alias": null}, "receiver": {"address": "0xfb46991e74a2807482e75fa91adfe68888888888", "ens": "cryptojump.eth", "is_whale": false, "blockchain": "ETH", "is_contract": false, "is_blue_chip_holder": false, "is_super_blue_chip_holder": false, "is_multi_sign_wallet": false, "das": null, "alias": "cryptojump.eth"}, "event": "sale", "quantity": 1, "tx_hash": "0x588926af81f6b6127655d54d4c59b187ef709b4d9f9f0dd6658fff9e479b9840", "time": 1705071923, "nft": {"contract_address": "0xc274a97f1691ef390f662067e95a6eff1f99b504", "token_id": "2577", "name": "TinFun #2577", "blockchain": "ETH", "image": "https://lh3.googleusercontent.com/AcAwUMd48kP5hQ2N-8Jynr3M5H6cywM-WlYoUozEMd92KqzOgNQW8VJkW_-ctscbGedPp1XSFoHU_CUGfrm2QmK-TqnXO5dvz1Q", "contract_type": "ERC721"}, "collection": {"collection_id": "65a13036c284b18008bd25b7", "name": "TinFun", "logo": "https://i.seadn.io/s/raw/files/a531bedf317b5ffe5a35d559b5c94cd9.jpg?w=500&auto=format", "slug": "tin-fun"}, "gas_fee": {"value": 0.0061, "raw_value": 6100000000000000, "usd": 16.396, "payment_token": {"address": "0x0000000000000000000000000000000000000000", "symbol": "ETH", "decimals": 18}}, "price": {"value": 0.88, "raw_value": 880000000000000000, "usd": 2381.9293463457543, "payment_token": {"address": "0x0000000000000000000000000000000000000000", "symbol": "ETH", "decimals": 18}}, "marketplace_path": ["blur"], "fees": [{"fee_type": "royalty", "recipient": "0x6650dc11f439f14d4dfbea75233bd9b0099a0647", "bps": 50, "price": {"value": 0.0044, "raw_value": 4400000000000000, "usd": 11.661797, "payment_token": {"address": "0x0000000000000000000000000000000000000000", "symbol": "ETH", "decimals": 18}}}], "trait_offer_target": null}, {"blockchain": "ETH", "sender": {"address": "0xefc1f82417697ff372f7a3d0f978ddfbd5d5f553", "ens": null, "is_whale": false, "blockchain": "ETH", "is_contract": false, "is_blue_chip_holder": false, "is_super_blue_chip_holder": false, "is_multi_sign_wallet": false, "das": null, "alias": null}, "receiver": {"address": "0xb21705e90c3e90fb9d3e8778a11d21d532a9563a", "ens": null, "is_whale": false, "blockchain": "ETH", "is_contract": false, "is_blue_chip_holder": false, "is_super_blue_chip_holder": false, "is_multi_sign_wallet": false, "das": null, "alias": null}, "event": "transfer", "quantity": 1, "tx_hash": "0xb99d661c9a102c7848e9b7a912b3145f0661c3834640f7c312deca8d7015ca56", "time": 1705070771, "nft": {"contract_address": "0xc274a97f1691ef390f662067e95a6eff1f99b504", "token_id": "2577", "name": "TinFun #2577", "blockchain": "ETH", "image": "https://lh3.googleusercontent.com/AcAwUMd48kP5hQ2N-8Jynr3M5H6cywM-WlYoUozEMd92KqzOgNQW8VJkW_-ctscbGedPp1XSFoHU_CUGfrm2QmK-TqnXO5dvz1Q", "contract_type": "ERC721"}, "collection": {"collection_id": "65a13036c284b18008bd25b7", "name": "TinFun", "logo": "https://i.seadn.io/s/raw/files/a531bedf317b5ffe5a35d559b5c94cd9.jpg?w=500&auto=format", "slug": "tin-fun"}, "gas_fee": {"value": 0.0018, "raw_value": 1800000000000000, "usd": 4.719, "payment_token": {"address": "0x0000000000000000000000000000000000000000", "symbol": "ETH", "decimals": 18}}, "price": null, "marketplace_path": [], "fees": [], "trait_offer_target": null}]