[{"blockchain": "ETH", "sender": {"address": "0xb95caa0a1749d90a1764e8ac0ff51df63f4b6bb7", "ens": "0xb95.eth", "is_whale": false, "blockchain": "ETH", "is_contract": false, "is_blue_chip_holder": false, "is_super_blue_chip_holder": false, "is_multi_sign_wallet": false, "das": "allrights.bit", "alias": "0xb95.eth"}, "receiver": {"address": "0x8177e9fa379b85e01b2b30140ddc446b9875106a", "ens": null, "is_whale": false, "blockchain": "ETH", "is_contract": true, "is_blue_chip_holder": false, "is_super_blue_chip_holder": false, "is_multi_sign_wallet": false, "das": null, "alias": null}, "event": "transfer", "quantity": 1, "tx_hash": "0x3498c9ed4b06959f7398d7cebff1c682f222c2c264923eda955e5db81de3aa74", "time": 1712994827, "nft": {"contract_address": "0xc274a97f1691ef390f662067e95a6eff1f99b504", "token_id": "613", "name": "TinFun #613", "blockchain": "ETH", "image": "https://lh3.googleusercontent.com/ydSCgmNtQDRyke6u_0WgD5Hlr9Vo7EbilAZH5HCH6VykKUDYxC2Fr9h094aOCAabhMFrgbDt_fOxIBTh5E6g9RmDCJ26oGY9DEU", "contract_type": "ERC721"}, "collection": {"collection_id": "65a13036c284b18008bd25b7", "name": "TinFun", "logo": "https://i.seadn.io/s/raw/files/a531bedf317b5ffe5a35d559b5c94cd9.jpg?w=500&auto=format", "slug": "tin-fun"}, "gas_fee": {"value": 0.0008, "raw_value": 800000000000000, "usd": 2.7121, "payment_token": {"address": "0x0000000000000000000000000000000000000000", "symbol": "ETH", "decimals": 18}}, "price": null, "marketplace_path": [], "fees": [], "trait_offer_target": null}, {"blockchain": "ETH", "sender": {"address": "0x0ac0b44e7ab0859d79a7de6d47c6140e0c19eb0f", "ens": null, "is_whale": false, "blockchain": "ETH", "is_contract": false, "is_blue_chip_holder": true, "is_super_blue_chip_holder": false, "is_multi_sign_wallet": false, "das": null, "alias": null}, "receiver": {"address": "0xb95caa0a1749d90a1764e8ac0ff51df63f4b6bb7", "ens": "0xb95.eth", "is_whale": false, "blockchain": "ETH", "is_contract": false, "is_blue_chip_holder": false, "is_super_blue_chip_holder": false, "is_multi_sign_wallet": false, "das": "allrights.bit", "alias": "0xb95.eth"}, "event": "transfer", "quantity": 1, "tx_hash": "0x86b80a7883a97882d2ab511af5e7d81cf959a9a7bf1c54094d06b4a3d30f5fa2", "time": 1712993099, "nft": {"contract_address": "0xc274a97f1691ef390f662067e95a6eff1f99b504", "token_id": "613", "name": "TinFun #613", "blockchain": "ETH", "image": "https://lh3.googleusercontent.com/ydSCgmNtQDRyke6u_0WgD5Hlr9Vo7EbilAZH5HCH6VykKUDYxC2Fr9h094aOCAabhMFrgbDt_fOxIBTh5E6g9RmDCJ26oGY9DEU", "contract_type": "ERC721"}, "collection": {"collection_id": "65a13036c284b18008bd25b7", "name": "TinFun", "logo": "https://i.seadn.io/s/raw/files/a531bedf317b5ffe5a35d559b5c94cd9.jpg?w=500&auto=format", "slug": "tin-fun"}, "gas_fee": {"value": 0.0008, "raw_value": 800000000000000, "usd": 2.6816, "payment_token": {"address": "0x0000000000000000000000000000000000000000", "symbol": "ETH", "decimals": 18}}, "price": null, "marketplace_path": [], "fees": [], "trait_offer_target": null}]