[{"blockchain": "ETH", "sender": {"address": "0x07ebab7b60e68cb86f4543274c8f8745ae285da1", "ens": null, "is_whale": false, "blockchain": "ETH", "is_contract": false, "is_blue_chip_holder": false, "is_super_blue_chip_holder": false, "is_multi_sign_wallet": false, "das": null, "alias": null}, "receiver": {"address": "0x8177e9fa379b85e01b2b30140ddc446b9875106a", "ens": null, "is_whale": false, "blockchain": "ETH", "is_contract": true, "is_blue_chip_holder": false, "is_super_blue_chip_holder": false, "is_multi_sign_wallet": false, "das": null, "alias": null}, "event": "transfer", "quantity": 1, "tx_hash": "0x2df5b09913122466487e664de0655da1fad016d8599d6fd6309cac3b4f919fc9", "time": 1712892467, "nft": {"contract_address": "0xc274a97f1691ef390f662067e95a6eff1f99b504", "token_id": "2310", "name": "TinFun #2310", "blockchain": "ETH", "image": "https://lh3.googleusercontent.com/IWhdQawQ8EJwBz_MoxiPkwPLnfkVvTfXVznZ_Qww7CZkXQrfukay9mnrm9WRkZsNpuBNocBGJt8KzjpLBpJhHF7PDAZCUJy26BZs", "contract_type": "ERC721"}, "collection": {"collection_id": "65a13036c284b18008bd25b7", "name": "TinFun", "logo": "https://i.seadn.io/s/raw/files/a531bedf317b5ffe5a35d559b5c94cd9.jpg?w=500&auto=format", "slug": "tin-fun"}, "gas_fee": {"value": 0.001, "raw_value": 1000000000000000, "usd": 3.5127, "payment_token": {"address": "0x0000000000000000000000000000000000000000", "symbol": "ETH", "decimals": 18}}, "price": null, "marketplace_path": [], "fees": [], "trait_offer_target": null}, {"blockchain": "ETH", "sender": {"address": "0xfe21e5f87fa0f5c97214b4d389b655b05b25e911", "ens": null, "is_whale": false, "blockchain": "ETH", "is_contract": false, "is_blue_chip_holder": false, "is_super_blue_chip_holder": false, "is_multi_sign_wallet": false, "das": null, "alias": null}, "receiver": {"address": "0x07ebab7b60e68cb86f4543274c8f8745ae285da1", "ens": null, "is_whale": false, "blockchain": "ETH", "is_contract": false, "is_blue_chip_holder": false, "is_super_blue_chip_holder": false, "is_multi_sign_wallet": false, "das": null, "alias": null}, "event": "transfer", "quantity": 1, "tx_hash": "0x64ba5c12042f45d58979363644662f7732675e23900fac63db9cc1ee02b82f5c", "time": 1705271999, "nft": {"contract_address": "0xc274a97f1691ef390f662067e95a6eff1f99b504", "token_id": "2310", "name": "TinFun #2310", "blockchain": "ETH", "image": "https://lh3.googleusercontent.com/IWhdQawQ8EJwBz_MoxiPkwPLnfkVvTfXVznZ_Qww7CZkXQrfukay9mnrm9WRkZsNpuBNocBGJt8KzjpLBpJhHF7PDAZCUJy26BZs", "contract_type": "ERC721"}, "collection": {"collection_id": "65a13036c284b18008bd25b7", "name": "TinFun", "logo": "https://i.seadn.io/s/raw/files/a531bedf317b5ffe5a35d559b5c94cd9.jpg?w=500&auto=format", "slug": "tin-fun"}, "gas_fee": {"value": 0.0018, "raw_value": 1800000000000000, "usd": 4.4918, "payment_token": {"address": "0x0000000000000000000000000000000000000000", "symbol": "ETH", "decimals": 18}}, "price": null, "marketplace_path": [], "fees": [], "trait_offer_target": null}]