[{"blockchain": "ETH", "sender": {"address": "0xf53feaeb035361c046e5669745695e450ebb4028", "ens": "orz-allinornothing.eth", "is_whale": true, "blockchain": "ETH", "is_contract": false, "is_blue_chip_holder": false, "is_super_blue_chip_holder": false, "is_multi_sign_wallet": false, "das": null, "alias": "orz-allinornothing.eth"}, "receiver": {"address": "0x73d30ba3dc4ffd17c28cc2d75d12e50df98f29cf", "ens": "nakiri.eth", "is_whale": false, "blockchain": "ETH", "is_contract": false, "is_blue_chip_holder": false, "is_super_blue_chip_holder": false, "is_multi_sign_wallet": false, "das": null, "alias": "nakiri.eth"}, "event": "sale", "quantity": 1, "tx_hash": "0x8d07ff6ad21efdd9b097cad1254ed4ce9a920a75f12e121717354009033567e6", "time": 1713243623, "nft": {"contract_address": "0xc274a97f1691ef390f662067e95a6eff1f99b504", "token_id": "4712", "name": "TinFun #4712", "blockchain": "ETH", "image": "https://lh3.googleusercontent.com/j1N3YqhSOU5AmlzUXctRUo4kMub1Ak4Lyelrq85CbKi--v28bWMOF1G_Rw5ozK8qiAprDaw79idpmEqbGFmh9k509xmuryBgB0T_", "contract_type": "ERC721"}, "collection": {"collection_id": "65a13036c284b18008bd25b7", "name": "TinFun", "logo": "https://i.seadn.io/s/raw/files/a531bedf317b5ffe5a35d559b5c94cd9.jpg?w=500&auto=format", "slug": "tin-fun"}, "gas_fee": {"value": 0.0262, "raw_value": 26200000000000000, "usd": 79.2211, "payment_token": {"address": "0x0000000000000000000000000000000000000000", "symbol": "ETH", "decimals": 18}}, "price": {"value": 0.17, "raw_value": 170000000000000000, "usd": 514.6478777420145, "payment_token": {"address": "0x0000000000000000000000000000000000000000", "symbol": "ETH", "decimals": 18}}, "marketplace_path": ["blur"], "fees": [{"fee_type": "royalty", "recipient": "0x6650dc11f439f14d4dfbea75233bd9b0099a0647", "bps": 50, "price": {"value": 0.00085, "raw_value": 850000000000000, "usd": 2.630649, "payment_token": {"address": "0x0000000000a39bb272e79075ade125fd351887ac", "symbol": "BETH", "decimals": 18}}}], "trait_offer_target": null}, {"blockchain": "ETH", "sender": {"address": "0x458dbf62e68463fe0b14c0f8dd69e695d23ca0cb", "ens": null, "is_whale": false, "blockchain": "ETH", "is_contract": false, "is_blue_chip_holder": false, "is_super_blue_chip_holder": false, "is_multi_sign_wallet": false, "das": null, "alias": null}, "receiver": {"address": "0xf53feaeb035361c046e5669745695e450ebb4028", "ens": "orz-allinornothing.eth", "is_whale": true, "blockchain": "ETH", "is_contract": false, "is_blue_chip_holder": false, "is_super_blue_chip_holder": false, "is_multi_sign_wallet": false, "das": null, "alias": "orz-allinornothing.eth"}, "event": "transfer", "quantity": 1, "tx_hash": "0x9adee13db577d3efbf09306fe776b8eb4369a035d0a7b4694efcd364c88f29f7", "time": 1706772683, "nft": {"contract_address": "0xc274a97f1691ef390f662067e95a6eff1f99b504", "token_id": "4712", "name": "TinFun #4712", "blockchain": "ETH", "image": "https://lh3.googleusercontent.com/j1N3YqhSOU5AmlzUXctRUo4kMub1Ak4Lyelrq85CbKi--v28bWMOF1G_Rw5ozK8qiAprDaw79idpmEqbGFmh9k509xmuryBgB0T_", "contract_type": "ERC721"}, "collection": {"collection_id": "65a13036c284b18008bd25b7", "name": "TinFun", "logo": "https://i.seadn.io/s/raw/files/a531bedf317b5ffe5a35d559b5c94cd9.jpg?w=500&auto=format", "slug": "tin-fun"}, "gas_fee": {"value": 0.0304, "raw_value": 30400000000000000, "usd": 68.998, "payment_token": {"address": "0x0000000000000000000000000000000000000000", "symbol": "ETH", "decimals": 18}}, "price": null, "marketplace_path": [], "fees": [], "trait_offer_target": null}, {"blockchain": "ETH", "sender": {"address": "0xa1c0c0ff6eaa63e7b0c7bf441fc146afdb08fc7b", "ens": "leftyyyy.eth", "is_whale": false, "blockchain": "ETH", "is_contract": false, "is_blue_chip_holder": true, "is_super_blue_chip_holder": false, "is_multi_sign_wallet": false, "das": null, "alias": "leftyyyy.eth"}, "receiver": {"address": "0x458dbf62e68463fe0b14c0f8dd69e695d23ca0cb", "ens": null, "is_whale": false, "blockchain": "ETH", "is_contract": false, "is_blue_chip_holder": false, "is_super_blue_chip_holder": false, "is_multi_sign_wallet": false, "das": null, "alias": null}, "event": "sale", "quantity": 1, "tx_hash": "0xc2b5dc6f81a59c4a36b778b8956cf6e8364f2a2c1214180003e29df9a07763c8", "time": 1705717271, "nft": {"contract_address": "0xc274a97f1691ef390f662067e95a6eff1f99b504", "token_id": "4712", "name": "TinFun #4712", "blockchain": "ETH", "image": "https://lh3.googleusercontent.com/j1N3YqhSOU5AmlzUXctRUo4kMub1Ak4Lyelrq85CbKi--v28bWMOF1G_Rw5ozK8qiAprDaw79idpmEqbGFmh9k509xmuryBgB0T_", "contract_type": "ERC721"}, "collection": {"collection_id": "65a13036c284b18008bd25b7", "name": "TinFun", "logo": "https://i.seadn.io/s/raw/files/a531bedf317b5ffe5a35d559b5c94cd9.jpg?w=500&auto=format", "slug": "tin-fun"}, "gas_fee": {"value": 0.0026, "raw_value": 2600000000000000, "usd": 6.3871, "payment_token": {"address": "0x0000000000000000000000000000000000000000", "symbol": "ETH", "decimals": 18}}, "price": {"value": 0.62, "raw_value": 620000000000000000, "usd": 1542.1127906703755, "payment_token": {"address": "0x0000000000000000000000000000000000000000", "symbol": "ETH", "decimals": 18}}, "marketplace_path": ["blur"], "fees": [{"fee_type": "royalty", "recipient": "0x6650dc11f439f14d4dfbea75233bd9b0099a0647", "bps": 50, "price": {"value": 0.0031, "raw_value": 3100000000000000, "usd": 7.718528, "payment_token": {"address": "0x0000000000a39bb272e79075ade125fd351887ac", "symbol": "BETH", "decimals": 18}}}], "trait_offer_target": null}, {"blockchain": "ETH", "sender": {"address": "0x5f1ee29361206f1a129e808736f11598356c6031", "ens": "\u5c0f\u79b9\u79d1\u6280.eth", "is_whale": false, "blockchain": "ETH", "is_contract": false, "is_blue_chip_holder": false, "is_super_blue_chip_holder": false, "is_multi_sign_wallet": false, "das": null, "alias": "\u5c0f\u79b9\u79d1\u6280.eth"}, "receiver": {"address": "0xa1c0c0ff6eaa63e7b0c7bf441fc146afdb08fc7b", "ens": "leftyyyy.eth", "is_whale": false, "blockchain": "ETH", "is_contract": false, "is_blue_chip_holder": true, "is_super_blue_chip_holder": false, "is_multi_sign_wallet": false, "das": null, "alias": "leftyyyy.eth"}, "event": "sale", "quantity": 1, "tx_hash": "0x857348c42ffc00931b4891c126de0025a85fc8ed4aafad2a708886b38b798c4c", "time": 1705668599, "nft": {"contract_address": "0xc274a97f1691ef390f662067e95a6eff1f99b504", "token_id": "4712", "name": "TinFun #4712", "blockchain": "ETH", "image": "https://lh3.googleusercontent.com/j1N3YqhSOU5AmlzUXctRUo4kMub1Ak4Lyelrq85CbKi--v28bWMOF1G_Rw5ozK8qiAprDaw79idpmEqbGFmh9k509xmuryBgB0T_", "contract_type": "ERC721"}, "collection": {"collection_id": "65a13036c284b18008bd25b7", "name": "TinFun", "logo": "https://i.seadn.io/s/raw/files/a531bedf317b5ffe5a35d559b5c94cd9.jpg?w=500&auto=format", "slug": "tin-fun"}, "gas_fee": {"value": 0.0064, "raw_value": 6400000000000000, "usd": 15.8271, "payment_token": {"address": "0x0000000000000000000000000000000000000000", "symbol": "ETH", "decimals": 18}}, "price": {"value": 0.64, "raw_value": 640000000000000000, "usd": 1591.6854040660064, "payment_token": {"address": "0x0000000000000000000000000000000000000000", "symbol": "ETH", "decimals": 18}}, "marketplace_path": ["blur"], "fees": [{"fee_type": "royalty", "recipient": "0x6650dc11f439f14d4dfbea75233bd9b0099a0647", "bps": 50, "price": {"value": 0.0032, "raw_value": 3200000000000000, "usd": 7.932886, "payment_token": {"address": "0x0000000000a39bb272e79075ade125fd351887ac", "symbol": "BETH", "decimals": 18}}}], "trait_offer_target": null}, {"blockchain": "ETH", "sender": {"address": "0x65f9bfb0bd79a68fd836998e4ebfc4c980906f5e", "ens": null, "is_whale": false, "blockchain": "ETH", "is_contract": false, "is_blue_chip_holder": false, "is_super_blue_chip_holder": false, "is_multi_sign_wallet": false, "das": null, "alias": null}, "receiver": {"address": "0x5f1ee29361206f1a129e808736f11598356c6031", "ens": "\u5c0f\u79b9\u79d1\u6280.eth", "is_whale": false, "blockchain": "ETH", "is_contract": false, "is_blue_chip_holder": false, "is_super_blue_chip_holder": false, "is_multi_sign_wallet": false, "das": null, "alias": "\u5c0f\u79b9\u79d1\u6280.eth"}, "event": "sale", "quantity": 1, "tx_hash": "0x071581b544fdeb30211bf2e04ea4a5763c4c568ebdc81aa5d222e808b05e6f12", "time": 1705651115, "nft": {"contract_address": "0xc274a97f1691ef390f662067e95a6eff1f99b504", "token_id": "4712", "name": "TinFun #4712", "blockchain": "ETH", "image": "https://lh3.googleusercontent.com/j1N3YqhSOU5AmlzUXctRUo4kMub1Ak4Lyelrq85CbKi--v28bWMOF1G_Rw5ozK8qiAprDaw79idpmEqbGFmh9k509xmuryBgB0T_", "contract_type": "ERC721"}, "collection": {"collection_id": "65a13036c284b18008bd25b7", "name": "TinFun", "logo": "https://i.seadn.io/s/raw/files/a531bedf317b5ffe5a35d559b5c94cd9.jpg?w=500&auto=format", "slug": "tin-fun"}, "gas_fee": {"value": 0.0233, "raw_value": 23300000000000000, "usd": 57.4494, "payment_token": {"address": "0x0000000000000000000000000000000000000000", "symbol": "ETH", "decimals": 18}}, "price": {"value": 0.64, "raw_value": 640000000000000000, "usd": 1580.806634496685, "payment_token": {"address": "0x0000000000000000000000000000000000000000", "symbol": "ETH", "decimals": 18}}, "marketplace_path": ["blur"], "fees": [{"fee_type": "royalty", "recipient": "0x6650dc11f439f14d4dfbea75233bd9b0099a0647", "bps": 50, "price": {"value": 0.0032, "raw_value": 3200000000000000, "usd": 7.869616, "payment_token": {"address": "0x0000000000a39bb272e79075ade125fd351887ac", "symbol": "BETH", "decimals": 18}}}], "trait_offer_target": null}, {"blockchain": "ETH", "sender": {"address": "0x8d93a773dce2a3dff63b5d9165bb4f8710ac2e13", "ens": null, "is_whale": false, "blockchain": "ETH", "is_contract": false, "is_blue_chip_holder": false, "is_super_blue_chip_holder": false, "is_multi_sign_wallet": false, "das": null, "alias": null}, "receiver": {"address": "0x65f9bfb0bd79a68fd836998e4ebfc4c980906f5e", "ens": null, "is_whale": false, "blockchain": "ETH", "is_contract": false, "is_blue_chip_holder": false, "is_super_blue_chip_holder": false, "is_multi_sign_wallet": false, "das": null, "alias": null}, "event": "transfer", "quantity": 1, "tx_hash": "0x731ab5f53d54440738de553cf7559a4d7d756ff59da11ab303d27ee26edfa61c", "time": 1705078427, "nft": {"contract_address": "0xc274a97f1691ef390f662067e95a6eff1f99b504", "token_id": "4712", "name": "TinFun #4712", "blockchain": "ETH", "image": "https://lh3.googleusercontent.com/j1N3YqhSOU5AmlzUXctRUo4kMub1Ak4Lyelrq85CbKi--v28bWMOF1G_Rw5ozK8qiAprDaw79idpmEqbGFmh9k509xmuryBgB0T_", "contract_type": "ERC721"}, "collection": {"collection_id": "65a13036c284b18008bd25b7", "name": "TinFun", "logo": "https://i.seadn.io/s/raw/files/a531bedf317b5ffe5a35d559b5c94cd9.jpg?w=500&auto=format", "slug": "tin-fun"}, "gas_fee": {"value": 0.0025, "raw_value": 2500000000000000, "usd": 6.6006, "payment_token": {"address": "0x0000000000000000000000000000000000000000", "symbol": "ETH", "decimals": 18}}, "price": null, "marketplace_path": [], "fees": [], "trait_offer_target": null}]