[{"blockchain": "ETH", "sender": {"address": "0xb2a87c6b813dfd6a52ee4bd7bda056076e03c610", "ens": null, "is_whale": false, "blockchain": "ETH", "is_contract": false, "is_blue_chip_holder": false, "is_super_blue_chip_holder": false, "is_multi_sign_wallet": false, "das": null, "alias": null}, "receiver": {"address": "0x9a291ff4025826635277096a7fe2a849e521ce17", "ens": null, "is_whale": false, "blockchain": "ETH", "is_contract": false, "is_blue_chip_holder": false, "is_super_blue_chip_holder": false, "is_multi_sign_wallet": false, "das": null, "alias": null}, "event": "transfer", "quantity": 1, "tx_hash": "0x6371e50c3e86a556f78f135a64a4cc55993f29db2824a43e446589f048a65bad", "time": 1705064003, "nft": {"contract_address": "0xc274a97f1691ef390f662067e95a6eff1f99b504", "token_id": "886", "name": "TinFun #886", "blockchain": "ETH", "image": "https://lh3.googleusercontent.com/hjUOFiTa5YhzMNY_emVrcdRUu7Wiaohtin5LsKRsqd65E0m-frUGEFcqDMD-itFP7O9sFkaJO7A6wGuc_4h97kk6gHiShV074VM", "contract_type": "ERC721"}, "collection": {"collection_id": "65a13036c284b18008bd25b7", "name": "TinFun", "logo": "https://i.seadn.io/s/raw/files/a531bedf317b5ffe5a35d559b5c94cd9.jpg?w=500&auto=format", "slug": "tin-fun"}, "gas_fee": {"value": 0.0016, "raw_value": 1600000000000000, "usd": 4.3196, "payment_token": {"address": "0x0000000000000000000000000000000000000000", "symbol": "ETH", "decimals": 18}}, "price": null, "marketplace_path": [], "fees": [], "trait_offer_target": null}]