[{"blockchain": "ETH", "sender": {"address": "0xe5e8ef0ae8b36a1ec65a0fde334e4e55274739c9", "ens": null, "is_whale": false, "blockchain": "ETH", "is_contract": false, "is_blue_chip_holder": false, "is_super_blue_chip_holder": false, "is_multi_sign_wallet": false, "das": null, "alias": null}, "receiver": {"address": "0x8177e9fa379b85e01b2b30140ddc446b9875106a", "ens": null, "is_whale": false, "blockchain": "ETH", "is_contract": true, "is_blue_chip_holder": false, "is_super_blue_chip_holder": false, "is_multi_sign_wallet": false, "das": null, "alias": null}, "event": "transfer", "quantity": 1, "tx_hash": "0x7203a4dc7d4c84dfde02994e527409dffda68bf96e4b55e5df1cadf983e16327", "time": 1711738979, "nft": {"contract_address": "0xc274a97f1691ef390f662067e95a6eff1f99b504", "token_id": "4339", "name": "TinFun #4339", "blockchain": "ETH", "image": "https://lh3.googleusercontent.com/6C2cwbqINAmqyPU48JB7cODZlHKZTFdIJJqtP7VQaEzpDxoz1sJ69-HKIW9z3xnuHb0UTFRkX4y_FS-64mRn55TlsuH23mrqOek", "contract_type": "ERC721"}, "collection": {"collection_id": "65a13036c284b18008bd25b7", "name": "TinFun", "logo": "https://i.seadn.io/s/raw/files/a531bedf317b5ffe5a35d559b5c94cd9.jpg?w=500&auto=format", "slug": "tin-fun"}, "gas_fee": {"value": 0.0019, "raw_value": 1900000000000000, "usd": 6.7474, "payment_token": {"address": "0x0000000000000000000000000000000000000000", "symbol": "ETH", "decimals": 18}}, "price": null, "marketplace_path": [], "fees": [], "trait_offer_target": null}]