[{"blockchain": "ETH", "sender": {"address": "0x094e4b82a5722271546cca99c8c351bd840669ae", "ens": "chuanx2.eth", "is_whale": false, "blockchain": "ETH", "is_contract": false, "is_blue_chip_holder": false, "is_super_blue_chip_holder": false, "is_multi_sign_wallet": false, "das": null, "alias": "chuanx2.eth"}, "receiver": {"address": "0x8177e9fa379b85e01b2b30140ddc446b9875106a", "ens": null, "is_whale": false, "blockchain": "ETH", "is_contract": true, "is_blue_chip_holder": false, "is_super_blue_chip_holder": false, "is_multi_sign_wallet": false, "das": null, "alias": null}, "event": "transfer", "quantity": 1, "tx_hash": "0xe6ef678509bc930db0da5ae0b2a8325697cd6841c72fa1d0b0415154f6267eed", "time": 1711697303, "nft": {"contract_address": "0xc274a97f1691ef390f662067e95a6eff1f99b504", "token_id": "1623", "name": "TinFun #1623", "blockchain": "ETH", "image": "https://lh3.googleusercontent.com/6H37zb61h2SdMcFUmRO-6lTNnvn-Jm18COo9Uz6j96_hrtCHtj2AC2aISuWij8XxrkenoE7-mC83O09XMzzo9SEOB7HYb0KTgeE", "contract_type": "ERC721"}, "collection": {"collection_id": "65a13036c284b18008bd25b7", "name": "TinFun", "logo": "https://i.seadn.io/s/raw/files/a531bedf317b5ffe5a35d559b5c94cd9.jpg?w=500&auto=format", "slug": "tin-fun"}, "gas_fee": {"value": 0.0096, "raw_value": 9600000000000000, "usd": 34.2147, "payment_token": {"address": "0x0000000000000000000000000000000000000000", "symbol": "ETH", "decimals": 18}}, "price": null, "marketplace_path": [], "fees": [], "trait_offer_target": null}, {"blockchain": "ETH", "sender": {"address": "0x4b8c499de5f63dd95931d69d83f8d56268fee09b", "ens": "vcode.eth", "is_whale": false, "blockchain": "ETH", "is_contract": false, "is_blue_chip_holder": false, "is_super_blue_chip_holder": false, "is_multi_sign_wallet": false, "das": null, "alias": "vcode.eth"}, "receiver": {"address": "0x094e4b82a5722271546cca99c8c351bd840669ae", "ens": "chuanx2.eth", "is_whale": false, "blockchain": "ETH", "is_contract": false, "is_blue_chip_holder": false, "is_super_blue_chip_holder": false, "is_multi_sign_wallet": false, "das": null, "alias": "chuanx2.eth"}, "event": "sale", "quantity": 1, "tx_hash": "0x77abac45bde80a646d1fa0253570bd4388837daaeed750dc38d4c2cf2d3f9361", "time": 1711345967, "nft": {"contract_address": "0xc274a97f1691ef390f662067e95a6eff1f99b504", "token_id": "1623", "name": "TinFun #1623", "blockchain": "ETH", "image": "https://lh3.googleusercontent.com/6H37zb61h2SdMcFUmRO-6lTNnvn-Jm18COo9Uz6j96_hrtCHtj2AC2aISuWij8XxrkenoE7-mC83O09XMzzo9SEOB7HYb0KTgeE", "contract_type": "ERC721"}, "collection": {"collection_id": "65a13036c284b18008bd25b7", "name": "TinFun", "logo": "https://i.seadn.io/s/raw/files/a531bedf317b5ffe5a35d559b5c94cd9.jpg?w=500&auto=format", "slug": "tin-fun"}, "gas_fee": {"value": 0.0093, "raw_value": 9300000000000000, "usd": 32.3242, "payment_token": {"address": "0x0000000000000000000000000000000000000000", "symbol": "ETH", "decimals": 18}}, "price": {"value": 0.18, "raw_value": 180000000000000000, "usd": 628.1747948742596, "payment_token": {"address": "0x0000000000000000000000000000000000000000", "symbol": "ETH", "decimals": 18}}, "marketplace_path": ["blur"], "fees": [{"fee_type": "royalty", "recipient": "0x6650dc11f439f14d4dfbea75233bd9b0099a0647", "bps": 50, "price": {"value": 0.0009, "raw_value": 900000000000000, "usd": 3.096828, "payment_token": {"address": "0x0000000000000000000000000000000000000000", "symbol": "ETH", "decimals": 18}}}], "trait_offer_target": null}, {"blockchain": "ETH", "sender": {"address": "0xe87aad69ed13c77f01d1c1860574051858359a4e", "ens": "zdhype.eth", "is_whale": false, "blockchain": "ETH", "is_contract": false, "is_blue_chip_holder": false, "is_super_blue_chip_holder": false, "is_multi_sign_wallet": false, "das": null, "alias": "zdhype.eth"}, "receiver": {"address": "0x4b8c499de5f63dd95931d69d83f8d56268fee09b", "ens": "vcode.eth", "is_whale": false, "blockchain": "ETH", "is_contract": false, "is_blue_chip_holder": false, "is_super_blue_chip_holder": false, "is_multi_sign_wallet": false, "das": null, "alias": "vcode.eth"}, "event": "sale", "quantity": 1, "tx_hash": "0x1c9f9e0b2e2ea515f138aa91f327b12ae354ee100f3bb5cb223d20734064f272", "time": 1705361543, "nft": {"contract_address": "0xc274a97f1691ef390f662067e95a6eff1f99b504", "token_id": "1623", "name": "TinFun #1623", "blockchain": "ETH", "image": "https://lh3.googleusercontent.com/6H37zb61h2SdMcFUmRO-6lTNnvn-Jm18COo9Uz6j96_hrtCHtj2AC2aISuWij8XxrkenoE7-mC83O09XMzzo9SEOB7HYb0KTgeE", "contract_type": "ERC721"}, "collection": {"collection_id": "65a13036c284b18008bd25b7", "name": "TinFun", "logo": "https://i.seadn.io/s/raw/files/a531bedf317b5ffe5a35d559b5c94cd9.jpg?w=500&auto=format", "slug": "tin-fun"}, "gas_fee": {"value": 0.0063, "raw_value": 6300000000000000, "usd": 15.9195, "payment_token": {"address": "0x0000000000000000000000000000000000000000", "symbol": "ETH", "decimals": 18}}, "price": {"value": 0.79, "raw_value": 790000000000000000, "usd": 1983.7342696325413, "payment_token": {"address": "0x0000000000000000000000000000000000000000", "symbol": "ETH", "decimals": 18}}, "marketplace_path": ["blur-aggregator", "blur"], "fees": [], "trait_offer_target": null}]