[{"blockchain": "ETH", "sender": {"address": "0x08264222b55186de23806a89ef62e6036b903466", "ens": null, "is_whale": false, "blockchain": "ETH", "is_contract": false, "is_blue_chip_holder": false, "is_super_blue_chip_holder": false, "is_multi_sign_wallet": false, "das": null, "alias": null}, "receiver": {"address": "0x8177e9fa379b85e01b2b30140ddc446b9875106a", "ens": null, "is_whale": false, "blockchain": "ETH", "is_contract": true, "is_blue_chip_holder": false, "is_super_blue_chip_holder": false, "is_multi_sign_wallet": false, "das": null, "alias": null}, "event": "transfer", "quantity": 1, "tx_hash": "0xaae223d07657fbe6f3cb313ff217ce6c42075437390c64e6e0cb451a988d115b", "time": 1711709663, "nft": {"contract_address": "0xc274a97f1691ef390f662067e95a6eff1f99b504", "token_id": "9419", "name": "TinFun #9419", "blockchain": "ETH", "image": "https://lh3.googleusercontent.com/heC6ahhr5HPjoLbd9W2YnBReO2iE6iNKyMOMGx2dEMQjOkxDNCLrJhMktKcvONCD1RBJWdEzVzvScc-5HmyqF3OgnyjWgTnoOhM", "contract_type": "ERC721"}, "collection": {"collection_id": "65a13036c284b18008bd25b7", "name": "TinFun", "logo": "https://i.seadn.io/s/raw/files/a531bedf317b5ffe5a35d559b5c94cd9.jpg?w=500&auto=format", "slug": "tin-fun"}, "gas_fee": {"value": 0.0044, "raw_value": 4400000000000000, "usd": 15.6682, "payment_token": {"address": "0x0000000000000000000000000000000000000000", "symbol": "ETH", "decimals": 18}}, "price": null, "marketplace_path": [], "fees": [], "trait_offer_target": null}, {"blockchain": "ETH", "sender": {"address": "0x5ef7231a742a9da3b7151c274099f7a4814a0df3", "ens": null, "is_whale": false, "blockchain": "ETH", "is_contract": false, "is_blue_chip_holder": false, "is_super_blue_chip_holder": false, "is_multi_sign_wallet": false, "das": null, "alias": null}, "receiver": {"address": "0x08264222b55186de23806a89ef62e6036b903466", "ens": null, "is_whale": false, "blockchain": "ETH", "is_contract": false, "is_blue_chip_holder": false, "is_super_blue_chip_holder": false, "is_multi_sign_wallet": false, "das": null, "alias": null}, "event": "sale", "quantity": 1, "tx_hash": "0xc8d35f4ffde24d257a6053383282cc04e8caae5ed417100c70353278c3d15fa5", "time": 1707466583, "nft": {"contract_address": "0xc274a97f1691ef390f662067e95a6eff1f99b504", "token_id": "9419", "name": "TinFun #9419", "blockchain": "ETH", "image": "https://lh3.googleusercontent.com/heC6ahhr5HPjoLbd9W2YnBReO2iE6iNKyMOMGx2dEMQjOkxDNCLrJhMktKcvONCD1RBJWdEzVzvScc-5HmyqF3OgnyjWgTnoOhM", "contract_type": "ERC721"}, "collection": {"collection_id": "65a13036c284b18008bd25b7", "name": "TinFun", "logo": "https://i.seadn.io/s/raw/files/a531bedf317b5ffe5a35d559b5c94cd9.jpg?w=500&auto=format", "slug": "tin-fun"}, "gas_fee": {"value": 0.0075, "raw_value": 7500000000000000, "usd": 18.5075, "payment_token": {"address": "0x0000000000000000000000000000000000000000", "symbol": "ETH", "decimals": 18}}, "price": {"value": 0.59, "raw_value": 590000000000000000, "usd": 1447.4638287988555, "payment_token": {"address": "0x0000000000000000000000000000000000000000", "symbol": "ETH", "decimals": 18}}, "marketplace_path": ["blur"], "fees": [{"fee_type": "royalty", "recipient": "0x6650dc11f439f14d4dfbea75233bd9b0099a0647", "bps": 50, "price": {"value": 0.00295, "raw_value": 2950000000000000, "usd": 7.235883, "payment_token": {"address": "0x0000000000a39bb272e79075ade125fd351887ac", "symbol": "BETH", "decimals": 18}}}], "trait_offer_target": null}, {"blockchain": "ETH", "sender": {"address": "0xc821d3d24c27c713a9e2758086bd29b23f7381e2", "ens": "\u4ee3\u865f9527.eth", "is_whale": false, "blockchain": "ETH", "is_contract": false, "is_blue_chip_holder": false, "is_super_blue_chip_holder": false, "is_multi_sign_wallet": false, "das": null, "alias": "\u4ee3\u865f9527.eth"}, "receiver": {"address": "0x5ef7231a742a9da3b7151c274099f7a4814a0df3", "ens": null, "is_whale": false, "blockchain": "ETH", "is_contract": false, "is_blue_chip_holder": false, "is_super_blue_chip_holder": false, "is_multi_sign_wallet": false, "das": null, "alias": null}, "event": "sale", "quantity": 1, "tx_hash": "0x76f7b591497630616d9c1cb89a892fc5b00c74fdb902d22f447164b4f495e463", "time": 1707444611, "nft": {"contract_address": "0xc274a97f1691ef390f662067e95a6eff1f99b504", "token_id": "9419", "name": "TinFun #9419", "blockchain": "ETH", "image": "https://lh3.googleusercontent.com/heC6ahhr5HPjoLbd9W2YnBReO2iE6iNKyMOMGx2dEMQjOkxDNCLrJhMktKcvONCD1RBJWdEzVzvScc-5HmyqF3OgnyjWgTnoOhM", "contract_type": "ERC721"}, "collection": {"collection_id": "65a13036c284b18008bd25b7", "name": "TinFun", "logo": "https://i.seadn.io/s/raw/files/a531bedf317b5ffe5a35d559b5c94cd9.jpg?w=500&auto=format", "slug": "tin-fun"}, "gas_fee": {"value": 0.022, "raw_value": 22000000000000000, "usd": 53.391, "payment_token": {"address": "0x0000000000000000000000000000000000000000", "symbol": "ETH", "decimals": 18}}, "price": {"value": 0.59, "raw_value": 590000000000000000, "usd": 1430.3342364392495, "payment_token": {"address": "0x0000000000000000000000000000000000000000", "symbol": "ETH", "decimals": 18}}, "marketplace_path": ["blur"], "fees": [{"fee_type": "royalty", "recipient": "0x6650dc11f439f14d4dfbea75233bd9b0099a0647", "bps": 50, "price": {"value": 0.00295, "raw_value": 2950000000000000, "usd": 7.138332, "payment_token": {"address": "0x0000000000a39bb272e79075ade125fd351887ac", "symbol": "BETH", "decimals": 18}}}], "trait_offer_target": null}, {"blockchain": "ETH", "sender": {"address": "0x3eb879cc9a0ef4c6f1d870a40ae187768c278da2", "ens": "floorprotocol.eth", "is_whale": false, "blockchain": "ETH", "is_contract": true, "is_blue_chip_holder": true, "is_super_blue_chip_holder": true, "is_multi_sign_wallet": false, "das": null, "alias": "floorprotocol.eth"}, "receiver": {"address": "0xc821d3d24c27c713a9e2758086bd29b23f7381e2", "ens": "\u4ee3\u865f9527.eth", "is_whale": false, "blockchain": "ETH", "is_contract": false, "is_blue_chip_holder": false, "is_super_blue_chip_holder": true, "is_multi_sign_wallet": false, "das": null, "alias": "\u4ee3\u865f9527.eth"}, "event": "transfer", "quantity": 1, "tx_hash": "0x8b75e832c43f3e68823af7c156df3be5629bfb10135c6c056bbba5196a0f6813", "time": 1707403715, "nft": {"contract_address": "0xc274a97f1691ef390f662067e95a6eff1f99b504", "token_id": "9419", "name": "TinFun #9419", "blockchain": "ETH", "image": "https://lh3.googleusercontent.com/heC6ahhr5HPjoLbd9W2YnBReO2iE6iNKyMOMGx2dEMQjOkxDNCLrJhMktKcvONCD1RBJWdEzVzvScc-5HmyqF3OgnyjWgTnoOhM", "contract_type": "ERC721"}, "collection": {"collection_id": "65a13036c284b18008bd25b7", "name": "TinFun", "logo": "https://i.seadn.io/s/raw/files/a531bedf317b5ffe5a35d559b5c94cd9.jpg?w=500&auto=format", "slug": "tin-fun"}, "gas_fee": {"value": 0.0148, "raw_value": 14800000000000000, "usd": 35.868, "payment_token": {"address": "0x0000000000000000000000000000000000000000", "symbol": "ETH", "decimals": 18}}, "price": null, "marketplace_path": ["floor"], "fees": [], "trait_offer_target": null}, {"blockchain": "ETH", "sender": {"address": "0x74cdbf8944249a410f4a5200be0de81dccacd99b", "ens": "testnetwork.eth", "is_whale": false, "blockchain": "ETH", "is_contract": false, "is_blue_chip_holder": false, "is_super_blue_chip_holder": false, "is_multi_sign_wallet": false, "das": null, "alias": "testnetwork.eth"}, "receiver": {"address": "0x3eb879cc9a0ef4c6f1d870a40ae187768c278da2", "ens": "floorprotocol.eth", "is_whale": false, "blockchain": "ETH", "is_contract": true, "is_blue_chip_holder": true, "is_super_blue_chip_holder": false, "is_multi_sign_wallet": false, "das": null, "alias": "floorprotocol.eth"}, "event": "transfer", "quantity": 1, "tx_hash": "0x4581d5ef9aab61a83e987de0a9b1ab66c0e01deb2bd0b766d151fd84e780e75b", "time": 1707054371, "nft": {"contract_address": "0xc274a97f1691ef390f662067e95a6eff1f99b504", "token_id": "9419", "name": "TinFun #9419", "blockchain": "ETH", "image": "https://lh3.googleusercontent.com/heC6ahhr5HPjoLbd9W2YnBReO2iE6iNKyMOMGx2dEMQjOkxDNCLrJhMktKcvONCD1RBJWdEzVzvScc-5HmyqF3OgnyjWgTnoOhM", "contract_type": "ERC721"}, "collection": {"collection_id": "65a13036c284b18008bd25b7", "name": "TinFun", "logo": "https://i.seadn.io/s/raw/files/a531bedf317b5ffe5a35d559b5c94cd9.jpg?w=500&auto=format", "slug": "tin-fun"}, "gas_fee": {"value": 0.0079, "raw_value": 7900000000000001, "usd": 18.2241, "payment_token": {"address": "0x0000000000000000000000000000000000000000", "symbol": "ETH", "decimals": 18}}, "price": null, "marketplace_path": ["floor"], "fees": [], "trait_offer_target": null}, {"blockchain": "ETH", "sender": {"address": "0x3eb879cc9a0ef4c6f1d870a40ae187768c278da2", "ens": "floorprotocol.eth", "is_whale": false, "blockchain": "ETH", "is_contract": true, "is_blue_chip_holder": true, "is_super_blue_chip_holder": true, "is_multi_sign_wallet": false, "das": null, "alias": "floorprotocol.eth"}, "receiver": {"address": "0x74cdbf8944249a410f4a5200be0de81dccacd99b", "ens": "testnetwork.eth", "is_whale": false, "blockchain": "ETH", "is_contract": false, "is_blue_chip_holder": false, "is_super_blue_chip_holder": true, "is_multi_sign_wallet": false, "das": null, "alias": "testnetwork.eth"}, "event": "transfer", "quantity": 1, "tx_hash": "0x2c07a8abade24f7956c689ddc7454562fc3452209ae8b2b4329023cb438571a5", "time": 1706443379, "nft": {"contract_address": "0xc274a97f1691ef390f662067e95a6eff1f99b504", "token_id": "9419", "name": "TinFun #9419", "blockchain": "ETH", "image": "https://lh3.googleusercontent.com/heC6ahhr5HPjoLbd9W2YnBReO2iE6iNKyMOMGx2dEMQjOkxDNCLrJhMktKcvONCD1RBJWdEzVzvScc-5HmyqF3OgnyjWgTnoOhM", "contract_type": "ERC721"}, "collection": {"collection_id": "65a13036c284b18008bd25b7", "name": "TinFun", "logo": "https://i.seadn.io/s/raw/files/a531bedf317b5ffe5a35d559b5c94cd9.jpg?w=500&auto=format", "slug": "tin-fun"}, "gas_fee": {"value": 0.0032, "raw_value": 3200000000000000, "usd": 7.3192, "payment_token": {"address": "0x0000000000000000000000000000000000000000", "symbol": "ETH", "decimals": 18}}, "price": null, "marketplace_path": ["floor"], "fees": [], "trait_offer_target": null}, {"blockchain": "ETH", "sender": {"address": "0x66666f58de1bcd762a5e5c5aff9cc3c906d66666", "ens": null, "is_whale": true, "blockchain": "ETH", "is_contract": false, "is_blue_chip_holder": true, "is_super_blue_chip_holder": true, "is_multi_sign_wallet": false, "das": null, "alias": null}, "receiver": {"address": "0x3eb879cc9a0ef4c6f1d870a40ae187768c278da2", "ens": "floorprotocol.eth", "is_whale": false, "blockchain": "ETH", "is_contract": true, "is_blue_chip_holder": true, "is_super_blue_chip_holder": true, "is_multi_sign_wallet": false, "das": null, "alias": "floorprotocol.eth"}, "event": "transfer", "quantity": 1, "tx_hash": "0x13d06c9e529d4dd22c8e0c086bac6635b7f8153deb18f135ea6852c50195a604", "time": 1705069235, "nft": {"contract_address": "0xc274a97f1691ef390f662067e95a6eff1f99b504", "token_id": "9419", "name": "TinFun #9419", "blockchain": "ETH", "image": "https://lh3.googleusercontent.com/heC6ahhr5HPjoLbd9W2YnBReO2iE6iNKyMOMGx2dEMQjOkxDNCLrJhMktKcvONCD1RBJWdEzVzvScc-5HmyqF3OgnyjWgTnoOhM", "contract_type": "ERC721"}, "collection": {"collection_id": "65a13036c284b18008bd25b7", "name": "TinFun", "logo": "https://i.seadn.io/s/raw/files/a531bedf317b5ffe5a35d559b5c94cd9.jpg?w=500&auto=format", "slug": "tin-fun"}, "gas_fee": {"value": 0.0682, "raw_value": 68200000000000000, "usd": 182.3846, "payment_token": {"address": "0x0000000000000000000000000000000000000000", "symbol": "ETH", "decimals": 18}}, "price": null, "marketplace_path": ["floor"], "fees": [], "trait_offer_target": null}, {"blockchain": "ETH", "sender": {"address": "0x127c9a305a6315912ad25c4be1d4ea43b224b039", "ens": null, "is_whale": false, "blockchain": "ETH", "is_contract": false, "is_blue_chip_holder": false, "is_super_blue_chip_holder": false, "is_multi_sign_wallet": false, "das": null, "alias": null}, "receiver": {"address": "0x66666f58de1bcd762a5e5c5aff9cc3c906d66666", "ens": null, "is_whale": true, "blockchain": "ETH", "is_contract": false, "is_blue_chip_holder": true, "is_super_blue_chip_holder": false, "is_multi_sign_wallet": false, "das": null, "alias": null}, "event": "sale", "quantity": 1, "tx_hash": "0xbad925f942fe4fd6c300c7f5ec826d591d4dc00bd534ef579d318df0c14b351a", "time": 1705069055, "nft": {"contract_address": "0xc274a97f1691ef390f662067e95a6eff1f99b504", "token_id": "9419", "name": "TinFun #9419", "blockchain": "ETH", "image": "https://lh3.googleusercontent.com/heC6ahhr5HPjoLbd9W2YnBReO2iE6iNKyMOMGx2dEMQjOkxDNCLrJhMktKcvONCD1RBJWdEzVzvScc-5HmyqF3OgnyjWgTnoOhM", "contract_type": "ERC721"}, "collection": {"collection_id": "65a13036c284b18008bd25b7", "name": "TinFun", "logo": "https://i.seadn.io/s/raw/files/a531bedf317b5ffe5a35d559b5c94cd9.jpg?w=500&auto=format", "slug": "tin-fun"}, "gas_fee": {"value": 0.0172, "raw_value": 17200000000000000, "usd": 45.9749, "payment_token": {"address": "0x0000000000000000000000000000000000000000", "symbol": "ETH", "decimals": 18}}, "price": {"value": 0.79, "raw_value": 790000000000000000, "usd": 2112.1935812016304, "payment_token": {"address": "0x0000000000000000000000000000000000000000", "symbol": "ETH", "decimals": 18}}, "marketplace_path": ["openseapro", "opensea"], "fees": [{"fee_type": "royalty", "recipient": "0x6650dc11f439f14d4dfbea75233bd9b0099a0647", "bps": 500, "price": {"value": 0.0395, "raw_value": 39500000000000000, "usd": 104.584052, "payment_token": {"address": "0x0000000000000000000000000000000000000000", "symbol": "ETH", "decimals": 18}}}, {"fee_type": "marketplace", "recipient": "0x0000a26b00c1f0df003000390027140000faa719", "bps": 250, "price": {"value": 0.01975, "raw_value": 19750000000000000, "usd": 52.292026, "payment_token": {"address": "0x0000000000000000000000000000000000000000", "symbol": "ETH", "decimals": 18}}}], "trait_offer_target": null}, {"blockchain": "ETH", "sender": {"address": "0x59d252e673b5b7f9f7a2ef9740954a1bc5b72d52", "ens": null, "is_whale": false, "blockchain": "ETH", "is_contract": false, "is_blue_chip_holder": false, "is_super_blue_chip_holder": false, "is_multi_sign_wallet": false, "das": null, "alias": null}, "receiver": {"address": "0x127c9a305a6315912ad25c4be1d4ea43b224b039", "ens": null, "is_whale": false, "blockchain": "ETH", "is_contract": false, "is_blue_chip_holder": false, "is_super_blue_chip_holder": false, "is_multi_sign_wallet": false, "das": null, "alias": null}, "event": "transfer", "quantity": 1, "tx_hash": "0x3da6f6c2ef32cf042e2eaba6cfc15b9b10a20be7280c291dfae10f9a1b8e2856", "time": 1705063283, "nft": {"contract_address": "0xc274a97f1691ef390f662067e95a6eff1f99b504", "token_id": "9419", "name": "TinFun #9419", "blockchain": "ETH", "image": "https://lh3.googleusercontent.com/heC6ahhr5HPjoLbd9W2YnBReO2iE6iNKyMOMGx2dEMQjOkxDNCLrJhMktKcvONCD1RBJWdEzVzvScc-5HmyqF3OgnyjWgTnoOhM", "contract_type": "ERC721"}, "collection": {"collection_id": "65a13036c284b18008bd25b7", "name": "TinFun", "logo": "https://i.seadn.io/s/raw/files/a531bedf317b5ffe5a35d559b5c94cd9.jpg?w=500&auto=format", "slug": "tin-fun"}, "gas_fee": {"value": 0.0063, "raw_value": 6300000000000000, "usd": 16.646, "payment_token": {"address": "0x0000000000000000000000000000000000000000", "symbol": "ETH", "decimals": 18}}, "price": null, "marketplace_path": [], "fees": [], "trait_offer_target": null}]