[{"blockchain": "ETH", "sender": {"address": "0x6d330800687ee1b85d4af30bff6bc41638f21524", "ens": null, "is_whale": false, "blockchain": "ETH", "is_contract": false, "is_blue_chip_holder": false, "is_super_blue_chip_holder": false, "is_multi_sign_wallet": false, "das": null, "alias": null}, "receiver": {"address": "0xd70d16cef02f72b0b53b2d82d13835dcd0d8c9d9", "ens": null, "is_whale": false, "blockchain": "ETH", "is_contract": false, "is_blue_chip_holder": false, "is_super_blue_chip_holder": false, "is_multi_sign_wallet": false, "das": null, "alias": null}, "event": "sale", "quantity": 1, "tx_hash": "0x24024c63c2c5737584d90841a6f80404a8288b1da087f6450b5063cf49279f97", "time": 1705321511, "nft": {"contract_address": "0xc274a97f1691ef390f662067e95a6eff1f99b504", "token_id": "8967", "name": "TinFun #8967", "blockchain": "ETH", "image": "https://lh3.googleusercontent.com/79VLXLDrZQ9DxM395plp0l7sCCrnRtxITkNRUKleQjay-S5Yz6FSIenE5YvtKtighonj9_yXgB8xvFBiuVH1TLLxXqQUgXOs008t", "contract_type": "ERC721"}, "collection": {"collection_id": "65a13036c284b18008bd25b7", "name": "TinFun", "logo": "https://i.seadn.io/s/raw/files/a531bedf317b5ffe5a35d559b5c94cd9.jpg?w=500&auto=format", "slug": "tin-fun"}, "gas_fee": {"value": 0.005, "raw_value": 5000000000000000, "usd": 12.744, "payment_token": {"address": "0x0000000000000000000000000000000000000000", "symbol": "ETH", "decimals": 18}}, "price": {"value": 0.759, "raw_value": 759000000000000000, "usd": 1926.5178546017962, "payment_token": {"address": "0x0000000000000000000000000000000000000000", "symbol": "ETH", "decimals": 18}}, "marketplace_path": ["element"], "fees": [], "trait_offer_target": null}]