[{"blockchain": "ETH", "sender": {"address": "0x0df93f210d2db8000f697581fd34105455984aae", "ens": null, "is_whale": false, "blockchain": "ETH", "is_contract": false, "is_blue_chip_holder": false, "is_super_blue_chip_holder": false, "is_multi_sign_wallet": false, "das": null, "alias": null}, "receiver": {"address": "0x8177e9fa379b85e01b2b30140ddc446b9875106a", "ens": null, "is_whale": false, "blockchain": "ETH", "is_contract": true, "is_blue_chip_holder": false, "is_super_blue_chip_holder": false, "is_multi_sign_wallet": false, "das": null, "alias": null}, "event": "transfer", "quantity": 1, "tx_hash": "0xebb8419f85a6c227569eb153098feaef6ed9a101e03113fb44c9fbbb73329690", "time": 1711856807, "nft": {"contract_address": "0xc274a97f1691ef390f662067e95a6eff1f99b504", "token_id": "4694", "name": "TinFun #4694", "blockchain": "ETH", "image": "https://lh3.googleusercontent.com/1wc_ItxVcjaUqe3elOCAMrzBLMvlmL6cDovSpqHbJQYzdgHNatPGdYbKYHAOm9FySYaxBf9bTdE8bIoN1XLbxb86zgr5bbV5EJbk", "contract_type": "ERC721"}, "collection": {"collection_id": "65a13036c284b18008bd25b7", "name": "TinFun", "logo": "https://i.seadn.io/s/raw/files/a531bedf317b5ffe5a35d559b5c94cd9.jpg?w=500&auto=format", "slug": "tin-fun"}, "gas_fee": {"value": 0.0027, "raw_value": 2700000000000000, "usd": 9.3816, "payment_token": {"address": "0x0000000000000000000000000000000000000000", "symbol": "ETH", "decimals": 18}}, "price": null, "marketplace_path": [], "fees": [], "trait_offer_target": null}]