[{"blockchain": "ETH", "sender": {"address": "0x73d30ba3dc4ffd17c28cc2d75d12e50df98f29cf", "ens": "nakiri.eth", "is_whale": false, "blockchain": "ETH", "is_contract": false, "is_blue_chip_holder": false, "is_super_blue_chip_holder": false, "is_multi_sign_wallet": false, "das": null, "alias": "nakiri.eth"}, "receiver": {"address": "0xde02fffb824720e25674a604baf2277f21c66a0f", "ens": "\u9a86\u9a7ckyc.eth", "is_whale": false, "blockchain": "ETH", "is_contract": false, "is_blue_chip_holder": true, "is_super_blue_chip_holder": false, "is_multi_sign_wallet": false, "das": null, "alias": "\u9a86\u9a7ckyc.eth"}, "event": "sale", "quantity": 1, "tx_hash": "0x4ebe25e64b4074259602025b3d60318b8594b1693233670d575387759c0ca727", "time": 1713330059, "nft": {"contract_address": "0xc274a97f1691ef390f662067e95a6eff1f99b504", "token_id": "1567", "name": "TinFun #1567", "blockchain": "ETH", "image": "https://lh3.googleusercontent.com/PwyjG1pNGOC421QWLTDEpT3zKhY2KUPdstL9J8M--yGWokJR0KEO6h1wJE65cnrSj_Z76REjGKVFOttZEaxoPVLBcmojk5PQ7SI", "contract_type": "ERC721"}, "collection": {"collection_id": "65a13036c284b18008bd25b7", "name": "TinFun", "logo": "https://i.seadn.io/s/raw/files/a531bedf317b5ffe5a35d559b5c94cd9.jpg?w=500&auto=format", "slug": "tin-fun"}, "gas_fee": {"value": 0.0151, "raw_value": 15100000000000000, "usd": 47.0199, "payment_token": {"address": "0x0000000000000000000000000000000000000000", "symbol": "ETH", "decimals": 18}}, "price": {"value": 0.17, "raw_value": 170000000000000000, "usd": 529.760743020951, "payment_token": {"address": "0x0000000000000000000000000000000000000000", "symbol": "ETH", "decimals": 18}}, "marketplace_path": ["blur"], "fees": [{"fee_type": "royalty", "recipient": "0x6650dc11f439f14d4dfbea75233bd9b0099a0647", "bps": 50, "price": {"value": 0.00085, "raw_value": 850000000000000, "usd": 2.623243, "payment_token": {"address": "0x0000000000a39bb272e79075ade125fd351887ac", "symbol": "BETH", "decimals": 18}}}], "trait_offer_target": null}, {"blockchain": "ETH", "sender": {"address": "0xf53feaeb035361c046e5669745695e450ebb4028", "ens": "orz-allinornothing.eth", "is_whale": true, "blockchain": "ETH", "is_contract": false, "is_blue_chip_holder": false, "is_super_blue_chip_holder": false, "is_multi_sign_wallet": false, "das": null, "alias": "orz-allinornothing.eth"}, "receiver": {"address": "0x73d30ba3dc4ffd17c28cc2d75d12e50df98f29cf", "ens": "nakiri.eth", "is_whale": false, "blockchain": "ETH", "is_contract": false, "is_blue_chip_holder": false, "is_super_blue_chip_holder": false, "is_multi_sign_wallet": false, "das": null, "alias": "nakiri.eth"}, "event": "sale", "quantity": 1, "tx_hash": "0x5cd51c45187564fadca8ee425519f0deb6cac084d16c4f6462425bcb65969f97", "time": 1713243599, "nft": {"contract_address": "0xc274a97f1691ef390f662067e95a6eff1f99b504", "token_id": "1567", "name": "TinFun #1567", "blockchain": "ETH", "image": "https://lh3.googleusercontent.com/PwyjG1pNGOC421QWLTDEpT3zKhY2KUPdstL9J8M--yGWokJR0KEO6h1wJE65cnrSj_Z76REjGKVFOttZEaxoPVLBcmojk5PQ7SI", "contract_type": "ERC721"}, "collection": {"collection_id": "65a13036c284b18008bd25b7", "name": "TinFun", "logo": "https://i.seadn.io/s/raw/files/a531bedf317b5ffe5a35d559b5c94cd9.jpg?w=500&auto=format", "slug": "tin-fun"}, "gas_fee": {"value": 0.0265, "raw_value": 26500000000000000, "usd": 81.4916, "payment_token": {"address": "0x0000000000000000000000000000000000000000", "symbol": "ETH", "decimals": 18}}, "price": {"value": 0.17, "raw_value": 170000000000000000, "usd": 522.4777203036232, "payment_token": {"address": "0x0000000000000000000000000000000000000000", "symbol": "ETH", "decimals": 18}}, "marketplace_path": ["blur"], "fees": [{"fee_type": "royalty", "recipient": "0x6650dc11f439f14d4dfbea75233bd9b0099a0647", "bps": 50, "price": {"value": 0.00085, "raw_value": 850000000000000, "usd": 2.621285, "payment_token": {"address": "0x0000000000a39bb272e79075ade125fd351887ac", "symbol": "BETH", "decimals": 18}}}], "trait_offer_target": null}, {"blockchain": "ETH", "sender": {"address": "0x458dbf62e68463fe0b14c0f8dd69e695d23ca0cb", "ens": null, "is_whale": false, "blockchain": "ETH", "is_contract": false, "is_blue_chip_holder": false, "is_super_blue_chip_holder": false, "is_multi_sign_wallet": false, "das": null, "alias": null}, "receiver": {"address": "0xf53feaeb035361c046e5669745695e450ebb4028", "ens": "orz-allinornothing.eth", "is_whale": true, "blockchain": "ETH", "is_contract": false, "is_blue_chip_holder": false, "is_super_blue_chip_holder": false, "is_multi_sign_wallet": false, "das": null, "alias": "orz-allinornothing.eth"}, "event": "transfer", "quantity": 1, "tx_hash": "0x57d740524f046ece8cd77e70811bb8fcf27789c0e29cf2253fe5769ee8c85c6a", "time": 1706772731, "nft": {"contract_address": "0xc274a97f1691ef390f662067e95a6eff1f99b504", "token_id": "1567", "name": "TinFun #1567", "blockchain": "ETH", "image": "https://lh3.googleusercontent.com/PwyjG1pNGOC421QWLTDEpT3zKhY2KUPdstL9J8M--yGWokJR0KEO6h1wJE65cnrSj_Z76REjGKVFOttZEaxoPVLBcmojk5PQ7SI", "contract_type": "ERC721"}, "collection": {"collection_id": "65a13036c284b18008bd25b7", "name": "TinFun", "logo": "https://i.seadn.io/s/raw/files/a531bedf317b5ffe5a35d559b5c94cd9.jpg?w=500&auto=format", "slug": "tin-fun"}, "gas_fee": {"value": 0.03, "raw_value": 30000000000000000, "usd": 68.1515, "payment_token": {"address": "0x0000000000000000000000000000000000000000", "symbol": "ETH", "decimals": 18}}, "price": null, "marketplace_path": [], "fees": [], "trait_offer_target": null}, {"blockchain": "ETH", "sender": {"address": "0xfde9190df77553741c0ae8c7c156d6a82e49e025", "ens": null, "is_whale": false, "blockchain": "ETH", "is_contract": false, "is_blue_chip_holder": false, "is_super_blue_chip_holder": false, "is_multi_sign_wallet": false, "das": null, "alias": null}, "receiver": {"address": "0x458dbf62e68463fe0b14c0f8dd69e695d23ca0cb", "ens": null, "is_whale": false, "blockchain": "ETH", "is_contract": false, "is_blue_chip_holder": false, "is_super_blue_chip_holder": false, "is_multi_sign_wallet": false, "das": null, "alias": null}, "event": "sale", "quantity": 1, "tx_hash": "0xc700360e549b6c1fc6aca202e5c6f27e4855a055f3b4e2a28eb65e36f7337c3e", "time": 1705503107, "nft": {"contract_address": "0xc274a97f1691ef390f662067e95a6eff1f99b504", "token_id": "1567", "name": "TinFun #1567", "blockchain": "ETH", "image": "https://lh3.googleusercontent.com/PwyjG1pNGOC421QWLTDEpT3zKhY2KUPdstL9J8M--yGWokJR0KEO6h1wJE65cnrSj_Z76REjGKVFOttZEaxoPVLBcmojk5PQ7SI", "contract_type": "ERC721"}, "collection": {"collection_id": "65a13036c284b18008bd25b7", "name": "TinFun", "logo": "https://i.seadn.io/s/raw/files/a531bedf317b5ffe5a35d559b5c94cd9.jpg?w=500&auto=format", "slug": "tin-fun"}, "gas_fee": {"value": 0.0082, "raw_value": 8200000000000001, "usd": 20.9636, "payment_token": {"address": "0x0000000000000000000000000000000000000000", "symbol": "ETH", "decimals": 18}}, "price": {"value": 0.75, "raw_value": 750000000000000000, "usd": 1906.5306611771955, "payment_token": {"address": "0x0000000000000000000000000000000000000000", "symbol": "ETH", "decimals": 18}}, "marketplace_path": ["blur"], "fees": [{"fee_type": "royalty", "recipient": "0x6650dc11f439f14d4dfbea75233bd9b0099a0647", "bps": 50, "price": {"value": 0.00375, "raw_value": 3750000000000000, "usd": 9.529485, "payment_token": {"address": "0x0000000000a39bb272e79075ade125fd351887ac", "symbol": "BETH", "decimals": 18}}}], "trait_offer_target": null}, {"blockchain": "ETH", "sender": {"address": "0x1fc8b7a74fb0700b9d976dbc8ef9b3a68e4497ea", "ens": null, "is_whale": false, "blockchain": "ETH", "is_contract": false, "is_blue_chip_holder": false, "is_super_blue_chip_holder": false, "is_multi_sign_wallet": false, "das": null, "alias": null}, "receiver": {"address": "0xfde9190df77553741c0ae8c7c156d6a82e49e025", "ens": null, "is_whale": false, "blockchain": "ETH", "is_contract": false, "is_blue_chip_holder": false, "is_super_blue_chip_holder": false, "is_multi_sign_wallet": false, "das": null, "alias": null}, "event": "sale", "quantity": 1, "tx_hash": "0x7d618b3aa4863809d15b8762ad56b5da30680e9012f1e8508b826763f54cb18a", "time": 1705415243, "nft": {"contract_address": "0xc274a97f1691ef390f662067e95a6eff1f99b504", "token_id": "1567", "name": "TinFun #1567", "blockchain": "ETH", "image": "https://lh3.googleusercontent.com/PwyjG1pNGOC421QWLTDEpT3zKhY2KUPdstL9J8M--yGWokJR0KEO6h1wJE65cnrSj_Z76REjGKVFOttZEaxoPVLBcmojk5PQ7SI", "contract_type": "ERC721"}, "collection": {"collection_id": "65a13036c284b18008bd25b7", "name": "TinFun", "logo": "https://i.seadn.io/s/raw/files/a531bedf317b5ffe5a35d559b5c94cd9.jpg?w=500&auto=format", "slug": "tin-fun"}, "gas_fee": {"value": 0.0081, "raw_value": 8100000000000000, "usd": 20.4931, "payment_token": {"address": "0x0000000000000000000000000000000000000000", "symbol": "ETH", "decimals": 18}}, "price": {"value": 0.764, "raw_value": 764000000000000000, "usd": 1928.51036737554, "payment_token": {"address": "0x0000000000000000000000000000000000000000", "symbol": "ETH", "decimals": 18}}, "marketplace_path": ["blur-aggregator", "blur"], "fees": [{"fee_type": "royalty", "recipient": "0x6650dc11f439f14d4dfbea75233bd9b0099a0647", "bps": 50, "price": {"value": 0.00382, "raw_value": 3820000000000000, "usd": 9.65825, "payment_token": {"address": "0x0000000000000000000000000000000000000000", "symbol": "ETH", "decimals": 18}}}], "trait_offer_target": null}, {"blockchain": "ETH", "sender": {"address": "0xa07d73d57df3da919c7d2904c10ecedd64a59999", "ens": null, "is_whale": false, "blockchain": "ETH", "is_contract": false, "is_blue_chip_holder": false, "is_super_blue_chip_holder": false, "is_multi_sign_wallet": false, "das": null, "alias": null}, "receiver": {"address": "0x1fc8b7a74fb0700b9d976dbc8ef9b3a68e4497ea", "ens": null, "is_whale": false, "blockchain": "ETH", "is_contract": false, "is_blue_chip_holder": false, "is_super_blue_chip_holder": false, "is_multi_sign_wallet": false, "das": null, "alias": null}, "event": "transfer", "quantity": 1, "tx_hash": "0x9c2b338f87ceb2e16d36701585d12cd9d6f3dd3253bd66e71588a8aacedd1b5f", "time": 1705065851, "nft": {"contract_address": "0xc274a97f1691ef390f662067e95a6eff1f99b504", "token_id": "1567", "name": "TinFun #1567", "blockchain": "ETH", "image": "https://lh3.googleusercontent.com/PwyjG1pNGOC421QWLTDEpT3zKhY2KUPdstL9J8M--yGWokJR0KEO6h1wJE65cnrSj_Z76REjGKVFOttZEaxoPVLBcmojk5PQ7SI", "contract_type": "ERC721"}, "collection": {"collection_id": "65a13036c284b18008bd25b7", "name": "TinFun", "logo": "https://i.seadn.io/s/raw/files/a531bedf317b5ffe5a35d559b5c94cd9.jpg?w=500&auto=format", "slug": "tin-fun"}, "gas_fee": {"value": 0.0025, "raw_value": 2500000000000000, "usd": 6.5751, "payment_token": {"address": "0x0000000000000000000000000000000000000000", "symbol": "ETH", "decimals": 18}}, "price": null, "marketplace_path": [], "fees": [], "trait_offer_target": null}]