[{"blockchain": "ETH", "sender": {"address": "0x8f861dc4cd43807ce2fe2dae44db34d9af7a9c78", "ens": null, "is_whale": false, "blockchain": "ETH", "is_contract": false, "is_blue_chip_holder": false, "is_super_blue_chip_holder": false, "is_multi_sign_wallet": false, "das": null, "alias": null}, "receiver": {"address": "0x8177e9fa379b85e01b2b30140ddc446b9875106a", "ens": null, "is_whale": false, "blockchain": "ETH", "is_contract": true, "is_blue_chip_holder": false, "is_super_blue_chip_holder": false, "is_multi_sign_wallet": false, "das": null, "alias": null}, "event": "transfer", "quantity": 1, "tx_hash": "0x35238b00e3d027b39058a6a017ca0c482e2dd41e49ae8bef1fddef9793c4be8f", "time": 1711796531, "nft": {"contract_address": "0xc274a97f1691ef390f662067e95a6eff1f99b504", "token_id": "7387", "name": "TinFun #7387", "blockchain": "ETH", "image": "https://lh3.googleusercontent.com/tpwPqEOXVzqS-vSpUETlmJiLMi3xJHZrWbP59gxzADf38iGy2EJYYf31xZkT1jTVMn9TGCgTOZG1NAl3UGVORi4Vz-0m9S8H0cw", "contract_type": "ERC721"}, "collection": {"collection_id": "65a13036c284b18008bd25b7", "name": "TinFun", "logo": "https://i.seadn.io/s/raw/files/a531bedf317b5ffe5a35d559b5c94cd9.jpg?w=500&auto=format", "slug": "tin-fun"}, "gas_fee": {"value": 0.0156, "raw_value": 15600000000000000, "usd": 54.9085, "payment_token": {"address": "0x0000000000000000000000000000000000000000", "symbol": "ETH", "decimals": 18}}, "price": null, "marketplace_path": [], "fees": [], "trait_offer_target": null}, {"blockchain": "ETH", "sender": {"address": "0x7ace5cffbf9e1b1a4e8f491a64013b0e6f774136", "ens": null, "is_whale": false, "blockchain": "ETH", "is_contract": false, "is_blue_chip_holder": true, "is_super_blue_chip_holder": false, "is_multi_sign_wallet": false, "das": null, "alias": null}, "receiver": {"address": "0x8f861dc4cd43807ce2fe2dae44db34d9af7a9c78", "ens": null, "is_whale": false, "blockchain": "ETH", "is_contract": false, "is_blue_chip_holder": false, "is_super_blue_chip_holder": false, "is_multi_sign_wallet": false, "das": null, "alias": null}, "event": "sale", "quantity": 1, "tx_hash": "0x29706e7caec087359693f5dbc60fd8142ab37506226e499f5dd8fbdb1a0787e2", "time": 1706004575, "nft": {"contract_address": "0xc274a97f1691ef390f662067e95a6eff1f99b504", "token_id": "7387", "name": "TinFun #7387", "blockchain": "ETH", "image": "https://lh3.googleusercontent.com/tpwPqEOXVzqS-vSpUETlmJiLMi3xJHZrWbP59gxzADf38iGy2EJYYf31xZkT1jTVMn9TGCgTOZG1NAl3UGVORi4Vz-0m9S8H0cw", "contract_type": "ERC721"}, "collection": {"collection_id": "65a13036c284b18008bd25b7", "name": "TinFun", "logo": "https://i.seadn.io/s/raw/files/a531bedf317b5ffe5a35d559b5c94cd9.jpg?w=500&auto=format", "slug": "tin-fun"}, "gas_fee": {"value": 0.0188, "raw_value": 18800000000000000, "usd": 41.5987, "payment_token": {"address": "0x0000000000000000000000000000000000000000", "symbol": "ETH", "decimals": 18}}, "price": {"value": 0.5274999, "raw_value": 527499900000000000, "usd": 1168.2717232394534, "payment_token": {"address": "0x0000000000000000000000000000000000000000", "symbol": "ETH", "decimals": 18}}, "marketplace_path": ["blur"], "fees": [{"fee_type": "royalty", "recipient": "0x6650dc11f439f14d4dfbea75233bd9b0099a0647", "bps": 50, "price": {"value": 0.002637, "raw_value": 2637499500000000, "usd": 6.119306, "payment_token": {"address": "0x0000000000000000000000000000000000000000", "symbol": "ETH", "decimals": 18}}}], "trait_offer_target": null}, {"blockchain": "ETH", "sender": {"address": "0x142668dc89e7e69ce985643ad3759fa8c518a884", "ens": "pandr.eth", "is_whale": false, "blockchain": "ETH", "is_contract": false, "is_blue_chip_holder": false, "is_super_blue_chip_holder": false, "is_multi_sign_wallet": false, "das": null, "alias": "pandr.eth"}, "receiver": {"address": "0x7ace5cffbf9e1b1a4e8f491a64013b0e6f774136", "ens": null, "is_whale": false, "blockchain": "ETH", "is_contract": false, "is_blue_chip_holder": true, "is_super_blue_chip_holder": false, "is_multi_sign_wallet": false, "das": null, "alias": null}, "event": "sale", "quantity": 1, "tx_hash": "0x99d2d96367914ad01d9917eaf4fc08728080d550080fc32f51cff74075e02e6c", "time": 1706000579, "nft": {"contract_address": "0xc274a97f1691ef390f662067e95a6eff1f99b504", "token_id": "7387", "name": "TinFun #7387", "blockchain": "ETH", "image": "https://lh3.googleusercontent.com/tpwPqEOXVzqS-vSpUETlmJiLMi3xJHZrWbP59gxzADf38iGy2EJYYf31xZkT1jTVMn9TGCgTOZG1NAl3UGVORi4Vz-0m9S8H0cw", "contract_type": "ERC721"}, "collection": {"collection_id": "65a13036c284b18008bd25b7", "name": "TinFun", "logo": "https://i.seadn.io/s/raw/files/a531bedf317b5ffe5a35d559b5c94cd9.jpg?w=500&auto=format", "slug": "tin-fun"}, "gas_fee": {"value": 0.0392, "raw_value": 39200000000000000, "usd": 89.8849, "payment_token": {"address": "0x0000000000000000000000000000000000000000", "symbol": "ETH", "decimals": 18}}, "price": {"value": 0.55, "raw_value": 550000000000000000, "usd": 1260.174339425353, "payment_token": {"address": "0x0000000000000000000000000000000000000000", "symbol": "ETH", "decimals": 18}}, "marketplace_path": ["blur"], "fees": [{"fee_type": "royalty", "recipient": "0x6650dc11f439f14d4dfbea75233bd9b0099a0647", "bps": 50, "price": {"value": 0.00275, "raw_value": 2750000000000000, "usd": 6.445483, "payment_token": {"address": "0x0000000000a39bb272e79075ade125fd351887ac", "symbol": "BETH", "decimals": 18}}}], "trait_offer_target": null}, {"blockchain": "ETH", "sender": {"address": "0xdcc78d193e64361c12f8c6f2e1c12daad0d07648", "ens": null, "is_whale": false, "blockchain": "ETH", "is_contract": false, "is_blue_chip_holder": false, "is_super_blue_chip_holder": false, "is_multi_sign_wallet": false, "das": null, "alias": null}, "receiver": {"address": "0x142668dc89e7e69ce985643ad3759fa8c518a884", "ens": "pandr.eth", "is_whale": false, "blockchain": "ETH", "is_contract": false, "is_blue_chip_holder": false, "is_super_blue_chip_holder": false, "is_multi_sign_wallet": false, "das": null, "alias": "pandr.eth"}, "event": "sale", "quantity": 1, "tx_hash": "0x3ee0e394e4a7230e121504e560a48d9d5abcae47b996bc931729ddeac5ec8c6e", "time": 1705985387, "nft": {"contract_address": "0xc274a97f1691ef390f662067e95a6eff1f99b504", "token_id": "7387", "name": "TinFun #7387", "blockchain": "ETH", "image": "https://lh3.googleusercontent.com/tpwPqEOXVzqS-vSpUETlmJiLMi3xJHZrWbP59gxzADf38iGy2EJYYf31xZkT1jTVMn9TGCgTOZG1NAl3UGVORi4Vz-0m9S8H0cw", "contract_type": "ERC721"}, "collection": {"collection_id": "65a13036c284b18008bd25b7", "name": "TinFun", "logo": "https://i.seadn.io/s/raw/files/a531bedf317b5ffe5a35d559b5c94cd9.jpg?w=500&auto=format", "slug": "tin-fun"}, "gas_fee": {"value": 0.0125, "raw_value": 12500000000000000, "usd": 29.213, "payment_token": {"address": "0x0000000000000000000000000000000000000000", "symbol": "ETH", "decimals": 18}}, "price": {"value": 0.545, "raw_value": 545000000000000000, "usd": 1273.629710422979, "payment_token": {"address": "0x0000000000000000000000000000000000000000", "symbol": "ETH", "decimals": 18}}, "marketplace_path": ["blur-aggregator", "blur"], "fees": [{"fee_type": "royalty", "recipient": "0x6650dc11f439f14d4dfbea75233bd9b0099a0647", "bps": 50, "price": {"value": 0.002725, "raw_value": 2725000000000000, "usd": 6.355236, "payment_token": {"address": "0x0000000000000000000000000000000000000000", "symbol": "ETH", "decimals": 18}}}], "trait_offer_target": null}, {"blockchain": "ETH", "sender": {"address": "0x1bce0c7750a7cee219b776d68476b109404c3313", "ens": null, "is_whale": false, "blockchain": "ETH", "is_contract": false, "is_blue_chip_holder": true, "is_super_blue_chip_holder": false, "is_multi_sign_wallet": false, "das": null, "alias": null}, "receiver": {"address": "0xdcc78d193e64361c12f8c6f2e1c12daad0d07648", "ens": null, "is_whale": false, "blockchain": "ETH", "is_contract": false, "is_blue_chip_holder": false, "is_super_blue_chip_holder": false, "is_multi_sign_wallet": false, "das": null, "alias": null}, "event": "sale", "quantity": 1, "tx_hash": "0xe9f6c08ea55271ca8e9e50a0e9a303e743089fe68abc159a11cdd90abb3f3be8", "time": 1705976783, "nft": {"contract_address": "0xc274a97f1691ef390f662067e95a6eff1f99b504", "token_id": "7387", "name": "TinFun #7387", "blockchain": "ETH", "image": "https://lh3.googleusercontent.com/tpwPqEOXVzqS-vSpUETlmJiLMi3xJHZrWbP59gxzADf38iGy2EJYYf31xZkT1jTVMn9TGCgTOZG1NAl3UGVORi4Vz-0m9S8H0cw", "contract_type": "ERC721"}, "collection": {"collection_id": "65a13036c284b18008bd25b7", "name": "TinFun", "logo": "https://i.seadn.io/s/raw/files/a531bedf317b5ffe5a35d559b5c94cd9.jpg?w=500&auto=format", "slug": "tin-fun"}, "gas_fee": {"value": 0.0294, "raw_value": 29400000000000000, "usd": 68.6164, "payment_token": {"address": "0x0000000000000000000000000000000000000000", "symbol": "ETH", "decimals": 18}}, "price": {"value": 0.54, "raw_value": 540000000000000000, "usd": 1259.386247253277, "payment_token": {"address": "0x0000000000000000000000000000000000000000", "symbol": "ETH", "decimals": 18}}, "marketplace_path": ["blur"], "fees": [{"fee_type": "royalty", "recipient": "0x6650dc11f439f14d4dfbea75233bd9b0099a0647", "bps": 50, "price": {"value": 0.0027, "raw_value": 2700000000000000, "usd": 6.239569, "payment_token": {"address": "0x0000000000a39bb272e79075ade125fd351887ac", "symbol": "BETH", "decimals": 18}}}], "trait_offer_target": null}, {"blockchain": "ETH", "sender": {"address": "0x6d02ce0cd50bff383035e1de5c8b2235fb22e4e8", "ens": null, "is_whale": false, "blockchain": "ETH", "is_contract": false, "is_blue_chip_holder": true, "is_super_blue_chip_holder": false, "is_multi_sign_wallet": false, "das": null, "alias": null}, "receiver": {"address": "0x1bce0c7750a7cee219b776d68476b109404c3313", "ens": null, "is_whale": false, "blockchain": "ETH", "is_contract": false, "is_blue_chip_holder": true, "is_super_blue_chip_holder": false, "is_multi_sign_wallet": false, "das": null, "alias": null}, "event": "sale", "quantity": 1, "tx_hash": "0x2912a6a728f91f747d9d22d6e38c049103f1df4239b6c9b850513b0a698e5e92", "time": 1705937363, "nft": {"contract_address": "0xc274a97f1691ef390f662067e95a6eff1f99b504", "token_id": "7387", "name": "TinFun #7387", "blockchain": "ETH", "image": "https://lh3.googleusercontent.com/tpwPqEOXVzqS-vSpUETlmJiLMi3xJHZrWbP59gxzADf38iGy2EJYYf31xZkT1jTVMn9TGCgTOZG1NAl3UGVORi4Vz-0m9S8H0cw", "contract_type": "ERC721"}, "collection": {"collection_id": "65a13036c284b18008bd25b7", "name": "TinFun", "logo": "https://i.seadn.io/s/raw/files/a531bedf317b5ffe5a35d559b5c94cd9.jpg?w=500&auto=format", "slug": "tin-fun"}, "gas_fee": {"value": 0.0583, "raw_value": 58300000000000000, "usd": 138.1224, "payment_token": {"address": "0x0000000000000000000000000000000000000000", "symbol": "ETH", "decimals": 18}}, "price": {"value": 0.55, "raw_value": 550000000000000000, "usd": 1302.8297988357317, "payment_token": {"address": "0x0000000000000000000000000000000000000000", "symbol": "ETH", "decimals": 18}}, "marketplace_path": ["blur"], "fees": [{"fee_type": "royalty", "recipient": "0x6650dc11f439f14d4dfbea75233bd9b0099a0647", "bps": 50, "price": {"value": 0.00275, "raw_value": 2750000000000000, "usd": 6.531188, "payment_token": {"address": "0x0000000000a39bb272e79075ade125fd351887ac", "symbol": "BETH", "decimals": 18}}}], "trait_offer_target": null}, {"blockchain": "ETH", "sender": {"address": "0x10940bbc025a29d13a1f24be3ba74dfd3addf021", "ens": null, "is_whale": false, "blockchain": "ETH", "is_contract": false, "is_blue_chip_holder": true, "is_super_blue_chip_holder": false, "is_multi_sign_wallet": false, "das": null, "alias": null}, "receiver": {"address": "0x6d02ce0cd50bff383035e1de5c8b2235fb22e4e8", "ens": null, "is_whale": false, "blockchain": "ETH", "is_contract": false, "is_blue_chip_holder": true, "is_super_blue_chip_holder": false, "is_multi_sign_wallet": false, "das": null, "alias": null}, "event": "sale", "quantity": 1, "tx_hash": "0xe07de3bf0b3a51f291b9610aea65e3250a517816bc110220e15e2954f2636cec", "time": 1705901543, "nft": {"contract_address": "0xc274a97f1691ef390f662067e95a6eff1f99b504", "token_id": "7387", "name": "TinFun #7387", "blockchain": "ETH", "image": "https://lh3.googleusercontent.com/tpwPqEOXVzqS-vSpUETlmJiLMi3xJHZrWbP59gxzADf38iGy2EJYYf31xZkT1jTVMn9TGCgTOZG1NAl3UGVORi4Vz-0m9S8H0cw", "contract_type": "ERC721"}, "collection": {"collection_id": "65a13036c284b18008bd25b7", "name": "TinFun", "logo": "https://i.seadn.io/s/raw/files/a531bedf317b5ffe5a35d559b5c94cd9.jpg?w=500&auto=format", "slug": "tin-fun"}, "gas_fee": {"value": 0.0367, "raw_value": 36700000000000000, "usd": 88.7413, "payment_token": {"address": "0x0000000000000000000000000000000000000000", "symbol": "ETH", "decimals": 18}}, "price": {"value": 0.518, "raw_value": 518000000000000000, "usd": 1250.9740744397552, "payment_token": {"address": "0x0000000000000000000000000000000000000000", "symbol": "ETH", "decimals": 18}}, "marketplace_path": ["blur-aggregator", "blur"], "fees": [{"fee_type": "royalty", "recipient": "0x6650dc11f439f14d4dfbea75233bd9b0099a0647", "bps": 50, "price": {"value": 0.00259, "raw_value": 2590000000000000, "usd": 6.305921, "payment_token": {"address": "0x0000000000000000000000000000000000000000", "symbol": "ETH", "decimals": 18}}}], "trait_offer_target": null}, {"blockchain": "ETH", "sender": {"address": "0xa69833b9fda816f1bfc79517e7932e64708df0dd", "ens": null, "is_whale": false, "blockchain": "ETH", "is_contract": false, "is_blue_chip_holder": true, "is_super_blue_chip_holder": false, "is_multi_sign_wallet": false, "das": null, "alias": null}, "receiver": {"address": "0x10940bbc025a29d13a1f24be3ba74dfd3addf021", "ens": null, "is_whale": false, "blockchain": "ETH", "is_contract": false, "is_blue_chip_holder": true, "is_super_blue_chip_holder": false, "is_multi_sign_wallet": false, "das": null, "alias": null}, "event": "sale", "quantity": 1, "tx_hash": "0x335a4f76289220518036bdb07deda0fde277994b248475160cf3a7966d7b4526", "time": 1705341995, "nft": {"contract_address": "0xc274a97f1691ef390f662067e95a6eff1f99b504", "token_id": "7387", "name": "TinFun #7387", "blockchain": "ETH", "image": "https://lh3.googleusercontent.com/tpwPqEOXVzqS-vSpUETlmJiLMi3xJHZrWbP59gxzADf38iGy2EJYYf31xZkT1jTVMn9TGCgTOZG1NAl3UGVORi4Vz-0m9S8H0cw", "contract_type": "ERC721"}, "collection": {"collection_id": "65a13036c284b18008bd25b7", "name": "TinFun", "logo": "https://i.seadn.io/s/raw/files/a531bedf317b5ffe5a35d559b5c94cd9.jpg?w=500&auto=format", "slug": "tin-fun"}, "gas_fee": {"value": 0.0301, "raw_value": 30100000000000000, "usd": 76.117, "payment_token": {"address": "0x0000000000000000000000000000000000000000", "symbol": "ETH", "decimals": 18}}, "price": {"value": 0.785, "raw_value": 785000000000000000, "usd": 1987.8085511465501, "payment_token": {"address": "0x0000000000000000000000000000000000000000", "symbol": "ETH", "decimals": 18}}, "marketplace_path": ["blur-aggregator", "blur"], "fees": [{"fee_type": "royalty", "recipient": "0x6650dc11f439f14d4dfbea75233bd9b0099a0647", "bps": 50, "price": {"value": 0.003925, "raw_value": 3925000000000000, "usd": 9.865129, "payment_token": {"address": "0x0000000000000000000000000000000000000000", "symbol": "ETH", "decimals": 18}}}], "trait_offer_target": null}, {"blockchain": "ETH", "sender": {"address": "0x7c5ca25f6e7bb3924edee9441dde53f332824be4", "ens": null, "is_whale": false, "blockchain": "ETH", "is_contract": false, "is_blue_chip_holder": false, "is_super_blue_chip_holder": false, "is_multi_sign_wallet": false, "das": null, "alias": null}, "receiver": {"address": "0xa69833b9fda816f1bfc79517e7932e64708df0dd", "ens": null, "is_whale": false, "blockchain": "ETH", "is_contract": false, "is_blue_chip_holder": true, "is_super_blue_chip_holder": false, "is_multi_sign_wallet": false, "das": null, "alias": null}, "event": "sale", "quantity": 1, "tx_hash": "0x5368cf621f35b4dde4890895e9528b5f3de2fe0af40e87686a6521e7e9f822b0", "time": 1705299767, "nft": {"contract_address": "0xc274a97f1691ef390f662067e95a6eff1f99b504", "token_id": "7387", "name": "TinFun #7387", "blockchain": "ETH", "image": "https://lh3.googleusercontent.com/tpwPqEOXVzqS-vSpUETlmJiLMi3xJHZrWbP59gxzADf38iGy2EJYYf31xZkT1jTVMn9TGCgTOZG1NAl3UGVORi4Vz-0m9S8H0cw", "contract_type": "ERC721"}, "collection": {"collection_id": "65a13036c284b18008bd25b7", "name": "TinFun", "logo": "https://i.seadn.io/s/raw/files/a531bedf317b5ffe5a35d559b5c94cd9.jpg?w=500&auto=format", "slug": "tin-fun"}, "gas_fee": {"value": 0.0039, "raw_value": 3900000000000000, "usd": 9.8692, "payment_token": {"address": "0x0000000000000000000000000000000000000000", "symbol": "ETH", "decimals": 18}}, "price": {"value": 0.76, "raw_value": 760000000000000000, "usd": 1913.4339981091487, "payment_token": {"address": "0x0000000000000000000000000000000000000000", "symbol": "ETH", "decimals": 18}}, "marketplace_path": ["blur"], "fees": [{"fee_type": "royalty", "recipient": "0x6650dc11f439f14d4dfbea75233bd9b0099a0647", "bps": 50, "price": {"value": 0.0038, "raw_value": 3800000000000000, "usd": 9.509881, "payment_token": {"address": "0x0000000000a39bb272e79075ade125fd351887ac", "symbol": "BETH", "decimals": 18}}}], "trait_offer_target": null}]