[{"blockchain": "ETH", "sender": {"address": "0x352d16ea8ade2ac89d99a68370ee8538c7e5d116", "ens": null, "is_whale": false, "blockchain": "ETH", "is_contract": false, "is_blue_chip_holder": false, "is_super_blue_chip_holder": false, "is_multi_sign_wallet": false, "das": null, "alias": null}, "receiver": {"address": "0x8177e9fa379b85e01b2b30140ddc446b9875106a", "ens": null, "is_whale": false, "blockchain": "ETH", "is_contract": true, "is_blue_chip_holder": false, "is_super_blue_chip_holder": false, "is_multi_sign_wallet": false, "das": null, "alias": null}, "event": "transfer", "quantity": 1, "tx_hash": "0xb82b6090ef3203c752cfe1aae5e65a494557050941b909b215224d99e8b09b90", "time": 1711758527, "nft": {"contract_address": "0xc274a97f1691ef390f662067e95a6eff1f99b504", "token_id": "7606", "name": "TinFun #7606", "blockchain": "ETH", "image": "https://lh3.googleusercontent.com/iCUuZxOmsNeN7MjCcQTqFOm84e7sdS8HuLwk9jNmthW0dWNXol0nXC3gjSsJG9q_uUaJDHkEhsXBzpYGN68E4DAajXveQpLYig", "contract_type": "ERC721"}, "collection": {"collection_id": "65a13036c284b18008bd25b7", "name": "TinFun", "logo": "https://i.seadn.io/s/raw/files/a531bedf317b5ffe5a35d559b5c94cd9.jpg?w=500&auto=format", "slug": "tin-fun"}, "gas_fee": {"value": 0.0016, "raw_value": 1600000000000000, "usd": 5.6134, "payment_token": {"address": "0x0000000000000000000000000000000000000000", "symbol": "ETH", "decimals": 18}}, "price": null, "marketplace_path": [], "fees": [], "trait_offer_target": null}, {"blockchain": "ETH", "sender": {"address": "0x84349c4325a3f34d7e0a65f1907d75d47d031d72", "ens": null, "is_whale": false, "blockchain": "ETH", "is_contract": false, "is_blue_chip_holder": false, "is_super_blue_chip_holder": false, "is_multi_sign_wallet": false, "das": null, "alias": null}, "receiver": {"address": "0x352d16ea8ade2ac89d99a68370ee8538c7e5d116", "ens": null, "is_whale": false, "blockchain": "ETH", "is_contract": false, "is_blue_chip_holder": false, "is_super_blue_chip_holder": false, "is_multi_sign_wallet": false, "das": null, "alias": null}, "event": "transfer", "quantity": 1, "tx_hash": "0x18f2df608d1661b4ed357bbaa73fed1b5896ff9378a499c96ea2355346ef7eaa", "time": 1709775071, "nft": {"contract_address": "0xc274a97f1691ef390f662067e95a6eff1f99b504", "token_id": "7606", "name": "TinFun #7606", "blockchain": "ETH", "image": "https://lh3.googleusercontent.com/iCUuZxOmsNeN7MjCcQTqFOm84e7sdS8HuLwk9jNmthW0dWNXol0nXC3gjSsJG9q_uUaJDHkEhsXBzpYGN68E4DAajXveQpLYig", "contract_type": "ERC721"}, "collection": {"collection_id": "65a13036c284b18008bd25b7", "name": "TinFun", "logo": "https://i.seadn.io/s/raw/files/a531bedf317b5ffe5a35d559b5c94cd9.jpg?w=500&auto=format", "slug": "tin-fun"}, "gas_fee": {"value": 0.005, "raw_value": 5000000000000000, "usd": 19.307, "payment_token": {"address": "0x0000000000000000000000000000000000000000", "symbol": "ETH", "decimals": 18}}, "price": null, "marketplace_path": [], "fees": [], "trait_offer_target": null}, {"blockchain": "ETH", "sender": {"address": "0x18deb48b6196f32cf217a3d5ac543294195c9cb1", "ens": null, "is_whale": false, "blockchain": "ETH", "is_contract": false, "is_blue_chip_holder": false, "is_super_blue_chip_holder": false, "is_multi_sign_wallet": false, "das": null, "alias": null}, "receiver": {"address": "0x84349c4325a3f34d7e0a65f1907d75d47d031d72", "ens": null, "is_whale": false, "blockchain": "ETH", "is_contract": false, "is_blue_chip_holder": false, "is_super_blue_chip_holder": false, "is_multi_sign_wallet": false, "das": null, "alias": null}, "event": "sale", "quantity": 1, "tx_hash": "0x02d569f630e58efc135e1789a177f41227d5f491bb287138d958665eb87842b8", "time": 1708649663, "nft": {"contract_address": "0xc274a97f1691ef390f662067e95a6eff1f99b504", "token_id": "7606", "name": "TinFun #7606", "blockchain": "ETH", "image": "https://lh3.googleusercontent.com/iCUuZxOmsNeN7MjCcQTqFOm84e7sdS8HuLwk9jNmthW0dWNXol0nXC3gjSsJG9q_uUaJDHkEhsXBzpYGN68E4DAajXveQpLYig", "contract_type": "ERC721"}, "collection": {"collection_id": "65a13036c284b18008bd25b7", "name": "TinFun", "logo": "https://i.seadn.io/s/raw/files/a531bedf317b5ffe5a35d559b5c94cd9.jpg?w=500&auto=format", "slug": "tin-fun"}, "gas_fee": {"value": 0.0132, "raw_value": 13200000000000000, "usd": 39.2678, "payment_token": {"address": "0x0000000000000000000000000000000000000000", "symbol": "ETH", "decimals": 18}}, "price": {"value": 0.54, "raw_value": 540000000000000000, "usd": 1603.8753609352486, "payment_token": {"address": "0x0000000000000000000000000000000000000000", "symbol": "ETH", "decimals": 18}}, "marketplace_path": ["blur"], "fees": [{"fee_type": "royalty", "recipient": "0x6650dc11f439f14d4dfbea75233bd9b0099a0647", "bps": 500, "price": {"value": 0.027, "raw_value": 27000000000000000, "usd": 80.594164, "payment_token": {"address": "0x0000000000a39bb272e79075ade125fd351887ac", "symbol": "BETH", "decimals": 18}}}], "trait_offer_target": null}, {"blockchain": "ETH", "sender": {"address": "0xe9afe6aaff914a0ebd87959dff1ff7ea4d417f4a", "ens": null, "is_whale": false, "blockchain": "ETH", "is_contract": false, "is_blue_chip_holder": true, "is_super_blue_chip_holder": false, "is_multi_sign_wallet": false, "das": null, "alias": null}, "receiver": {"address": "0x18deb48b6196f32cf217a3d5ac543294195c9cb1", "ens": null, "is_whale": false, "blockchain": "ETH", "is_contract": false, "is_blue_chip_holder": false, "is_super_blue_chip_holder": false, "is_multi_sign_wallet": false, "das": null, "alias": null}, "event": "sale", "quantity": 1, "tx_hash": "0x403337faf781b326b3c700b88e5f0e736775db4602ca9557b91a58872a9d3d6f", "time": 1708610003, "nft": {"contract_address": "0xc274a97f1691ef390f662067e95a6eff1f99b504", "token_id": "7606", "name": "TinFun #7606", "blockchain": "ETH", "image": "https://lh3.googleusercontent.com/iCUuZxOmsNeN7MjCcQTqFOm84e7sdS8HuLwk9jNmthW0dWNXol0nXC3gjSsJG9q_uUaJDHkEhsXBzpYGN68E4DAajXveQpLYig", "contract_type": "ERC721"}, "collection": {"collection_id": "65a13036c284b18008bd25b7", "name": "TinFun", "logo": "https://i.seadn.io/s/raw/files/a531bedf317b5ffe5a35d559b5c94cd9.jpg?w=500&auto=format", "slug": "tin-fun"}, "gas_fee": {"value": 0.0194, "raw_value": 19400000000000000, "usd": 57.884, "payment_token": {"address": "0x0000000000000000000000000000000000000000", "symbol": "ETH", "decimals": 18}}, "price": {"value": 0.54, "raw_value": 540000000000000000, "usd": 1609.3841884785043, "payment_token": {"address": "0x0000000000000000000000000000000000000000", "symbol": "ETH", "decimals": 18}}, "marketplace_path": ["blur-aggregator", "blur"], "fees": [{"fee_type": "royalty", "recipient": "0x6650dc11f439f14d4dfbea75233bd9b0099a0647", "bps": 50, "price": {"value": 0.0027, "raw_value": 2700000000000000, "usd": 8.083996, "payment_token": {"address": "0x0000000000000000000000000000000000000000", "symbol": "ETH", "decimals": 18}}}], "trait_offer_target": null}]