[{"blockchain": "ETH", "sender": {"address": "0xb5e2b0d7b987a68352ce3860c99353540c3b4a38", "ens": "zpppw.eth", "is_whale": false, "blockchain": "ETH", "is_contract": false, "is_blue_chip_holder": false, "is_super_blue_chip_holder": false, "is_multi_sign_wallet": false, "das": null, "alias": "zpppw.eth"}, "receiver": {"address": "0x67b014534bbb3038ac1418d1cfa6061048d9e9e6", "ens": null, "is_whale": false, "blockchain": "ETH", "is_contract": false, "is_blue_chip_holder": true, "is_super_blue_chip_holder": false, "is_multi_sign_wallet": false, "das": null, "alias": null}, "event": "sale", "quantity": 1, "tx_hash": "0x7ffcad28216c9361ff217f04b7cac6390622a7abecac77cea042d2bf4f8802e8", "time": 1709113931, "nft": {"contract_address": "0xc274a97f1691ef390f662067e95a6eff1f99b504", "token_id": "4270", "name": "TinFun #4270", "blockchain": "ETH", "image": "https://lh3.googleusercontent.com/iyzI6Inw0zGcXhDyU-NOmBVPEm94Ki7t1FVWX5gWoG0yUjTn5j5_3ZPOmaD-itEFSe3p8dnZsPVUkVuntAnTeP0s2Tq1gKzRmw", "contract_type": "ERC721"}, "collection": {"collection_id": "65a13036c284b18008bd25b7", "name": "TinFun", "logo": "https://i.seadn.io/s/raw/files/a531bedf317b5ffe5a35d559b5c94cd9.jpg?w=500&auto=format", "slug": "tin-fun"}, "gas_fee": {"value": 0.0144, "raw_value": 14400000000000000, "usd": 47.9823, "payment_token": {"address": "0x0000000000000000000000000000000000000000", "symbol": "ETH", "decimals": 18}}, "price": {"value": 0.28, "raw_value": 280000000000000000, "usd": 933.0701303423466, "payment_token": {"address": "0x0000000000000000000000000000000000000000", "symbol": "ETH", "decimals": 18}}, "marketplace_path": ["blur"], "fees": [{"fee_type": "royalty", "recipient": "0x6650dc11f439f14d4dfbea75233bd9b0099a0647", "bps": 50, "price": {"value": 0.0014, "raw_value": 1400000000000000, "usd": 4.565574, "payment_token": {"address": "0x0000000000a39bb272e79075ade125fd351887ac", "symbol": "BETH", "decimals": 18}}}], "trait_offer_target": null}]