[{"blockchain": "ETH", "sender": {"address": "0xd23049316c5058dead7d488e78305ad5a82ec362", "ens": null, "is_whale": false, "blockchain": "ETH", "is_contract": false, "is_blue_chip_holder": false, "is_super_blue_chip_holder": false, "is_multi_sign_wallet": false, "das": null, "alias": null}, "receiver": {"address": "0x8177e9fa379b85e01b2b30140ddc446b9875106a", "ens": null, "is_whale": false, "blockchain": "ETH", "is_contract": true, "is_blue_chip_holder": false, "is_super_blue_chip_holder": false, "is_multi_sign_wallet": false, "das": null, "alias": null}, "event": "transfer", "quantity": 1, "tx_hash": "0x14c96b60ee867e16c09cb6f4af0ecc2607bd09c9beb8a96e151c765624737ac4", "time": 1711697771, "nft": {"contract_address": "0xc274a97f1691ef390f662067e95a6eff1f99b504", "token_id": "306", "name": "TinFun #306", "blockchain": "ETH", "image": "https://lh3.googleusercontent.com/cTx6kOvy4cgEcB7Zsr5jEJz7E9STGFhX_gs2B7O8KNUfabAoS3zbZYpIgHKb5HvEU0nmyjj7DffX0Q5MIvya_g9vLSEBlN_H-Kw", "contract_type": "ERC721"}, "collection": {"collection_id": "65a13036c284b18008bd25b7", "name": "TinFun", "logo": "https://i.seadn.io/s/raw/files/a531bedf317b5ffe5a35d559b5c94cd9.jpg?w=500&auto=format", "slug": "tin-fun"}, "gas_fee": {"value": 0.0028, "raw_value": 2800000000000000, "usd": 9.969, "payment_token": {"address": "0x0000000000000000000000000000000000000000", "symbol": "ETH", "decimals": 18}}, "price": null, "marketplace_path": [], "fees": [], "trait_offer_target": null}, {"blockchain": "ETH", "sender": {"address": "0xd1a3bacd38b3061aa7cba5b083f7c8b00c76228a", "ens": "107gm.eth", "is_whale": false, "blockchain": "ETH", "is_contract": false, "is_blue_chip_holder": false, "is_super_blue_chip_holder": false, "is_multi_sign_wallet": false, "das": null, "alias": "107gm.eth"}, "receiver": {"address": "0xd23049316c5058dead7d488e78305ad5a82ec362", "ens": null, "is_whale": false, "blockchain": "ETH", "is_contract": false, "is_blue_chip_holder": false, "is_super_blue_chip_holder": false, "is_multi_sign_wallet": false, "das": null, "alias": null}, "event": "sale", "quantity": 1, "tx_hash": "0xe660633ff5826e633daede66e49ddbdb65a54b2e5af60d7271c6193f57aa4a2e", "time": 1709717843, "nft": {"contract_address": "0xc274a97f1691ef390f662067e95a6eff1f99b504", "token_id": "306", "name": "TinFun #306", "blockchain": "ETH", "image": "https://lh3.googleusercontent.com/cTx6kOvy4cgEcB7Zsr5jEJz7E9STGFhX_gs2B7O8KNUfabAoS3zbZYpIgHKb5HvEU0nmyjj7DffX0Q5MIvya_g9vLSEBlN_H-Kw", "contract_type": "ERC721"}, "collection": {"collection_id": "65a13036c284b18008bd25b7", "name": "TinFun", "logo": "https://i.seadn.io/s/raw/files/a531bedf317b5ffe5a35d559b5c94cd9.jpg?w=500&auto=format", "slug": "tin-fun"}, "gas_fee": {"value": 0.0128, "raw_value": 12800000000000000, "usd": 48.8851, "payment_token": {"address": "0x0000000000000000000000000000000000000000", "symbol": "ETH", "decimals": 18}}, "price": {"value": 0.225, "raw_value": 225000000000000000, "usd": 860.7675892582201, "payment_token": {"address": "0x0000000000000000000000000000000000000000", "symbol": "ETH", "decimals": 18}}, "marketplace_path": ["blur-aggregator", "blur"], "fees": [{"fee_type": "royalty", "recipient": "0x6650dc11f439f14d4dfbea75233bd9b0099a0647", "bps": 500, "price": {"value": 0.01125, "raw_value": 11250000000000000, "usd": 42.192059, "payment_token": {"address": "0x0000000000000000000000000000000000000000", "symbol": "ETH", "decimals": 18}}}], "trait_offer_target": null}]