[{"blockchain": "ETH", "sender": {"address": "0xa637e4ac42431976ebe112e13096a61350900f24", "ens": null, "is_whale": false, "blockchain": "ETH", "is_contract": false, "is_blue_chip_holder": false, "is_super_blue_chip_holder": false, "is_multi_sign_wallet": false, "das": null, "alias": null}, "receiver": {"address": "0x8177e9fa379b85e01b2b30140ddc446b9875106a", "ens": null, "is_whale": false, "blockchain": "ETH", "is_contract": true, "is_blue_chip_holder": false, "is_super_blue_chip_holder": false, "is_multi_sign_wallet": false, "das": null, "alias": null}, "event": "transfer", "quantity": 1, "tx_hash": "0x4e4c83d19f7870da078cd593cbd66410b15421443e728a262e283dd105554bcf", "time": 1711705547, "nft": {"contract_address": "0xc274a97f1691ef390f662067e95a6eff1f99b504", "token_id": "238", "name": "TinFun #238", "blockchain": "ETH", "image": "https://lh3.googleusercontent.com/pKLZi0Aqx5SLF0Vh3qeobLLOw3OUBrjuGQTa7dcUnR5AqaGKBVs6xxS1lO_1e9P57IH6Fiv50s7g1gk1q_-yT39kIXVO_6E5MAbR", "contract_type": "ERC721"}, "collection": {"collection_id": "65a13036c284b18008bd25b7", "name": "TinFun", "logo": "https://i.seadn.io/s/raw/files/a531bedf317b5ffe5a35d559b5c94cd9.jpg?w=500&auto=format", "slug": "tin-fun"}, "gas_fee": {"value": 0.047, "raw_value": 47000000000000000, "usd": 166.2887, "payment_token": {"address": "0x0000000000000000000000000000000000000000", "symbol": "ETH", "decimals": 18}}, "price": null, "marketplace_path": [], "fees": [], "trait_offer_target": null}, {"blockchain": "ETH", "sender": {"address": "0x334c036e3125dcb6d93e9b998f6d9d7a1be4b17f", "ens": "inverted.eth", "is_whale": false, "blockchain": "ETH", "is_contract": false, "is_blue_chip_holder": false, "is_super_blue_chip_holder": false, "is_multi_sign_wallet": false, "das": null, "alias": "inverted.eth"}, "receiver": {"address": "0xa637e4ac42431976ebe112e13096a61350900f24", "ens": null, "is_whale": false, "blockchain": "ETH", "is_contract": false, "is_blue_chip_holder": false, "is_super_blue_chip_holder": false, "is_multi_sign_wallet": false, "das": null, "alias": null}, "event": "sale", "quantity": 1, "tx_hash": "0xea0a4958e0ae8f3aa824d777640a8a55cb5750d7ab319b46992d0619672b716a", "time": 1709516675, "nft": {"contract_address": "0xc274a97f1691ef390f662067e95a6eff1f99b504", "token_id": "238", "name": "TinFun #238", "blockchain": "ETH", "image": "https://lh3.googleusercontent.com/pKLZi0Aqx5SLF0Vh3qeobLLOw3OUBrjuGQTa7dcUnR5AqaGKBVs6xxS1lO_1e9P57IH6Fiv50s7g1gk1q_-yT39kIXVO_6E5MAbR", "contract_type": "ERC721"}, "collection": {"collection_id": "65a13036c284b18008bd25b7", "name": "TinFun", "logo": "https://i.seadn.io/s/raw/files/a531bedf317b5ffe5a35d559b5c94cd9.jpg?w=500&auto=format", "slug": "tin-fun"}, "gas_fee": {"value": 0.1368, "raw_value": 136800000000000000, "usd": 476.9746, "payment_token": {"address": "0x0000000000000000000000000000000000000000", "symbol": "ETH", "decimals": 18}}, "price": {"value": 0.22, "raw_value": 220000000000000000, "usd": 766.984735378268, "payment_token": {"address": "0x0000000000000000000000000000000000000000", "symbol": "ETH", "decimals": 18}}, "marketplace_path": ["blur"], "fees": [{"fee_type": "royalty", "recipient": "0x6650dc11f439f14d4dfbea75233bd9b0099a0647", "bps": 50, "price": {"value": 0.0011, "raw_value": 1100000000000000, "usd": 3.82121, "payment_token": {"address": "0x0000000000a39bb272e79075ade125fd351887ac", "symbol": "BETH", "decimals": 18}}}], "trait_offer_target": null}, {"blockchain": "ETH", "sender": {"address": "0xcc355f3dd9c41616da0996bd3bf12ad7cc2934e4", "ens": null, "is_whale": false, "blockchain": "ETH", "is_contract": false, "is_blue_chip_holder": false, "is_super_blue_chip_holder": false, "is_multi_sign_wallet": false, "das": null, "alias": null}, "receiver": {"address": "0x334c036e3125dcb6d93e9b998f6d9d7a1be4b17f", "ens": "inverted.eth", "is_whale": false, "blockchain": "ETH", "is_contract": false, "is_blue_chip_holder": false, "is_super_blue_chip_holder": false, "is_multi_sign_wallet": false, "das": null, "alias": "inverted.eth"}, "event": "sale", "quantity": 1, "tx_hash": "0x93480ed3e079772ceca0a523fb24fadd894d8f2a631ed69854e62193abcacd32", "time": 1709108039, "nft": {"contract_address": "0xc274a97f1691ef390f662067e95a6eff1f99b504", "token_id": "238", "name": "TinFun #238", "blockchain": "ETH", "image": "https://lh3.googleusercontent.com/pKLZi0Aqx5SLF0Vh3qeobLLOw3OUBrjuGQTa7dcUnR5AqaGKBVs6xxS1lO_1e9P57IH6Fiv50s7g1gk1q_-yT39kIXVO_6E5MAbR", "contract_type": "ERC721"}, "collection": {"collection_id": "65a13036c284b18008bd25b7", "name": "TinFun", "logo": "https://i.seadn.io/s/raw/files/a531bedf317b5ffe5a35d559b5c94cd9.jpg?w=500&auto=format", "slug": "tin-fun"}, "gas_fee": {"value": 0.0068, "raw_value": 6800000000000000, "usd": 22.3377, "payment_token": {"address": "0x0000000000000000000000000000000000000000", "symbol": "ETH", "decimals": 18}}, "price": {"value": 0.28, "raw_value": 280000000000000000, "usd": 924.9932292210951, "payment_token": {"address": "0x0000000000000000000000000000000000000000", "symbol": "ETH", "decimals": 18}}, "marketplace_path": ["blur"], "fees": [{"fee_type": "royalty", "recipient": "0x6650dc11f439f14d4dfbea75233bd9b0099a0647", "bps": 50, "price": {"value": 0.0014, "raw_value": 1400000000000000, "usd": 4.555465, "payment_token": {"address": "0x0000000000a39bb272e79075ade125fd351887ac", "symbol": "BETH", "decimals": 18}}}], "trait_offer_target": null}, {"blockchain": "ETH", "sender": {"address": "0x02d15a4f1896c88855edbafa709fc47178482591", "ens": null, "is_whale": false, "blockchain": "ETH", "is_contract": false, "is_blue_chip_holder": false, "is_super_blue_chip_holder": false, "is_multi_sign_wallet": false, "das": null, "alias": null}, "receiver": {"address": "0xcc355f3dd9c41616da0996bd3bf12ad7cc2934e4", "ens": null, "is_whale": false, "blockchain": "ETH", "is_contract": false, "is_blue_chip_holder": false, "is_super_blue_chip_holder": false, "is_multi_sign_wallet": false, "das": null, "alias": null}, "event": "sale", "quantity": 1, "tx_hash": "0x84a256f60d771a9ab01ef29b2ffbc4ce46210095f4a72886b7731f1dfcc73348", "time": 1709013143, "nft": {"contract_address": "0xc274a97f1691ef390f662067e95a6eff1f99b504", "token_id": "238", "name": "TinFun #238", "blockchain": "ETH", "image": "https://lh3.googleusercontent.com/pKLZi0Aqx5SLF0Vh3qeobLLOw3OUBrjuGQTa7dcUnR5AqaGKBVs6xxS1lO_1e9P57IH6Fiv50s7g1gk1q_-yT39kIXVO_6E5MAbR", "contract_type": "ERC721"}, "collection": {"collection_id": "65a13036c284b18008bd25b7", "name": "TinFun", "logo": "https://i.seadn.io/s/raw/files/a531bedf317b5ffe5a35d559b5c94cd9.jpg?w=500&auto=format", "slug": "tin-fun"}, "gas_fee": {"value": 0.0066, "raw_value": 6600000000000000, "usd": 21.3414, "payment_token": {"address": "0x0000000000000000000000000000000000000000", "symbol": "ETH", "decimals": 18}}, "price": {"value": 0.32, "raw_value": 320000000000000000, "usd": 1027.795524493185, "payment_token": {"address": "0x0000000000000000000000000000000000000000", "symbol": "ETH", "decimals": 18}}, "marketplace_path": ["blur"], "fees": [{"fee_type": "royalty", "recipient": "0x6650dc11f439f14d4dfbea75233bd9b0099a0647", "bps": 50, "price": {"value": 0.0016, "raw_value": 1600000000000000, "usd": 5.187798, "payment_token": {"address": "0x0000000000a39bb272e79075ade125fd351887ac", "symbol": "BETH", "decimals": 18}}}], "trait_offer_target": null}, {"blockchain": "ETH", "sender": {"address": "0xb4e93b01989a05c7e311fee82153e9baab3202bf", "ens": null, "is_whale": false, "blockchain": "ETH", "is_contract": false, "is_blue_chip_holder": true, "is_super_blue_chip_holder": false, "is_multi_sign_wallet": false, "das": null, "alias": null}, "receiver": {"address": "0x02d15a4f1896c88855edbafa709fc47178482591", "ens": null, "is_whale": false, "blockchain": "ETH", "is_contract": false, "is_blue_chip_holder": false, "is_super_blue_chip_holder": false, "is_multi_sign_wallet": false, "das": null, "alias": null}, "event": "sale", "quantity": 1, "tx_hash": "0x25bed617223dcd5b35253333f94e8d378260afc47a272f097396496c2cb3bcff", "time": 1708991555, "nft": {"contract_address": "0xc274a97f1691ef390f662067e95a6eff1f99b504", "token_id": "238", "name": "TinFun #238", "blockchain": "ETH", "image": "https://lh3.googleusercontent.com/pKLZi0Aqx5SLF0Vh3qeobLLOw3OUBrjuGQTa7dcUnR5AqaGKBVs6xxS1lO_1e9P57IH6Fiv50s7g1gk1q_-yT39kIXVO_6E5MAbR", "contract_type": "ERC721"}, "collection": {"collection_id": "65a13036c284b18008bd25b7", "name": "TinFun", "logo": "https://i.seadn.io/s/raw/files/a531bedf317b5ffe5a35d559b5c94cd9.jpg?w=500&auto=format", "slug": "tin-fun"}, "gas_fee": {"value": 0.0081, "raw_value": 8100000000000000, "usd": 25.8184, "payment_token": {"address": "0x0000000000000000000000000000000000000000", "symbol": "ETH", "decimals": 18}}, "price": {"value": 0.31, "raw_value": 310000000000000000, "usd": 988.0145032645554, "payment_token": {"address": "0x0000000000000000000000000000000000000000", "symbol": "ETH", "decimals": 18}}, "marketplace_path": ["blur"], "fees": [{"fee_type": "royalty", "recipient": "0x6650dc11f439f14d4dfbea75233bd9b0099a0647", "bps": 50, "price": {"value": 0.00155, "raw_value": 1550000000000000, "usd": 4.936146, "payment_token": {"address": "0x0000000000a39bb272e79075ade125fd351887ac", "symbol": "BETH", "decimals": 18}}}], "trait_offer_target": null}, {"blockchain": "ETH", "sender": {"address": "0x2bdb33deb050e499bc90afb9bf2399c33e3b9d39", "ens": null, "is_whale": false, "blockchain": "ETH", "is_contract": false, "is_blue_chip_holder": false, "is_super_blue_chip_holder": false, "is_multi_sign_wallet": false, "das": null, "alias": null}, "receiver": {"address": "0xb4e93b01989a05c7e311fee82153e9baab3202bf", "ens": null, "is_whale": false, "blockchain": "ETH", "is_contract": false, "is_blue_chip_holder": true, "is_super_blue_chip_holder": false, "is_multi_sign_wallet": false, "das": null, "alias": null}, "event": "sale", "quantity": 1, "tx_hash": "0xa41177e9beb63ef7ce99ce8971e21b5a39989a30fec9f4cd291624c1b0d0f541", "time": 1708987199, "nft": {"contract_address": "0xc274a97f1691ef390f662067e95a6eff1f99b504", "token_id": "238", "name": "TinFun #238", "blockchain": "ETH", "image": "https://lh3.googleusercontent.com/pKLZi0Aqx5SLF0Vh3qeobLLOw3OUBrjuGQTa7dcUnR5AqaGKBVs6xxS1lO_1e9P57IH6Fiv50s7g1gk1q_-yT39kIXVO_6E5MAbR", "contract_type": "ERC721"}, "collection": {"collection_id": "65a13036c284b18008bd25b7", "name": "TinFun", "logo": "https://i.seadn.io/s/raw/files/a531bedf317b5ffe5a35d559b5c94cd9.jpg?w=500&auto=format", "slug": "tin-fun"}, "gas_fee": {"value": 0.0337, "raw_value": 33700000000000000, "usd": 107.3608, "payment_token": {"address": "0x0000000000000000000000000000000000000000", "symbol": "ETH", "decimals": 18}}, "price": {"value": 0.3, "raw_value": 300000000000000000, "usd": 955.9522274035854, "payment_token": {"address": "0x0000000000000000000000000000000000000000", "symbol": "ETH", "decimals": 18}}, "marketplace_path": ["blur"], "fees": [{"fee_type": "royalty", "recipient": "0x6650dc11f439f14d4dfbea75233bd9b0099a0647", "bps": 50, "price": {"value": 0.0015, "raw_value": 1500000000000000, "usd": 4.77116, "payment_token": {"address": "0x0000000000a39bb272e79075ade125fd351887ac", "symbol": "BETH", "decimals": 18}}}], "trait_offer_target": null}, {"blockchain": "ETH", "sender": {"address": "0x41083d5526874b29b6d22dbd5fd32045dd2ebffc", "ens": null, "is_whale": false, "blockchain": "ETH", "is_contract": false, "is_blue_chip_holder": false, "is_super_blue_chip_holder": false, "is_multi_sign_wallet": false, "das": null, "alias": null}, "receiver": {"address": "0x2bdb33deb050e499bc90afb9bf2399c33e3b9d39", "ens": null, "is_whale": false, "blockchain": "ETH", "is_contract": false, "is_blue_chip_holder": false, "is_super_blue_chip_holder": false, "is_multi_sign_wallet": false, "das": null, "alias": null}, "event": "sale", "quantity": 1, "tx_hash": "0x60f72b7759afceb4a063e70349885c780e4be1fd2f2e67c2735d93496263e8f0", "time": 1708940123, "nft": {"contract_address": "0xc274a97f1691ef390f662067e95a6eff1f99b504", "token_id": "238", "name": "TinFun #238", "blockchain": "ETH", "image": "https://lh3.googleusercontent.com/pKLZi0Aqx5SLF0Vh3qeobLLOw3OUBrjuGQTa7dcUnR5AqaGKBVs6xxS1lO_1e9P57IH6Fiv50s7g1gk1q_-yT39kIXVO_6E5MAbR", "contract_type": "ERC721"}, "collection": {"collection_id": "65a13036c284b18008bd25b7", "name": "TinFun", "logo": "https://i.seadn.io/s/raw/files/a531bedf317b5ffe5a35d559b5c94cd9.jpg?w=500&auto=format", "slug": "tin-fun"}, "gas_fee": {"value": 0.005, "raw_value": 5000000000000000, "usd": 15.3312, "payment_token": {"address": "0x0000000000000000000000000000000000000000", "symbol": "ETH", "decimals": 18}}, "price": {"value": 0.25, "raw_value": 250000000000000000, "usd": 773.1311279951982, "payment_token": {"address": "0x0000000000000000000000000000000000000000", "symbol": "ETH", "decimals": 18}}, "marketplace_path": ["blur"], "fees": [{"fee_type": "royalty", "recipient": "0x6650dc11f439f14d4dfbea75233bd9b0099a0647", "bps": 50, "price": {"value": 0.00125, "raw_value": 1250000000000000, "usd": 3.891629, "payment_token": {"address": "0x0000000000a39bb272e79075ade125fd351887ac", "symbol": "BETH", "decimals": 18}}}], "trait_offer_target": null}, {"blockchain": "ETH", "sender": {"address": "0x2ce680b6cb7e00ee66597a61cb9f72b066dea472", "ens": "iwannasuckcbb.eth", "is_whale": false, "blockchain": "ETH", "is_contract": false, "is_blue_chip_holder": false, "is_super_blue_chip_holder": false, "is_multi_sign_wallet": false, "das": null, "alias": "iwannasuckcbb.eth"}, "receiver": {"address": "0x41083d5526874b29b6d22dbd5fd32045dd2ebffc", "ens": null, "is_whale": false, "blockchain": "ETH", "is_contract": false, "is_blue_chip_holder": false, "is_super_blue_chip_holder": false, "is_multi_sign_wallet": false, "das": null, "alias": null}, "event": "sale", "quantity": 1, "tx_hash": "0xcf4ba313bb8332f851fdbd198c294261bd78db670c161c73d517a3a0099b65e5", "time": 1708938299, "nft": {"contract_address": "0xc274a97f1691ef390f662067e95a6eff1f99b504", "token_id": "238", "name": "TinFun #238", "blockchain": "ETH", "image": "https://lh3.googleusercontent.com/pKLZi0Aqx5SLF0Vh3qeobLLOw3OUBrjuGQTa7dcUnR5AqaGKBVs6xxS1lO_1e9P57IH6Fiv50s7g1gk1q_-yT39kIXVO_6E5MAbR", "contract_type": "ERC721"}, "collection": {"collection_id": "65a13036c284b18008bd25b7", "name": "TinFun", "logo": "https://i.seadn.io/s/raw/files/a531bedf317b5ffe5a35d559b5c94cd9.jpg?w=500&auto=format", "slug": "tin-fun"}, "gas_fee": {"value": 0.0395, "raw_value": 39500000000000000, "usd": 122.1535, "payment_token": {"address": "0x0000000000000000000000000000000000000000", "symbol": "ETH", "decimals": 18}}, "price": {"value": 0.25, "raw_value": 250000000000000000, "usd": 773.1311279951982, "payment_token": {"address": "0x0000000000000000000000000000000000000000", "symbol": "ETH", "decimals": 18}}, "marketplace_path": ["blur"], "fees": [{"fee_type": "royalty", "recipient": "0x6650dc11f439f14d4dfbea75233bd9b0099a0647", "bps": 50, "price": {"value": 0.00125, "raw_value": 1250000000000000, "usd": 3.891629, "payment_token": {"address": "0x0000000000a39bb272e79075ade125fd351887ac", "symbol": "BETH", "decimals": 18}}}], "trait_offer_target": null}, {"blockchain": "ETH", "sender": {"address": "0xba1ba61ff159422bcb07f78017186624e94e6936", "ens": "te1egram.eth", "is_whale": false, "blockchain": "ETH", "is_contract": false, "is_blue_chip_holder": true, "is_super_blue_chip_holder": false, "is_multi_sign_wallet": false, "das": null, "alias": "te1egram.eth"}, "receiver": {"address": "0x2ce680b6cb7e00ee66597a61cb9f72b066dea472", "ens": "iwannasuckcbb.eth", "is_whale": false, "blockchain": "ETH", "is_contract": false, "is_blue_chip_holder": false, "is_super_blue_chip_holder": false, "is_multi_sign_wallet": false, "das": null, "alias": "iwannasuckcbb.eth"}, "event": "sale", "quantity": 1, "tx_hash": "0x2777798b6145c6d666640b9f3dfd487a23d80d3e6943b29ffe7a5207039dae9e", "time": 1708845455, "nft": {"contract_address": "0xc274a97f1691ef390f662067e95a6eff1f99b504", "token_id": "238", "name": "TinFun #238", "blockchain": "ETH", "image": "https://lh3.googleusercontent.com/pKLZi0Aqx5SLF0Vh3qeobLLOw3OUBrjuGQTa7dcUnR5AqaGKBVs6xxS1lO_1e9P57IH6Fiv50s7g1gk1q_-yT39kIXVO_6E5MAbR", "contract_type": "ERC721"}, "collection": {"collection_id": "65a13036c284b18008bd25b7", "name": "TinFun", "logo": "https://i.seadn.io/s/raw/files/a531bedf317b5ffe5a35d559b5c94cd9.jpg?w=500&auto=format", "slug": "tin-fun"}, "gas_fee": {"value": 0.0054, "raw_value": 5400000000000000, "usd": 16.4843, "payment_token": {"address": "0x0000000000000000000000000000000000000000", "symbol": "ETH", "decimals": 18}}, "price": {"value": 0.332, "raw_value": 332000000000000000, "usd": 1007.7281318563395, "payment_token": {"address": "0x0000000000000000000000000000000000000000", "symbol": "ETH", "decimals": 18}}, "marketplace_path": ["blur-aggregator", "blur"], "fees": [{"fee_type": "royalty", "recipient": "0x6650dc11f439f14d4dfbea75233bd9b0099a0647", "bps": 50, "price": {"value": 0.00166, "raw_value": 1660000000000000, "usd": 5.017013, "payment_token": {"address": "0x0000000000000000000000000000000000000000", "symbol": "ETH", "decimals": 18}}}], "trait_offer_target": null}, {"blockchain": "ETH", "sender": {"address": "0xa69833b9fda816f1bfc79517e7932e64708df0dd", "ens": null, "is_whale": false, "blockchain": "ETH", "is_contract": false, "is_blue_chip_holder": true, "is_super_blue_chip_holder": false, "is_multi_sign_wallet": false, "das": null, "alias": null}, "receiver": {"address": "0xba1ba61ff159422bcb07f78017186624e94e6936", "ens": "te1egram.eth", "is_whale": false, "blockchain": "ETH", "is_contract": false, "is_blue_chip_holder": true, "is_super_blue_chip_holder": false, "is_multi_sign_wallet": false, "das": null, "alias": "te1egram.eth"}, "event": "sale", "quantity": 1, "tx_hash": "0x33b80f8b772bf993ce47e8c2bf2daf546c678286b5ab98bf6954a57f133624c2", "time": 1708844447, "nft": {"contract_address": "0xc274a97f1691ef390f662067e95a6eff1f99b504", "token_id": "238", "name": "TinFun #238", "blockchain": "ETH", "image": "https://lh3.googleusercontent.com/pKLZi0Aqx5SLF0Vh3qeobLLOw3OUBrjuGQTa7dcUnR5AqaGKBVs6xxS1lO_1e9P57IH6Fiv50s7g1gk1q_-yT39kIXVO_6E5MAbR", "contract_type": "ERC721"}, "collection": {"collection_id": "65a13036c284b18008bd25b7", "name": "TinFun", "logo": "https://i.seadn.io/s/raw/files/a531bedf317b5ffe5a35d559b5c94cd9.jpg?w=500&auto=format", "slug": "tin-fun"}, "gas_fee": {"value": 0.0045, "raw_value": 4499999999999999, "usd": 13.5992, "payment_token": {"address": "0x0000000000000000000000000000000000000000", "symbol": "ETH", "decimals": 18}}, "price": {"value": 0.33, "raw_value": 330000000000000000, "usd": 1001.6574804596146, "payment_token": {"address": "0x0000000000000000000000000000000000000000", "symbol": "ETH", "decimals": 18}}, "marketplace_path": ["blur"], "fees": [{"fee_type": "royalty", "recipient": "0x6650dc11f439f14d4dfbea75233bd9b0099a0647", "bps": 50, "price": {"value": 0.00165, "raw_value": 1650000000000000, "usd": 4.98679, "payment_token": {"address": "0x0000000000a39bb272e79075ade125fd351887ac", "symbol": "BETH", "decimals": 18}}}], "trait_offer_target": null}, {"blockchain": "ETH", "sender": {"address": "0xff11d4b93cd990fd93233f61a32509ce70ba11cf", "ens": "dpppps.eth", "is_whale": false, "blockchain": "ETH", "is_contract": false, "is_blue_chip_holder": false, "is_super_blue_chip_holder": false, "is_multi_sign_wallet": false, "das": null, "alias": "dpppps.eth"}, "receiver": {"address": "0xa69833b9fda816f1bfc79517e7932e64708df0dd", "ens": null, "is_whale": false, "blockchain": "ETH", "is_contract": false, "is_blue_chip_holder": true, "is_super_blue_chip_holder": false, "is_multi_sign_wallet": false, "das": null, "alias": null}, "event": "sale", "quantity": 1, "tx_hash": "0x1b621cd91d74d0c837391efafcd2509091708adc7b0da561e9cf1e93704c1bac", "time": 1708842335, "nft": {"contract_address": "0xc274a97f1691ef390f662067e95a6eff1f99b504", "token_id": "238", "name": "TinFun #238", "blockchain": "ETH", "image": "https://lh3.googleusercontent.com/pKLZi0Aqx5SLF0Vh3qeobLLOw3OUBrjuGQTa7dcUnR5AqaGKBVs6xxS1lO_1e9P57IH6Fiv50s7g1gk1q_-yT39kIXVO_6E5MAbR", "contract_type": "ERC721"}, "collection": {"collection_id": "65a13036c284b18008bd25b7", "name": "TinFun", "logo": "https://i.seadn.io/s/raw/files/a531bedf317b5ffe5a35d559b5c94cd9.jpg?w=500&auto=format", "slug": "tin-fun"}, "gas_fee": {"value": 0.0065, "raw_value": 6500000000000000, "usd": 19.7508, "payment_token": {"address": "0x0000000000000000000000000000000000000000", "symbol": "ETH", "decimals": 18}}, "price": {"value": 0.34, "raw_value": 340000000000000000, "usd": 1031.739542938207, "payment_token": {"address": "0x0000000000000000000000000000000000000000", "symbol": "ETH", "decimals": 18}}, "marketplace_path": ["blur"], "fees": [{"fee_type": "royalty", "recipient": "0x6650dc11f439f14d4dfbea75233bd9b0099a0647", "bps": 50, "price": {"value": 0.0017, "raw_value": 1700000000000000, "usd": 5.143227, "payment_token": {"address": "0x0000000000a39bb272e79075ade125fd351887ac", "symbol": "BETH", "decimals": 18}}}], "trait_offer_target": null}, {"blockchain": "ETH", "sender": {"address": "0xc6ee62c82bbf04c708de590ea8993737f9e350b1", "ens": null, "is_whale": false, "blockchain": "ETH", "is_contract": false, "is_blue_chip_holder": false, "is_super_blue_chip_holder": false, "is_multi_sign_wallet": false, "das": null, "alias": null}, "receiver": {"address": "0xff11d4b93cd990fd93233f61a32509ce70ba11cf", "ens": "dpppps.eth", "is_whale": false, "blockchain": "ETH", "is_contract": false, "is_blue_chip_holder": false, "is_super_blue_chip_holder": false, "is_multi_sign_wallet": false, "das": null, "alias": "dpppps.eth"}, "event": "transfer", "quantity": 1, "tx_hash": "0x1a8c0605853dd5ab717b15f6678fc51f5bb3d067724116207ca84514e499ec44", "time": 1705067591, "nft": {"contract_address": "0xc274a97f1691ef390f662067e95a6eff1f99b504", "token_id": "238", "name": "TinFun #238", "blockchain": "ETH", "image": "https://lh3.googleusercontent.com/pKLZi0Aqx5SLF0Vh3qeobLLOw3OUBrjuGQTa7dcUnR5AqaGKBVs6xxS1lO_1e9P57IH6Fiv50s7g1gk1q_-yT39kIXVO_6E5MAbR", "contract_type": "ERC721"}, "collection": {"collection_id": "65a13036c284b18008bd25b7", "name": "TinFun", "logo": "https://i.seadn.io/s/raw/files/a531bedf317b5ffe5a35d559b5c94cd9.jpg?w=500&auto=format", "slug": "tin-fun"}, "gas_fee": {"value": 0.0031, "raw_value": 3100000000000000, "usd": 8.1146, "payment_token": {"address": "0x0000000000000000000000000000000000000000", "symbol": "ETH", "decimals": 18}}, "price": null, "marketplace_path": [], "fees": [], "trait_offer_target": null}]