[{"blockchain": "ETH", "sender": {"address": "0x2db920ff6d22afbfe465ad6f2915ae2e31a0ca4e", "ens": null, "is_whale": false, "blockchain": "ETH", "is_contract": false, "is_blue_chip_holder": false, "is_super_blue_chip_holder": false, "is_multi_sign_wallet": false, "das": null, "alias": null}, "receiver": {"address": "0xf12091d8d5712abd17d6fe4a325671c29a56f791", "ens": null, "is_whale": false, "blockchain": "ETH", "is_contract": false, "is_blue_chip_holder": false, "is_super_blue_chip_holder": false, "is_multi_sign_wallet": false, "das": null, "alias": null}, "event": "sale", "quantity": 1, "tx_hash": "0x07a9ba519123a9cdc387089bdaf5db21745403096ec479104cac20b991c1766b", "time": 1708930295, "nft": {"contract_address": "0xc274a97f1691ef390f662067e95a6eff1f99b504", "token_id": "1967", "name": "TinFun #1967", "blockchain": "ETH", "image": "https://lh3.googleusercontent.com/JzQqepE45ne_UHs2l26jNPTHWRigXiUDHHGKIXlg30wqKL_sff1wUpz7GWPJmEEQTIyle2OUdsGAd4Uynrzy3q9-WeG2OK0nCA", "contract_type": "ERC721"}, "collection": {"collection_id": "65a13036c284b18008bd25b7", "name": "TinFun", "logo": "https://i.seadn.io/s/raw/files/a531bedf317b5ffe5a35d559b5c94cd9.jpg?w=500&auto=format", "slug": "tin-fun"}, "gas_fee": {"value": 0.0048, "raw_value": 4800000000000000, "usd": 15.034, "payment_token": {"address": "0x0000000000000000000000000000000000000000", "symbol": "ETH", "decimals": 18}}, "price": {"value": 0.26, "raw_value": 260000000000000000, "usd": 807.7894861575738, "payment_token": {"address": "0x0000000000000000000000000000000000000000", "symbol": "ETH", "decimals": 18}}, "marketplace_path": ["blur"], "fees": [{"fee_type": "royalty", "recipient": "0x6650dc11f439f14d4dfbea75233bd9b0099a0647", "bps": 50, "price": {"value": 0.0013, "raw_value": 1300000000000000, "usd": 4.040231, "payment_token": {"address": "0x0000000000a39bb272e79075ade125fd351887ac", "symbol": "BETH", "decimals": 18}}}], "trait_offer_target": null}, {"blockchain": "ETH", "sender": {"address": "0x7a6b049d83554da1175d65be3f6264a74a05ae17", "ens": null, "is_whale": false, "blockchain": "ETH", "is_contract": false, "is_blue_chip_holder": false, "is_super_blue_chip_holder": false, "is_multi_sign_wallet": false, "das": null, "alias": null}, "receiver": {"address": "0x2db920ff6d22afbfe465ad6f2915ae2e31a0ca4e", "ens": null, "is_whale": false, "blockchain": "ETH", "is_contract": false, "is_blue_chip_holder": false, "is_super_blue_chip_holder": false, "is_multi_sign_wallet": false, "das": null, "alias": null}, "event": "sale", "quantity": 1, "tx_hash": "0xdebcffa5261f8587e62d456b00ccd29dd6d7625890610617c48bf76905afcc68", "time": 1708868231, "nft": {"contract_address": "0xc274a97f1691ef390f662067e95a6eff1f99b504", "token_id": "1967", "name": "TinFun #1967", "blockchain": "ETH", "image": "https://lh3.googleusercontent.com/JzQqepE45ne_UHs2l26jNPTHWRigXiUDHHGKIXlg30wqKL_sff1wUpz7GWPJmEEQTIyle2OUdsGAd4Uynrzy3q9-WeG2OK0nCA", "contract_type": "ERC721"}, "collection": {"collection_id": "65a13036c284b18008bd25b7", "name": "TinFun", "logo": "https://i.seadn.io/s/raw/files/a531bedf317b5ffe5a35d559b5c94cd9.jpg?w=500&auto=format", "slug": "tin-fun"}, "gas_fee": {"value": 0.0049, "raw_value": 4900000000000000, "usd": 14.8493, "payment_token": {"address": "0x0000000000000000000000000000000000000000", "symbol": "ETH", "decimals": 18}}, "price": {"value": 0.33995, "raw_value": 339950000000000000, "usd": 1034.4261801643377, "payment_token": {"address": "0x0000000000000000000000000000000000000000", "symbol": "ETH", "decimals": 18}}, "marketplace_path": ["blur"], "fees": [{"fee_type": "royalty", "recipient": "0x6650dc11f439f14d4dfbea75233bd9b0099a0647", "bps": 50, "price": {"value": 0.0017, "raw_value": 1699750000000000, "usd": 5.142293, "payment_token": {"address": "0x0000000000000000000000000000000000000000", "symbol": "ETH", "decimals": 18}}}], "trait_offer_target": null}, {"blockchain": "ETH", "sender": {"address": "0xde082c3d5ba31efe010bce3c5c592b0dc2d88888", "ens": null, "is_whale": false, "blockchain": "ETH", "is_contract": false, "is_blue_chip_holder": false, "is_super_blue_chip_holder": false, "is_multi_sign_wallet": false, "das": null, "alias": null}, "receiver": {"address": "0x7a6b049d83554da1175d65be3f6264a74a05ae17", "ens": null, "is_whale": false, "blockchain": "ETH", "is_contract": false, "is_blue_chip_holder": false, "is_super_blue_chip_holder": false, "is_multi_sign_wallet": false, "das": null, "alias": null}, "event": "sale", "quantity": 1, "tx_hash": "0x50d835835e70ab86773230e9053562de9926db3d806cc9e8b982dff13d7be9ed", "time": 1708867475, "nft": {"contract_address": "0xc274a97f1691ef390f662067e95a6eff1f99b504", "token_id": "1967", "name": "TinFun #1967", "blockchain": "ETH", "image": "https://lh3.googleusercontent.com/JzQqepE45ne_UHs2l26jNPTHWRigXiUDHHGKIXlg30wqKL_sff1wUpz7GWPJmEEQTIyle2OUdsGAd4Uynrzy3q9-WeG2OK0nCA", "contract_type": "ERC721"}, "collection": {"collection_id": "65a13036c284b18008bd25b7", "name": "TinFun", "logo": "https://i.seadn.io/s/raw/files/a531bedf317b5ffe5a35d559b5c94cd9.jpg?w=500&auto=format", "slug": "tin-fun"}, "gas_fee": {"value": 0.0061, "raw_value": 6100000000000000, "usd": 18.5309, "payment_token": {"address": "0x0000000000000000000000000000000000000000", "symbol": "ETH", "decimals": 18}}, "price": {"value": 0.34, "raw_value": 340000000000000000, "usd": 1034.5783240355192, "payment_token": {"address": "0x0000000000000000000000000000000000000000", "symbol": "ETH", "decimals": 18}}, "marketplace_path": ["blur"], "fees": [{"fee_type": "royalty", "recipient": "0x6650dc11f439f14d4dfbea75233bd9b0099a0647", "bps": 50, "price": {"value": 0.0017, "raw_value": 1700000000000000, "usd": 5.143049, "payment_token": {"address": "0x0000000000a39bb272e79075ade125fd351887ac", "symbol": "BETH", "decimals": 18}}}], "trait_offer_target": null}, {"blockchain": "ETH", "sender": {"address": "0x0eaab31f0dbb93a0433f4466322b9c46363b8118", "ens": null, "is_whale": false, "blockchain": "ETH", "is_contract": false, "is_blue_chip_holder": false, "is_super_blue_chip_holder": false, "is_multi_sign_wallet": false, "das": null, "alias": null}, "receiver": {"address": "0xde082c3d5ba31efe010bce3c5c592b0dc2d88888", "ens": null, "is_whale": false, "blockchain": "ETH", "is_contract": false, "is_blue_chip_holder": false, "is_super_blue_chip_holder": false, "is_multi_sign_wallet": false, "das": null, "alias": null}, "event": "transfer", "quantity": 1, "tx_hash": "0x7174726c9d8a4141d575559849fb9ce265b3dc802f07496a43d0cda80e1d632a", "time": 1705068023, "nft": {"contract_address": "0xc274a97f1691ef390f662067e95a6eff1f99b504", "token_id": "1967", "name": "TinFun #1967", "blockchain": "ETH", "image": "https://lh3.googleusercontent.com/JzQqepE45ne_UHs2l26jNPTHWRigXiUDHHGKIXlg30wqKL_sff1wUpz7GWPJmEEQTIyle2OUdsGAd4Uynrzy3q9-WeG2OK0nCA", "contract_type": "ERC721"}, "collection": {"collection_id": "65a13036c284b18008bd25b7", "name": "TinFun", "logo": "https://i.seadn.io/s/raw/files/a531bedf317b5ffe5a35d559b5c94cd9.jpg?w=500&auto=format", "slug": "tin-fun"}, "gas_fee": {"value": 0.0024, "raw_value": 2400000000000000, "usd": 6.293, "payment_token": {"address": "0x0000000000000000000000000000000000000000", "symbol": "ETH", "decimals": 18}}, "price": null, "marketplace_path": [], "fees": [], "trait_offer_target": null}, {"blockchain": "ETH", "sender": {"address": "0xbf2764c45df0b453f371cce6b100521533117c2f", "ens": null, "is_whale": false, "blockchain": "ETH", "is_contract": false, "is_blue_chip_holder": false, "is_super_blue_chip_holder": false, "is_multi_sign_wallet": false, "das": null, "alias": null}, "receiver": {"address": "0x0eaab31f0dbb93a0433f4466322b9c46363b8118", "ens": null, "is_whale": false, "blockchain": "ETH", "is_contract": false, "is_blue_chip_holder": false, "is_super_blue_chip_holder": false, "is_multi_sign_wallet": false, "das": null, "alias": null}, "event": "transfer", "quantity": 1, "tx_hash": "0x5b33827b187fa33f4367b68ea0ed40c7aea0ba54a76d44a380517b165c250e3b", "time": 1705063631, "nft": {"contract_address": "0xc274a97f1691ef390f662067e95a6eff1f99b504", "token_id": "1967", "name": "TinFun #1967", "blockchain": "ETH", "image": "https://lh3.googleusercontent.com/JzQqepE45ne_UHs2l26jNPTHWRigXiUDHHGKIXlg30wqKL_sff1wUpz7GWPJmEEQTIyle2OUdsGAd4Uynrzy3q9-WeG2OK0nCA", "contract_type": "ERC721"}, "collection": {"collection_id": "65a13036c284b18008bd25b7", "name": "TinFun", "logo": "https://i.seadn.io/s/raw/files/a531bedf317b5ffe5a35d559b5c94cd9.jpg?w=500&auto=format", "slug": "tin-fun"}, "gas_fee": {"value": 0.0046, "raw_value": 4600000000000000, "usd": 12.1648, "payment_token": {"address": "0x0000000000000000000000000000000000000000", "symbol": "ETH", "decimals": 18}}, "price": null, "marketplace_path": [], "fees": [], "trait_offer_target": null}]