[{"blockchain": "ETH", "sender": {"address": "0x3fe530dc3310cbedd4cb701f79c0249c69420d5e", "ens": null, "is_whale": false, "blockchain": "ETH", "is_contract": false, "is_blue_chip_holder": false, "is_super_blue_chip_holder": false, "is_multi_sign_wallet": false, "das": null, "alias": null}, "receiver": {"address": "0x8177e9fa379b85e01b2b30140ddc446b9875106a", "ens": null, "is_whale": false, "blockchain": "ETH", "is_contract": true, "is_blue_chip_holder": false, "is_super_blue_chip_holder": false, "is_multi_sign_wallet": false, "das": null, "alias": null}, "event": "transfer", "quantity": 1, "tx_hash": "0xcac7b0c488eb62faa13fedff2f4f78798d9524ab26d2c0872e6d3a2771ea48bb", "time": 1711778303, "nft": {"contract_address": "0xc274a97f1691ef390f662067e95a6eff1f99b504", "token_id": "4801", "name": "TinFun #4801", "blockchain": "ETH", "image": "https://lh3.googleusercontent.com/GWmTFzPhA2DS63Z3fKpePZWg8frQ9Et_iydGiOIQikqGPP9pzDM_ifegYz6U_TsDGAqdZD5AWZuroC8Ucr-RGVmSEBt8KutwZBFV", "contract_type": "ERC721"}, "collection": {"collection_id": "65a13036c284b18008bd25b7", "name": "TinFun", "logo": "https://i.seadn.io/s/raw/files/a531bedf317b5ffe5a35d559b5c94cd9.jpg?w=500&auto=format", "slug": "tin-fun"}, "gas_fee": {"value": 0.0013, "raw_value": 1300000000000000, "usd": 4.5937, "payment_token": {"address": "0x0000000000000000000000000000000000000000", "symbol": "ETH", "decimals": 18}}, "price": null, "marketplace_path": [], "fees": [], "trait_offer_target": null}, {"blockchain": "ETH", "sender": {"address": "0xe371caec14ad7870524e7468bb0afb7f24558906", "ens": null, "is_whale": false, "blockchain": "ETH", "is_contract": false, "is_blue_chip_holder": false, "is_super_blue_chip_holder": false, "is_multi_sign_wallet": false, "das": null, "alias": null}, "receiver": {"address": "0x3fe530dc3310cbedd4cb701f79c0249c69420d5e", "ens": null, "is_whale": false, "blockchain": "ETH", "is_contract": false, "is_blue_chip_holder": false, "is_super_blue_chip_holder": false, "is_multi_sign_wallet": false, "das": null, "alias": null}, "event": "transfer", "quantity": 1, "tx_hash": "0x6a3969f1e0648243c077e94e7ce3685a9004369e89a3c2544d984ff404f8fe07", "time": 1708311251, "nft": {"contract_address": "0xc274a97f1691ef390f662067e95a6eff1f99b504", "token_id": "4801", "name": "TinFun #4801", "blockchain": "ETH", "image": "https://lh3.googleusercontent.com/GWmTFzPhA2DS63Z3fKpePZWg8frQ9Et_iydGiOIQikqGPP9pzDM_ifegYz6U_TsDGAqdZD5AWZuroC8Ucr-RGVmSEBt8KutwZBFV", "contract_type": "ERC721"}, "collection": {"collection_id": "65a13036c284b18008bd25b7", "name": "TinFun", "logo": "https://i.seadn.io/s/raw/files/a531bedf317b5ffe5a35d559b5c94cd9.jpg?w=500&auto=format", "slug": "tin-fun"}, "gas_fee": {"value": 0.0011, "raw_value": 1100000000000000, "usd": 3.1402, "payment_token": {"address": "0x0000000000000000000000000000000000000000", "symbol": "ETH", "decimals": 18}}, "price": null, "marketplace_path": [], "fees": [], "trait_offer_target": null}, {"blockchain": "ETH", "sender": {"address": "0x7fce95845b264133f0601647a1e5c658e5f131a5", "ens": null, "is_whale": false, "blockchain": "ETH", "is_contract": false, "is_blue_chip_holder": false, "is_super_blue_chip_holder": false, "is_multi_sign_wallet": false, "das": null, "alias": null}, "receiver": {"address": "0xe371caec14ad7870524e7468bb0afb7f24558906", "ens": null, "is_whale": false, "blockchain": "ETH", "is_contract": false, "is_blue_chip_holder": false, "is_super_blue_chip_holder": false, "is_multi_sign_wallet": false, "das": null, "alias": null}, "event": "transfer", "quantity": 1, "tx_hash": "0xcdf4b47fe8eee9f5eb5199b22de732eb0d239d59a973f5a606587653b39ee0d2", "time": 1705281515, "nft": {"contract_address": "0xc274a97f1691ef390f662067e95a6eff1f99b504", "token_id": "4801", "name": "TinFun #4801", "blockchain": "ETH", "image": "https://lh3.googleusercontent.com/GWmTFzPhA2DS63Z3fKpePZWg8frQ9Et_iydGiOIQikqGPP9pzDM_ifegYz6U_TsDGAqdZD5AWZuroC8Ucr-RGVmSEBt8KutwZBFV", "contract_type": "ERC721"}, "collection": {"collection_id": "65a13036c284b18008bd25b7", "name": "TinFun", "logo": "https://i.seadn.io/s/raw/files/a531bedf317b5ffe5a35d559b5c94cd9.jpg?w=500&auto=format", "slug": "tin-fun"}, "gas_fee": {"value": 0.0019, "raw_value": 1900000000000000, "usd": 4.6252, "payment_token": {"address": "0x0000000000000000000000000000000000000000", "symbol": "ETH", "decimals": 18}}, "price": null, "marketplace_path": [], "fees": [], "trait_offer_target": null}]