[{"blockchain": "ETH", "sender": {"address": "0x52067c9d107f84e873eb1db4c717661da2f67dc2", "ens": "0x\u795e\u4ed9b.eth", "is_whale": false, "blockchain": "ETH", "is_contract": false, "is_blue_chip_holder": false, "is_super_blue_chip_holder": false, "is_multi_sign_wallet": false, "das": null, "alias": "0x\u795e\u4ed9b.eth"}, "receiver": {"address": "0x8177e9fa379b85e01b2b30140ddc446b9875106a", "ens": null, "is_whale": false, "blockchain": "ETH", "is_contract": true, "is_blue_chip_holder": false, "is_super_blue_chip_holder": false, "is_multi_sign_wallet": false, "das": null, "alias": null}, "event": "transfer", "quantity": 1, "tx_hash": "0x935f31a13d74f693b9dec314da1ffa07fbb32a85157f7eaff171af216b5998bc", "time": 1712980631, "nft": {"contract_address": "0xc274a97f1691ef390f662067e95a6eff1f99b504", "token_id": "832", "name": "TinFun #832", "blockchain": "ETH", "image": "https://lh3.googleusercontent.com/GRqWL7R7cV10lPMYV0n8stb5frUa0UzCv-at-2mLU6HlyIeORUl-ZnLvHR0vZR5VlyCMYyOY8k0wnCuLLRwxJH6hUOR_barAZsAi", "contract_type": "ERC721"}, "collection": {"collection_id": "65a13036c284b18008bd25b7", "name": "TinFun", "logo": "https://i.seadn.io/s/raw/files/a531bedf317b5ffe5a35d559b5c94cd9.jpg?w=500&auto=format", "slug": "tin-fun"}, "gas_fee": {"value": 0.0011, "raw_value": 1100000000000000, "usd": 3.6832, "payment_token": {"address": "0x0000000000000000000000000000000000000000", "symbol": "ETH", "decimals": 18}}, "price": null, "marketplace_path": [], "fees": [], "trait_offer_target": null}, {"blockchain": "ETH", "sender": {"address": "0x134ec83e967a8196ede5e33482bac9dfd7847abf", "ens": "pixfo.eth", "is_whale": false, "blockchain": "ETH", "is_contract": false, "is_blue_chip_holder": false, "is_super_blue_chip_holder": false, "is_multi_sign_wallet": false, "das": null, "alias": "pixfo.eth"}, "receiver": {"address": "0x52067c9d107f84e873eb1db4c717661da2f67dc2", "ens": "0x\u795e\u4ed9b.eth", "is_whale": false, "blockchain": "ETH", "is_contract": false, "is_blue_chip_holder": false, "is_super_blue_chip_holder": false, "is_multi_sign_wallet": false, "das": null, "alias": "0x\u795e\u4ed9b.eth"}, "event": "sale", "quantity": 1, "tx_hash": "0xa85341b6fd36644f987f16830a1eed16d21235768a87ec7f1406dac1e14b8a50", "time": 1709194943, "nft": {"contract_address": "0xc274a97f1691ef390f662067e95a6eff1f99b504", "token_id": "832", "name": "TinFun #832", "blockchain": "ETH", "image": "https://lh3.googleusercontent.com/GRqWL7R7cV10lPMYV0n8stb5frUa0UzCv-at-2mLU6HlyIeORUl-ZnLvHR0vZR5VlyCMYyOY8k0wnCuLLRwxJH6hUOR_barAZsAi", "contract_type": "ERC721"}, "collection": {"collection_id": "65a13036c284b18008bd25b7", "name": "TinFun", "logo": "https://i.seadn.io/s/raw/files/a531bedf317b5ffe5a35d559b5c94cd9.jpg?w=500&auto=format", "slug": "tin-fun"}, "gas_fee": {"value": 0.011, "raw_value": 11000000000000000, "usd": 38.2681, "payment_token": {"address": "0x0000000000000000000000000000000000000000", "symbol": "ETH", "decimals": 18}}, "price": {"value": 0.27, "raw_value": 270000000000000000, "usd": 936.2920870265244, "payment_token": {"address": "0x0000000000000000000000000000000000000000", "symbol": "ETH", "decimals": 18}}, "marketplace_path": ["blur-aggregator", "blur"], "fees": [{"fee_type": "royalty", "recipient": "0x6650dc11f439f14d4dfbea75233bd9b0099a0647", "bps": 50, "price": {"value": 0.00135, "raw_value": 1350000000000000, "usd": 4.679077, "payment_token": {"address": "0x0000000000000000000000000000000000000000", "symbol": "ETH", "decimals": 18}}}], "trait_offer_target": null}]