[{"blockchain": "ETH", "sender": {"address": "0x228985a04d003efd6c253abda37884c0b962ba86", "ens": "lakeyan.eth", "is_whale": false, "blockchain": "ETH", "is_contract": false, "is_blue_chip_holder": false, "is_super_blue_chip_holder": false, "is_multi_sign_wallet": false, "das": null, "alias": "lakeyan.eth"}, "receiver": {"address": "0x8177e9fa379b85e01b2b30140ddc446b9875106a", "ens": null, "is_whale": false, "blockchain": "ETH", "is_contract": true, "is_blue_chip_holder": false, "is_super_blue_chip_holder": false, "is_multi_sign_wallet": false, "das": null, "alias": null}, "event": "transfer", "quantity": 1, "tx_hash": "0x6a9a52812303f3bd27e22f46e980e7c7b318cb2878caaf15b89ead8f6487e014", "time": 1711717727, "nft": {"contract_address": "0xc274a97f1691ef390f662067e95a6eff1f99b504", "token_id": "59", "name": "TinFun #59", "blockchain": "ETH", "image": "https://lh3.googleusercontent.com/kLLUZsESbsQ2stPhW4rAKYowVOXnnMsrqo3dA_6u8hbsmi_eoWRjTTU3U93dsE2GoFTe-bXePExIAiJEiymZV_iWVKB9W8TF7oA", "contract_type": "ERC721"}, "collection": {"collection_id": "65a13036c284b18008bd25b7", "name": "TinFun", "logo": "https://i.seadn.io/s/raw/files/a531bedf317b5ffe5a35d559b5c94cd9.jpg?w=500&auto=format", "slug": "tin-fun"}, "gas_fee": {"value": 0.0022, "raw_value": 2200000000000000, "usd": 7.6538, "payment_token": {"address": "0x0000000000000000000000000000000000000000", "symbol": "ETH", "decimals": 18}}, "price": null, "marketplace_path": [], "fees": [], "trait_offer_target": null}, {"blockchain": "ETH", "sender": {"address": "0xcfb8fd8c40ddad0f943cd5d1a5a7ba370a17e464", "ens": "\u8d1d\u8d1d\u306e\u5192\u9669\u8005\u534f\u4f1a.eth", "is_whale": false, "blockchain": "ETH", "is_contract": false, "is_blue_chip_holder": false, "is_super_blue_chip_holder": false, "is_multi_sign_wallet": false, "das": null, "alias": "\u8d1d\u8d1d\u306e\u5192\u9669\u8005\u534f\u4f1a.eth"}, "receiver": {"address": "0x228985a04d003efd6c253abda37884c0b962ba86", "ens": "lakeyan.eth", "is_whale": false, "blockchain": "ETH", "is_contract": false, "is_blue_chip_holder": false, "is_super_blue_chip_holder": false, "is_multi_sign_wallet": false, "das": null, "alias": "lakeyan.eth"}, "event": "transfer", "quantity": 1, "tx_hash": "0x7f9e1ce380e7598012db34eb810d58bf4b74a402748309f3496815281d93f052", "time": 1711716923, "nft": {"contract_address": "0xc274a97f1691ef390f662067e95a6eff1f99b504", "token_id": "59", "name": "TinFun #59", "blockchain": "ETH", "image": "https://lh3.googleusercontent.com/kLLUZsESbsQ2stPhW4rAKYowVOXnnMsrqo3dA_6u8hbsmi_eoWRjTTU3U93dsE2GoFTe-bXePExIAiJEiymZV_iWVKB9W8TF7oA", "contract_type": "ERC721"}, "collection": {"collection_id": "65a13036c284b18008bd25b7", "name": "TinFun", "logo": "https://i.seadn.io/s/raw/files/a531bedf317b5ffe5a35d559b5c94cd9.jpg?w=500&auto=format", "slug": "tin-fun"}, "gas_fee": {"value": 0.0041, "raw_value": 4100000000000000, "usd": 14.6183, "payment_token": {"address": "0x0000000000000000000000000000000000000000", "symbol": "ETH", "decimals": 18}}, "price": null, "marketplace_path": [], "fees": [], "trait_offer_target": null}, {"blockchain": "ETH", "sender": {"address": "0xbbb1d5073d5197dd9546090aca2d691bfac0ebcd", "ens": null, "is_whale": false, "blockchain": "ETH", "is_contract": false, "is_blue_chip_holder": false, "is_super_blue_chip_holder": false, "is_multi_sign_wallet": false, "das": null, "alias": null}, "receiver": {"address": "0xcfb8fd8c40ddad0f943cd5d1a5a7ba370a17e464", "ens": "\u8d1d\u8d1d\u306e\u5192\u9669\u8005\u534f\u4f1a.eth", "is_whale": false, "blockchain": "ETH", "is_contract": false, "is_blue_chip_holder": false, "is_super_blue_chip_holder": false, "is_multi_sign_wallet": false, "das": null, "alias": "\u8d1d\u8d1d\u306e\u5192\u9669\u8005\u534f\u4f1a.eth"}, "event": "sale", "quantity": 1, "tx_hash": "0x8c4cac350f002cede2d51d2c10be501b98ad5362ee327a1ee0248db1b5c66f75", "time": 1709120567, "nft": {"contract_address": "0xc274a97f1691ef390f662067e95a6eff1f99b504", "token_id": "59", "name": "TinFun #59", "blockchain": "ETH", "image": "https://lh3.googleusercontent.com/kLLUZsESbsQ2stPhW4rAKYowVOXnnMsrqo3dA_6u8hbsmi_eoWRjTTU3U93dsE2GoFTe-bXePExIAiJEiymZV_iWVKB9W8TF7oA", "contract_type": "ERC721"}, "collection": {"collection_id": "65a13036c284b18008bd25b7", "name": "TinFun", "logo": "https://i.seadn.io/s/raw/files/a531bedf317b5ffe5a35d559b5c94cd9.jpg?w=500&auto=format", "slug": "tin-fun"}, "gas_fee": {"value": 0.0078, "raw_value": 7800000000000000, "usd": 26.0288, "payment_token": {"address": "0x0000000000000000000000000000000000000000", "symbol": "ETH", "decimals": 18}}, "price": {"value": 0.28, "raw_value": 280000000000000000, "usd": 936.9596549301757, "payment_token": {"address": "0x0000000000000000000000000000000000000000", "symbol": "ETH", "decimals": 18}}, "marketplace_path": ["blur"], "fees": [{"fee_type": "royalty", "recipient": "0x6650dc11f439f14d4dfbea75233bd9b0099a0647", "bps": 500, "price": {"value": 0.014, "raw_value": 14000000000000000, "usd": 46.653507, "payment_token": {"address": "0x0000000000000000000000000000000000000000", "symbol": "ETH", "decimals": 18}}}], "trait_offer_target": null}, {"blockchain": "ETH", "sender": {"address": "0xa3672d4c28065f6e0b7345b6b19933f22a58bb24", "ens": null, "is_whale": false, "blockchain": "ETH", "is_contract": false, "is_blue_chip_holder": false, "is_super_blue_chip_holder": false, "is_multi_sign_wallet": false, "das": null, "alias": null}, "receiver": {"address": "0xbbb1d5073d5197dd9546090aca2d691bfac0ebcd", "ens": null, "is_whale": false, "blockchain": "ETH", "is_contract": false, "is_blue_chip_holder": false, "is_super_blue_chip_holder": false, "is_multi_sign_wallet": false, "das": null, "alias": null}, "event": "sale", "quantity": 1, "tx_hash": "0x4af414ae783efcdebf186900f7ba9e581687e00f5675bf7603ccebf17568100e", "time": 1708582739, "nft": {"contract_address": "0xc274a97f1691ef390f662067e95a6eff1f99b504", "token_id": "59", "name": "TinFun #59", "blockchain": "ETH", "image": "https://lh3.googleusercontent.com/kLLUZsESbsQ2stPhW4rAKYowVOXnnMsrqo3dA_6u8hbsmi_eoWRjTTU3U93dsE2GoFTe-bXePExIAiJEiymZV_iWVKB9W8TF7oA", "contract_type": "ERC721"}, "collection": {"collection_id": "65a13036c284b18008bd25b7", "name": "TinFun", "logo": "https://i.seadn.io/s/raw/files/a531bedf317b5ffe5a35d559b5c94cd9.jpg?w=500&auto=format", "slug": "tin-fun"}, "gas_fee": {"value": 0.005, "raw_value": 5000000000000000, "usd": 14.7803, "payment_token": {"address": "0x0000000000000000000000000000000000000000", "symbol": "ETH", "decimals": 18}}, "price": {"value": 0.5699, "raw_value": 569900000000000000, "usd": 1670.8896314802853, "payment_token": {"address": "0x0000000000000000000000000000000000000000", "symbol": "ETH", "decimals": 18}}, "marketplace_path": ["opensea"], "fees": [{"fee_type": "royalty", "recipient": "0x6650dc11f439f14d4dfbea75233bd9b0099a0647", "bps": 500, "price": {"value": 0.028495, "raw_value": 28495000000000000, "usd": 83.624349, "payment_token": {"address": "0x0000000000000000000000000000000000000000", "symbol": "ETH", "decimals": 18}}}], "trait_offer_target": null}, {"blockchain": "ETH", "sender": {"address": "0x9f32678515f11b4a0d70c6c08a82852be8d2f9aa", "ens": "2024zksummer.eth", "is_whale": false, "blockchain": "ETH", "is_contract": false, "is_blue_chip_holder": false, "is_super_blue_chip_holder": false, "is_multi_sign_wallet": false, "das": null, "alias": "2024zksummer.eth"}, "receiver": {"address": "0xa3672d4c28065f6e0b7345b6b19933f22a58bb24", "ens": null, "is_whale": false, "blockchain": "ETH", "is_contract": false, "is_blue_chip_holder": false, "is_super_blue_chip_holder": false, "is_multi_sign_wallet": false, "das": null, "alias": null}, "event": "sale", "quantity": 1, "tx_hash": "0x4a2ee4e631e717ae25354a534416f9ebb97826d78e414e195aba809e19e45077", "time": 1705809515, "nft": {"contract_address": "0xc274a97f1691ef390f662067e95a6eff1f99b504", "token_id": "59", "name": "TinFun #59", "blockchain": "ETH", "image": "https://lh3.googleusercontent.com/kLLUZsESbsQ2stPhW4rAKYowVOXnnMsrqo3dA_6u8hbsmi_eoWRjTTU3U93dsE2GoFTe-bXePExIAiJEiymZV_iWVKB9W8TF7oA", "contract_type": "ERC721"}, "collection": {"collection_id": "65a13036c284b18008bd25b7", "name": "TinFun", "logo": "https://i.seadn.io/s/raw/files/a531bedf317b5ffe5a35d559b5c94cd9.jpg?w=500&auto=format", "slug": "tin-fun"}, "gas_fee": {"value": 0.0019, "raw_value": 1900000000000000, "usd": 4.7382, "payment_token": {"address": "0x0000000000000000000000000000000000000000", "symbol": "ETH", "decimals": 18}}, "price": {"value": 0.578, "raw_value": 578000000000000000, "usd": 1430.6178530591237, "payment_token": {"address": "0x0000000000000000000000000000000000000000", "symbol": "ETH", "decimals": 18}}, "marketplace_path": ["opensea"], "fees": [{"fee_type": "royalty", "recipient": "0x6650dc11f439f14d4dfbea75233bd9b0099a0647", "bps": 500, "price": {"value": 0.0289, "raw_value": 28900000000000000, "usd": 71.214568, "payment_token": {"address": "0x0000000000000000000000000000000000000000", "symbol": "ETH", "decimals": 18}}}], "trait_offer_target": null}]