[{"blockchain": "ETH", "sender": {"address": "0xaaad33c35c7177193db2a568f444333f56028f09", "ens": "xingren.eth", "is_whale": false, "blockchain": "ETH", "is_contract": false, "is_blue_chip_holder": false, "is_super_blue_chip_holder": false, "is_multi_sign_wallet": false, "das": null, "alias": "xingren.eth"}, "receiver": {"address": "0x8177e9fa379b85e01b2b30140ddc446b9875106a", "ens": null, "is_whale": false, "blockchain": "ETH", "is_contract": true, "is_blue_chip_holder": false, "is_super_blue_chip_holder": false, "is_multi_sign_wallet": false, "das": null, "alias": null}, "event": "transfer", "quantity": 1, "tx_hash": "0x1d21c3df8ef2a601b7bf8091b5dd0d427660271e6524c866933c95fc783a176f", "time": 1712925287, "nft": {"contract_address": "0xc274a97f1691ef390f662067e95a6eff1f99b504", "token_id": "3887", "name": "TinFun #3887", "blockchain": "ETH", "image": "https://lh3.googleusercontent.com/Fz7PFK-zOARyZGlm3z59oZhxfBbZyTqBSqbbrX0dyAWSZYV1C_UTOfUXWRYh_ZMa5K6LLuO3XmOftqgHPI8yCWAGL2X74LUVqMrq", "contract_type": "ERC721"}, "collection": {"collection_id": "65a13036c284b18008bd25b7", "name": "TinFun", "logo": "https://i.seadn.io/s/raw/files/a531bedf317b5ffe5a35d559b5c94cd9.jpg?w=500&auto=format", "slug": "tin-fun"}, "gas_fee": {"value": 0.004, "raw_value": 4000000000000000, "usd": 14.0253, "payment_token": {"address": "0x0000000000000000000000000000000000000000", "symbol": "ETH", "decimals": 18}}, "price": null, "marketplace_path": [], "fees": [], "trait_offer_target": null}, {"blockchain": "ETH", "sender": {"address": "0x72b8c8e207373b97cedfdd6701eaaca13f1b33fe", "ens": null, "is_whale": false, "blockchain": "ETH", "is_contract": false, "is_blue_chip_holder": false, "is_super_blue_chip_holder": false, "is_multi_sign_wallet": false, "das": null, "alias": null}, "receiver": {"address": "0xaaad33c35c7177193db2a568f444333f56028f09", "ens": "xingren.eth", "is_whale": false, "blockchain": "ETH", "is_contract": false, "is_blue_chip_holder": false, "is_super_blue_chip_holder": false, "is_multi_sign_wallet": false, "das": null, "alias": "xingren.eth"}, "event": "transfer", "quantity": 1, "tx_hash": "0x38f0d37c9e7dbcc948c4b7f3aeeca033b35c97aed2706602e97b3aa9e27c9403", "time": 1705988723, "nft": {"contract_address": "0xc274a97f1691ef390f662067e95a6eff1f99b504", "token_id": "3887", "name": "TinFun #3887", "blockchain": "ETH", "image": "https://lh3.googleusercontent.com/Fz7PFK-zOARyZGlm3z59oZhxfBbZyTqBSqbbrX0dyAWSZYV1C_UTOfUXWRYh_ZMa5K6LLuO3XmOftqgHPI8yCWAGL2X74LUVqMrq", "contract_type": "ERC721"}, "collection": {"collection_id": "65a13036c284b18008bd25b7", "name": "TinFun", "logo": "https://i.seadn.io/s/raw/files/a531bedf317b5ffe5a35d559b5c94cd9.jpg?w=500&auto=format", "slug": "tin-fun"}, "gas_fee": {"value": 0.0008, "raw_value": 800000000000000, "usd": 1.8781, "payment_token": {"address": "0x0000000000000000000000000000000000000000", "symbol": "ETH", "decimals": 18}}, "price": null, "marketplace_path": [], "fees": [], "trait_offer_target": null}]