[{"blockchain": "ETH", "sender": {"address": "0x29bd2d1bc9382ab20ee799b6a8beaf9de1a8e929", "ens": "m3tarova.eth", "is_whale": false, "blockchain": "ETH", "is_contract": false, "is_blue_chip_holder": false, "is_super_blue_chip_holder": false, "is_multi_sign_wallet": false, "das": null, "alias": "m3tarova.eth"}, "receiver": {"address": "0xe1eb9cf168db37c31b4bdf73511bf44e2b8027ef", "ens": null, "is_whale": false, "blockchain": "ETH", "is_contract": false, "is_blue_chip_holder": true, "is_super_blue_chip_holder": false, "is_multi_sign_wallet": false, "das": null, "alias": null}, "event": "sale", "quantity": 1, "tx_hash": "0xb913ce76d1bdffca12294cc9b21a49a60a3b5e5a6848815566352b166d263baa", "time": 1706323283, "nft": {"contract_address": "0xc274a97f1691ef390f662067e95a6eff1f99b504", "token_id": "3059", "name": "TinFun #3059", "blockchain": "ETH", "image": "https://lh3.googleusercontent.com/_uWCrj7dkq7vAtH84YP8wgLxlivWxToDRN8f79sSNTsJZfbciTrU3YMvLoCbm3XRykLeIBU4UeM06ZUHbcKnDgLtz2rX0PcpcCw", "contract_type": "ERC721"}, "collection": {"collection_id": "65a13036c284b18008bd25b7", "name": "TinFun", "logo": "https://i.seadn.io/s/raw/files/a531bedf317b5ffe5a35d559b5c94cd9.jpg?w=500&auto=format", "slug": "tin-fun"}, "gas_fee": {"value": 0.0031, "raw_value": 3100000000000000, "usd": 7.0746, "payment_token": {"address": "0x0000000000000000000000000000000000000000", "symbol": "ETH", "decimals": 18}}, "price": {"value": 0.62, "raw_value": 620000000000000000, "usd": 1407.5768493765097, "payment_token": {"address": "0x0000000000000000000000000000000000000000", "symbol": "ETH", "decimals": 18}}, "marketplace_path": ["opensea"], "fees": [{"fee_type": "marketplace", "recipient": "0x0000a26b00c1f0df003000390027140000faa719", "bps": 250, "price": {"value": 0.0155, "raw_value": 15500000000000000, "usd": 35.143448, "payment_token": {"address": "0x0000000000000000000000000000000000000000", "symbol": "ETH", "decimals": 18}}}], "trait_offer_target": null}]