[{"blockchain": "ETH", "sender": {"address": "0xdb657c8be6418bdfdd0337268ae20676c493789f", "ens": null, "is_whale": false, "blockchain": "ETH", "is_contract": false, "is_blue_chip_holder": false, "is_super_blue_chip_holder": false, "is_multi_sign_wallet": false, "das": null, "alias": null}, "receiver": {"address": "0x6ae6d97189db23613a966f97e9d9f1aa62c2a165", "ens": null, "is_whale": false, "blockchain": "ETH", "is_contract": false, "is_blue_chip_holder": false, "is_super_blue_chip_holder": false, "is_multi_sign_wallet": false, "das": null, "alias": null}, "event": "sale", "quantity": 1, "tx_hash": "0x63c0fc3c2bd13d0f3dce4a4146622e12b6f2955d672f3fdc8122dcc2817afcb6", "time": 1707234551, "nft": {"contract_address": "0xc274a97f1691ef390f662067e95a6eff1f99b504", "token_id": "2", "name": "TinFun #2", "blockchain": "ETH", "image": "https://lh3.googleusercontent.com/oItnQhX9oT2kWBf65kMnz3WDDKw7oHa9-0p003aSStzrlRy2mA5ZZvjNT_uwNXZu7MFUfPA-p5G-MSwigGOGyd2OxybJNg2QbFU", "contract_type": "ERC721"}, "collection": {"collection_id": "65a13036c284b18008bd25b7", "name": "TinFun", "logo": "https://i.seadn.io/s/raw/files/a531bedf317b5ffe5a35d559b5c94cd9.jpg?w=500&auto=format", "slug": "tin-fun"}, "gas_fee": {"value": 0.0061, "raw_value": 6100000000000000, "usd": 14.246, "payment_token": {"address": "0x0000000000000000000000000000000000000000", "symbol": "ETH", "decimals": 18}}, "price": {"value": 2.0, "raw_value": 2000000000000000000, "usd": 4672.626275648257, "payment_token": {"address": "0x0000000000000000000000000000000000000000", "symbol": "ETH", "decimals": 18}}, "marketplace_path": ["opensea"], "fees": [{"fee_type": "marketplace", "recipient": "0x0000a26b00c1f0df003000390027140000faa719", "bps": 250, "price": {"value": 0.05, "raw_value": 50000000000000000, "usd": 116.167252, "payment_token": {"address": "0x0000000000000000000000000000000000000000", "symbol": "ETH", "decimals": 18}}}], "trait_offer_target": null}]