[{"blockchain": "ETH", "sender": {"address": "0xea1974c5cf43aaab83d7471095d887a9d6871ec9", "ens": null, "is_whale": false, "blockchain": "ETH", "is_contract": false, "is_blue_chip_holder": false, "is_super_blue_chip_holder": false, "is_multi_sign_wallet": false, "das": null, "alias": null}, "receiver": {"address": "0x3eb879cc9a0ef4c6f1d870a40ae187768c278da2", "ens": "floorprotocol.eth", "is_whale": false, "blockchain": "ETH", "is_contract": true, "is_blue_chip_holder": true, "is_super_blue_chip_holder": false, "is_multi_sign_wallet": false, "das": null, "alias": "floorprotocol.eth"}, "event": "sale", "quantity": 1, "tx_hash": "0xfe15c9faf275d8339f1629742066874eee429436164cef4819d7622ac3a7a6d8", "time": 1705141739, "nft": {"contract_address": "0xc274a97f1691ef390f662067e95a6eff1f99b504", "token_id": "5355", "name": "TinFun #5355", "blockchain": "ETH", "image": "https://lh3.googleusercontent.com/vfHF72-QCxGFxR1CrQRaCEVgmeakkIq1G7jEgGGecPhFBulVz7i6V6U0Sf3FFwuTmR8TrJri8Rggr6Ulkj8kFTqgxzbcHgKwoA", "contract_type": "ERC721"}, "collection": {"collection_id": "65a13036c284b18008bd25b7", "name": "TinFun", "logo": "https://i.seadn.io/s/raw/files/a531bedf317b5ffe5a35d559b5c94cd9.jpg?w=500&auto=format", "slug": "tin-fun"}, "gas_fee": {"value": 0.0099, "raw_value": 9900000000000000, "usd": 25.2387, "payment_token": {"address": "0x0000000000000000000000000000000000000000", "symbol": "ETH", "decimals": 18}}, "price": {"value": 0.8744222355902642, "raw_value": 874422235590264233, "usd": 2227.3111213717543, "payment_token": {"address": "0xc02aaa39b223fe8d0a0e5c4f27ead9083c756cc2", "symbol": "WETH", "decimals": 18}}, "marketplace_path": ["floor"], "fees": [], "trait_offer_target": null}, {"blockchain": "ETH", "sender": {"address": "0xdcc78d193e64361c12f8c6f2e1c12daad0d07648", "ens": null, "is_whale": false, "blockchain": "ETH", "is_contract": false, "is_blue_chip_holder": false, "is_super_blue_chip_holder": false, "is_multi_sign_wallet": false, "das": null, "alias": null}, "receiver": {"address": "0xea1974c5cf43aaab83d7471095d887a9d6871ec9", "ens": null, "is_whale": false, "blockchain": "ETH", "is_contract": false, "is_blue_chip_holder": false, "is_super_blue_chip_holder": false, "is_multi_sign_wallet": false, "das": null, "alias": null}, "event": "sale", "quantity": 1, "tx_hash": "0x151be0406e0c21bc6ddff8283959e73b2e1ffc14e2ec9ecad9362be3c6fcf089", "time": 1705141727, "nft": {"contract_address": "0xc274a97f1691ef390f662067e95a6eff1f99b504", "token_id": "5355", "name": "TinFun #5355", "blockchain": "ETH", "image": "https://lh3.googleusercontent.com/vfHF72-QCxGFxR1CrQRaCEVgmeakkIq1G7jEgGGecPhFBulVz7i6V6U0Sf3FFwuTmR8TrJri8Rggr6Ulkj8kFTqgxzbcHgKwoA", "contract_type": "ERC721"}, "collection": {"collection_id": "65a13036c284b18008bd25b7", "name": "TinFun", "logo": "https://i.seadn.io/s/raw/files/a531bedf317b5ffe5a35d559b5c94cd9.jpg?w=500&auto=format", "slug": "tin-fun"}, "gas_fee": {"value": 0.0047, "raw_value": 4700000000000000, "usd": 11.8389, "payment_token": {"address": "0x0000000000000000000000000000000000000000", "symbol": "ETH", "decimals": 18}}, "price": {"value": 0.86, "raw_value": 860000000000000000, "usd": 2185.362220965652, "payment_token": {"address": "0x0000000000000000000000000000000000000000", "symbol": "ETH", "decimals": 18}}, "marketplace_path": ["blur"], "fees": [{"fee_type": "royalty", "recipient": "0x6650dc11f439f14d4dfbea75233bd9b0099a0647", "bps": 50, "price": {"value": 0.0043, "raw_value": 4300000000000000, "usd": 10.967942, "payment_token": {"address": "0x0000000000a39bb272e79075ade125fd351887ac", "symbol": "BETH", "decimals": 18}}}], "trait_offer_target": null}, {"blockchain": "ETH", "sender": {"address": "0x10940bbc025a29d13a1f24be3ba74dfd3addf021", "ens": null, "is_whale": false, "blockchain": "ETH", "is_contract": false, "is_blue_chip_holder": true, "is_super_blue_chip_holder": false, "is_multi_sign_wallet": false, "das": null, "alias": null}, "receiver": {"address": "0xdcc78d193e64361c12f8c6f2e1c12daad0d07648", "ens": null, "is_whale": false, "blockchain": "ETH", "is_contract": false, "is_blue_chip_holder": false, "is_super_blue_chip_holder": false, "is_multi_sign_wallet": false, "das": null, "alias": null}, "event": "sale", "quantity": 1, "tx_hash": "0x01dd0bd0a563a8c5765bebb2c59352cee237db4d894cc2067ebbff5733476e42", "time": 1705128659, "nft": {"contract_address": "0xc274a97f1691ef390f662067e95a6eff1f99b504", "token_id": "5355", "name": "TinFun #5355", "blockchain": "ETH", "image": "https://lh3.googleusercontent.com/vfHF72-QCxGFxR1CrQRaCEVgmeakkIq1G7jEgGGecPhFBulVz7i6V6U0Sf3FFwuTmR8TrJri8Rggr6Ulkj8kFTqgxzbcHgKwoA", "contract_type": "ERC721"}, "collection": {"collection_id": "65a13036c284b18008bd25b7", "name": "TinFun", "logo": "https://i.seadn.io/s/raw/files/a531bedf317b5ffe5a35d559b5c94cd9.jpg?w=500&auto=format", "slug": "tin-fun"}, "gas_fee": {"value": 0.0182, "raw_value": 18200000000000000, "usd": 46.5337, "payment_token": {"address": "0x0000000000000000000000000000000000000000", "symbol": "ETH", "decimals": 18}}, "price": {"value": 0.85, "raw_value": 850000000000000000, "usd": 2169.6098540689923, "payment_token": {"address": "0x0000000000000000000000000000000000000000", "symbol": "ETH", "decimals": 18}}, "marketplace_path": ["blur"], "fees": [{"fee_type": "royalty", "recipient": "0x6650dc11f439f14d4dfbea75233bd9b0099a0647", "bps": 50, "price": {"value": 0.00425, "raw_value": 4250000000000000, "usd": 10.828575, "payment_token": {"address": "0x0000000000a39bb272e79075ade125fd351887ac", "symbol": "BETH", "decimals": 18}}}], "trait_offer_target": null}, {"blockchain": "ETH", "sender": {"address": "0x3c35a99a00be7a45a5a96b37903cba36c034d8a3", "ens": null, "is_whale": false, "blockchain": "ETH", "is_contract": false, "is_blue_chip_holder": false, "is_super_blue_chip_holder": false, "is_multi_sign_wallet": false, "das": null, "alias": null}, "receiver": {"address": "0x10940bbc025a29d13a1f24be3ba74dfd3addf021", "ens": null, "is_whale": false, "blockchain": "ETH", "is_contract": false, "is_blue_chip_holder": true, "is_super_blue_chip_holder": false, "is_multi_sign_wallet": false, "das": null, "alias": null}, "event": "sale", "quantity": 1, "tx_hash": "0x37e7cf858fd55a499835934c7ea025e5a101fa68c1ba7855e58748cc0228f612", "time": 1705117943, "nft": {"contract_address": "0xc274a97f1691ef390f662067e95a6eff1f99b504", "token_id": "5355", "name": "TinFun #5355", "blockchain": "ETH", "image": "https://lh3.googleusercontent.com/vfHF72-QCxGFxR1CrQRaCEVgmeakkIq1G7jEgGGecPhFBulVz7i6V6U0Sf3FFwuTmR8TrJri8Rggr6Ulkj8kFTqgxzbcHgKwoA", "contract_type": "ERC721"}, "collection": {"collection_id": "65a13036c284b18008bd25b7", "name": "TinFun", "logo": "https://i.seadn.io/s/raw/files/a531bedf317b5ffe5a35d559b5c94cd9.jpg?w=500&auto=format", "slug": "tin-fun"}, "gas_fee": {"value": 0.0064, "raw_value": 6400000000000000, "usd": 16.3539, "payment_token": {"address": "0x0000000000000000000000000000000000000000", "symbol": "ETH", "decimals": 18}}, "price": {"value": 0.795, "raw_value": 795000000000000000, "usd": 2024.056497532372, "payment_token": {"address": "0x0000000000000000000000000000000000000000", "symbol": "ETH", "decimals": 18}}, "marketplace_path": ["blur-aggregator", "blur"], "fees": [{"fee_type": "royalty", "recipient": "0x6650dc11f439f14d4dfbea75233bd9b0099a0647", "bps": 50, "price": {"value": 0.003975, "raw_value": 3975000000000000, "usd": 10.008693, "payment_token": {"address": "0x0000000000000000000000000000000000000000", "symbol": "ETH", "decimals": 18}}}], "trait_offer_target": null}]