[{"blockchain": "ETH", "sender": {"address": "0x453584a69e71bf763e3bc77152b03396e12bff41", "ens": null, "is_whale": false, "blockchain": "ETH", "is_contract": false, "is_blue_chip_holder": false, "is_super_blue_chip_holder": false, "is_multi_sign_wallet": false, "das": null, "alias": null}, "receiver": {"address": "0x8177e9fa379b85e01b2b30140ddc446b9875106a", "ens": null, "is_whale": false, "blockchain": "ETH", "is_contract": true, "is_blue_chip_holder": false, "is_super_blue_chip_holder": false, "is_multi_sign_wallet": false, "das": null, "alias": null}, "event": "transfer", "quantity": 1, "tx_hash": "0x6365cbf65d05f660587d823ec0b864f40b3f4b28c1df4f5b29e153d984607058", "time": 1711698059, "nft": {"contract_address": "0xc274a97f1691ef390f662067e95a6eff1f99b504", "token_id": "2598", "name": "TinFun #2598", "blockchain": "ETH", "image": "https://lh3.googleusercontent.com/anVVfyrf8Y5_rQ1TcYoxmFxI6uFOz3gGge4l8GVC2olgKxXArx9rovl4fxvu_Yaa2F1KZuBHWc8a9_O2ueeyzIf2h1MIs75SjoE", "contract_type": "ERC721"}, "collection": {"collection_id": "65a13036c284b18008bd25b7", "name": "TinFun", "logo": "https://i.seadn.io/s/raw/files/a531bedf317b5ffe5a35d559b5c94cd9.jpg?w=500&auto=format", "slug": "tin-fun"}, "gas_fee": {"value": 0.0068, "raw_value": 6800000000000000, "usd": 24.1659, "payment_token": {"address": "0x0000000000000000000000000000000000000000", "symbol": "ETH", "decimals": 18}}, "price": null, "marketplace_path": [], "fees": [], "trait_offer_target": null}, {"blockchain": "ETH", "sender": {"address": "0x998463dd08ca19b52463db5f56b91a66dc7e7a3e", "ens": null, "is_whale": false, "blockchain": "ETH", "is_contract": false, "is_blue_chip_holder": false, "is_super_blue_chip_holder": false, "is_multi_sign_wallet": false, "das": null, "alias": null}, "receiver": {"address": "0x453584a69e71bf763e3bc77152b03396e12bff41", "ens": null, "is_whale": false, "blockchain": "ETH", "is_contract": false, "is_blue_chip_holder": false, "is_super_blue_chip_holder": false, "is_multi_sign_wallet": false, "das": null, "alias": null}, "event": "transfer", "quantity": 1, "tx_hash": "0xdbb0c7a54156ef008bd2f41a3732f10783e474ab21ccef46a1ddc0a725ee4c0c", "time": 1705077983, "nft": {"contract_address": "0xc274a97f1691ef390f662067e95a6eff1f99b504", "token_id": "2598", "name": "TinFun #2598", "blockchain": "ETH", "image": "https://lh3.googleusercontent.com/anVVfyrf8Y5_rQ1TcYoxmFxI6uFOz3gGge4l8GVC2olgKxXArx9rovl4fxvu_Yaa2F1KZuBHWc8a9_O2ueeyzIf2h1MIs75SjoE", "contract_type": "ERC721"}, "collection": {"collection_id": "65a13036c284b18008bd25b7", "name": "TinFun", "logo": "https://i.seadn.io/s/raw/files/a531bedf317b5ffe5a35d559b5c94cd9.jpg?w=500&auto=format", "slug": "tin-fun"}, "gas_fee": {"value": 0.0039, "raw_value": 3900000000000000, "usd": 10.4349, "payment_token": {"address": "0x0000000000000000000000000000000000000000", "symbol": "ETH", "decimals": 18}}, "price": null, "marketplace_path": [], "fees": [], "trait_offer_target": null}]