[{"blockchain": "ETH", "sender": {"address": "0xd9ab0aa9bc21a25998ddd86d9eb4648dda264f07", "ens": null, "is_whale": false, "blockchain": "ETH", "is_contract": false, "is_blue_chip_holder": false, "is_super_blue_chip_holder": false, "is_multi_sign_wallet": false, "das": null, "alias": null}, "receiver": {"address": "0x958386f6522bc209aa27b33212440f09970f1941", "ens": null, "is_whale": false, "blockchain": "ETH", "is_contract": false, "is_blue_chip_holder": false, "is_super_blue_chip_holder": false, "is_multi_sign_wallet": false, "das": null, "alias": null}, "event": "sale", "quantity": 1, "tx_hash": "0x0c55441701b7e138914592ec1e843476f10c4eb4e45ca67d3fac2531df604471", "time": 1711177931, "nft": {"contract_address": "0xc274a97f1691ef390f662067e95a6eff1f99b504", "token_id": "5400", "name": "TinFun #5400", "blockchain": "ETH", "image": "https://lh3.googleusercontent.com/43Y4DEOdSA24oI1u-zNf-pcFdbXwk57rpjd6c1nN1cS90arWDvQZ-FpRmd7d_l4ITog0nIgrt_rAGxbR2SOxxsgNrYQ1NTPON-E", "contract_type": "ERC721"}, "collection": {"collection_id": "65a13036c284b18008bd25b7", "name": "TinFun", "logo": "https://i.seadn.io/s/raw/files/a531bedf317b5ffe5a35d559b5c94cd9.jpg?w=500&auto=format", "slug": "tin-fun"}, "gas_fee": {"value": 0.0029, "raw_value": 2900000000000000, "usd": 9.5964, "payment_token": {"address": "0x0000000000000000000000000000000000000000", "symbol": "ETH", "decimals": 18}}, "price": {"value": 0.1699, "raw_value": 169900000000000000, "usd": 567.8487536011803, "payment_token": {"address": "0x0000000000000000000000000000000000000000", "symbol": "ETH", "decimals": 18}}, "marketplace_path": ["opensea"], "fees": [{"fee_type": "royalty", "recipient": "0x6650dc11f439f14d4dfbea75233bd9b0099a0647", "bps": 500, "price": {"value": 0.008495, "raw_value": 8495000000000000, "usd": 28.264527, "payment_token": {"address": "0x0000000000000000000000000000000000000000", "symbol": "ETH", "decimals": 18}}}], "trait_offer_target": null}]