[{"blockchain": "ETH", "sender": {"address": "0xb996e1eff7d300280ce3811094b36aa14d07356f", "ens": null, "is_whale": false, "blockchain": "ETH", "is_contract": false, "is_blue_chip_holder": false, "is_super_blue_chip_holder": false, "is_multi_sign_wallet": false, "das": null, "alias": null}, "receiver": {"address": "0x3eb879cc9a0ef4c6f1d870a40ae187768c278da2", "ens": "floorprotocol.eth", "is_whale": false, "blockchain": "ETH", "is_contract": true, "is_blue_chip_holder": true, "is_super_blue_chip_holder": false, "is_multi_sign_wallet": false, "das": null, "alias": "floorprotocol.eth"}, "event": "transfer", "quantity": 1, "tx_hash": "0xb9fa05deda1752eee74cd456e295bdfb6960e5260d6f4f3cf029f6da1547cb20", "time": 1708784351, "nft": {"contract_address": "0xc274a97f1691ef390f662067e95a6eff1f99b504", "token_id": "80", "name": "TinFun #80", "blockchain": "ETH", "image": "https://lh3.googleusercontent.com/lufM8aEdDvQXdzhf6-fk3HVJFwObabQ2j7ae-HurShA_V3AOC722_N_C6QYsReY9DvWyF29ZRhjhqXl6BoFh4GFu9Fw0VG4Y_KE", "contract_type": "ERC721"}, "collection": {"collection_id": "65a13036c284b18008bd25b7", "name": "TinFun", "logo": "https://i.seadn.io/s/raw/files/a531bedf317b5ffe5a35d559b5c94cd9.jpg?w=500&auto=format", "slug": "tin-fun"}, "gas_fee": {"value": 0.0042, "raw_value": 4199999999999999, "usd": 12.3918, "payment_token": {"address": "0x0000000000000000000000000000000000000000", "symbol": "ETH", "decimals": 18}}, "price": null, "marketplace_path": ["floor"], "fees": [], "trait_offer_target": null}, {"blockchain": "ETH", "sender": {"address": "0x2424855401f0a62f5cf132f4f84bbf561f491fe5", "ens": "tuxedoj.eth", "is_whale": false, "blockchain": "ETH", "is_contract": false, "is_blue_chip_holder": false, "is_super_blue_chip_holder": false, "is_multi_sign_wallet": false, "das": null, "alias": "tuxedoj.eth"}, "receiver": {"address": "0xb996e1eff7d300280ce3811094b36aa14d07356f", "ens": null, "is_whale": false, "blockchain": "ETH", "is_contract": false, "is_blue_chip_holder": false, "is_super_blue_chip_holder": false, "is_multi_sign_wallet": false, "das": null, "alias": null}, "event": "sale", "quantity": 1, "tx_hash": "0x91676e72fffa49402aff97208ce4120da52be54891c1ed566c1d55a068203b59", "time": 1708784351, "nft": {"contract_address": "0xc274a97f1691ef390f662067e95a6eff1f99b504", "token_id": "80", "name": "TinFun #80", "blockchain": "ETH", "image": "https://lh3.googleusercontent.com/lufM8aEdDvQXdzhf6-fk3HVJFwObabQ2j7ae-HurShA_V3AOC722_N_C6QYsReY9DvWyF29ZRhjhqXl6BoFh4GFu9Fw0VG4Y_KE", "contract_type": "ERC721"}, "collection": {"collection_id": "65a13036c284b18008bd25b7", "name": "TinFun", "logo": "https://i.seadn.io/s/raw/files/a531bedf317b5ffe5a35d559b5c94cd9.jpg?w=500&auto=format", "slug": "tin-fun"}, "gas_fee": {"value": 0.0038, "raw_value": 3800000000000000, "usd": 11.285, "payment_token": {"address": "0x0000000000000000000000000000000000000000", "symbol": "ETH", "decimals": 18}}, "price": {"value": 0.42, "raw_value": 420000000000000000, "usd": 1245.577653407148, "payment_token": {"address": "0x0000000000000000000000000000000000000000", "symbol": "ETH", "decimals": 18}}, "marketplace_path": ["opensea"], "fees": [{"fee_type": "marketplace", "recipient": "0x0000a26b00c1f0df003000390027140000faa719", "bps": 250, "price": {"value": 0.0105, "raw_value": 10500000000000000, "usd": 31.092255, "payment_token": {"address": "0x0000000000000000000000000000000000000000", "symbol": "ETH", "decimals": 18}}}], "trait_offer_target": null}, {"blockchain": "ETH", "sender": {"address": "0xef0b56692f78a44cf4034b07f80204757c31bcc9", "ens": null, "is_whale": false, "blockchain": "ETH", "is_contract": true, "is_blue_chip_holder": false, "is_super_blue_chip_holder": false, "is_multi_sign_wallet": false, "das": null, "alias": null}, "receiver": {"address": "0x2424855401f0a62f5cf132f4f84bbf561f491fe5", "ens": "tuxedoj.eth", "is_whale": false, "blockchain": "ETH", "is_contract": false, "is_blue_chip_holder": false, "is_super_blue_chip_holder": false, "is_multi_sign_wallet": false, "das": null, "alias": "tuxedoj.eth"}, "event": "transfer", "quantity": 1, "tx_hash": "0x9f016f3f5d437c5488d404ba898de9fb0e455972bb3bdd8b86fa92f5b0d8e27e", "time": 1706029211, "nft": {"contract_address": "0xc274a97f1691ef390f662067e95a6eff1f99b504", "token_id": "80", "name": "TinFun #80", "blockchain": "ETH", "image": "https://lh3.googleusercontent.com/lufM8aEdDvQXdzhf6-fk3HVJFwObabQ2j7ae-HurShA_V3AOC722_N_C6QYsReY9DvWyF29ZRhjhqXl6BoFh4GFu9Fw0VG4Y_KE", "contract_type": "ERC721"}, "collection": {"collection_id": "65a13036c284b18008bd25b7", "name": "TinFun", "logo": "https://i.seadn.io/s/raw/files/a531bedf317b5ffe5a35d559b5c94cd9.jpg?w=500&auto=format", "slug": "tin-fun"}, "gas_fee": {"value": 0.0039, "raw_value": 3900000000000000, "usd": 8.6139, "payment_token": {"address": "0x0000000000000000000000000000000000000000", "symbol": "ETH", "decimals": 18}}, "price": null, "marketplace_path": [], "fees": [{"fee_type": "marketplace", "recipient": "0x0000a26b00c1f0df003000390027140000faa719", "bps": 50, "price": {"value": 0.0028, "raw_value": 2800000000000000, "usd": 6.141542, "payment_token": {"address": "0x0000000000000000000000000000000000000000", "symbol": "ETH", "decimals": 18}}}], "trait_offer_target": null}, {"blockchain": "ETH", "sender": {"address": "0x601b6bd68a2cb72b647afdf237d6d3ee2316b256", "ens": null, "is_whale": false, "blockchain": "ETH", "is_contract": false, "is_blue_chip_holder": false, "is_super_blue_chip_holder": false, "is_multi_sign_wallet": false, "das": null, "alias": null}, "receiver": {"address": "0xef0b56692f78a44cf4034b07f80204757c31bcc9", "ens": null, "is_whale": false, "blockchain": "ETH", "is_contract": true, "is_blue_chip_holder": false, "is_super_blue_chip_holder": false, "is_multi_sign_wallet": false, "das": null, "alias": null}, "event": "sale", "quantity": 1, "tx_hash": "0x9f016f3f5d437c5488d404ba898de9fb0e455972bb3bdd8b86fa92f5b0d8e27e", "time": 1706029211, "nft": {"contract_address": "0xc274a97f1691ef390f662067e95a6eff1f99b504", "token_id": "80", "name": "TinFun #80", "blockchain": "ETH", "image": "https://lh3.googleusercontent.com/lufM8aEdDvQXdzhf6-fk3HVJFwObabQ2j7ae-HurShA_V3AOC722_N_C6QYsReY9DvWyF29ZRhjhqXl6BoFh4GFu9Fw0VG4Y_KE", "contract_type": "ERC721"}, "collection": {"collection_id": "65a13036c284b18008bd25b7", "name": "TinFun", "logo": "https://i.seadn.io/s/raw/files/a531bedf317b5ffe5a35d559b5c94cd9.jpg?w=500&auto=format", "slug": "tin-fun"}, "gas_fee": {"value": 0.0039, "raw_value": 3900000000000000, "usd": 8.6139, "payment_token": {"address": "0x0000000000000000000000000000000000000000", "symbol": "ETH", "decimals": 18}}, "price": {"value": 0.56, "raw_value": 560000000000000000, "usd": 1240.0466833720245, "payment_token": {"address": "0x0000000000000000000000000000000000000000", "symbol": "ETH", "decimals": 18}}, "marketplace_path": ["opensea"], "fees": [{"fee_type": "marketplace", "recipient": "0x0000a26b00c1f0df003000390027140000faa719", "bps": 50, "price": {"value": 0.0028, "raw_value": 2800000000000000, "usd": 6.141542, "payment_token": {"address": "0x0000000000000000000000000000000000000000", "symbol": "ETH", "decimals": 18}}}], "trait_offer_target": null}]