[{"blockchain": "ETH", "sender": {"address": "0xc455a3230c7b7eb141d9b6a775ae355ea7abfbf9", "ens": null, "is_whale": false, "blockchain": "ETH", "is_contract": false, "is_blue_chip_holder": false, "is_super_blue_chip_holder": false, "is_multi_sign_wallet": false, "das": null, "alias": null}, "receiver": {"address": "0x38189e87378821d5fed6f1f29de8de49e060c22c", "ens": null, "is_whale": false, "blockchain": "ETH", "is_contract": false, "is_blue_chip_holder": true, "is_super_blue_chip_holder": false, "is_multi_sign_wallet": false, "das": null, "alias": null}, "event": "sale", "quantity": 1, "tx_hash": "0x16cb6eb127ab3a74d8173984520301aa4ba0d4d3314cb4bb1afa63f8d81d9455", "time": 1705065443, "nft": {"contract_address": "0xc274a97f1691ef390f662067e95a6eff1f99b504", "token_id": "8930", "name": "TinFun #8930", "blockchain": "ETH", "image": "https://lh3.googleusercontent.com/M1hiw4FXhiWETqobIPe5oi2R9TBRZqpnLnSf0C0tX-s8APIIzFB01pUdwVU9Q4T6AVjygpzmkHxY-yvU7dp8y__7u1_CalyA9eU", "contract_type": "ERC721"}, "collection": {"collection_id": "65a13036c284b18008bd25b7", "name": "TinFun", "logo": "https://i.seadn.io/s/raw/files/a531bedf317b5ffe5a35d559b5c94cd9.jpg?w=500&auto=format", "slug": "tin-fun"}, "gas_fee": {"value": 0.0031, "raw_value": 3100000000000000, "usd": 8.2911, "payment_token": {"address": "0x0000000000000000000000000000000000000000", "symbol": "ETH", "decimals": 18}}, "price": {"value": 0.747, "raw_value": 747000000000000000, "usd": 1979.8551342775813, "payment_token": {"address": "0x0000000000000000000000000000000000000000", "symbol": "ETH", "decimals": 18}}, "marketplace_path": ["opensea"], "fees": [{"fee_type": "marketplace", "recipient": "0x0000a26b00c1f0df003000390027140000faa719", "bps": 50, "price": {"value": 0.003735, "raw_value": 3735000000000000, "usd": 9.789883, "payment_token": {"address": "0x0000000000000000000000000000000000000000", "symbol": "ETH", "decimals": 18}}}], "trait_offer_target": null}, {"blockchain": "ETH", "sender": {"address": "0x6f76ab5bb1467f04826aec30049876a7d843d982", "ens": null, "is_whale": false, "blockchain": "ETH", "is_contract": false, "is_blue_chip_holder": false, "is_super_blue_chip_holder": false, "is_multi_sign_wallet": false, "das": null, "alias": null}, "receiver": {"address": "0xc455a3230c7b7eb141d9b6a775ae355ea7abfbf9", "ens": null, "is_whale": false, "blockchain": "ETH", "is_contract": false, "is_blue_chip_holder": false, "is_super_blue_chip_holder": false, "is_multi_sign_wallet": false, "das": null, "alias": null}, "event": "sale", "quantity": 1, "tx_hash": "0xade0b177f48de55abfc7428807f35807982fc0b9595990743633fba939e31989", "time": 1705063823, "nft": {"contract_address": "0xc274a97f1691ef390f662067e95a6eff1f99b504", "token_id": "8930", "name": "TinFun #8930", "blockchain": "ETH", "image": "https://lh3.googleusercontent.com/M1hiw4FXhiWETqobIPe5oi2R9TBRZqpnLnSf0C0tX-s8APIIzFB01pUdwVU9Q4T6AVjygpzmkHxY-yvU7dp8y__7u1_CalyA9eU", "contract_type": "ERC721"}, "collection": {"collection_id": "65a13036c284b18008bd25b7", "name": "TinFun", "logo": "https://i.seadn.io/s/raw/files/a531bedf317b5ffe5a35d559b5c94cd9.jpg?w=500&auto=format", "slug": "tin-fun"}, "gas_fee": {"value": 0.0243, "raw_value": 24300000000000000, "usd": 64.2779, "payment_token": {"address": "0x0000000000000000000000000000000000000000", "symbol": "ETH", "decimals": 18}}, "price": {"value": 0.77, "raw_value": 770000000000000000, "usd": 2038.7270948338548, "payment_token": {"address": "0x0000000000000000000000000000000000000000", "symbol": "ETH", "decimals": 18}}, "marketplace_path": ["opensea"], "fees": [{"fee_type": "marketplace", "recipient": "0x0000a26b00c1f0df003000390027140000faa719", "bps": 50, "price": {"value": 0.00385, "raw_value": 3850000000000000, "usd": 10.065694, "payment_token": {"address": "0x0000000000000000000000000000000000000000", "symbol": "ETH", "decimals": 18}}}], "trait_offer_target": null}]