[{"blockchain": "ETH", "sender": {"address": "0x094e4b82a5722271546cca99c8c351bd840669ae", "ens": "chuanx2.eth", "is_whale": false, "blockchain": "ETH", "is_contract": false, "is_blue_chip_holder": false, "is_super_blue_chip_holder": false, "is_multi_sign_wallet": false, "das": null, "alias": "chuanx2.eth"}, "receiver": {"address": "0x8177e9fa379b85e01b2b30140ddc446b9875106a", "ens": null, "is_whale": false, "blockchain": "ETH", "is_contract": true, "is_blue_chip_holder": false, "is_super_blue_chip_holder": false, "is_multi_sign_wallet": false, "das": null, "alias": null}, "event": "transfer", "quantity": 1, "tx_hash": "0xe6ef678509bc930db0da5ae0b2a8325697cd6841c72fa1d0b0415154f6267eed", "time": 1711697303, "nft": {"contract_address": "0xc274a97f1691ef390f662067e95a6eff1f99b504", "token_id": "6703", "name": "TinFun #6703", "blockchain": "ETH", "image": "https://lh3.googleusercontent.com/u4XVyTN2iwW226pDNNBb2U5ie_OXKsBwEDOscc96E2aLRPo0dZHmhHMwlCGowB5WPWxKI9SxtvLLH6rSKzwvo3V_zOE4M5hF65o", "contract_type": "ERC721"}, "collection": {"collection_id": "65a13036c284b18008bd25b7", "name": "TinFun", "logo": "https://i.seadn.io/s/raw/files/a531bedf317b5ffe5a35d559b5c94cd9.jpg?w=500&auto=format", "slug": "tin-fun"}, "gas_fee": {"value": 0.0096, "raw_value": 9600000000000000, "usd": 34.2147, "payment_token": {"address": "0x0000000000000000000000000000000000000000", "symbol": "ETH", "decimals": 18}}, "price": null, "marketplace_path": [], "fees": [], "trait_offer_target": null}, {"blockchain": "ETH", "sender": {"address": "0xa5c818a5420cf21d571d20981844f399b83d17c5", "ens": null, "is_whale": false, "blockchain": "ETH", "is_contract": false, "is_blue_chip_holder": false, "is_super_blue_chip_holder": false, "is_multi_sign_wallet": false, "das": null, "alias": null}, "receiver": {"address": "0x094e4b82a5722271546cca99c8c351bd840669ae", "ens": "chuanx2.eth", "is_whale": false, "blockchain": "ETH", "is_contract": false, "is_blue_chip_holder": false, "is_super_blue_chip_holder": false, "is_multi_sign_wallet": false, "das": null, "alias": "chuanx2.eth"}, "event": "sale", "quantity": 1, "tx_hash": "0x90f0b4aa07f6fdcf73eb5b6ce7181010d818642179813163abdae87fbfcf835d", "time": 1711345943, "nft": {"contract_address": "0xc274a97f1691ef390f662067e95a6eff1f99b504", "token_id": "6703", "name": "TinFun #6703", "blockchain": "ETH", "image": "https://lh3.googleusercontent.com/u4XVyTN2iwW226pDNNBb2U5ie_OXKsBwEDOscc96E2aLRPo0dZHmhHMwlCGowB5WPWxKI9SxtvLLH6rSKzwvo3V_zOE4M5hF65o", "contract_type": "ERC721"}, "collection": {"collection_id": "65a13036c284b18008bd25b7", "name": "TinFun", "logo": "https://i.seadn.io/s/raw/files/a531bedf317b5ffe5a35d559b5c94cd9.jpg?w=500&auto=format", "slug": "tin-fun"}, "gas_fee": {"value": 0.0065, "raw_value": 6500000000000000, "usd": 22.7827, "payment_token": {"address": "0x0000000000000000000000000000000000000000", "symbol": "ETH", "decimals": 18}}, "price": {"value": 0.185, "raw_value": 185000000000000000, "usd": 645.6240947318779, "payment_token": {"address": "0x0000000000000000000000000000000000000000", "symbol": "ETH", "decimals": 18}}, "marketplace_path": ["magiceden"], "fees": [], "trait_offer_target": null}]