[{"blockchain": "ETH", "sender": {"address": "0xcdb36f44ab35f5849d9a7be39cdf5e14842f5cee", "ens": null, "is_whale": false, "blockchain": "ETH", "is_contract": false, "is_blue_chip_holder": false, "is_super_blue_chip_holder": false, "is_multi_sign_wallet": false, "das": null, "alias": null}, "receiver": {"address": "0x8177e9fa379b85e01b2b30140ddc446b9875106a", "ens": null, "is_whale": false, "blockchain": "ETH", "is_contract": true, "is_blue_chip_holder": false, "is_super_blue_chip_holder": false, "is_multi_sign_wallet": false, "das": null, "alias": null}, "event": "transfer", "quantity": 1, "tx_hash": "0xf970bf448d7ccf6a06d908e25299af48a9aa612f69f4d1380f1e7775d0d0d50c", "time": 1711701011, "nft": {"contract_address": "0xc274a97f1691ef390f662067e95a6eff1f99b504", "token_id": "3405", "name": "TinFun #3405", "blockchain": "ETH", "image": "https://lh3.googleusercontent.com/Hi7qeANwn5WEmVMikcVm96P9Vp7WeeFBVh87y6-tLzNnw6wzgWffK8uWS9RNUrUSd8iTK377HTrO8lleRlKwqicxVRERIiRexY4", "contract_type": "ERC721"}, "collection": {"collection_id": "65a13036c284b18008bd25b7", "name": "TinFun", "logo": "https://i.seadn.io/s/raw/files/a531bedf317b5ffe5a35d559b5c94cd9.jpg?w=500&auto=format", "slug": "tin-fun"}, "gas_fee": {"value": 0.0069, "raw_value": 6900000000000000, "usd": 24.4239, "payment_token": {"address": "0x0000000000000000000000000000000000000000", "symbol": "ETH", "decimals": 18}}, "price": null, "marketplace_path": [], "fees": [], "trait_offer_target": null}, {"blockchain": "ETH", "sender": {"address": "0xab53a4fc8ea9306c38c542c66065fab43abae678", "ens": null, "is_whale": false, "blockchain": "ETH", "is_contract": false, "is_blue_chip_holder": false, "is_super_blue_chip_holder": false, "is_multi_sign_wallet": false, "das": null, "alias": null}, "receiver": {"address": "0xcdb36f44ab35f5849d9a7be39cdf5e14842f5cee", "ens": null, "is_whale": false, "blockchain": "ETH", "is_contract": false, "is_blue_chip_holder": false, "is_super_blue_chip_holder": false, "is_multi_sign_wallet": false, "das": null, "alias": null}, "event": "sale", "quantity": 1, "tx_hash": "0x157438a237b6689e701fcf7611bf1428c1f11d0918b46837bce0a2abe2aa72e6", "time": 1711348223, "nft": {"contract_address": "0xc274a97f1691ef390f662067e95a6eff1f99b504", "token_id": "3405", "name": "TinFun #3405", "blockchain": "ETH", "image": "https://lh3.googleusercontent.com/Hi7qeANwn5WEmVMikcVm96P9Vp7WeeFBVh87y6-tLzNnw6wzgWffK8uWS9RNUrUSd8iTK377HTrO8lleRlKwqicxVRERIiRexY4", "contract_type": "ERC721"}, "collection": {"collection_id": "65a13036c284b18008bd25b7", "name": "TinFun", "logo": "https://i.seadn.io/s/raw/files/a531bedf317b5ffe5a35d559b5c94cd9.jpg?w=500&auto=format", "slug": "tin-fun"}, "gas_fee": {"value": 0.0178, "raw_value": 17800000000000000, "usd": 62.0205, "payment_token": {"address": "0x0000000000000000000000000000000000000000", "symbol": "ETH", "decimals": 18}}, "price": {"value": 0.198, "raw_value": 198000000000000000, "usd": 690.9282651730585, "payment_token": {"address": "0x0000000000000000000000000000000000000000", "symbol": "ETH", "decimals": 18}}, "marketplace_path": ["blur-aggregator", "blur"], "fees": [{"fee_type": "royalty", "recipient": "0x6650dc11f439f14d4dfbea75233bd9b0099a0647", "bps": 50, "price": {"value": 0.00099, "raw_value": 990000000000000, "usd": 3.415908, "payment_token": {"address": "0x0000000000000000000000000000000000000000", "symbol": "ETH", "decimals": 18}}}], "trait_offer_target": null}, {"blockchain": "ETH", "sender": {"address": "0x7020b5882692965567ee7aa09da086b31839ce84", "ens": "aishine313.eth", "is_whale": false, "blockchain": "ETH", "is_contract": false, "is_blue_chip_holder": false, "is_super_blue_chip_holder": false, "is_multi_sign_wallet": false, "das": null, "alias": "aishine313.eth"}, "receiver": {"address": "0xab53a4fc8ea9306c38c542c66065fab43abae678", "ens": null, "is_whale": false, "blockchain": "ETH", "is_contract": false, "is_blue_chip_holder": false, "is_super_blue_chip_holder": false, "is_multi_sign_wallet": false, "das": null, "alias": null}, "event": "sale", "quantity": 1, "tx_hash": "0xd484bb13db3880a5a361c3be3e9bf4ea2a4c1672ce38ea886410b6f29139e807", "time": 1710592259, "nft": {"contract_address": "0xc274a97f1691ef390f662067e95a6eff1f99b504", "token_id": "3405", "name": "TinFun #3405", "blockchain": "ETH", "image": "https://lh3.googleusercontent.com/Hi7qeANwn5WEmVMikcVm96P9Vp7WeeFBVh87y6-tLzNnw6wzgWffK8uWS9RNUrUSd8iTK377HTrO8lleRlKwqicxVRERIiRexY4", "contract_type": "ERC721"}, "collection": {"collection_id": "65a13036c284b18008bd25b7", "name": "TinFun", "logo": "https://i.seadn.io/s/raw/files/a531bedf317b5ffe5a35d559b5c94cd9.jpg?w=500&auto=format", "slug": "tin-fun"}, "gas_fee": {"value": 0.0063, "raw_value": 6300000000000000, "usd": 23.2782, "payment_token": {"address": "0x0000000000000000000000000000000000000000", "symbol": "ETH", "decimals": 18}}, "price": {"value": 0.17, "raw_value": 170000000000000000, "usd": 627.7007479710365, "payment_token": {"address": "0x0000000000000000000000000000000000000000", "symbol": "ETH", "decimals": 18}}, "marketplace_path": ["blur"], "fees": [{"fee_type": "royalty", "recipient": "0x6650dc11f439f14d4dfbea75233bd9b0099a0647", "bps": 500, "price": {"value": 0.0085, "raw_value": 8500000000000000, "usd": 31.62779, "payment_token": {"address": "0x0000000000a39bb272e79075ade125fd351887ac", "symbol": "BETH", "decimals": 18}}}], "trait_offer_target": null}]