[{"blockchain": "ETH", "sender": {"address": "0x8e6804337f8d774ce3eb4d4c12bad9dfab2f56ad", "ens": "solo888.eth", "is_whale": false, "blockchain": "ETH", "is_contract": false, "is_blue_chip_holder": false, "is_super_blue_chip_holder": false, "is_multi_sign_wallet": false, "das": null, "alias": "solo888.eth"}, "receiver": {"address": "0x8177e9fa379b85e01b2b30140ddc446b9875106a", "ens": null, "is_whale": false, "blockchain": "ETH", "is_contract": true, "is_blue_chip_holder": false, "is_super_blue_chip_holder": false, "is_multi_sign_wallet": false, "das": null, "alias": null}, "event": "transfer", "quantity": 1, "tx_hash": "0xafa7777b78793795acc8cbdd21af0817044c4a96bd9329c7f99aaa711291d51f", "time": 1711793579, "nft": {"contract_address": "0xc274a97f1691ef390f662067e95a6eff1f99b504", "token_id": "1654", "name": "TinFun #1654", "blockchain": "ETH", "image": "https://lh3.googleusercontent.com/VegOHTxm_1o5plkDATRzZixeE0_IoiIQVNd7OH7H7C06fVcWpYcuqatGDUgUL4gYfAl4Xq22RrWlkQwzpl3DSSaE9TkSdRIzd_U6", "contract_type": "ERC721"}, "collection": {"collection_id": "65a13036c284b18008bd25b7", "name": "TinFun", "logo": "https://i.seadn.io/s/raw/files/a531bedf317b5ffe5a35d559b5c94cd9.jpg?w=500&auto=format", "slug": "tin-fun"}, "gas_fee": {"value": 0.0048, "raw_value": 4800000000000000, "usd": 16.7275, "payment_token": {"address": "0x0000000000000000000000000000000000000000", "symbol": "ETH", "decimals": 18}}, "price": null, "marketplace_path": [], "fees": [], "trait_offer_target": null}, {"blockchain": "ETH", "sender": {"address": "0xba1ba61ff159422bcb07f78017186624e94e6936", "ens": "te1egram.eth", "is_whale": false, "blockchain": "ETH", "is_contract": false, "is_blue_chip_holder": true, "is_super_blue_chip_holder": false, "is_multi_sign_wallet": false, "das": null, "alias": "te1egram.eth"}, "receiver": {"address": "0x8e6804337f8d774ce3eb4d4c12bad9dfab2f56ad", "ens": "solo888.eth", "is_whale": false, "blockchain": "ETH", "is_contract": false, "is_blue_chip_holder": false, "is_super_blue_chip_holder": false, "is_multi_sign_wallet": false, "das": null, "alias": "solo888.eth"}, "event": "sale", "quantity": 1, "tx_hash": "0xff4e414bc95ca18d3588eec9029b3c6eafafbb4aba7566db7e607860be3154de", "time": 1709204579, "nft": {"contract_address": "0xc274a97f1691ef390f662067e95a6eff1f99b504", "token_id": "1654", "name": "TinFun #1654", "blockchain": "ETH", "image": "https://lh3.googleusercontent.com/VegOHTxm_1o5plkDATRzZixeE0_IoiIQVNd7OH7H7C06fVcWpYcuqatGDUgUL4gYfAl4Xq22RrWlkQwzpl3DSSaE9TkSdRIzd_U6", "contract_type": "ERC721"}, "collection": {"collection_id": "65a13036c284b18008bd25b7", "name": "TinFun", "logo": "https://i.seadn.io/s/raw/files/a531bedf317b5ffe5a35d559b5c94cd9.jpg?w=500&auto=format", "slug": "tin-fun"}, "gas_fee": {"value": 0.0753, "raw_value": 75300000000000000, "usd": 261.5507, "payment_token": {"address": "0x0000000000000000000000000000000000000000", "symbol": "ETH", "decimals": 18}}, "price": {"value": 0.2668, "raw_value": 266800000000000000, "usd": 926.4802850398837, "payment_token": {"address": "0x0000000000000000000000000000000000000000", "symbol": "ETH", "decimals": 18}}, "marketplace_path": ["blur-aggregator", "blur"], "fees": [{"fee_type": "royalty", "recipient": "0x6650dc11f439f14d4dfbea75233bd9b0099a0647", "bps": 50, "price": {"value": 0.001334, "raw_value": 1334000000000000, "usd": 4.640078, "payment_token": {"address": "0x0000000000000000000000000000000000000000", "symbol": "ETH", "decimals": 18}}}], "trait_offer_target": null}, {"blockchain": "ETH", "sender": {"address": "0x62bd6a5377ea92b4030e1239cc02b28abb9976f4", "ens": null, "is_whale": false, "blockchain": "ETH", "is_contract": false, "is_blue_chip_holder": false, "is_super_blue_chip_holder": false, "is_multi_sign_wallet": false, "das": null, "alias": null}, "receiver": {"address": "0xba1ba61ff159422bcb07f78017186624e94e6936", "ens": "te1egram.eth", "is_whale": false, "blockchain": "ETH", "is_contract": false, "is_blue_chip_holder": true, "is_super_blue_chip_holder": false, "is_multi_sign_wallet": false, "das": null, "alias": "te1egram.eth"}, "event": "sale", "quantity": 1, "tx_hash": "0x6b89debf7b412805aee4d6a344eba42c7212162c0595ec2b4e3b7782561a0207", "time": 1709198123, "nft": {"contract_address": "0xc274a97f1691ef390f662067e95a6eff1f99b504", "token_id": "1654", "name": "TinFun #1654", "blockchain": "ETH", "image": "https://lh3.googleusercontent.com/VegOHTxm_1o5plkDATRzZixeE0_IoiIQVNd7OH7H7C06fVcWpYcuqatGDUgUL4gYfAl4Xq22RrWlkQwzpl3DSSaE9TkSdRIzd_U6", "contract_type": "ERC721"}, "collection": {"collection_id": "65a13036c284b18008bd25b7", "name": "TinFun", "logo": "https://i.seadn.io/s/raw/files/a531bedf317b5ffe5a35d559b5c94cd9.jpg?w=500&auto=format", "slug": "tin-fun"}, "gas_fee": {"value": 0.0135, "raw_value": 13500000000000000, "usd": 46.8157, "payment_token": {"address": "0x0000000000000000000000000000000000000000", "symbol": "ETH", "decimals": 18}}, "price": {"value": 0.26, "raw_value": 260000000000000000, "usd": 904.3631166985595, "payment_token": {"address": "0x0000000000000000000000000000000000000000", "symbol": "ETH", "decimals": 18}}, "marketplace_path": ["blur"], "fees": [{"fee_type": "royalty", "recipient": "0x6650dc11f439f14d4dfbea75233bd9b0099a0647", "bps": 50, "price": {"value": 0.0013, "raw_value": 1300000000000000, "usd": 4.52455, "payment_token": {"address": "0x0000000000a39bb272e79075ade125fd351887ac", "symbol": "BETH", "decimals": 18}}}], "trait_offer_target": null}, {"blockchain": "ETH", "sender": {"address": "0xc455a3230c7b7eb141d9b6a775ae355ea7abfbf9", "ens": null, "is_whale": false, "blockchain": "ETH", "is_contract": false, "is_blue_chip_holder": false, "is_super_blue_chip_holder": false, "is_multi_sign_wallet": false, "das": null, "alias": null}, "receiver": {"address": "0x62bd6a5377ea92b4030e1239cc02b28abb9976f4", "ens": null, "is_whale": false, "blockchain": "ETH", "is_contract": false, "is_blue_chip_holder": false, "is_super_blue_chip_holder": false, "is_multi_sign_wallet": false, "das": null, "alias": null}, "event": "sale", "quantity": 1, "tx_hash": "0x6fe9e5a67d7eca183abce2565d1b1d7c5641bb0b2c70cc35dec3155ce5c59e05", "time": 1708963499, "nft": {"contract_address": "0xc274a97f1691ef390f662067e95a6eff1f99b504", "token_id": "1654", "name": "TinFun #1654", "blockchain": "ETH", "image": "https://lh3.googleusercontent.com/VegOHTxm_1o5plkDATRzZixeE0_IoiIQVNd7OH7H7C06fVcWpYcuqatGDUgUL4gYfAl4Xq22RrWlkQwzpl3DSSaE9TkSdRIzd_U6", "contract_type": "ERC721"}, "collection": {"collection_id": "65a13036c284b18008bd25b7", "name": "TinFun", "logo": "https://i.seadn.io/s/raw/files/a531bedf317b5ffe5a35d559b5c94cd9.jpg?w=500&auto=format", "slug": "tin-fun"}, "gas_fee": {"value": 0.0093, "raw_value": 9300000000000000, "usd": 29.3804, "payment_token": {"address": "0x0000000000000000000000000000000000000000", "symbol": "ETH", "decimals": 18}}, "price": {"value": 0.337, "raw_value": 337000000000000000, "usd": 1060.2595927048003, "payment_token": {"address": "0x0000000000000000000000000000000000000000", "symbol": "ETH", "decimals": 18}}, "marketplace_path": ["opensea"], "fees": [{"fee_type": "marketplace", "recipient": "0x0000a26b00c1f0df003000390027140000faa719", "bps": 50, "price": {"value": 0.001685, "raw_value": 1685000000000000, "usd": 5.158432, "payment_token": {"address": "0x0000000000000000000000000000000000000000", "symbol": "ETH", "decimals": 18}}}], "trait_offer_target": null}, {"blockchain": "ETH", "sender": {"address": "0x95ff3f04eccfa15a2bd12d6daf3ccfc5ad354510", "ens": null, "is_whale": false, "blockchain": "ETH", "is_contract": false, "is_blue_chip_holder": true, "is_super_blue_chip_holder": false, "is_multi_sign_wallet": false, "das": null, "alias": null}, "receiver": {"address": "0xc455a3230c7b7eb141d9b6a775ae355ea7abfbf9", "ens": null, "is_whale": false, "blockchain": "ETH", "is_contract": false, "is_blue_chip_holder": false, "is_super_blue_chip_holder": false, "is_multi_sign_wallet": false, "das": null, "alias": null}, "event": "sale", "quantity": 1, "tx_hash": "0x019e5eb0d29f27884ea4e7141af5852a9342047c1c73cad1c412484775d0bf2b", "time": 1708905479, "nft": {"contract_address": "0xc274a97f1691ef390f662067e95a6eff1f99b504", "token_id": "1654", "name": "TinFun #1654", "blockchain": "ETH", "image": "https://lh3.googleusercontent.com/VegOHTxm_1o5plkDATRzZixeE0_IoiIQVNd7OH7H7C06fVcWpYcuqatGDUgUL4gYfAl4Xq22RrWlkQwzpl3DSSaE9TkSdRIzd_U6", "contract_type": "ERC721"}, "collection": {"collection_id": "65a13036c284b18008bd25b7", "name": "TinFun", "logo": "https://i.seadn.io/s/raw/files/a531bedf317b5ffe5a35d559b5c94cd9.jpg?w=500&auto=format", "slug": "tin-fun"}, "gas_fee": {"value": 0.0081, "raw_value": 8100000000000000, "usd": 25.2204, "payment_token": {"address": "0x0000000000000000000000000000000000000000", "symbol": "ETH", "decimals": 18}}, "price": {"value": 0.3, "raw_value": 300000000000000000, "usd": 930.6402297632368, "payment_token": {"address": "0x0000000000000000000000000000000000000000", "symbol": "ETH", "decimals": 18}}, "marketplace_path": ["blur-aggregator", "blur"], "fees": [{"fee_type": "royalty", "recipient": "0x6650dc11f439f14d4dfbea75233bd9b0099a0647", "bps": 50, "price": {"value": 0.0015, "raw_value": 1500000000000000, "usd": 4.647506, "payment_token": {"address": "0x0000000000000000000000000000000000000000", "symbol": "ETH", "decimals": 18}}}], "trait_offer_target": null}, {"blockchain": "ETH", "sender": {"address": "0xae6de23e87a10be4dd897b631e3cd4d47f110efc", "ens": null, "is_whale": false, "blockchain": "ETH", "is_contract": false, "is_blue_chip_holder": false, "is_super_blue_chip_holder": false, "is_multi_sign_wallet": false, "das": null, "alias": null}, "receiver": {"address": "0x95ff3f04eccfa15a2bd12d6daf3ccfc5ad354510", "ens": null, "is_whale": false, "blockchain": "ETH", "is_contract": false, "is_blue_chip_holder": true, "is_super_blue_chip_holder": false, "is_multi_sign_wallet": false, "das": null, "alias": null}, "event": "sale", "quantity": 1, "tx_hash": "0x1d5f5a562ac71629f08e0545111b1dd7682cf96af877d52f782a96d54c4d5cfb", "time": 1708904975, "nft": {"contract_address": "0xc274a97f1691ef390f662067e95a6eff1f99b504", "token_id": "1654", "name": "TinFun #1654", "blockchain": "ETH", "image": "https://lh3.googleusercontent.com/VegOHTxm_1o5plkDATRzZixeE0_IoiIQVNd7OH7H7C06fVcWpYcuqatGDUgUL4gYfAl4Xq22RrWlkQwzpl3DSSaE9TkSdRIzd_U6", "contract_type": "ERC721"}, "collection": {"collection_id": "65a13036c284b18008bd25b7", "name": "TinFun", "logo": "https://i.seadn.io/s/raw/files/a531bedf317b5ffe5a35d559b5c94cd9.jpg?w=500&auto=format", "slug": "tin-fun"}, "gas_fee": {"value": 0.0054, "raw_value": 5400000000000000, "usd": 16.7057, "payment_token": {"address": "0x0000000000000000000000000000000000000000", "symbol": "ETH", "decimals": 18}}, "price": {"value": 0.3, "raw_value": 300000000000000000, "usd": 930.6402297632368, "payment_token": {"address": "0x0000000000000000000000000000000000000000", "symbol": "ETH", "decimals": 18}}, "marketplace_path": ["blur"], "fees": [{"fee_type": "royalty", "recipient": "0x6650dc11f439f14d4dfbea75233bd9b0099a0647", "bps": 50, "price": {"value": 0.0015, "raw_value": 1500000000000000, "usd": 4.647506, "payment_token": {"address": "0x0000000000a39bb272e79075ade125fd351887ac", "symbol": "BETH", "decimals": 18}}}], "trait_offer_target": null}, {"blockchain": "ETH", "sender": {"address": "0x3eb879cc9a0ef4c6f1d870a40ae187768c278da2", "ens": "floorprotocol.eth", "is_whale": false, "blockchain": "ETH", "is_contract": true, "is_blue_chip_holder": true, "is_super_blue_chip_holder": true, "is_multi_sign_wallet": false, "das": null, "alias": "floorprotocol.eth"}, "receiver": {"address": "0xae6de23e87a10be4dd897b631e3cd4d47f110efc", "ens": null, "is_whale": false, "blockchain": "ETH", "is_contract": false, "is_blue_chip_holder": false, "is_super_blue_chip_holder": true, "is_multi_sign_wallet": false, "das": null, "alias": null}, "event": "transfer", "quantity": 1, "tx_hash": "0xcc4c28bbbde8ae4cbf3ef20af021c67520b0a6eaa792f9f4152b4142d757b5dd", "time": 1708820087, "nft": {"contract_address": "0xc274a97f1691ef390f662067e95a6eff1f99b504", "token_id": "1654", "name": "TinFun #1654", "blockchain": "ETH", "image": "https://lh3.googleusercontent.com/VegOHTxm_1o5plkDATRzZixeE0_IoiIQVNd7OH7H7C06fVcWpYcuqatGDUgUL4gYfAl4Xq22RrWlkQwzpl3DSSaE9TkSdRIzd_U6", "contract_type": "ERC721"}, "collection": {"collection_id": "65a13036c284b18008bd25b7", "name": "TinFun", "logo": "https://i.seadn.io/s/raw/files/a531bedf317b5ffe5a35d559b5c94cd9.jpg?w=500&auto=format", "slug": "tin-fun"}, "gas_fee": {"value": 0.0045, "raw_value": 4499999999999999, "usd": 13.6052, "payment_token": {"address": "0x0000000000000000000000000000000000000000", "symbol": "ETH", "decimals": 18}}, "price": null, "marketplace_path": ["floor"], "fees": [], "trait_offer_target": null}, {"blockchain": "ETH", "sender": {"address": "0xae6de23e87a10be4dd897b631e3cd4d47f110efc", "ens": null, "is_whale": false, "blockchain": "ETH", "is_contract": false, "is_blue_chip_holder": false, "is_super_blue_chip_holder": false, "is_multi_sign_wallet": false, "das": null, "alias": null}, "receiver": {"address": "0x3eb879cc9a0ef4c6f1d870a40ae187768c278da2", "ens": "floorprotocol.eth", "is_whale": false, "blockchain": "ETH", "is_contract": true, "is_blue_chip_holder": true, "is_super_blue_chip_holder": false, "is_multi_sign_wallet": false, "das": null, "alias": "floorprotocol.eth"}, "event": "transfer", "quantity": 1, "tx_hash": "0x837e1f79f7831fdf225cf31f0ef2a173b471d60ab3c609bb2ec0576340659a89", "time": 1707047723, "nft": {"contract_address": "0xc274a97f1691ef390f662067e95a6eff1f99b504", "token_id": "1654", "name": "TinFun #1654", "blockchain": "ETH", "image": "https://lh3.googleusercontent.com/VegOHTxm_1o5plkDATRzZixeE0_IoiIQVNd7OH7H7C06fVcWpYcuqatGDUgUL4gYfAl4Xq22RrWlkQwzpl3DSSaE9TkSdRIzd_U6", "contract_type": "ERC721"}, "collection": {"collection_id": "65a13036c284b18008bd25b7", "name": "TinFun", "logo": "https://i.seadn.io/s/raw/files/a531bedf317b5ffe5a35d559b5c94cd9.jpg?w=500&auto=format", "slug": "tin-fun"}, "gas_fee": {"value": 0.0229, "raw_value": 22900000000000000, "usd": 52.7885, "payment_token": {"address": "0x0000000000000000000000000000000000000000", "symbol": "ETH", "decimals": 18}}, "price": null, "marketplace_path": ["floor"], "fees": [], "trait_offer_target": null}, {"blockchain": "ETH", "sender": {"address": "0x3eb879cc9a0ef4c6f1d870a40ae187768c278da2", "ens": "floorprotocol.eth", "is_whale": false, "blockchain": "ETH", "is_contract": true, "is_blue_chip_holder": true, "is_super_blue_chip_holder": true, "is_multi_sign_wallet": false, "das": null, "alias": "floorprotocol.eth"}, "receiver": {"address": "0xae6de23e87a10be4dd897b631e3cd4d47f110efc", "ens": null, "is_whale": false, "blockchain": "ETH", "is_contract": false, "is_blue_chip_holder": false, "is_super_blue_chip_holder": true, "is_multi_sign_wallet": false, "das": null, "alias": null}, "event": "transfer", "quantity": 1, "tx_hash": "0xab4792bd2799175def89248be98beade778b0ba186ca5ef7aa41cfff94ee2d44", "time": 1707047663, "nft": {"contract_address": "0xc274a97f1691ef390f662067e95a6eff1f99b504", "token_id": "1654", "name": "TinFun #1654", "blockchain": "ETH", "image": "https://lh3.googleusercontent.com/VegOHTxm_1o5plkDATRzZixeE0_IoiIQVNd7OH7H7C06fVcWpYcuqatGDUgUL4gYfAl4Xq22RrWlkQwzpl3DSSaE9TkSdRIzd_U6", "contract_type": "ERC721"}, "collection": {"collection_id": "65a13036c284b18008bd25b7", "name": "TinFun", "logo": "https://i.seadn.io/s/raw/files/a531bedf317b5ffe5a35d559b5c94cd9.jpg?w=500&auto=format", "slug": "tin-fun"}, "gas_fee": {"value": 0.01, "raw_value": 10000000000000000, "usd": 23.1032, "payment_token": {"address": "0x0000000000000000000000000000000000000000", "symbol": "ETH", "decimals": 18}}, "price": null, "marketplace_path": ["floor"], "fees": [], "trait_offer_target": null}, {"blockchain": "ETH", "sender": {"address": "0x1277f5266dead289eb6ab3f97a866f5854feb33d", "ens": null, "is_whale": false, "blockchain": "ETH", "is_contract": false, "is_blue_chip_holder": true, "is_super_blue_chip_holder": false, "is_multi_sign_wallet": false, "das": null, "alias": null}, "receiver": {"address": "0x3eb879cc9a0ef4c6f1d870a40ae187768c278da2", "ens": "floorprotocol.eth", "is_whale": false, "blockchain": "ETH", "is_contract": true, "is_blue_chip_holder": true, "is_super_blue_chip_holder": false, "is_multi_sign_wallet": false, "das": null, "alias": "floorprotocol.eth"}, "event": "sale", "quantity": 1, "tx_hash": "0x4086f16e220c91de7ecd7b85d2d6f36b51276d36b8e9f494dc3ce68103eccec0", "time": 1706887379, "nft": {"contract_address": "0xc274a97f1691ef390f662067e95a6eff1f99b504", "token_id": "1654", "name": "TinFun #1654", "blockchain": "ETH", "image": "https://lh3.googleusercontent.com/VegOHTxm_1o5plkDATRzZixeE0_IoiIQVNd7OH7H7C06fVcWpYcuqatGDUgUL4gYfAl4Xq22RrWlkQwzpl3DSSaE9TkSdRIzd_U6", "contract_type": "ERC721"}, "collection": {"collection_id": "65a13036c284b18008bd25b7", "name": "TinFun", "logo": "https://i.seadn.io/s/raw/files/a531bedf317b5ffe5a35d559b5c94cd9.jpg?w=500&auto=format", "slug": "tin-fun"}, "gas_fee": {"value": 0.0108, "raw_value": 10800000000000000, "usd": 24.7979, "payment_token": {"address": "0x0000000000000000000000000000000000000000", "symbol": "ETH", "decimals": 18}}, "price": {"value": 0.5616558965651839, "raw_value": 561655896565183908, "usd": 1290.511672320014, "payment_token": {"address": "0xc02aaa39b223fe8d0a0e5c4f27ead9083c756cc2", "symbol": "WETH", "decimals": 18}}, "marketplace_path": ["floor"], "fees": [], "trait_offer_target": null}, {"blockchain": "ETH", "sender": {"address": "0xff0b9681ef40fd0992ef52fd5bd94e0fa21c0359", "ens": "jiang2018.eth", "is_whale": false, "blockchain": "ETH", "is_contract": false, "is_blue_chip_holder": false, "is_super_blue_chip_holder": false, "is_multi_sign_wallet": false, "das": null, "alias": "jiang2018.eth"}, "receiver": {"address": "0x1277f5266dead289eb6ab3f97a866f5854feb33d", "ens": null, "is_whale": false, "blockchain": "ETH", "is_contract": false, "is_blue_chip_holder": true, "is_super_blue_chip_holder": false, "is_multi_sign_wallet": false, "das": null, "alias": null}, "event": "sale", "quantity": 1, "tx_hash": "0xa100a74a3198a7c044dda1e242c11c9b63c8aed12fba6f9ed632231bc4861f2f", "time": 1706887343, "nft": {"contract_address": "0xc274a97f1691ef390f662067e95a6eff1f99b504", "token_id": "1654", "name": "TinFun #1654", "blockchain": "ETH", "image": "https://lh3.googleusercontent.com/VegOHTxm_1o5plkDATRzZixeE0_IoiIQVNd7OH7H7C06fVcWpYcuqatGDUgUL4gYfAl4Xq22RrWlkQwzpl3DSSaE9TkSdRIzd_U6", "contract_type": "ERC721"}, "collection": {"collection_id": "65a13036c284b18008bd25b7", "name": "TinFun", "logo": "https://i.seadn.io/s/raw/files/a531bedf317b5ffe5a35d559b5c94cd9.jpg?w=500&auto=format", "slug": "tin-fun"}, "gas_fee": {"value": 0.0069, "raw_value": 6900000000000000, "usd": 15.8145, "payment_token": {"address": "0x0000000000000000000000000000000000000000", "symbol": "ETH", "decimals": 18}}, "price": {"value": 0.5549, "raw_value": 554900000000000000, "usd": 1271.3907788519161, "payment_token": {"address": "0x0000000000000000000000000000000000000000", "symbol": "ETH", "decimals": 18}}, "marketplace_path": ["blur-aggregator", "blur"], "fees": [{"fee_type": "royalty", "recipient": "0x6650dc11f439f14d4dfbea75233bd9b0099a0647", "bps": 50, "price": {"value": 0.002775, "raw_value": 2774500000000000, "usd": 6.42014, "payment_token": {"address": "0x0000000000000000000000000000000000000000", "symbol": "ETH", "decimals": 18}}}], "trait_offer_target": null}, {"blockchain": "ETH", "sender": {"address": "0xaa3244e18e831b4fe5ad9d7b82915f32fd2a340e", "ens": null, "is_whale": false, "blockchain": "ETH", "is_contract": false, "is_blue_chip_holder": false, "is_super_blue_chip_holder": false, "is_multi_sign_wallet": false, "das": null, "alias": null}, "receiver": {"address": "0xff0b9681ef40fd0992ef52fd5bd94e0fa21c0359", "ens": "jiang2018.eth", "is_whale": false, "blockchain": "ETH", "is_contract": false, "is_blue_chip_holder": false, "is_super_blue_chip_holder": false, "is_multi_sign_wallet": false, "das": null, "alias": "jiang2018.eth"}, "event": "sale", "quantity": 1, "tx_hash": "0xf7498cff6d6e6cbfe782968b43e64a6c07d47c6c5c10c97e3465a4ab7d5342d3", "time": 1706880983, "nft": {"contract_address": "0xc274a97f1691ef390f662067e95a6eff1f99b504", "token_id": "1654", "name": "TinFun #1654", "blockchain": "ETH", "image": "https://lh3.googleusercontent.com/VegOHTxm_1o5plkDATRzZixeE0_IoiIQVNd7OH7H7C06fVcWpYcuqatGDUgUL4gYfAl4Xq22RrWlkQwzpl3DSSaE9TkSdRIzd_U6", "contract_type": "ERC721"}, "collection": {"collection_id": "65a13036c284b18008bd25b7", "name": "TinFun", "logo": "https://i.seadn.io/s/raw/files/a531bedf317b5ffe5a35d559b5c94cd9.jpg?w=500&auto=format", "slug": "tin-fun"}, "gas_fee": {"value": 0.0058, "raw_value": 5800000000000000, "usd": 13.4454, "payment_token": {"address": "0x0000000000000000000000000000000000000000", "symbol": "ETH", "decimals": 18}}, "price": {"value": 0.55, "raw_value": 550000000000000000, "usd": 1272.6895406881035, "payment_token": {"address": "0x0000000000000000000000000000000000000000", "symbol": "ETH", "decimals": 18}}, "marketplace_path": ["blur"], "fees": [{"fee_type": "royalty", "recipient": "0x6650dc11f439f14d4dfbea75233bd9b0099a0647", "bps": 50, "price": {"value": 0.00275, "raw_value": 2750000000000000, "usd": 6.353686, "payment_token": {"address": "0x0000000000a39bb272e79075ade125fd351887ac", "symbol": "BETH", "decimals": 18}}}], "trait_offer_target": null}, {"blockchain": "ETH", "sender": {"address": "0x2eb8aa11450e331ed1603097c1bee5c97dbed92f", "ens": "\u2812\u2834\u2834.eth", "is_whale": false, "blockchain": "ETH", "is_contract": false, "is_blue_chip_holder": false, "is_super_blue_chip_holder": false, "is_multi_sign_wallet": false, "das": null, "alias": "\u2812\u2834\u2834.eth"}, "receiver": {"address": "0xaa3244e18e831b4fe5ad9d7b82915f32fd2a340e", "ens": null, "is_whale": false, "blockchain": "ETH", "is_contract": false, "is_blue_chip_holder": false, "is_super_blue_chip_holder": false, "is_multi_sign_wallet": false, "das": null, "alias": null}, "event": "sale", "quantity": 1, "tx_hash": "0x3ec2d19afabb924cb2176184b2425689457c531324a16297a5e3b1a9189e4cd3", "time": 1706763827, "nft": {"contract_address": "0xc274a97f1691ef390f662067e95a6eff1f99b504", "token_id": "1654", "name": "TinFun #1654", "blockchain": "ETH", "image": "https://lh3.googleusercontent.com/VegOHTxm_1o5plkDATRzZixeE0_IoiIQVNd7OH7H7C06fVcWpYcuqatGDUgUL4gYfAl4Xq22RrWlkQwzpl3DSSaE9TkSdRIzd_U6", "contract_type": "ERC721"}, "collection": {"collection_id": "65a13036c284b18008bd25b7", "name": "TinFun", "logo": "https://i.seadn.io/s/raw/files/a531bedf317b5ffe5a35d559b5c94cd9.jpg?w=500&auto=format", "slug": "tin-fun"}, "gas_fee": {"value": 0.0027, "raw_value": 2700000000000000, "usd": 6.083, "payment_token": {"address": "0x0000000000000000000000000000000000000000", "symbol": "ETH", "decimals": 18}}, "price": {"value": 0.5525, "raw_value": 552500000000000000, "usd": 1249.1422626842339, "payment_token": {"address": "0x0000000000000000000000000000000000000000", "symbol": "ETH", "decimals": 18}}, "marketplace_path": ["blur"], "fees": [{"fee_type": "royalty", "recipient": "0x6650dc11f439f14d4dfbea75233bd9b0099a0647", "bps": 50, "price": {"value": 0.002763, "raw_value": 2762500000000000, "usd": 6.239191, "payment_token": {"address": "0x0000000000000000000000000000000000000000", "symbol": "ETH", "decimals": 18}}}], "trait_offer_target": null}, {"blockchain": "ETH", "sender": {"address": "0xe8a2bef319dab9c6cb4307a4de67c18d4cc696d1", "ens": null, "is_whale": false, "blockchain": "ETH", "is_contract": false, "is_blue_chip_holder": false, "is_super_blue_chip_holder": false, "is_multi_sign_wallet": false, "das": null, "alias": null}, "receiver": {"address": "0x2eb8aa11450e331ed1603097c1bee5c97dbed92f", "ens": "\u2812\u2834\u2834.eth", "is_whale": false, "blockchain": "ETH", "is_contract": false, "is_blue_chip_holder": false, "is_super_blue_chip_holder": false, "is_multi_sign_wallet": false, "das": null, "alias": "\u2812\u2834\u2834.eth"}, "event": "transfer", "quantity": 1, "tx_hash": "0x913435f9374f50166e3b37e691e1cb9701c898142b137a23d31a2554fdeb7b45", "time": 1706722643, "nft": {"contract_address": "0xc274a97f1691ef390f662067e95a6eff1f99b504", "token_id": "1654", "name": "TinFun #1654", "blockchain": "ETH", "image": "https://lh3.googleusercontent.com/VegOHTxm_1o5plkDATRzZixeE0_IoiIQVNd7OH7H7C06fVcWpYcuqatGDUgUL4gYfAl4Xq22RrWlkQwzpl3DSSaE9TkSdRIzd_U6", "contract_type": "ERC721"}, "collection": {"collection_id": "65a13036c284b18008bd25b7", "name": "TinFun", "logo": "https://i.seadn.io/s/raw/files/a531bedf317b5ffe5a35d559b5c94cd9.jpg?w=500&auto=format", "slug": "tin-fun"}, "gas_fee": {"value": 0.0019, "raw_value": 1900000000000000, "usd": 4.4606, "payment_token": {"address": "0x0000000000000000000000000000000000000000", "symbol": "ETH", "decimals": 18}}, "price": null, "marketplace_path": [], "fees": [], "trait_offer_target": null}]