[{"blockchain": "ETH", "sender": {"address": "0x8f861dc4cd43807ce2fe2dae44db34d9af7a9c78", "ens": null, "is_whale": false, "blockchain": "ETH", "is_contract": false, "is_blue_chip_holder": false, "is_super_blue_chip_holder": false, "is_multi_sign_wallet": false, "das": null, "alias": null}, "receiver": {"address": "0x8177e9fa379b85e01b2b30140ddc446b9875106a", "ens": null, "is_whale": false, "blockchain": "ETH", "is_contract": true, "is_blue_chip_holder": false, "is_super_blue_chip_holder": false, "is_multi_sign_wallet": false, "das": null, "alias": null}, "event": "transfer", "quantity": 1, "tx_hash": "0x35238b00e3d027b39058a6a017ca0c482e2dd41e49ae8bef1fddef9793c4be8f", "time": 1711796531, "nft": {"contract_address": "0xc274a97f1691ef390f662067e95a6eff1f99b504", "token_id": "1183", "name": "TinFun #1183", "blockchain": "ETH", "image": "https://lh3.googleusercontent.com/o0OcY8k0tEqsQp6Qwsp1uIeqite9Drss2ydJ8pKYaCtQjmQo2dvS0CLvRn_AGO0U4q00qRlciDk8WOAtDNuK88IeScFzvurLE8k", "contract_type": "ERC721"}, "collection": {"collection_id": "65a13036c284b18008bd25b7", "name": "TinFun", "logo": "https://i.seadn.io/s/raw/files/a531bedf317b5ffe5a35d559b5c94cd9.jpg?w=500&auto=format", "slug": "tin-fun"}, "gas_fee": {"value": 0.0156, "raw_value": 15600000000000000, "usd": 54.9085, "payment_token": {"address": "0x0000000000000000000000000000000000000000", "symbol": "ETH", "decimals": 18}}, "price": null, "marketplace_path": [], "fees": [], "trait_offer_target": null}, {"blockchain": "ETH", "sender": {"address": "0xe2591bd3d77e4ab6a477b8fc776a36f7aee13a1d", "ens": null, "is_whale": false, "blockchain": "ETH", "is_contract": false, "is_blue_chip_holder": false, "is_super_blue_chip_holder": false, "is_multi_sign_wallet": false, "das": null, "alias": null}, "receiver": {"address": "0x8f861dc4cd43807ce2fe2dae44db34d9af7a9c78", "ens": null, "is_whale": false, "blockchain": "ETH", "is_contract": false, "is_blue_chip_holder": false, "is_super_blue_chip_holder": false, "is_multi_sign_wallet": false, "das": null, "alias": null}, "event": "sale", "quantity": 1, "tx_hash": "0x8e3010ff306c062184310211b90dbb6c805001c9ee53c653fc25d6ab7774590a", "time": 1705840211, "nft": {"contract_address": "0xc274a97f1691ef390f662067e95a6eff1f99b504", "token_id": "1183", "name": "TinFun #1183", "blockchain": "ETH", "image": "https://lh3.googleusercontent.com/o0OcY8k0tEqsQp6Qwsp1uIeqite9Drss2ydJ8pKYaCtQjmQo2dvS0CLvRn_AGO0U4q00qRlciDk8WOAtDNuK88IeScFzvurLE8k", "contract_type": "ERC721"}, "collection": {"collection_id": "65a13036c284b18008bd25b7", "name": "TinFun", "logo": "https://i.seadn.io/s/raw/files/a531bedf317b5ffe5a35d559b5c94cd9.jpg?w=500&auto=format", "slug": "tin-fun"}, "gas_fee": {"value": 0.0075, "raw_value": 7500000000000000, "usd": 18.4915, "payment_token": {"address": "0x0000000000000000000000000000000000000000", "symbol": "ETH", "decimals": 18}}, "price": {"value": 0.626, "raw_value": 626000000000000000, "usd": 1547.5171652051715, "payment_token": {"address": "0x0000000000000000000000000000000000000000", "symbol": "ETH", "decimals": 18}}, "marketplace_path": ["blur"], "fees": [{"fee_type": "royalty", "recipient": "0x6650dc11f439f14d4dfbea75233bd9b0099a0647", "bps": 50, "price": {"value": 0.00313, "raw_value": 3130000000000000, "usd": 7.748283, "payment_token": {"address": "0x0000000000000000000000000000000000000000", "symbol": "ETH", "decimals": 18}}}], "trait_offer_target": null}, {"blockchain": "ETH", "sender": {"address": "0x9432ffa62347d22c0fa5417fdfc2a2bae6c67e97", "ens": null, "is_whale": false, "blockchain": "ETH", "is_contract": false, "is_blue_chip_holder": false, "is_super_blue_chip_holder": false, "is_multi_sign_wallet": false, "das": null, "alias": null}, "receiver": {"address": "0xe2591bd3d77e4ab6a477b8fc776a36f7aee13a1d", "ens": null, "is_whale": false, "blockchain": "ETH", "is_contract": false, "is_blue_chip_holder": false, "is_super_blue_chip_holder": false, "is_multi_sign_wallet": false, "das": null, "alias": null}, "event": "sale", "quantity": 1, "tx_hash": "0x9d6e7df1c12f38d7d4ed07e4d024bd567676ba9853dee41fc82113b4bdfab0f9", "time": 1705832819, "nft": {"contract_address": "0xc274a97f1691ef390f662067e95a6eff1f99b504", "token_id": "1183", "name": "TinFun #1183", "blockchain": "ETH", "image": "https://lh3.googleusercontent.com/o0OcY8k0tEqsQp6Qwsp1uIeqite9Drss2ydJ8pKYaCtQjmQo2dvS0CLvRn_AGO0U4q00qRlciDk8WOAtDNuK88IeScFzvurLE8k", "contract_type": "ERC721"}, "collection": {"collection_id": "65a13036c284b18008bd25b7", "name": "TinFun", "logo": "https://i.seadn.io/s/raw/files/a531bedf317b5ffe5a35d559b5c94cd9.jpg?w=500&auto=format", "slug": "tin-fun"}, "gas_fee": {"value": 0.0178, "raw_value": 17800000000000000, "usd": 44.0107, "payment_token": {"address": "0x0000000000000000000000000000000000000000", "symbol": "ETH", "decimals": 18}}, "price": {"value": 0.61, "raw_value": 610000000000000000, "usd": 1510.048755689555, "payment_token": {"address": "0x0000000000000000000000000000000000000000", "symbol": "ETH", "decimals": 18}}, "marketplace_path": ["blur"], "fees": [{"fee_type": "royalty", "recipient": "0x6650dc11f439f14d4dfbea75233bd9b0099a0647", "bps": 50, "price": {"value": 0.00305, "raw_value": 3050000000000000, "usd": 7.544065, "payment_token": {"address": "0x0000000000a39bb272e79075ade125fd351887ac", "symbol": "BETH", "decimals": 18}}}], "trait_offer_target": null}, {"blockchain": "ETH", "sender": {"address": "0x44c1df88807350508a2b3408e5231af1f2d5c81b", "ens": null, "is_whale": false, "blockchain": "ETH", "is_contract": false, "is_blue_chip_holder": false, "is_super_blue_chip_holder": false, "is_multi_sign_wallet": false, "das": null, "alias": null}, "receiver": {"address": "0x9432ffa62347d22c0fa5417fdfc2a2bae6c67e97", "ens": null, "is_whale": false, "blockchain": "ETH", "is_contract": false, "is_blue_chip_holder": false, "is_super_blue_chip_holder": false, "is_multi_sign_wallet": false, "das": null, "alias": null}, "event": "sale", "quantity": 1, "tx_hash": "0x7907df9c9f6f86e1b0581bf73cd99d002105442c3e789ac59738e535ad8964cb", "time": 1705799795, "nft": {"contract_address": "0xc274a97f1691ef390f662067e95a6eff1f99b504", "token_id": "1183", "name": "TinFun #1183", "blockchain": "ETH", "image": "https://lh3.googleusercontent.com/o0OcY8k0tEqsQp6Qwsp1uIeqite9Drss2ydJ8pKYaCtQjmQo2dvS0CLvRn_AGO0U4q00qRlciDk8WOAtDNuK88IeScFzvurLE8k", "contract_type": "ERC721"}, "collection": {"collection_id": "65a13036c284b18008bd25b7", "name": "TinFun", "logo": "https://i.seadn.io/s/raw/files/a531bedf317b5ffe5a35d559b5c94cd9.jpg?w=500&auto=format", "slug": "tin-fun"}, "gas_fee": {"value": 0.0084, "raw_value": 8399999999999999, "usd": 20.7081, "payment_token": {"address": "0x0000000000000000000000000000000000000000", "symbol": "ETH", "decimals": 18}}, "price": {"value": 0.5739999, "raw_value": 573999900000000000, "usd": 1414.4344217375726, "payment_token": {"address": "0x0000000000000000000000000000000000000000", "symbol": "ETH", "decimals": 18}}, "marketplace_path": ["blur-aggregator", "blur"], "fees": [{"fee_type": "royalty", "recipient": "0x6650dc11f439f14d4dfbea75233bd9b0099a0647", "bps": 50, "price": {"value": 0.00287, "raw_value": 2869999500000000, "usd": 7.090814, "payment_token": {"address": "0x0000000000000000000000000000000000000000", "symbol": "ETH", "decimals": 18}}}], "trait_offer_target": null}, {"blockchain": "ETH", "sender": {"address": "0x7af73d0870b2a9521ecafc01d4c8d0d5b2e1a654", "ens": null, "is_whale": false, "blockchain": "ETH", "is_contract": false, "is_blue_chip_holder": false, "is_super_blue_chip_holder": false, "is_multi_sign_wallet": false, "das": null, "alias": null}, "receiver": {"address": "0x44c1df88807350508a2b3408e5231af1f2d5c81b", "ens": null, "is_whale": false, "blockchain": "ETH", "is_contract": false, "is_blue_chip_holder": false, "is_super_blue_chip_holder": false, "is_multi_sign_wallet": false, "das": null, "alias": null}, "event": "sale", "quantity": 1, "tx_hash": "0x62dd486c1cf2392118b666677cf1220bd5685803e88d9562dba101f056b12f14", "time": 1705719875, "nft": {"contract_address": "0xc274a97f1691ef390f662067e95a6eff1f99b504", "token_id": "1183", "name": "TinFun #1183", "blockchain": "ETH", "image": "https://lh3.googleusercontent.com/o0OcY8k0tEqsQp6Qwsp1uIeqite9Drss2ydJ8pKYaCtQjmQo2dvS0CLvRn_AGO0U4q00qRlciDk8WOAtDNuK88IeScFzvurLE8k", "contract_type": "ERC721"}, "collection": {"collection_id": "65a13036c284b18008bd25b7", "name": "TinFun", "logo": "https://i.seadn.io/s/raw/files/a531bedf317b5ffe5a35d559b5c94cd9.jpg?w=500&auto=format", "slug": "tin-fun"}, "gas_fee": {"value": 0.0172, "raw_value": 17200000000000000, "usd": 42.835, "payment_token": {"address": "0x0000000000000000000000000000000000000000", "symbol": "ETH", "decimals": 18}}, "price": {"value": 0.64, "raw_value": 640000000000000000, "usd": 1589.958391061182, "payment_token": {"address": "0x0000000000000000000000000000000000000000", "symbol": "ETH", "decimals": 18}}, "marketplace_path": ["blur-aggregator", "blur"], "fees": [{"fee_type": "royalty", "recipient": "0x6650dc11f439f14d4dfbea75233bd9b0099a0647", "bps": 50, "price": {"value": 0.0032, "raw_value": 3200000000000000, "usd": 7.921792, "payment_token": {"address": "0x0000000000000000000000000000000000000000", "symbol": "ETH", "decimals": 18}}}], "trait_offer_target": null}, {"blockchain": "ETH", "sender": {"address": "0xcb053fcece6dde3474fd9adef3ec4ef3b63dbc32", "ens": null, "is_whale": false, "blockchain": "ETH", "is_contract": false, "is_blue_chip_holder": false, "is_super_blue_chip_holder": false, "is_multi_sign_wallet": false, "das": null, "alias": null}, "receiver": {"address": "0x7af73d0870b2a9521ecafc01d4c8d0d5b2e1a654", "ens": null, "is_whale": false, "blockchain": "ETH", "is_contract": false, "is_blue_chip_holder": false, "is_super_blue_chip_holder": false, "is_multi_sign_wallet": false, "das": null, "alias": null}, "event": "transfer", "quantity": 1, "tx_hash": "0xb0e44a8290d368aa5c30ca3bc780591a12cf3a34cac69a575c363dc2df77b6c7", "time": 1705070615, "nft": {"contract_address": "0xc274a97f1691ef390f662067e95a6eff1f99b504", "token_id": "1183", "name": "TinFun #1183", "blockchain": "ETH", "image": "https://lh3.googleusercontent.com/o0OcY8k0tEqsQp6Qwsp1uIeqite9Drss2ydJ8pKYaCtQjmQo2dvS0CLvRn_AGO0U4q00qRlciDk8WOAtDNuK88IeScFzvurLE8k", "contract_type": "ERC721"}, "collection": {"collection_id": "65a13036c284b18008bd25b7", "name": "TinFun", "logo": "https://i.seadn.io/s/raw/files/a531bedf317b5ffe5a35d559b5c94cd9.jpg?w=500&auto=format", "slug": "tin-fun"}, "gas_fee": {"value": 0.0015, "raw_value": 1500000000000000, "usd": 4.1372, "payment_token": {"address": "0x0000000000000000000000000000000000000000", "symbol": "ETH", "decimals": 18}}, "price": null, "marketplace_path": [], "fees": [], "trait_offer_target": null}]