[{"blockchain": "ETH", "sender": {"address": "0x05213f00ce4841bb6679453dbd7ae3fff16b3f72", "ens": "0xjiangj.eth", "is_whale": false, "blockchain": "ETH", "is_contract": false, "is_blue_chip_holder": false, "is_super_blue_chip_holder": false, "is_multi_sign_wallet": false, "das": null, "alias": "0xjiangj.eth"}, "receiver": {"address": "0x8177e9fa379b85e01b2b30140ddc446b9875106a", "ens": null, "is_whale": false, "blockchain": "ETH", "is_contract": true, "is_blue_chip_holder": false, "is_super_blue_chip_holder": false, "is_multi_sign_wallet": false, "das": null, "alias": null}, "event": "transfer", "quantity": 1, "tx_hash": "0x90c85509fa595cbaf36589029d54a75a0f1854fd758ff944a0e3600c5e94dc76", "time": 1711793075, "nft": {"contract_address": "0xc274a97f1691ef390f662067e95a6eff1f99b504", "token_id": "3331", "name": "TinFun #3331", "blockchain": "ETH", "image": "https://lh3.googleusercontent.com/-a3jOi6rBM4P0PO-4a0qGtQfW_KDFRk1e5tP2b6VdtSkKgeTC2fMPiReOuGBUkP4BdGSJ0-AVaZFU1QVwnw-HWfN4Gwq6_zPBag", "contract_type": "ERC721"}, "collection": {"collection_id": "65a13036c284b18008bd25b7", "name": "TinFun", "logo": "https://i.seadn.io/s/raw/files/a531bedf317b5ffe5a35d559b5c94cd9.jpg?w=500&auto=format", "slug": "tin-fun"}, "gas_fee": {"value": 0.0027, "raw_value": 2700000000000000, "usd": 9.4996, "payment_token": {"address": "0x0000000000000000000000000000000000000000", "symbol": "ETH", "decimals": 18}}, "price": null, "marketplace_path": [], "fees": [], "trait_offer_target": null}]