[{"blockchain": "ETH", "sender": {"address": "0xd1042fa662506dafa2ac6a823f1fe90cda37c40c", "ens": null, "is_whale": false, "blockchain": "ETH", "is_contract": false, "is_blue_chip_holder": false, "is_super_blue_chip_holder": false, "is_multi_sign_wallet": false, "das": null, "alias": null}, "receiver": {"address": "0x8177e9fa379b85e01b2b30140ddc446b9875106a", "ens": null, "is_whale": false, "blockchain": "ETH", "is_contract": true, "is_blue_chip_holder": false, "is_super_blue_chip_holder": false, "is_multi_sign_wallet": false, "das": null, "alias": null}, "event": "transfer", "quantity": 1, "tx_hash": "0x9f47c484aec99dbfbccda527eecf4732301a01c71e9b82838616ff83618aa0e0", "time": 1711862195, "nft": {"contract_address": "0xc274a97f1691ef390f662067e95a6eff1f99b504", "token_id": "234", "name": "TinFun #234", "blockchain": "ETH", "image": "https://lh3.googleusercontent.com/Vm7NIQYl8gUxUyzFn0Wwn-Xb9mrnC3T7sbMqVjmHa0qJ9DO2sU6IIdDBunbcbv6mxHDmbiOjKTJ3OW6X78-J5pXbxpvETudBs8xU", "contract_type": "ERC721"}, "collection": {"collection_id": "65a13036c284b18008bd25b7", "name": "TinFun", "logo": "https://i.seadn.io/s/raw/files/a531bedf317b5ffe5a35d559b5c94cd9.jpg?w=500&auto=format", "slug": "tin-fun"}, "gas_fee": {"value": 0.0021, "raw_value": 2099999999999999, "usd": 7.4176, "payment_token": {"address": "0x0000000000000000000000000000000000000000", "symbol": "ETH", "decimals": 18}}, "price": null, "marketplace_path": [], "fees": [], "trait_offer_target": null}, {"blockchain": "ETH", "sender": {"address": "0xec3dce7157f26949c790776821f75cec7c4699be", "ens": "twood.eth", "is_whale": false, "blockchain": "ETH", "is_contract": false, "is_blue_chip_holder": false, "is_super_blue_chip_holder": false, "is_multi_sign_wallet": false, "das": null, "alias": "twood.eth"}, "receiver": {"address": "0xd1042fa662506dafa2ac6a823f1fe90cda37c40c", "ens": null, "is_whale": false, "blockchain": "ETH", "is_contract": false, "is_blue_chip_holder": false, "is_super_blue_chip_holder": false, "is_multi_sign_wallet": false, "das": null, "alias": null}, "event": "sale", "quantity": 1, "tx_hash": "0x78ac49d42f5744c3862cfdb8b9bf69ae5aec28ef015c8af5069ac2ad61596c9c", "time": 1711377671, "nft": {"contract_address": "0xc274a97f1691ef390f662067e95a6eff1f99b504", "token_id": "234", "name": "TinFun #234", "blockchain": "ETH", "image": "https://lh3.googleusercontent.com/Vm7NIQYl8gUxUyzFn0Wwn-Xb9mrnC3T7sbMqVjmHa0qJ9DO2sU6IIdDBunbcbv6mxHDmbiOjKTJ3OW6X78-J5pXbxpvETudBs8xU", "contract_type": "ERC721"}, "collection": {"collection_id": "65a13036c284b18008bd25b7", "name": "TinFun", "logo": "https://i.seadn.io/s/raw/files/a531bedf317b5ffe5a35d559b5c94cd9.jpg?w=500&auto=format", "slug": "tin-fun"}, "gas_fee": {"value": 0.0062, "raw_value": 6200000000000000, "usd": 21.5765, "payment_token": {"address": "0x0000000000000000000000000000000000000000", "symbol": "ETH", "decimals": 18}}, "price": {"value": 0.205, "raw_value": 205000000000000000, "usd": 714.925944050691, "payment_token": {"address": "0x0000000000000000000000000000000000000000", "symbol": "ETH", "decimals": 18}}, "marketplace_path": ["blur"], "fees": [{"fee_type": "royalty", "recipient": "0x6650dc11f439f14d4dfbea75233bd9b0099a0647", "bps": 50, "price": {"value": 0.001025, "raw_value": 1025000000000000, "usd": 3.522293, "payment_token": {"address": "0x0000000000000000000000000000000000000000", "symbol": "ETH", "decimals": 18}}}], "trait_offer_target": null}, {"blockchain": "ETH", "sender": {"address": "0xcead03574e4b930ee871bf8bb49922148a63a8e6", "ens": "giamdoxlong.eth", "is_whale": false, "blockchain": "ETH", "is_contract": false, "is_blue_chip_holder": false, "is_super_blue_chip_holder": false, "is_multi_sign_wallet": false, "das": null, "alias": "giamdoxlong.eth"}, "receiver": {"address": "0xec3dce7157f26949c790776821f75cec7c4699be", "ens": "twood.eth", "is_whale": false, "blockchain": "ETH", "is_contract": false, "is_blue_chip_holder": false, "is_super_blue_chip_holder": false, "is_multi_sign_wallet": false, "das": null, "alias": "twood.eth"}, "event": "sale", "quantity": 1, "tx_hash": "0xdf9afe899f06d316f7a1212798138bdf79ae3f7162857d1f4d22b915a15ec2fe", "time": 1711202711, "nft": {"contract_address": "0xc274a97f1691ef390f662067e95a6eff1f99b504", "token_id": "234", "name": "TinFun #234", "blockchain": "ETH", "image": "https://lh3.googleusercontent.com/Vm7NIQYl8gUxUyzFn0Wwn-Xb9mrnC3T7sbMqVjmHa0qJ9DO2sU6IIdDBunbcbv6mxHDmbiOjKTJ3OW6X78-J5pXbxpvETudBs8xU", "contract_type": "ERC721"}, "collection": {"collection_id": "65a13036c284b18008bd25b7", "name": "TinFun", "logo": "https://i.seadn.io/s/raw/files/a531bedf317b5ffe5a35d559b5c94cd9.jpg?w=500&auto=format", "slug": "tin-fun"}, "gas_fee": {"value": 0.0037, "raw_value": 3700000000000000, "usd": 12.5767, "payment_token": {"address": "0x0000000000000000000000000000000000000000", "symbol": "ETH", "decimals": 18}}, "price": {"value": 0.177, "raw_value": 177000000000000000, "usd": 595.754639777653, "payment_token": {"address": "0x0000000000000000000000000000000000000000", "symbol": "ETH", "decimals": 18}}, "marketplace_path": ["blur"], "fees": [{"fee_type": "royalty", "recipient": "0x6650dc11f439f14d4dfbea75233bd9b0099a0647", "bps": 50, "price": {"value": 0.000885, "raw_value": 885000000000000, "usd": 2.976255, "payment_token": {"address": "0x0000000000000000000000000000000000000000", "symbol": "ETH", "decimals": 18}}}], "trait_offer_target": null}, {"blockchain": "ETH", "sender": {"address": "0x73d30ba3dc4ffd17c28cc2d75d12e50df98f29cf", "ens": "nakiri.eth", "is_whale": false, "blockchain": "ETH", "is_contract": false, "is_blue_chip_holder": false, "is_super_blue_chip_holder": false, "is_multi_sign_wallet": false, "das": null, "alias": "nakiri.eth"}, "receiver": {"address": "0xcead03574e4b930ee871bf8bb49922148a63a8e6", "ens": "giamdoxlong.eth", "is_whale": false, "blockchain": "ETH", "is_contract": false, "is_blue_chip_holder": false, "is_super_blue_chip_holder": false, "is_multi_sign_wallet": false, "das": null, "alias": "giamdoxlong.eth"}, "event": "sale", "quantity": 1, "tx_hash": "0xbef459635366d2bc75fda9d0c8a694ca28b5e3443e83be2930fd9c011adfe2eb", "time": 1711171799, "nft": {"contract_address": "0xc274a97f1691ef390f662067e95a6eff1f99b504", "token_id": "234", "name": "TinFun #234", "blockchain": "ETH", "image": "https://lh3.googleusercontent.com/Vm7NIQYl8gUxUyzFn0Wwn-Xb9mrnC3T7sbMqVjmHa0qJ9DO2sU6IIdDBunbcbv6mxHDmbiOjKTJ3OW6X78-J5pXbxpvETudBs8xU", "contract_type": "ERC721"}, "collection": {"collection_id": "65a13036c284b18008bd25b7", "name": "TinFun", "logo": "https://i.seadn.io/s/raw/files/a531bedf317b5ffe5a35d559b5c94cd9.jpg?w=500&auto=format", "slug": "tin-fun"}, "gas_fee": {"value": 0.0254, "raw_value": 25400000000000000, "usd": 84.4572, "payment_token": {"address": "0x0000000000000000000000000000000000000000", "symbol": "ETH", "decimals": 18}}, "price": {"value": 0.16, "raw_value": 160000000000000000, "usd": 532.4589430075628, "payment_token": {"address": "0x0000000000000000000000000000000000000000", "symbol": "ETH", "decimals": 18}}, "marketplace_path": ["blur"], "fees": [{"fee_type": "royalty", "recipient": "0x6650dc11f439f14d4dfbea75233bd9b0099a0647", "bps": 50, "price": {"value": 0.0008, "raw_value": 800000000000000, "usd": 2.671578, "payment_token": {"address": "0x0000000000a39bb272e79075ade125fd351887ac", "symbol": "BETH", "decimals": 18}}}], "trait_offer_target": null}, {"blockchain": "ETH", "sender": {"address": "0x584935f602f669aa9296f5ef287b6461e3999e39", "ens": "aguyong.eth", "is_whale": false, "blockchain": "ETH", "is_contract": false, "is_blue_chip_holder": false, "is_super_blue_chip_holder": false, "is_multi_sign_wallet": false, "das": null, "alias": "aguyong.eth"}, "receiver": {"address": "0x73d30ba3dc4ffd17c28cc2d75d12e50df98f29cf", "ens": "nakiri.eth", "is_whale": false, "blockchain": "ETH", "is_contract": false, "is_blue_chip_holder": false, "is_super_blue_chip_holder": false, "is_multi_sign_wallet": false, "das": null, "alias": "nakiri.eth"}, "event": "sale", "quantity": 1, "tx_hash": "0xe06aec376388dc693c39269b47a44a4de82875305d0cd0a18075c97a1d1dcbd2", "time": 1710949247, "nft": {"contract_address": "0xc274a97f1691ef390f662067e95a6eff1f99b504", "token_id": "234", "name": "TinFun #234", "blockchain": "ETH", "image": "https://lh3.googleusercontent.com/Vm7NIQYl8gUxUyzFn0Wwn-Xb9mrnC3T7sbMqVjmHa0qJ9DO2sU6IIdDBunbcbv6mxHDmbiOjKTJ3OW6X78-J5pXbxpvETudBs8xU", "contract_type": "ERC721"}, "collection": {"collection_id": "65a13036c284b18008bd25b7", "name": "TinFun", "logo": "https://i.seadn.io/s/raw/files/a531bedf317b5ffe5a35d559b5c94cd9.jpg?w=500&auto=format", "slug": "tin-fun"}, "gas_fee": {"value": 0.0163, "raw_value": 16299999999999998, "usd": 55.2938, "payment_token": {"address": "0x0000000000000000000000000000000000000000", "symbol": "ETH", "decimals": 18}}, "price": {"value": 0.15, "raw_value": 150000000000000000, "usd": 507.87318646069883, "payment_token": {"address": "0x0000000000000000000000000000000000000000", "symbol": "ETH", "decimals": 18}}, "marketplace_path": ["blur"], "fees": [{"fee_type": "royalty", "recipient": "0x6650dc11f439f14d4dfbea75233bd9b0099a0647", "bps": 50, "price": {"value": 0.00075, "raw_value": 750000000000000, "usd": 2.511429, "payment_token": {"address": "0x0000000000a39bb272e79075ade125fd351887ac", "symbol": "BETH", "decimals": 18}}}], "trait_offer_target": null}, {"blockchain": "ETH", "sender": {"address": "0x3005fc5524e80e2d5b7711a9c5c3071dd0c0271f", "ens": null, "is_whale": false, "blockchain": "ETH", "is_contract": false, "is_blue_chip_holder": false, "is_super_blue_chip_holder": false, "is_multi_sign_wallet": false, "das": null, "alias": null}, "receiver": {"address": "0x584935f602f669aa9296f5ef287b6461e3999e39", "ens": "aguyong.eth", "is_whale": false, "blockchain": "ETH", "is_contract": false, "is_blue_chip_holder": false, "is_super_blue_chip_holder": false, "is_multi_sign_wallet": false, "das": null, "alias": "aguyong.eth"}, "event": "transfer", "quantity": 1, "tx_hash": "0x86bceece1a0e9eb40338bfb692249ece416f62849c87e51e53a0ba0920dc3987", "time": 1705290359, "nft": {"contract_address": "0xc274a97f1691ef390f662067e95a6eff1f99b504", "token_id": "234", "name": "TinFun #234", "blockchain": "ETH", "image": "https://lh3.googleusercontent.com/Vm7NIQYl8gUxUyzFn0Wwn-Xb9mrnC3T7sbMqVjmHa0qJ9DO2sU6IIdDBunbcbv6mxHDmbiOjKTJ3OW6X78-J5pXbxpvETudBs8xU", "contract_type": "ERC721"}, "collection": {"collection_id": "65a13036c284b18008bd25b7", "name": "TinFun", "logo": "https://i.seadn.io/s/raw/files/a531bedf317b5ffe5a35d559b5c94cd9.jpg?w=500&auto=format", "slug": "tin-fun"}, "gas_fee": {"value": 0.0014, "raw_value": 1400000000000000, "usd": 3.5835, "payment_token": {"address": "0x0000000000000000000000000000000000000000", "symbol": "ETH", "decimals": 18}}, "price": null, "marketplace_path": [], "fees": [], "trait_offer_target": null}]