[{"blockchain": "ETH", "sender": {"address": "0x4e9561c167a1607fd1297dea9f0ee00694ec033d", "ens": null, "is_whale": false, "blockchain": "ETH", "is_contract": false, "is_blue_chip_holder": false, "is_super_blue_chip_holder": false, "is_multi_sign_wallet": false, "das": null, "alias": null}, "receiver": {"address": "0x8177e9fa379b85e01b2b30140ddc446b9875106a", "ens": null, "is_whale": false, "blockchain": "ETH", "is_contract": true, "is_blue_chip_holder": false, "is_super_blue_chip_holder": false, "is_multi_sign_wallet": false, "das": null, "alias": null}, "event": "transfer", "quantity": 1, "tx_hash": "0x9d01fbe107dd9ea10b875b0d9f25c99a33d33998dadd196dafce939154e6264a", "time": 1712906027, "nft": {"contract_address": "0xc274a97f1691ef390f662067e95a6eff1f99b504", "token_id": "2941", "name": "TinFun #2941", "blockchain": "ETH", "image": "https://lh3.googleusercontent.com/CPxWwTVi-h7_u2Qjv_H8v1AuirXMJKJ77-DxjBJ6gU8j3wr9EkcCCkIqB3qNz_AWHHb7yJfcrHcR9rAQ8qPHHDKvj2ZkE1L5GhRH", "contract_type": "ERC721"}, "collection": {"collection_id": "65a13036c284b18008bd25b7", "name": "TinFun", "logo": "https://i.seadn.io/s/raw/files/a531bedf317b5ffe5a35d559b5c94cd9.jpg?w=500&auto=format", "slug": "tin-fun"}, "gas_fee": {"value": 0.0041, "raw_value": 4100000000000000, "usd": 14.3932, "payment_token": {"address": "0x0000000000000000000000000000000000000000", "symbol": "ETH", "decimals": 18}}, "price": null, "marketplace_path": [], "fees": [], "trait_offer_target": null}, {"blockchain": "ETH", "sender": {"address": "0x0bcfb8ec93b68bef409a15ceed51e4a092c84d03", "ens": null, "is_whale": false, "blockchain": "ETH", "is_contract": false, "is_blue_chip_holder": false, "is_super_blue_chip_holder": false, "is_multi_sign_wallet": false, "das": null, "alias": null}, "receiver": {"address": "0x4e9561c167a1607fd1297dea9f0ee00694ec033d", "ens": null, "is_whale": false, "blockchain": "ETH", "is_contract": false, "is_blue_chip_holder": false, "is_super_blue_chip_holder": false, "is_multi_sign_wallet": false, "das": null, "alias": null}, "event": "sale", "quantity": 1, "tx_hash": "0xc2ac56b928fcd01c4697bb6456634880a19931a0bbec1e6c749958fdcd78dae7", "time": 1707661535, "nft": {"contract_address": "0xc274a97f1691ef390f662067e95a6eff1f99b504", "token_id": "2941", "name": "TinFun #2941", "blockchain": "ETH", "image": "https://lh3.googleusercontent.com/CPxWwTVi-h7_u2Qjv_H8v1AuirXMJKJ77-DxjBJ6gU8j3wr9EkcCCkIqB3qNz_AWHHb7yJfcrHcR9rAQ8qPHHDKvj2ZkE1L5GhRH", "contract_type": "ERC721"}, "collection": {"collection_id": "65a13036c284b18008bd25b7", "name": "TinFun", "logo": "https://i.seadn.io/s/raw/files/a531bedf317b5ffe5a35d559b5c94cd9.jpg?w=500&auto=format", "slug": "tin-fun"}, "gas_fee": {"value": 0.0094, "raw_value": 9400000000000000, "usd": 23.5544, "payment_token": {"address": "0x0000000000000000000000000000000000000000", "symbol": "ETH", "decimals": 18}}, "price": {"value": 0.53, "raw_value": 530000000000000000, "usd": 1331.5831427668606, "payment_token": {"address": "0x0000000000000000000000000000000000000000", "symbol": "ETH", "decimals": 18}}, "marketplace_path": ["blur"], "fees": [{"fee_type": "royalty", "recipient": "0x6650dc11f439f14d4dfbea75233bd9b0099a0647", "bps": 50, "price": {"value": 0.00265, "raw_value": 2650000000000000, "usd": 6.71058, "payment_token": {"address": "0x0000000000a39bb272e79075ade125fd351887ac", "symbol": "BETH", "decimals": 18}}}], "trait_offer_target": null}]