[{"blockchain": "ETH", "sender": {"address": "0x9c6e4168d5443dbb2775a07be218f832197dc866", "ens": null, "is_whale": false, "blockchain": "ETH", "is_contract": false, "is_blue_chip_holder": false, "is_super_blue_chip_holder": false, "is_multi_sign_wallet": false, "das": null, "alias": null}, "receiver": {"address": "0x05bfba34a229dd926208dc4bca5be4e2d3235ee5", "ens": null, "is_whale": false, "blockchain": "ETH", "is_contract": false, "is_blue_chip_holder": false, "is_super_blue_chip_holder": false, "is_multi_sign_wallet": false, "das": null, "alias": null}, "event": "sale", "quantity": 1, "tx_hash": "0x40abcca42531070fcecd1fe40e87250a0c21c609d172ecda66110ed751bbe815", "time": 1705063751, "nft": {"contract_address": "0xc274a97f1691ef390f662067e95a6eff1f99b504", "token_id": "824", "name": "TinFun #824", "blockchain": "ETH", "image": "https://lh3.googleusercontent.com/CTBv_Whin8QIpfl0QKlTp9VCZVVS1HB3iO9MrI-VAy7Z8lZXbTZAbQyP0KsONmiuWXclYFGNdd08fC1Cl-8qYzioauYs-WzWvcOd", "contract_type": "ERC721"}, "collection": {"collection_id": "65a13036c284b18008bd25b7", "name": "TinFun", "logo": "https://i.seadn.io/s/raw/files/a531bedf317b5ffe5a35d559b5c94cd9.jpg?w=500&auto=format", "slug": "tin-fun"}, "gas_fee": {"value": 0.0119, "raw_value": 11900000000000000, "usd": 31.5884, "payment_token": {"address": "0x0000000000000000000000000000000000000000", "symbol": "ETH", "decimals": 18}}, "price": {"value": 0.779, "raw_value": 779000000000000000, "usd": 2062.556372565679, "payment_token": {"address": "0x0000000000000000000000000000000000000000", "symbol": "ETH", "decimals": 18}}, "marketplace_path": ["blur-aggregator", "opensea"], "fees": [{"fee_type": "marketplace", "recipient": "0x0000a26b00c1f0df003000390027140000faa719", "bps": 250, "price": {"value": 0.019475, "raw_value": 19475000000000000, "usd": 50.916725, "payment_token": {"address": "0x0000000000000000000000000000000000000000", "symbol": "ETH", "decimals": 18}}}], "trait_offer_target": null}]