[{"blockchain": "ETH", "sender": {"address": "0xf5988f07a6d319379982dff70712bf7236876796", "ens": null, "is_whale": false, "blockchain": "ETH", "is_contract": false, "is_blue_chip_holder": false, "is_super_blue_chip_holder": false, "is_multi_sign_wallet": false, "das": null, "alias": null}, "receiver": {"address": "0x8177e9fa379b85e01b2b30140ddc446b9875106a", "ens": null, "is_whale": false, "blockchain": "ETH", "is_contract": true, "is_blue_chip_holder": false, "is_super_blue_chip_holder": false, "is_multi_sign_wallet": false, "das": null, "alias": null}, "event": "transfer", "quantity": 1, "tx_hash": "0xde0b50e94344989ee8046fd42cf511defd169370e494cad510b276b585ff83ab", "time": 1711808507, "nft": {"contract_address": "0xc274a97f1691ef390f662067e95a6eff1f99b504", "token_id": "5115", "name": "TinFun #5115", "blockchain": "ETH", "image": "https://lh3.googleusercontent.com/XdLE7J0iUPyJBnpUBXbdSQ0O4ZKvE1xyKbjDniQjKD9BWN87CSKucP5SyxoFL1rILjvBBarKb3wAgfTQPVlRT9Kb5Fz8QKxv8_8", "contract_type": "ERC721"}, "collection": {"collection_id": "65a13036c284b18008bd25b7", "name": "TinFun", "logo": "https://i.seadn.io/s/raw/files/a531bedf317b5ffe5a35d559b5c94cd9.jpg?w=500&auto=format", "slug": "tin-fun"}, "gas_fee": {"value": 0.0162, "raw_value": 16200000000000000, "usd": 57.2583, "payment_token": {"address": "0x0000000000000000000000000000000000000000", "symbol": "ETH", "decimals": 18}}, "price": null, "marketplace_path": [], "fees": [], "trait_offer_target": null}]