[{"blockchain": "ETH", "sender": {"address": "0x0026657c5e3ad3c5f4636ee99999e0188fcf6843", "ens": null, "is_whale": false, "blockchain": "ETH", "is_contract": false, "is_blue_chip_holder": false, "is_super_blue_chip_holder": false, "is_multi_sign_wallet": false, "das": null, "alias": null}, "receiver": {"address": "0x8177e9fa379b85e01b2b30140ddc446b9875106a", "ens": null, "is_whale": false, "blockchain": "ETH", "is_contract": true, "is_blue_chip_holder": false, "is_super_blue_chip_holder": false, "is_multi_sign_wallet": false, "das": null, "alias": null}, "event": "transfer", "quantity": 1, "tx_hash": "0xa9c3ab4702e307536edf0db0165ee048563024a5e6d1a8d63db09732aa9d1c8f", "time": 1712992607, "nft": {"contract_address": "0xc274a97f1691ef390f662067e95a6eff1f99b504", "token_id": "4786", "name": "TinFun #4786", "blockchain": "ETH", "image": "https://lh3.googleusercontent.com/tkldOOjtQ9fW3tqkdiWqxNHAjM-SPcesRZyN83tHoPVur05zPvccXs0MuYBlfLmstBj-DgzyV0_sl5mWtEB-7WofOghThwfnzA", "contract_type": "ERC721"}, "collection": {"collection_id": "65a13036c284b18008bd25b7", "name": "TinFun", "logo": "https://i.seadn.io/s/raw/files/a531bedf317b5ffe5a35d559b5c94cd9.jpg?w=500&auto=format", "slug": "tin-fun"}, "gas_fee": {"value": 0.0018, "raw_value": 1800000000000000, "usd": 5.938, "payment_token": {"address": "0x0000000000000000000000000000000000000000", "symbol": "ETH", "decimals": 18}}, "price": null, "marketplace_path": [], "fees": [], "trait_offer_target": null}]