[{"blockchain": "ETH", "sender": {"address": "0x2fc8b98241971c742bc5f3d1cf0f7eda6d8641c5", "ens": null, "is_whale": false, "blockchain": "ETH", "is_contract": false, "is_blue_chip_holder": false, "is_super_blue_chip_holder": false, "is_multi_sign_wallet": false, "das": null, "alias": null}, "receiver": {"address": "0x8177e9fa379b85e01b2b30140ddc446b9875106a", "ens": null, "is_whale": false, "blockchain": "ETH", "is_contract": true, "is_blue_chip_holder": false, "is_super_blue_chip_holder": false, "is_multi_sign_wallet": false, "das": null, "alias": null}, "event": "transfer", "quantity": 1, "tx_hash": "0xdd7846a2a99659a726ec24f40d77b976b913b87862c771b3380c75e28acb528c", "time": 1712969231, "nft": {"contract_address": "0xc274a97f1691ef390f662067e95a6eff1f99b504", "token_id": "6017", "name": "TinFun #6017", "blockchain": "ETH", "image": "https://lh3.googleusercontent.com/eDan2GqVyKbQutdFYAAkHlUigKC6mxfL0ilHQKqkzY9anKewfvr86kOYAPdEldICuIZdWvGgXaTPbNxHCUqyByGFyfrvBe-lDQ", "contract_type": "ERC721"}, "collection": {"collection_id": "65a13036c284b18008bd25b7", "name": "TinFun", "logo": "https://i.seadn.io/s/raw/files/a531bedf317b5ffe5a35d559b5c94cd9.jpg?w=500&auto=format", "slug": "tin-fun"}, "gas_fee": {"value": 0.0019, "raw_value": 1900000000000000, "usd": 6.1141, "payment_token": {"address": "0x0000000000000000000000000000000000000000", "symbol": "ETH", "decimals": 18}}, "price": null, "marketplace_path": [], "fees": [], "trait_offer_target": null}]