[{"blockchain": "ETH", "sender": {"address": "0x2225e8a95fbf7cd32b9b9ac3d87fa88c6957cb6f", "ens": "v54dt.eth", "is_whale": false, "blockchain": "ETH", "is_contract": false, "is_blue_chip_holder": false, "is_super_blue_chip_holder": false, "is_multi_sign_wallet": false, "das": null, "alias": "v54dt.eth"}, "receiver": {"address": "0x8177e9fa379b85e01b2b30140ddc446b9875106a", "ens": null, "is_whale": false, "blockchain": "ETH", "is_contract": true, "is_blue_chip_holder": false, "is_super_blue_chip_holder": false, "is_multi_sign_wallet": false, "das": null, "alias": null}, "event": "transfer", "quantity": 1, "tx_hash": "0xecc31a9f1abf2b9e0ae67c3bec8c04d3fc58643d0398926c5d038f0ba722e605", "time": 1712407559, "nft": {"contract_address": "0xc274a97f1691ef390f662067e95a6eff1f99b504", "token_id": "1286", "name": "TinFun #1286", "blockchain": "ETH", "image": "https://lh3.googleusercontent.com/FGaD7yAHiBOmVl-l-_m10q2_zTWN5bAmOZKW5TN12fMO84wkqDVDnAeHS1pjzfwM5Yb4S1p3XalhM5fdAIhK5UEGZ-br67nAe22V", "contract_type": "ERC721"}, "collection": {"collection_id": "65a13036c284b18008bd25b7", "name": "TinFun", "logo": "https://i.seadn.io/s/raw/files/a531bedf317b5ffe5a35d559b5c94cd9.jpg?w=500&auto=format", "slug": "tin-fun"}, "gas_fee": {"value": 0.001, "raw_value": 1000000000000000, "usd": 3.4272, "payment_token": {"address": "0x0000000000000000000000000000000000000000", "symbol": "ETH", "decimals": 18}}, "price": null, "marketplace_path": [], "fees": [], "trait_offer_target": null}, {"blockchain": "ETH", "sender": {"address": "0x96c047abde4d6b4e151fd64ec34aba3380fd9624", "ens": "xx0102.eth", "is_whale": false, "blockchain": "ETH", "is_contract": false, "is_blue_chip_holder": false, "is_super_blue_chip_holder": false, "is_multi_sign_wallet": false, "das": null, "alias": "xx0102.eth"}, "receiver": {"address": "0x2225e8a95fbf7cd32b9b9ac3d87fa88c6957cb6f", "ens": "v54dt.eth", "is_whale": false, "blockchain": "ETH", "is_contract": false, "is_blue_chip_holder": false, "is_super_blue_chip_holder": false, "is_multi_sign_wallet": false, "das": null, "alias": "v54dt.eth"}, "event": "sale", "quantity": 1, "tx_hash": "0xe2f29d06806a27b43d993195aade350771786d6ddb2263b6dbad9c777b8c997e", "time": 1712406827, "nft": {"contract_address": "0xc274a97f1691ef390f662067e95a6eff1f99b504", "token_id": "1286", "name": "TinFun #1286", "blockchain": "ETH", "image": "https://lh3.googleusercontent.com/FGaD7yAHiBOmVl-l-_m10q2_zTWN5bAmOZKW5TN12fMO84wkqDVDnAeHS1pjzfwM5Yb4S1p3XalhM5fdAIhK5UEGZ-br67nAe22V", "contract_type": "ERC721"}, "collection": {"collection_id": "65a13036c284b18008bd25b7", "name": "TinFun", "logo": "https://i.seadn.io/s/raw/files/a531bedf317b5ffe5a35d559b5c94cd9.jpg?w=500&auto=format", "slug": "tin-fun"}, "gas_fee": {"value": 0.0018, "raw_value": 1800000000000000, "usd": 6.0964, "payment_token": {"address": "0x0000000000000000000000000000000000000000", "symbol": "ETH", "decimals": 18}}, "price": {"value": 0.288, "raw_value": 288000000000000000, "usd": 959.5006416492314, "payment_token": {"address": "0x0000000000000000000000000000000000000000", "symbol": "ETH", "decimals": 18}}, "marketplace_path": ["blur-aggregator", "blur"], "fees": [{"fee_type": "royalty", "recipient": "0x6650dc11f439f14d4dfbea75233bd9b0099a0647", "bps": 50, "price": {"value": 0.00144, "raw_value": 1440000000000000, "usd": 4.802127, "payment_token": {"address": "0x0000000000000000000000000000000000000000", "symbol": "ETH", "decimals": 18}}}], "trait_offer_target": null}, {"blockchain": "ETH", "sender": {"address": "0x77933130dfb4987832153589907ac6bdaf135cc7", "ens": null, "is_whale": false, "blockchain": "ETH", "is_contract": false, "is_blue_chip_holder": false, "is_super_blue_chip_holder": false, "is_multi_sign_wallet": false, "das": null, "alias": null}, "receiver": {"address": "0x96c047abde4d6b4e151fd64ec34aba3380fd9624", "ens": "xx0102.eth", "is_whale": false, "blockchain": "ETH", "is_contract": false, "is_blue_chip_holder": false, "is_super_blue_chip_holder": false, "is_multi_sign_wallet": false, "das": null, "alias": "xx0102.eth"}, "event": "transfer", "quantity": 1, "tx_hash": "0x1dd2f33ba5b9d4b8fd3df92c776374228ed285567ff01072af04a19eeaacd44f", "time": 1705119371, "nft": {"contract_address": "0xc274a97f1691ef390f662067e95a6eff1f99b504", "token_id": "1286", "name": "TinFun #1286", "blockchain": "ETH", "image": "https://lh3.googleusercontent.com/FGaD7yAHiBOmVl-l-_m10q2_zTWN5bAmOZKW5TN12fMO84wkqDVDnAeHS1pjzfwM5Yb4S1p3XalhM5fdAIhK5UEGZ-br67nAe22V", "contract_type": "ERC721"}, "collection": {"collection_id": "65a13036c284b18008bd25b7", "name": "TinFun", "logo": "https://i.seadn.io/s/raw/files/a531bedf317b5ffe5a35d559b5c94cd9.jpg?w=500&auto=format", "slug": "tin-fun"}, "gas_fee": {"value": 0.001, "raw_value": 1000000000000000, "usd": 2.6046, "payment_token": {"address": "0x0000000000000000000000000000000000000000", "symbol": "ETH", "decimals": 18}}, "price": null, "marketplace_path": [], "fees": [], "trait_offer_target": null}]