[{"blockchain": "ETH", "sender": {"address": "0xe7486438fb41c2d583514aa344b16e5db21fbc34", "ens": "519swap.eth", "is_whale": false, "blockchain": "ETH", "is_contract": false, "is_blue_chip_holder": false, "is_super_blue_chip_holder": false, "is_multi_sign_wallet": false, "das": null, "alias": "519swap.eth"}, "receiver": {"address": "0x8177e9fa379b85e01b2b30140ddc446b9875106a", "ens": null, "is_whale": false, "blockchain": "ETH", "is_contract": true, "is_blue_chip_holder": false, "is_super_blue_chip_holder": false, "is_multi_sign_wallet": false, "das": null, "alias": null}, "event": "transfer", "quantity": 1, "tx_hash": "0x0cd1364caa15c5b273d3cc7a5260b29075e8c15f6faca5cd20c9c1eab118b1ca", "time": 1711707167, "nft": {"contract_address": "0xc274a97f1691ef390f662067e95a6eff1f99b504", "token_id": "3612", "name": "TinFun #3612", "blockchain": "ETH", "image": "https://lh3.googleusercontent.com/slqcxISz-iLeXZjpVELzVgQrT8B9oBXvhvuYM8V6YhxMwIx6a7UqvwN0760xA6PvYo3vXDDKcVhfu_li-RKDEI-j53CH6MuxBA", "contract_type": "ERC721"}, "collection": {"collection_id": "65a13036c284b18008bd25b7", "name": "TinFun", "logo": "https://i.seadn.io/s/raw/files/a531bedf317b5ffe5a35d559b5c94cd9.jpg?w=500&auto=format", "slug": "tin-fun"}, "gas_fee": {"value": 0.0035, "raw_value": 3500000000000000, "usd": 12.3554, "payment_token": {"address": "0x0000000000000000000000000000000000000000", "symbol": "ETH", "decimals": 18}}, "price": null, "marketplace_path": [], "fees": [], "trait_offer_target": null}]