[{"blockchain": "ETH", "sender": {"address": "0x37933558e64098745c0894afb354cb977f506fa3", "ens": null, "is_whale": false, "blockchain": "ETH", "is_contract": false, "is_blue_chip_holder": false, "is_super_blue_chip_holder": false, "is_multi_sign_wallet": false, "das": null, "alias": null}, "receiver": {"address": "0x8177e9fa379b85e01b2b30140ddc446b9875106a", "ens": null, "is_whale": false, "blockchain": "ETH", "is_contract": true, "is_blue_chip_holder": false, "is_super_blue_chip_holder": false, "is_multi_sign_wallet": false, "das": null, "alias": null}, "event": "transfer", "quantity": 1, "tx_hash": "0xdd0656743e619679bcfd21050c6b1e2efce67296cd86ceb28216ec227a0e92d9", "time": 1711757387, "nft": {"contract_address": "0xc274a97f1691ef390f662067e95a6eff1f99b504", "token_id": "2384", "name": "TinFun #2384", "blockchain": "ETH", "image": "https://lh3.googleusercontent.com/YAeVhxQZmRD9cAZktdR-4HK7nZbvQGgAR22J4zh33PO0qFNHHwuhoRJ-_2ktxMTFm8B_Nu6HiAA9Gv-0seHCznXZH0k1OIsKgQ", "contract_type": "ERC721"}, "collection": {"collection_id": "65a13036c284b18008bd25b7", "name": "TinFun", "logo": "https://i.seadn.io/s/raw/files/a531bedf317b5ffe5a35d559b5c94cd9.jpg?w=500&auto=format", "slug": "tin-fun"}, "gas_fee": {"value": 0.0017, "raw_value": 1700000000000000, "usd": 6.0923, "payment_token": {"address": "0x0000000000000000000000000000000000000000", "symbol": "ETH", "decimals": 18}}, "price": null, "marketplace_path": [], "fees": [], "trait_offer_target": null}, {"blockchain": "ETH", "sender": {"address": "0x84349c4325a3f34d7e0a65f1907d75d47d031d72", "ens": null, "is_whale": false, "blockchain": "ETH", "is_contract": false, "is_blue_chip_holder": false, "is_super_blue_chip_holder": false, "is_multi_sign_wallet": false, "das": null, "alias": null}, "receiver": {"address": "0x37933558e64098745c0894afb354cb977f506fa3", "ens": null, "is_whale": false, "blockchain": "ETH", "is_contract": false, "is_blue_chip_holder": false, "is_super_blue_chip_holder": false, "is_multi_sign_wallet": false, "das": null, "alias": null}, "event": "transfer", "quantity": 1, "tx_hash": "0x603b8425e2e21cfba2567f958a996351e37917c482980c9702f7605869fe84c0", "time": 1709771795, "nft": {"contract_address": "0xc274a97f1691ef390f662067e95a6eff1f99b504", "token_id": "2384", "name": "TinFun #2384", "blockchain": "ETH", "image": "https://lh3.googleusercontent.com/YAeVhxQZmRD9cAZktdR-4HK7nZbvQGgAR22J4zh33PO0qFNHHwuhoRJ-_2ktxMTFm8B_Nu6HiAA9Gv-0seHCznXZH0k1OIsKgQ", "contract_type": "ERC721"}, "collection": {"collection_id": "65a13036c284b18008bd25b7", "name": "TinFun", "logo": "https://i.seadn.io/s/raw/files/a531bedf317b5ffe5a35d559b5c94cd9.jpg?w=500&auto=format", "slug": "tin-fun"}, "gas_fee": {"value": 0.0058, "raw_value": 5800000000000000, "usd": 22.3282, "payment_token": {"address": "0x0000000000000000000000000000000000000000", "symbol": "ETH", "decimals": 18}}, "price": null, "marketplace_path": [], "fees": [], "trait_offer_target": null}, {"blockchain": "ETH", "sender": {"address": "0xa030c8fb48953c798d95ebd296ab564eb94c6440", "ens": null, "is_whale": false, "blockchain": "ETH", "is_contract": false, "is_blue_chip_holder": false, "is_super_blue_chip_holder": false, "is_multi_sign_wallet": false, "das": null, "alias": null}, "receiver": {"address": "0x84349c4325a3f34d7e0a65f1907d75d47d031d72", "ens": null, "is_whale": false, "blockchain": "ETH", "is_contract": false, "is_blue_chip_holder": false, "is_super_blue_chip_holder": false, "is_multi_sign_wallet": false, "das": null, "alias": null}, "event": "sale", "quantity": 1, "tx_hash": "0x6a16c26e7c749ee7aa01a82eb352aebbda44c3793ff2c477adac1cb0c7fd6a12", "time": 1708744799, "nft": {"contract_address": "0xc274a97f1691ef390f662067e95a6eff1f99b504", "token_id": "2384", "name": "TinFun #2384", "blockchain": "ETH", "image": "https://lh3.googleusercontent.com/YAeVhxQZmRD9cAZktdR-4HK7nZbvQGgAR22J4zh33PO0qFNHHwuhoRJ-_2ktxMTFm8B_Nu6HiAA9Gv-0seHCznXZH0k1OIsKgQ", "contract_type": "ERC721"}, "collection": {"collection_id": "65a13036c284b18008bd25b7", "name": "TinFun", "logo": "https://i.seadn.io/s/raw/files/a531bedf317b5ffe5a35d559b5c94cd9.jpg?w=500&auto=format", "slug": "tin-fun"}, "gas_fee": {"value": 0.0077, "raw_value": 7700000000000000, "usd": 22.4837, "payment_token": {"address": "0x0000000000000000000000000000000000000000", "symbol": "ETH", "decimals": 18}}, "price": {"value": 0.56, "raw_value": 560000000000000000, "usd": 1636.60883508012, "payment_token": {"address": "0x0000000000000000000000000000000000000000", "symbol": "ETH", "decimals": 18}}, "marketplace_path": ["blur"], "fees": [{"fee_type": "royalty", "recipient": "0x6650dc11f439f14d4dfbea75233bd9b0099a0647", "bps": 50, "price": {"value": 0.0028, "raw_value": 2800000000000000, "usd": 8.213094, "payment_token": {"address": "0x0000000000a39bb272e79075ade125fd351887ac", "symbol": "BETH", "decimals": 18}}}], "trait_offer_target": null}, {"blockchain": "ETH", "sender": {"address": "0xfa0e027fcb7ce300879f3729432cd505826eaabc", "ens": "\u5e7f\u544a\u4f4d\u505c\u552e.eth", "is_whale": false, "blockchain": "ETH", "is_contract": false, "is_blue_chip_holder": true, "is_super_blue_chip_holder": false, "is_multi_sign_wallet": false, "das": null, "alias": "\u5e7f\u544a\u4f4d\u505c\u552e.eth"}, "receiver": {"address": "0xa030c8fb48953c798d95ebd296ab564eb94c6440", "ens": null, "is_whale": false, "blockchain": "ETH", "is_contract": false, "is_blue_chip_holder": false, "is_super_blue_chip_holder": false, "is_multi_sign_wallet": false, "das": null, "alias": null}, "event": "sale", "quantity": 1, "tx_hash": "0xb78751ac94e07c4bb6496c761471998fe20c59dc5c74dc507bb9b012bc9d192f", "time": 1705718339, "nft": {"contract_address": "0xc274a97f1691ef390f662067e95a6eff1f99b504", "token_id": "2384", "name": "TinFun #2384", "blockchain": "ETH", "image": "https://lh3.googleusercontent.com/YAeVhxQZmRD9cAZktdR-4HK7nZbvQGgAR22J4zh33PO0qFNHHwuhoRJ-_2ktxMTFm8B_Nu6HiAA9Gv-0seHCznXZH0k1OIsKgQ", "contract_type": "ERC721"}, "collection": {"collection_id": "65a13036c284b18008bd25b7", "name": "TinFun", "logo": "https://i.seadn.io/s/raw/files/a531bedf317b5ffe5a35d559b5c94cd9.jpg?w=500&auto=format", "slug": "tin-fun"}, "gas_fee": {"value": 0.0066, "raw_value": 6600000000000000, "usd": 16.321, "payment_token": {"address": "0x0000000000000000000000000000000000000000", "symbol": "ETH", "decimals": 18}}, "price": {"value": 0.62, "raw_value": 620000000000000000, "usd": 1542.1127906703755, "payment_token": {"address": "0x0000000000000000000000000000000000000000", "symbol": "ETH", "decimals": 18}}, "marketplace_path": ["blur"], "fees": [{"fee_type": "royalty", "recipient": "0x6650dc11f439f14d4dfbea75233bd9b0099a0647", "bps": 50, "price": {"value": 0.0031, "raw_value": 3100000000000000, "usd": 7.718528, "payment_token": {"address": "0x0000000000a39bb272e79075ade125fd351887ac", "symbol": "BETH", "decimals": 18}}}], "trait_offer_target": null}, {"blockchain": "ETH", "sender": {"address": "0xaba6bdc4563dd30ce2957564b66e2f8bf4eaa07b", "ens": "shinpi.eth", "is_whale": false, "blockchain": "ETH", "is_contract": false, "is_blue_chip_holder": false, "is_super_blue_chip_holder": false, "is_multi_sign_wallet": false, "das": null, "alias": "shinpi.eth"}, "receiver": {"address": "0xfa0e027fcb7ce300879f3729432cd505826eaabc", "ens": "\u5e7f\u544a\u4f4d\u505c\u552e.eth", "is_whale": false, "blockchain": "ETH", "is_contract": false, "is_blue_chip_holder": true, "is_super_blue_chip_holder": false, "is_multi_sign_wallet": false, "das": null, "alias": "\u5e7f\u544a\u4f4d\u505c\u552e.eth"}, "event": "sale", "quantity": 1, "tx_hash": "0xce51235060790e47de69a1f421cef06cf2185345b48da905336b4d712556d35a", "time": 1705716467, "nft": {"contract_address": "0xc274a97f1691ef390f662067e95a6eff1f99b504", "token_id": "2384", "name": "TinFun #2384", "blockchain": "ETH", "image": "https://lh3.googleusercontent.com/YAeVhxQZmRD9cAZktdR-4HK7nZbvQGgAR22J4zh33PO0qFNHHwuhoRJ-_2ktxMTFm8B_Nu6HiAA9Gv-0seHCznXZH0k1OIsKgQ", "contract_type": "ERC721"}, "collection": {"collection_id": "65a13036c284b18008bd25b7", "name": "TinFun", "logo": "https://i.seadn.io/s/raw/files/a531bedf317b5ffe5a35d559b5c94cd9.jpg?w=500&auto=format", "slug": "tin-fun"}, "gas_fee": {"value": 0.0126, "raw_value": 12600000000000000, "usd": 31.4393, "payment_token": {"address": "0x0000000000000000000000000000000000000000", "symbol": "ETH", "decimals": 18}}, "price": {"value": 0.62, "raw_value": 620000000000000000, "usd": 1542.1127906703755, "payment_token": {"address": "0x0000000000000000000000000000000000000000", "symbol": "ETH", "decimals": 18}}, "marketplace_path": ["blur"], "fees": [{"fee_type": "royalty", "recipient": "0x6650dc11f439f14d4dfbea75233bd9b0099a0647", "bps": 50, "price": {"value": 0.0031, "raw_value": 3100000000000000, "usd": 7.718528, "payment_token": {"address": "0x0000000000a39bb272e79075ade125fd351887ac", "symbol": "BETH", "decimals": 18}}}], "trait_offer_target": null}, {"blockchain": "ETH", "sender": {"address": "0x17ed4599964c08a7e87ac85d5260fac711dcb208", "ens": null, "is_whale": false, "blockchain": "ETH", "is_contract": false, "is_blue_chip_holder": false, "is_super_blue_chip_holder": false, "is_multi_sign_wallet": false, "das": null, "alias": null}, "receiver": {"address": "0xaba6bdc4563dd30ce2957564b66e2f8bf4eaa07b", "ens": "shinpi.eth", "is_whale": false, "blockchain": "ETH", "is_contract": false, "is_blue_chip_holder": false, "is_super_blue_chip_holder": false, "is_multi_sign_wallet": false, "das": null, "alias": "shinpi.eth"}, "event": "sale", "quantity": 1, "tx_hash": "0x4688a902f3824e48c4b261599c2e816d7ea67bf72a6d6e8da097cae753b64106", "time": 1705063955, "nft": {"contract_address": "0xc274a97f1691ef390f662067e95a6eff1f99b504", "token_id": "2384", "name": "TinFun #2384", "blockchain": "ETH", "image": "https://lh3.googleusercontent.com/YAeVhxQZmRD9cAZktdR-4HK7nZbvQGgAR22J4zh33PO0qFNHHwuhoRJ-_2ktxMTFm8B_Nu6HiAA9Gv-0seHCznXZH0k1OIsKgQ", "contract_type": "ERC721"}, "collection": {"collection_id": "65a13036c284b18008bd25b7", "name": "TinFun", "logo": "https://i.seadn.io/s/raw/files/a531bedf317b5ffe5a35d559b5c94cd9.jpg?w=500&auto=format", "slug": "tin-fun"}, "gas_fee": {"value": 0.0087, "raw_value": 8699999999999999, "usd": 23.0007, "payment_token": {"address": "0x0000000000000000000000000000000000000000", "symbol": "ETH", "decimals": 18}}, "price": {"value": 0.839, "raw_value": 839000000000000000, "usd": 2221.4182241111744, "payment_token": {"address": "0x0000000000000000000000000000000000000000", "symbol": "ETH", "decimals": 18}}, "marketplace_path": ["openseapro", "opensea"], "fees": [{"fee_type": "marketplace", "recipient": "0x0000a26b00c1f0df003000390027140000faa719", "bps": 250, "price": {"value": 0.020975, "raw_value": 20975000000000000, "usd": 54.838424, "payment_token": {"address": "0x0000000000000000000000000000000000000000", "symbol": "ETH", "decimals": 18}}}], "trait_offer_target": null}]