[{"blockchain": "ETH", "sender": {"address": "0x395d5101d19cd1ee45e140024ee5433e7eefcc68", "ens": null, "is_whale": false, "blockchain": "ETH", "is_contract": false, "is_blue_chip_holder": false, "is_super_blue_chip_holder": false, "is_multi_sign_wallet": false, "das": null, "alias": null}, "receiver": {"address": "0xe9d61308b95a2b161cbd512f29572ea4c05dd5de", "ens": "yannnl.eth", "is_whale": false, "blockchain": "ETH", "is_contract": false, "is_blue_chip_holder": false, "is_super_blue_chip_holder": false, "is_multi_sign_wallet": false, "das": null, "alias": "yannnl.eth"}, "event": "sale", "quantity": 1, "tx_hash": "0x627afc8f95c9358888776f5f2ce3e7f9dc842fdc255d9dbc1134d2a768cdbb78", "time": 1705083575, "nft": {"contract_address": "0xc274a97f1691ef390f662067e95a6eff1f99b504", "token_id": "6996", "name": "TinFun #6996", "blockchain": "ETH", "image": "https://lh3.googleusercontent.com/ssKQCX_ZMYqBJPIPRL3eW3oMtTuGf0D6OEbR2GfTVwUq7b4W6F3R3oV84aSTlc4Y9Xdtjo4Jtebu7Gjp2Ix8FuBwow0rjerFoiY", "contract_type": "ERC721"}, "collection": {"collection_id": "65a13036c284b18008bd25b7", "name": "TinFun", "logo": "https://i.seadn.io/s/raw/files/a531bedf317b5ffe5a35d559b5c94cd9.jpg?w=500&auto=format", "slug": "tin-fun"}, "gas_fee": {"value": 0.0039, "raw_value": 3900000000000000, "usd": 10.2094, "payment_token": {"address": "0x0000000000000000000000000000000000000000", "symbol": "ETH", "decimals": 18}}, "price": {"value": 0.788, "raw_value": 788000000000000000, "usd": 2048.5819950784858, "payment_token": {"address": "0x0000000000000000000000000000000000000000", "symbol": "ETH", "decimals": 18}}, "marketplace_path": ["blur-aggregator", "opensea"], "fees": [{"fee_type": "marketplace", "recipient": "0x0000a26b00c1f0df003000390027140000faa719", "bps": 50, "price": {"value": 0.00394, "raw_value": 3940000000000000, "usd": 10.427029, "payment_token": {"address": "0x0000000000000000000000000000000000000000", "symbol": "ETH", "decimals": 18}}}], "trait_offer_target": null}]