[{"blockchain": "ETH", "sender": {"address": "0x5199fef37978250959b72f0bddb98c9d37a2a4b2", "ens": null, "is_whale": false, "blockchain": "ETH", "is_contract": false, "is_blue_chip_holder": false, "is_super_blue_chip_holder": false, "is_multi_sign_wallet": false, "das": null, "alias": null}, "receiver": {"address": "0x8177e9fa379b85e01b2b30140ddc446b9875106a", "ens": null, "is_whale": false, "blockchain": "ETH", "is_contract": true, "is_blue_chip_holder": false, "is_super_blue_chip_holder": false, "is_multi_sign_wallet": false, "das": null, "alias": null}, "event": "transfer", "quantity": 1, "tx_hash": "0xde4964be072950c2f9f2479649d96e800f6d11c5702de7ed6ec4c5eb2d3fcce9", "time": 1712980199, "nft": {"contract_address": "0xc274a97f1691ef390f662067e95a6eff1f99b504", "token_id": "2717", "name": "TinFun #2717", "blockchain": "ETH", "image": "https://lh3.googleusercontent.com/2_KlsLDgFilkIvLIeDk4H-djyS-ibunroQnXaD5zJxjY5AS2d7mMbAiyhgkanidaTkp0MY8G2c13gnyMMpNmje0s-r0HbYw0GA", "contract_type": "ERC721"}, "collection": {"collection_id": "65a13036c284b18008bd25b7", "name": "TinFun", "logo": "https://i.seadn.io/s/raw/files/a531bedf317b5ffe5a35d559b5c94cd9.jpg?w=500&auto=format", "slug": "tin-fun"}, "gas_fee": {"value": 0.0014, "raw_value": 1400000000000000, "usd": 4.5978, "payment_token": {"address": "0x0000000000000000000000000000000000000000", "symbol": "ETH", "decimals": 18}}, "price": null, "marketplace_path": [], "fees": [], "trait_offer_target": null}]