[{"blockchain": "ETH", "sender": {"address": "0x9fb7563a1969f034e8feb83e499c967d31538e86", "ens": "shuaigua.eth", "is_whale": false, "blockchain": "ETH", "is_contract": false, "is_blue_chip_holder": false, "is_super_blue_chip_holder": false, "is_multi_sign_wallet": false, "das": null, "alias": "shuaigua.eth"}, "receiver": {"address": "0x8177e9fa379b85e01b2b30140ddc446b9875106a", "ens": null, "is_whale": false, "blockchain": "ETH", "is_contract": true, "is_blue_chip_holder": false, "is_super_blue_chip_holder": false, "is_multi_sign_wallet": false, "das": null, "alias": null}, "event": "transfer", "quantity": 1, "tx_hash": "0x098ba8b5fdd42d70a7d70decc929304f759a948bc6b2198b78cac54a0338330b", "time": 1711704779, "nft": {"contract_address": "0xc274a97f1691ef390f662067e95a6eff1f99b504", "token_id": "4102", "name": "TinFun #4102", "blockchain": "ETH", "image": "https://lh3.googleusercontent.com/Q9XhXz8WYa_LRKaY14T7UC968_b-cmE_g2h6UkZkTOKWHeSeQSWz10ScLDGVi6gD2v_wMAuY-bAPyggrgyZxGqy51RXr7SoMLhGl", "contract_type": "ERC721"}, "collection": {"collection_id": "65a13036c284b18008bd25b7", "name": "TinFun", "logo": "https://i.seadn.io/s/raw/files/a531bedf317b5ffe5a35d559b5c94cd9.jpg?w=500&auto=format", "slug": "tin-fun"}, "gas_fee": {"value": 0.0017, "raw_value": 1700000000000000, "usd": 5.9209, "payment_token": {"address": "0x0000000000000000000000000000000000000000", "symbol": "ETH", "decimals": 18}}, "price": null, "marketplace_path": [], "fees": [], "trait_offer_target": null}, {"blockchain": "ETH", "sender": {"address": "0x238e08b713c8f2e6d94dadbd65ca14e3fedefa3b", "ens": null, "is_whale": false, "blockchain": "ETH", "is_contract": false, "is_blue_chip_holder": false, "is_super_blue_chip_holder": false, "is_multi_sign_wallet": false, "das": null, "alias": null}, "receiver": {"address": "0x9fb7563a1969f034e8feb83e499c967d31538e86", "ens": "shuaigua.eth", "is_whale": false, "blockchain": "ETH", "is_contract": false, "is_blue_chip_holder": false, "is_super_blue_chip_holder": false, "is_multi_sign_wallet": false, "das": null, "alias": "shuaigua.eth"}, "event": "transfer", "quantity": 1, "tx_hash": "0x64277b68cc3045db9cf7e80fea9946985fdc057468785aebb0916567d8170d5c", "time": 1705147271, "nft": {"contract_address": "0xc274a97f1691ef390f662067e95a6eff1f99b504", "token_id": "4102", "name": "TinFun #4102", "blockchain": "ETH", "image": "https://lh3.googleusercontent.com/Q9XhXz8WYa_LRKaY14T7UC968_b-cmE_g2h6UkZkTOKWHeSeQSWz10ScLDGVi6gD2v_wMAuY-bAPyggrgyZxGqy51RXr7SoMLhGl", "contract_type": "ERC721"}, "collection": {"collection_id": "65a13036c284b18008bd25b7", "name": "TinFun", "logo": "https://i.seadn.io/s/raw/files/a531bedf317b5ffe5a35d559b5c94cd9.jpg?w=500&auto=format", "slug": "tin-fun"}, "gas_fee": {"value": 0.0036, "raw_value": 3600000000000000, "usd": 9.2166, "payment_token": {"address": "0x0000000000000000000000000000000000000000", "symbol": "ETH", "decimals": 18}}, "price": null, "marketplace_path": [], "fees": [], "trait_offer_target": null}]