[{"blockchain": "ETH", "sender": {"address": "0xa637e4ac42431976ebe112e13096a61350900f24", "ens": null, "is_whale": false, "blockchain": "ETH", "is_contract": false, "is_blue_chip_holder": false, "is_super_blue_chip_holder": false, "is_multi_sign_wallet": false, "das": null, "alias": null}, "receiver": {"address": "0x8177e9fa379b85e01b2b30140ddc446b9875106a", "ens": null, "is_whale": false, "blockchain": "ETH", "is_contract": true, "is_blue_chip_holder": false, "is_super_blue_chip_holder": false, "is_multi_sign_wallet": false, "das": null, "alias": null}, "event": "transfer", "quantity": 1, "tx_hash": "0x4e4c83d19f7870da078cd593cbd66410b15421443e728a262e283dd105554bcf", "time": 1711705547, "nft": {"contract_address": "0xc274a97f1691ef390f662067e95a6eff1f99b504", "token_id": "1910", "name": "TinFun #1910", "blockchain": "ETH", "image": "https://lh3.googleusercontent.com/46pb_Cb6QqP3xvjsS1f2byDisBogZnjsCgO0mR_bXopukgrKImY4w0uYDRvIMsyLxKl8-12hReUFGw6WON-wQ3Qc0indsxivAzo", "contract_type": "ERC721"}, "collection": {"collection_id": "65a13036c284b18008bd25b7", "name": "TinFun", "logo": "https://i.seadn.io/s/raw/files/a531bedf317b5ffe5a35d559b5c94cd9.jpg?w=500&auto=format", "slug": "tin-fun"}, "gas_fee": {"value": 0.047, "raw_value": 47000000000000000, "usd": 166.2887, "payment_token": {"address": "0x0000000000000000000000000000000000000000", "symbol": "ETH", "decimals": 18}}, "price": null, "marketplace_path": [], "fees": [], "trait_offer_target": null}, {"blockchain": "ETH", "sender": {"address": "0xce532f756265ffe89dbd88d051debb64f00154b3", "ens": null, "is_whale": false, "blockchain": "ETH", "is_contract": false, "is_blue_chip_holder": false, "is_super_blue_chip_holder": false, "is_multi_sign_wallet": false, "das": null, "alias": null}, "receiver": {"address": "0xa637e4ac42431976ebe112e13096a61350900f24", "ens": null, "is_whale": false, "blockchain": "ETH", "is_contract": false, "is_blue_chip_holder": false, "is_super_blue_chip_holder": false, "is_multi_sign_wallet": false, "das": null, "alias": null}, "event": "sale", "quantity": 1, "tx_hash": "0xe66cc5f70c2a4dbc41b1679d701750d4827949af00831fb51c0b8102eaa4d524", "time": 1709544707, "nft": {"contract_address": "0xc274a97f1691ef390f662067e95a6eff1f99b504", "token_id": "1910", "name": "TinFun #1910", "blockchain": "ETH", "image": "https://lh3.googleusercontent.com/46pb_Cb6QqP3xvjsS1f2byDisBogZnjsCgO0mR_bXopukgrKImY4w0uYDRvIMsyLxKl8-12hReUFGw6WON-wQ3Qc0indsxivAzo", "contract_type": "ERC721"}, "collection": {"collection_id": "65a13036c284b18008bd25b7", "name": "TinFun", "logo": "https://i.seadn.io/s/raw/files/a531bedf317b5ffe5a35d559b5c94cd9.jpg?w=500&auto=format", "slug": "tin-fun"}, "gas_fee": {"value": 0.0657, "raw_value": 65699999999999992, "usd": 232.2409, "payment_token": {"address": "0x0000000000000000000000000000000000000000", "symbol": "ETH", "decimals": 18}}, "price": {"value": 0.23, "raw_value": 230000000000000000, "usd": 813.1899034613236, "payment_token": {"address": "0x0000000000000000000000000000000000000000", "symbol": "ETH", "decimals": 18}}, "marketplace_path": ["blur-aggregator", "blur"], "fees": [{"fee_type": "royalty", "recipient": "0x6650dc11f439f14d4dfbea75233bd9b0099a0647", "bps": 500, "price": {"value": 0.0115, "raw_value": 11500000000000000, "usd": 39.953982, "payment_token": {"address": "0x0000000000000000000000000000000000000000", "symbol": "ETH", "decimals": 18}}}], "trait_offer_target": null}, {"blockchain": "ETH", "sender": {"address": "0x825af00b209c750c1385e3ed08c03d19f0b39f7d", "ens": null, "is_whale": false, "blockchain": "ETH", "is_contract": false, "is_blue_chip_holder": false, "is_super_blue_chip_holder": false, "is_multi_sign_wallet": false, "das": null, "alias": null}, "receiver": {"address": "0xce532f756265ffe89dbd88d051debb64f00154b3", "ens": null, "is_whale": false, "blockchain": "ETH", "is_contract": false, "is_blue_chip_holder": false, "is_super_blue_chip_holder": false, "is_multi_sign_wallet": false, "das": null, "alias": null}, "event": "sale", "quantity": 1, "tx_hash": "0x492b59341b9f2200b1e5d6de839dc3884b76668a69846c4cb9a68bfdb610edaf", "time": 1709541827, "nft": {"contract_address": "0xc274a97f1691ef390f662067e95a6eff1f99b504", "token_id": "1910", "name": "TinFun #1910", "blockchain": "ETH", "image": "https://lh3.googleusercontent.com/46pb_Cb6QqP3xvjsS1f2byDisBogZnjsCgO0mR_bXopukgrKImY4w0uYDRvIMsyLxKl8-12hReUFGw6WON-wQ3Qc0indsxivAzo", "contract_type": "ERC721"}, "collection": {"collection_id": "65a13036c284b18008bd25b7", "name": "TinFun", "logo": "https://i.seadn.io/s/raw/files/a531bedf317b5ffe5a35d559b5c94cd9.jpg?w=500&auto=format", "slug": "tin-fun"}, "gas_fee": {"value": 0.0162, "raw_value": 16200000000000000, "usd": 56.4502, "payment_token": {"address": "0x0000000000000000000000000000000000000000", "symbol": "ETH", "decimals": 18}}, "price": {"value": 0.206, "raw_value": 206000000000000000, "usd": 716.1352856168265, "payment_token": {"address": "0xc02aaa39b223fe8d0a0e5c4f27ead9083c756cc2", "symbol": "WETH", "decimals": 18}}, "marketplace_path": ["opensea"], "fees": [{"fee_type": "marketplace", "recipient": "0x0000a26b00c1f0df003000390027140000faa719", "bps": 250, "price": {"value": 0.00515, "raw_value": 5150000000000000, "usd": 17.858384, "payment_token": {"address": "0xc02aaa39b223fe8d0a0e5c4f27ead9083c756cc2", "symbol": "WETH", "decimals": 18}}}], "trait_offer_target": null}, {"blockchain": "ETH", "sender": {"address": "0xb172acb9bbde3c180aeb837782b52c83a0ca75b5", "ens": null, "is_whale": false, "blockchain": "ETH", "is_contract": false, "is_blue_chip_holder": false, "is_super_blue_chip_holder": false, "is_multi_sign_wallet": false, "das": null, "alias": null}, "receiver": {"address": "0x825af00b209c750c1385e3ed08c03d19f0b39f7d", "ens": null, "is_whale": false, "blockchain": "ETH", "is_contract": false, "is_blue_chip_holder": false, "is_super_blue_chip_holder": false, "is_multi_sign_wallet": false, "das": null, "alias": null}, "event": "sale", "quantity": 1, "tx_hash": "0xaa57e23237e94e30bc2092dc724f7d67444e94bf5e7f35670966c016ec3831f8", "time": 1707015407, "nft": {"contract_address": "0xc274a97f1691ef390f662067e95a6eff1f99b504", "token_id": "1910", "name": "TinFun #1910", "blockchain": "ETH", "image": "https://lh3.googleusercontent.com/46pb_Cb6QqP3xvjsS1f2byDisBogZnjsCgO0mR_bXopukgrKImY4w0uYDRvIMsyLxKl8-12hReUFGw6WON-wQ3Qc0indsxivAzo", "contract_type": "ERC721"}, "collection": {"collection_id": "65a13036c284b18008bd25b7", "name": "TinFun", "logo": "https://i.seadn.io/s/raw/files/a531bedf317b5ffe5a35d559b5c94cd9.jpg?w=500&auto=format", "slug": "tin-fun"}, "gas_fee": {"value": 0.002, "raw_value": 2000000000000000, "usd": 4.6455, "payment_token": {"address": "0x0000000000000000000000000000000000000000", "symbol": "ETH", "decimals": 18}}, "price": {"value": 0.56, "raw_value": 560000000000000000, "usd": 1290.6023505363103, "payment_token": {"address": "0x0000000000000000000000000000000000000000", "symbol": "ETH", "decimals": 18}}, "marketplace_path": ["opensea"], "fees": [{"fee_type": "marketplace", "recipient": "0x0000a26b00c1f0df003000390027140000faa719", "bps": 250, "price": {"value": 0.014, "raw_value": 14000000000000000, "usd": 32.145637, "payment_token": {"address": "0x0000000000000000000000000000000000000000", "symbol": "ETH", "decimals": 18}}}], "trait_offer_target": null}]