[{"blockchain": "ETH", "sender": {"address": "0x903db2514aa8cf01dc742d5a8e3a67e3f68de05a", "ens": "penguinmaster926.eth", "is_whale": false, "blockchain": "ETH", "is_contract": false, "is_blue_chip_holder": true, "is_super_blue_chip_holder": false, "is_multi_sign_wallet": false, "das": null, "alias": "penguinmaster926.eth"}, "receiver": {"address": "0x8177e9fa379b85e01b2b30140ddc446b9875106a", "ens": null, "is_whale": false, "blockchain": "ETH", "is_contract": true, "is_blue_chip_holder": false, "is_super_blue_chip_holder": false, "is_multi_sign_wallet": false, "das": null, "alias": null}, "event": "transfer", "quantity": 1, "tx_hash": "0xc3ebc28b3975fc2d9f3f7b0be1cd1ab3737b8166f56d23ff33aca8d709fd0962", "time": 1711766567, "nft": {"contract_address": "0xc274a97f1691ef390f662067e95a6eff1f99b504", "token_id": "8377", "name": "TinFun #8377", "blockchain": "ETH", "image": "https://lh3.googleusercontent.com/9hWCMFLZqzseTBZzjKwauZhdbeUKD08t-tS3RCq_riP73Ur21qalLxLBp8p9AeozOoyLC9WCWylG2HkILdDqMjECRdMMc3SKnw", "contract_type": "ERC721"}, "collection": {"collection_id": "65a13036c284b18008bd25b7", "name": "TinFun", "logo": "https://i.seadn.io/s/raw/files/a531bedf317b5ffe5a35d559b5c94cd9.jpg?w=500&auto=format", "slug": "tin-fun"}, "gas_fee": {"value": 0.0016, "raw_value": 1600000000000000, "usd": 5.784, "payment_token": {"address": "0x0000000000000000000000000000000000000000", "symbol": "ETH", "decimals": 18}}, "price": null, "marketplace_path": [], "fees": [], "trait_offer_target": null}, {"blockchain": "ETH", "sender": {"address": "0x98ec10ad6d59ad1bad41f976358b7b5e82e400a1", "ens": "peachyava.eth", "is_whale": false, "blockchain": "ETH", "is_contract": false, "is_blue_chip_holder": false, "is_super_blue_chip_holder": false, "is_multi_sign_wallet": false, "das": null, "alias": "peachyava.eth"}, "receiver": {"address": "0x903db2514aa8cf01dc742d5a8e3a67e3f68de05a", "ens": "penguinmaster926.eth", "is_whale": false, "blockchain": "ETH", "is_contract": false, "is_blue_chip_holder": true, "is_super_blue_chip_holder": false, "is_multi_sign_wallet": false, "das": null, "alias": "penguinmaster926.eth"}, "event": "sale", "quantity": 1, "tx_hash": "0x12b1415ee5b02ef06c69ecf26811f73d0a7392f6616153f547cceb5ac2eefac0", "time": 1711757663, "nft": {"contract_address": "0xc274a97f1691ef390f662067e95a6eff1f99b504", "token_id": "8377", "name": "TinFun #8377", "blockchain": "ETH", "image": "https://lh3.googleusercontent.com/9hWCMFLZqzseTBZzjKwauZhdbeUKD08t-tS3RCq_riP73Ur21qalLxLBp8p9AeozOoyLC9WCWylG2HkILdDqMjECRdMMc3SKnw", "contract_type": "ERC721"}, "collection": {"collection_id": "65a13036c284b18008bd25b7", "name": "TinFun", "logo": "https://i.seadn.io/s/raw/files/a531bedf317b5ffe5a35d559b5c94cd9.jpg?w=500&auto=format", "slug": "tin-fun"}, "gas_fee": {"value": 0.0033, "raw_value": 3300000000000000, "usd": 11.4299, "payment_token": {"address": "0x0000000000000000000000000000000000000000", "symbol": "ETH", "decimals": 18}}, "price": {"value": 0.2466, "raw_value": 246600000000000000, "usd": 865.8972137728381, "payment_token": {"address": "0x0000000000000000000000000000000000000000", "symbol": "ETH", "decimals": 18}}, "marketplace_path": ["opensea"], "fees": [], "trait_offer_target": null}]