[{"blockchain": "ETH", "sender": {"address": "0xc5ce6fea2d97622c00ce3fbf89ad4e90ca50cbed", "ens": "lazymannft.eth", "is_whale": false, "blockchain": "ETH", "is_contract": false, "is_blue_chip_holder": true, "is_super_blue_chip_holder": false, "is_multi_sign_wallet": false, "das": null, "alias": "lazymannft.eth"}, "receiver": {"address": "0xccd49f0775d75cee54a075cf7575d61d77be61ee", "ens": null, "is_whale": false, "blockchain": "ETH", "is_contract": false, "is_blue_chip_holder": false, "is_super_blue_chip_holder": false, "is_multi_sign_wallet": false, "das": null, "alias": null}, "event": "sale", "quantity": 1, "tx_hash": "0xb2773095f1732dd0b0e7dd4e07a1f80ca675f51ffbe1f14ab934f811da1c4ca6", "time": 1706546747, "nft": {"contract_address": "0xc274a97f1691ef390f662067e95a6eff1f99b504", "token_id": "5139", "name": "TinFun #5139", "blockchain": "ETH", "image": "https://lh3.googleusercontent.com/IDi2NtI0221HpfB1wwgSuKM8c47XfFxKftqrLixZVSOIsSMVoQlWtBpOXnr4n6EZNt2qzE0Kg7gyfm3vd8KOd7Ok8X0dM6uShHh3", "contract_type": "ERC721"}, "collection": {"collection_id": "65a13036c284b18008bd25b7", "name": "TinFun", "logo": "https://i.seadn.io/s/raw/files/a531bedf317b5ffe5a35d559b5c94cd9.jpg?w=500&auto=format", "slug": "tin-fun"}, "gas_fee": {"value": 0.0047, "raw_value": 4700000000000000, "usd": 10.6103, "payment_token": {"address": "0x0000000000000000000000000000000000000000", "symbol": "ETH", "decimals": 18}}, "price": {"value": 0.573, "raw_value": 573000000000000000, "usd": 1303.5965683146628, "payment_token": {"address": "0x0000000000000000000000000000000000000000", "symbol": "ETH", "decimals": 18}}, "marketplace_path": ["blur-aggregator", "blur"], "fees": [{"fee_type": "royalty", "recipient": "0x6650dc11f439f14d4dfbea75233bd9b0099a0647", "bps": 50, "price": {"value": 0.002865, "raw_value": 2865000000000000, "usd": 6.428752, "payment_token": {"address": "0x0000000000000000000000000000000000000000", "symbol": "ETH", "decimals": 18}}}], "trait_offer_target": null}, {"blockchain": "ETH", "sender": {"address": "0x9c731c50fb63ee893121245b58816e212f64df6e", "ens": null, "is_whale": false, "blockchain": "ETH", "is_contract": false, "is_blue_chip_holder": false, "is_super_blue_chip_holder": false, "is_multi_sign_wallet": false, "das": null, "alias": null}, "receiver": {"address": "0xc5ce6fea2d97622c00ce3fbf89ad4e90ca50cbed", "ens": "lazymannft.eth", "is_whale": false, "blockchain": "ETH", "is_contract": false, "is_blue_chip_holder": true, "is_super_blue_chip_holder": false, "is_multi_sign_wallet": false, "das": null, "alias": "lazymannft.eth"}, "event": "sale", "quantity": 1, "tx_hash": "0x8a0d13e6ad76446846d3fb89f3d6bd5721a23a83552ffc60c68a1960619ce71a", "time": 1706541059, "nft": {"contract_address": "0xc274a97f1691ef390f662067e95a6eff1f99b504", "token_id": "5139", "name": "TinFun #5139", "blockchain": "ETH", "image": "https://lh3.googleusercontent.com/IDi2NtI0221HpfB1wwgSuKM8c47XfFxKftqrLixZVSOIsSMVoQlWtBpOXnr4n6EZNt2qzE0Kg7gyfm3vd8KOd7Ok8X0dM6uShHh3", "contract_type": "ERC721"}, "collection": {"collection_id": "65a13036c284b18008bd25b7", "name": "TinFun", "logo": "https://i.seadn.io/s/raw/files/a531bedf317b5ffe5a35d559b5c94cd9.jpg?w=500&auto=format", "slug": "tin-fun"}, "gas_fee": {"value": 0.0134, "raw_value": 13400000000000000, "usd": 30.1197, "payment_token": {"address": "0x0000000000000000000000000000000000000000", "symbol": "ETH", "decimals": 18}}, "price": {"value": 0.55, "raw_value": 550000000000000000, "usd": 1234.0678858232732, "payment_token": {"address": "0x0000000000000000000000000000000000000000", "symbol": "ETH", "decimals": 18}}, "marketplace_path": ["blur"], "fees": [{"fee_type": "royalty", "recipient": "0x6650dc11f439f14d4dfbea75233bd9b0099a0647", "bps": 50, "price": {"value": 0.00275, "raw_value": 2750000000000000, "usd": 6.205438, "payment_token": {"address": "0x0000000000a39bb272e79075ade125fd351887ac", "symbol": "BETH", "decimals": 18}}}], "trait_offer_target": null}, {"blockchain": "ETH", "sender": {"address": "0xde02fffb824720e25674a604baf2277f21c66a0f", "ens": "\u9a86\u9a7ckyc.eth", "is_whale": false, "blockchain": "ETH", "is_contract": false, "is_blue_chip_holder": true, "is_super_blue_chip_holder": false, "is_multi_sign_wallet": false, "das": null, "alias": "\u9a86\u9a7ckyc.eth"}, "receiver": {"address": "0x9c731c50fb63ee893121245b58816e212f64df6e", "ens": null, "is_whale": false, "blockchain": "ETH", "is_contract": false, "is_blue_chip_holder": false, "is_super_blue_chip_holder": false, "is_multi_sign_wallet": false, "das": null, "alias": null}, "event": "sale", "quantity": 1, "tx_hash": "0xd978dee04ddd25f6e46204214ec4c531be59aa58f0334acee6a05d6e6dfd7c94", "time": 1706536775, "nft": {"contract_address": "0xc274a97f1691ef390f662067e95a6eff1f99b504", "token_id": "5139", "name": "TinFun #5139", "blockchain": "ETH", "image": "https://lh3.googleusercontent.com/IDi2NtI0221HpfB1wwgSuKM8c47XfFxKftqrLixZVSOIsSMVoQlWtBpOXnr4n6EZNt2qzE0Kg7gyfm3vd8KOd7Ok8X0dM6uShHh3", "contract_type": "ERC721"}, "collection": {"collection_id": "65a13036c284b18008bd25b7", "name": "TinFun", "logo": "https://i.seadn.io/s/raw/files/a531bedf317b5ffe5a35d559b5c94cd9.jpg?w=500&auto=format", "slug": "tin-fun"}, "gas_fee": {"value": 0.0264, "raw_value": 26400000000000000, "usd": 59.6838, "payment_token": {"address": "0x0000000000000000000000000000000000000000", "symbol": "ETH", "decimals": 18}}, "price": {"value": 0.56, "raw_value": 560000000000000000, "usd": 1263.6528370528285, "payment_token": {"address": "0x0000000000000000000000000000000000000000", "symbol": "ETH", "decimals": 18}}, "marketplace_path": ["blur"], "fees": [{"fee_type": "royalty", "recipient": "0x6650dc11f439f14d4dfbea75233bd9b0099a0647", "bps": 50, "price": {"value": 0.0028, "raw_value": 2800000000000000, "usd": 6.370089, "payment_token": {"address": "0x0000000000a39bb272e79075ade125fd351887ac", "symbol": "BETH", "decimals": 18}}}], "trait_offer_target": null}, {"blockchain": "ETH", "sender": {"address": "0x5d4175619fe6c867994d00a110c7cdac915437cf", "ens": "tracyjoecamellia.eth", "is_whale": false, "blockchain": "ETH", "is_contract": false, "is_blue_chip_holder": true, "is_super_blue_chip_holder": false, "is_multi_sign_wallet": false, "das": null, "alias": "tracyjoecamellia.eth"}, "receiver": {"address": "0xde02fffb824720e25674a604baf2277f21c66a0f", "ens": "\u9a86\u9a7ckyc.eth", "is_whale": false, "blockchain": "ETH", "is_contract": false, "is_blue_chip_holder": true, "is_super_blue_chip_holder": false, "is_multi_sign_wallet": false, "das": null, "alias": "\u9a86\u9a7ckyc.eth"}, "event": "sale", "quantity": 1, "tx_hash": "0x3c71483c3c350ef7875404ac980569d6999538eef86383d9dcdda57821acdede", "time": 1706501531, "nft": {"contract_address": "0xc274a97f1691ef390f662067e95a6eff1f99b504", "token_id": "5139", "name": "TinFun #5139", "blockchain": "ETH", "image": "https://lh3.googleusercontent.com/IDi2NtI0221HpfB1wwgSuKM8c47XfFxKftqrLixZVSOIsSMVoQlWtBpOXnr4n6EZNt2qzE0Kg7gyfm3vd8KOd7Ok8X0dM6uShHh3", "contract_type": "ERC721"}, "collection": {"collection_id": "65a13036c284b18008bd25b7", "name": "TinFun", "logo": "https://i.seadn.io/s/raw/files/a531bedf317b5ffe5a35d559b5c94cd9.jpg?w=500&auto=format", "slug": "tin-fun"}, "gas_fee": {"value": 0.0028, "raw_value": 2800000000000000, "usd": 6.32, "payment_token": {"address": "0x0000000000000000000000000000000000000000", "symbol": "ETH", "decimals": 18}}, "price": {"value": 0.55, "raw_value": 550000000000000000, "usd": 1249.2346588340629, "payment_token": {"address": "0x0000000000000000000000000000000000000000", "symbol": "ETH", "decimals": 18}}, "marketplace_path": ["blur"], "fees": [{"fee_type": "royalty", "recipient": "0x6650dc11f439f14d4dfbea75233bd9b0099a0647", "bps": 50, "price": {"value": 0.00275, "raw_value": 2750000000000000, "usd": 6.228129, "payment_token": {"address": "0x0000000000a39bb272e79075ade125fd351887ac", "symbol": "BETH", "decimals": 18}}}], "trait_offer_target": null}, {"blockchain": "ETH", "sender": {"address": "0x3eb879cc9a0ef4c6f1d870a40ae187768c278da2", "ens": "floorprotocol.eth", "is_whale": false, "blockchain": "ETH", "is_contract": true, "is_blue_chip_holder": true, "is_super_blue_chip_holder": true, "is_multi_sign_wallet": false, "das": null, "alias": "floorprotocol.eth"}, "receiver": {"address": "0x5d4175619fe6c867994d00a110c7cdac915437cf", "ens": "tracyjoecamellia.eth", "is_whale": false, "blockchain": "ETH", "is_contract": false, "is_blue_chip_holder": true, "is_super_blue_chip_holder": true, "is_multi_sign_wallet": false, "das": null, "alias": "tracyjoecamellia.eth"}, "event": "sale", "quantity": 1, "tx_hash": "0x0981c13a9b94780669b25cf2188e899850afc1ac6b412dde65b5dea314480c03", "time": 1706324771, "nft": {"contract_address": "0xc274a97f1691ef390f662067e95a6eff1f99b504", "token_id": "5139", "name": "TinFun #5139", "blockchain": "ETH", "image": "https://lh3.googleusercontent.com/IDi2NtI0221HpfB1wwgSuKM8c47XfFxKftqrLixZVSOIsSMVoQlWtBpOXnr4n6EZNt2qzE0Kg7gyfm3vd8KOd7Ok8X0dM6uShHh3", "contract_type": "ERC721"}, "collection": {"collection_id": "65a13036c284b18008bd25b7", "name": "TinFun", "logo": "https://i.seadn.io/s/raw/files/a531bedf317b5ffe5a35d559b5c94cd9.jpg?w=500&auto=format", "slug": "tin-fun"}, "gas_fee": {"value": 0.0049, "raw_value": 4900000000000000, "usd": 11.0718, "payment_token": {"address": "0x0000000000000000000000000000000000000000", "symbol": "ETH", "decimals": 18}}, "price": {"value": 0.587591918501264, "raw_value": 587591918501263995, "usd": 1335.8678006493108, "payment_token": {"address": "0xc02aaa39b223fe8d0a0e5c4f27ead9083c756cc2", "symbol": "WETH", "decimals": 18}}, "marketplace_path": ["floor"], "fees": [], "trait_offer_target": null}, {"blockchain": "ETH", "sender": {"address": "0xa30e1c189cf7b80cbd3faa87fb665eb20f732b7e", "ens": null, "is_whale": false, "blockchain": "ETH", "is_contract": false, "is_blue_chip_holder": false, "is_super_blue_chip_holder": false, "is_multi_sign_wallet": false, "das": null, "alias": null}, "receiver": {"address": "0x3eb879cc9a0ef4c6f1d870a40ae187768c278da2", "ens": "floorprotocol.eth", "is_whale": false, "blockchain": "ETH", "is_contract": true, "is_blue_chip_holder": true, "is_super_blue_chip_holder": false, "is_multi_sign_wallet": false, "das": null, "alias": "floorprotocol.eth"}, "event": "transfer", "quantity": 1, "tx_hash": "0xe4ffd73949f610c382bafdf806d0f63f3c6c7f907507a701726160ca4284a87b", "time": 1705550183, "nft": {"contract_address": "0xc274a97f1691ef390f662067e95a6eff1f99b504", "token_id": "5139", "name": "TinFun #5139", "blockchain": "ETH", "image": "https://lh3.googleusercontent.com/IDi2NtI0221HpfB1wwgSuKM8c47XfFxKftqrLixZVSOIsSMVoQlWtBpOXnr4n6EZNt2qzE0Kg7gyfm3vd8KOd7Ok8X0dM6uShHh3", "contract_type": "ERC721"}, "collection": {"collection_id": "65a13036c284b18008bd25b7", "name": "TinFun", "logo": "https://i.seadn.io/s/raw/files/a531bedf317b5ffe5a35d559b5c94cd9.jpg?w=500&auto=format", "slug": "tin-fun"}, "gas_fee": {"value": 0.0392, "raw_value": 39200000000000000, "usd": 99.1367, "payment_token": {"address": "0x0000000000000000000000000000000000000000", "symbol": "ETH", "decimals": 18}}, "price": null, "marketplace_path": ["floor"], "fees": [], "trait_offer_target": null}, {"blockchain": "ETH", "sender": {"address": "0xbb9c50adc6260b2b5c1acdc1be6d36d59ae48d0f", "ens": null, "is_whale": false, "blockchain": "ETH", "is_contract": false, "is_blue_chip_holder": false, "is_super_blue_chip_holder": false, "is_multi_sign_wallet": false, "das": null, "alias": null}, "receiver": {"address": "0xa30e1c189cf7b80cbd3faa87fb665eb20f732b7e", "ens": null, "is_whale": false, "blockchain": "ETH", "is_contract": false, "is_blue_chip_holder": false, "is_super_blue_chip_holder": false, "is_multi_sign_wallet": false, "das": null, "alias": null}, "event": "sale", "quantity": 1, "tx_hash": "0xb1a4b343b95d8ca6bd4bca90c65d8e8705ef080450c4d0e204e89e7614d4d106", "time": 1705550087, "nft": {"contract_address": "0xc274a97f1691ef390f662067e95a6eff1f99b504", "token_id": "5139", "name": "TinFun #5139", "blockchain": "ETH", "image": "https://lh3.googleusercontent.com/IDi2NtI0221HpfB1wwgSuKM8c47XfFxKftqrLixZVSOIsSMVoQlWtBpOXnr4n6EZNt2qzE0Kg7gyfm3vd8KOd7Ok8X0dM6uShHh3", "contract_type": "ERC721"}, "collection": {"collection_id": "65a13036c284b18008bd25b7", "name": "TinFun", "logo": "https://i.seadn.io/s/raw/files/a531bedf317b5ffe5a35d559b5c94cd9.jpg?w=500&auto=format", "slug": "tin-fun"}, "gas_fee": {"value": 0.0766, "raw_value": 76600000000000000, "usd": 193.4328, "payment_token": {"address": "0x0000000000000000000000000000000000000000", "symbol": "ETH", "decimals": 18}}, "price": {"value": 0.743899, "raw_value": 743899000000000000, "usd": 1879.6542431354844, "payment_token": {"address": "0x0000000000000000000000000000000000000000", "symbol": "ETH", "decimals": 18}}, "marketplace_path": ["blur-aggregator", "opensea"], "fees": [{"fee_type": "marketplace", "recipient": "0x0000a26b00c1f0df003000390027140000faa719", "bps": 250, "price": {"value": 0.018597, "raw_value": 18597475000000000, "usd": 47.017599, "payment_token": {"address": "0x0000000000000000000000000000000000000000", "symbol": "ETH", "decimals": 18}}}, {"fee_type": "royalty", "recipient": "0x6650dc11f439f14d4dfbea75233bd9b0099a0647", "bps": 2, "price": {"value": 0.000149, "raw_value": 148779800000000, "usd": 0.376141, "payment_token": {"address": "0x0000000000000000000000000000000000000000", "symbol": "ETH", "decimals": 18}}}], "trait_offer_target": null}]