[{"blockchain": "ETH", "sender": {"address": "0x927521baeba66f707a77b91910a84ff5ccf3447a", "ens": "xxxrh.eth", "is_whale": false, "blockchain": "ETH", "is_contract": false, "is_blue_chip_holder": false, "is_super_blue_chip_holder": false, "is_multi_sign_wallet": false, "das": null, "alias": "xxxrh.eth"}, "receiver": {"address": "0xfe5e7d59387cfbfa27f344430533db717810ce04", "ens": "tjf006.eth", "is_whale": false, "blockchain": "ETH", "is_contract": false, "is_blue_chip_holder": false, "is_super_blue_chip_holder": false, "is_multi_sign_wallet": false, "das": null, "alias": "tjf006.eth"}, "event": "sale", "quantity": 1, "tx_hash": "0x09447188d8e5c4061faa85a9354e062353928dc020f6b201f0449e703ac61439", "time": 1705080431, "nft": {"contract_address": "0xc274a97f1691ef390f662067e95a6eff1f99b504", "token_id": "594", "name": "TinFun #594", "blockchain": "ETH", "image": "https://lh3.googleusercontent.com/P21TTezUSJCnaaKpKPt8Ec_aIbFr0HTKFr2hSA4T9UB8rs1RbxwOjH35YJB1VucVpok4ISsQK8fAxXEsyyNnskY9rCHrBl_gGpt3", "contract_type": "ERC721"}, "collection": {"collection_id": "65a13036c284b18008bd25b7", "name": "TinFun", "logo": "https://i.seadn.io/s/raw/files/a531bedf317b5ffe5a35d559b5c94cd9.jpg?w=500&auto=format", "slug": "tin-fun"}, "gas_fee": {"value": 0.0117, "raw_value": 11700000000000000, "usd": 30.6252, "payment_token": {"address": "0x0000000000000000000000000000000000000000", "symbol": "ETH", "decimals": 18}}, "price": {"value": 0.765, "raw_value": 765000000000000000, "usd": 2002.3782402259847, "payment_token": {"address": "0x0000000000000000000000000000000000000000", "symbol": "ETH", "decimals": 18}}, "marketplace_path": ["blur"], "fees": [{"fee_type": "royalty", "recipient": "0x6650dc11f439f14d4dfbea75233bd9b0099a0647", "bps": 50, "price": {"value": 0.003825, "raw_value": 3825000000000000, "usd": 10.353272, "payment_token": {"address": "0x0000000000000000000000000000000000000000", "symbol": "ETH", "decimals": 18}}}], "trait_offer_target": null}]