[{"blockchain": "ETH", "sender": {"address": "0x6a7bcbae98d2e410240045b6e6f2280e9d152365", "ens": "justkeys.eth", "is_whale": false, "blockchain": "ETH", "is_contract": false, "is_blue_chip_holder": false, "is_super_blue_chip_holder": false, "is_multi_sign_wallet": false, "das": null, "alias": "justkeys.eth"}, "receiver": {"address": "0x8177e9fa379b85e01b2b30140ddc446b9875106a", "ens": null, "is_whale": false, "blockchain": "ETH", "is_contract": true, "is_blue_chip_holder": false, "is_super_blue_chip_holder": false, "is_multi_sign_wallet": false, "das": null, "alias": null}, "event": "transfer", "quantity": 1, "tx_hash": "0xeb097dc859790ac883a323375f6c461d5caf70182684045a627e75e95cd873d5", "time": 1711735487, "nft": {"contract_address": "0xc274a97f1691ef390f662067e95a6eff1f99b504", "token_id": "2023", "name": "TinFun #2023", "blockchain": "ETH", "image": "https://lh3.googleusercontent.com/3jD9h9Qs9rEu7A7Vt8Kx_RgUl3lfX3ynqp1MOxgZJ-YSoyPYcNfYRLWL8-XKAsEcYOd3ki5pasAP0I6aTMobnf5l0ySvJw9PQA", "contract_type": "ERC721"}, "collection": {"collection_id": "65a13036c284b18008bd25b7", "name": "TinFun", "logo": "https://i.seadn.io/s/raw/files/a531bedf317b5ffe5a35d559b5c94cd9.jpg?w=500&auto=format", "slug": "tin-fun"}, "gas_fee": {"value": 0.0035, "raw_value": 3500000000000000, "usd": 12.1777, "payment_token": {"address": "0x0000000000000000000000000000000000000000", "symbol": "ETH", "decimals": 18}}, "price": null, "marketplace_path": [], "fees": [], "trait_offer_target": null}]