[{"blockchain": "ETH", "sender": {"address": "0x7cae1d6ed30c21a7cdb5d7281681d59966579c58", "ens": null, "is_whale": false, "blockchain": "ETH", "is_contract": false, "is_blue_chip_holder": false, "is_super_blue_chip_holder": false, "is_multi_sign_wallet": false, "das": null, "alias": null}, "receiver": {"address": "0x99cf89f4f4e773f9b53b9ce2a29b59b358163667", "ens": null, "is_whale": false, "blockchain": "ETH", "is_contract": false, "is_blue_chip_holder": false, "is_super_blue_chip_holder": false, "is_multi_sign_wallet": false, "das": null, "alias": null}, "event": "sale", "quantity": 1, "tx_hash": "0xac8d1a0badefe739a419d1c425c5d9ab5d4fbe03e5cf4337dda0ffb4005770db", "time": 1705509467, "nft": {"contract_address": "0xc274a97f1691ef390f662067e95a6eff1f99b504", "token_id": "2828", "name": "TinFun #2828", "blockchain": "ETH", "image": "https://lh3.googleusercontent.com/a9HuAgrJ6m_kTZWjsQxSiTHUA6JTnTV71oQInpX_yqqWPSfWdqhwxclSCRXX35RTIvb5oYl7cTAzeu1La-AxlVX2cQ3Q-Rm6PPg", "contract_type": "ERC721"}, "collection": {"collection_id": "65a13036c284b18008bd25b7", "name": "TinFun", "logo": "https://i.seadn.io/s/raw/files/a531bedf317b5ffe5a35d559b5c94cd9.jpg?w=500&auto=format", "slug": "tin-fun"}, "gas_fee": {"value": 0.0356, "raw_value": 35600000000000000, "usd": 90.4552, "payment_token": {"address": "0x0000000000000000000000000000000000000000", "symbol": "ETH", "decimals": 18}}, "price": {"value": 0.73, "raw_value": 730000000000000000, "usd": 1853.1058156280105, "payment_token": {"address": "0x0000000000000000000000000000000000000000", "symbol": "ETH", "decimals": 18}}, "marketplace_path": ["blur"], "fees": [{"fee_type": "royalty", "recipient": "0x6650dc11f439f14d4dfbea75233bd9b0099a0647", "bps": 50, "price": {"value": 0.00365, "raw_value": 3650000000000000, "usd": 9.278449, "payment_token": {"address": "0x0000000000a39bb272e79075ade125fd351887ac", "symbol": "BETH", "decimals": 18}}}], "trait_offer_target": null}, {"blockchain": "ETH", "sender": {"address": "0xb2eb0fb293e4f4e58e8786e6527e28ba4f754682", "ens": "ivan453.eth", "is_whale": false, "blockchain": "ETH", "is_contract": false, "is_blue_chip_holder": false, "is_super_blue_chip_holder": false, "is_multi_sign_wallet": false, "das": null, "alias": "ivan453.eth"}, "receiver": {"address": "0x7cae1d6ed30c21a7cdb5d7281681d59966579c58", "ens": null, "is_whale": false, "blockchain": "ETH", "is_contract": false, "is_blue_chip_holder": false, "is_super_blue_chip_holder": false, "is_multi_sign_wallet": false, "das": null, "alias": null}, "event": "transfer", "quantity": 1, "tx_hash": "0x04af52921eff351dab86c7b7c1ff92f67cacb53fb827f67a0f7c6a2e2eb1bb8d", "time": 1705066019, "nft": {"contract_address": "0xc274a97f1691ef390f662067e95a6eff1f99b504", "token_id": "2828", "name": "TinFun #2828", "blockchain": "ETH", "image": "https://lh3.googleusercontent.com/a9HuAgrJ6m_kTZWjsQxSiTHUA6JTnTV71oQInpX_yqqWPSfWdqhwxclSCRXX35RTIvb5oYl7cTAzeu1La-AxlVX2cQ3Q-Rm6PPg", "contract_type": "ERC721"}, "collection": {"collection_id": "65a13036c284b18008bd25b7", "name": "TinFun", "logo": "https://i.seadn.io/s/raw/files/a531bedf317b5ffe5a35d559b5c94cd9.jpg?w=500&auto=format", "slug": "tin-fun"}, "gas_fee": {"value": 0.0015, "raw_value": 1500000000000000, "usd": 4.0724, "payment_token": {"address": "0x0000000000000000000000000000000000000000", "symbol": "ETH", "decimals": 18}}, "price": null, "marketplace_path": [], "fees": [], "trait_offer_target": null}]