[{"blockchain": "ETH", "sender": {"address": "0x76de337d40243c12593a94118e5bb8aa97094b9b", "ens": null, "is_whale": false, "blockchain": "ETH", "is_contract": false, "is_blue_chip_holder": false, "is_super_blue_chip_holder": false, "is_multi_sign_wallet": false, "das": null, "alias": null}, "receiver": {"address": "0x8177e9fa379b85e01b2b30140ddc446b9875106a", "ens": null, "is_whale": false, "blockchain": "ETH", "is_contract": true, "is_blue_chip_holder": false, "is_super_blue_chip_holder": false, "is_multi_sign_wallet": false, "das": null, "alias": null}, "event": "transfer", "quantity": 1, "tx_hash": "0x3fdf188af7cb6370fa750c13fd6200c5734a1757e784b2fdc45fecd65cb171ea", "time": 1712975819, "nft": {"contract_address": "0xc274a97f1691ef390f662067e95a6eff1f99b504", "token_id": "2613", "name": "TinFun #2613", "blockchain": "ETH", "image": "https://lh3.googleusercontent.com/5DNGKHEIcWSrtHFhWSiEYyXgRi7Ql-FtXCc1hQgQOYJkD0f6PMUcxjyn-kUy5PEUWGJ-W3MAzGcX10A79s0fqRECtx-EIb82DOzq", "contract_type": "ERC721"}, "collection": {"collection_id": "65a13036c284b18008bd25b7", "name": "TinFun", "logo": "https://i.seadn.io/s/raw/files/a531bedf317b5ffe5a35d559b5c94cd9.jpg?w=500&auto=format", "slug": "tin-fun"}, "gas_fee": {"value": 0.0011, "raw_value": 1100000000000000, "usd": 3.3922, "payment_token": {"address": "0x0000000000000000000000000000000000000000", "symbol": "ETH", "decimals": 18}}, "price": null, "marketplace_path": [], "fees": [], "trait_offer_target": null}, {"blockchain": "ETH", "sender": {"address": "0xcc64a7aa38cbf1fbd677878ae0dea0e6e3287b7b", "ens": "robinsama.eth", "is_whale": false, "blockchain": "ETH", "is_contract": false, "is_blue_chip_holder": false, "is_super_blue_chip_holder": false, "is_multi_sign_wallet": false, "das": null, "alias": "robinsama.eth"}, "receiver": {"address": "0x76de337d40243c12593a94118e5bb8aa97094b9b", "ens": null, "is_whale": false, "blockchain": "ETH", "is_contract": false, "is_blue_chip_holder": false, "is_super_blue_chip_holder": false, "is_multi_sign_wallet": false, "das": null, "alias": null}, "event": "transfer", "quantity": 1, "tx_hash": "0x09fe001ec3eabf6d0b0198ba239e9864019244d0b95e6403d306ea57b20b82b5", "time": 1711639187, "nft": {"contract_address": "0xc274a97f1691ef390f662067e95a6eff1f99b504", "token_id": "2613", "name": "TinFun #2613", "blockchain": "ETH", "image": "https://lh3.googleusercontent.com/5DNGKHEIcWSrtHFhWSiEYyXgRi7Ql-FtXCc1hQgQOYJkD0f6PMUcxjyn-kUy5PEUWGJ-W3MAzGcX10A79s0fqRECtx-EIb82DOzq", "contract_type": "ERC721"}, "collection": {"collection_id": "65a13036c284b18008bd25b7", "name": "TinFun", "logo": "https://i.seadn.io/s/raw/files/a531bedf317b5ffe5a35d559b5c94cd9.jpg?w=500&auto=format", "slug": "tin-fun"}, "gas_fee": {"value": 0.0034, "raw_value": 3400000000000000, "usd": 12.3551, "payment_token": {"address": "0x0000000000000000000000000000000000000000", "symbol": "ETH", "decimals": 18}}, "price": null, "marketplace_path": [], "fees": [], "trait_offer_target": null}, {"blockchain": "ETH", "sender": {"address": "0xd91dc7c83bd01b91cb25019dfc4e35bc6faab814", "ens": "valent1ne.eth", "is_whale": false, "blockchain": "ETH", "is_contract": false, "is_blue_chip_holder": false, "is_super_blue_chip_holder": false, "is_multi_sign_wallet": false, "das": null, "alias": "valent1ne.eth"}, "receiver": {"address": "0xcc64a7aa38cbf1fbd677878ae0dea0e6e3287b7b", "ens": "robinsama.eth", "is_whale": false, "blockchain": "ETH", "is_contract": false, "is_blue_chip_holder": false, "is_super_blue_chip_holder": false, "is_multi_sign_wallet": false, "das": null, "alias": "robinsama.eth"}, "event": "transfer", "quantity": 1, "tx_hash": "0xff081521064046c78701fe53a8b6c09278df2b1f24a3481d1bb7c365ca3f61b1", "time": 1709895311, "nft": {"contract_address": "0xc274a97f1691ef390f662067e95a6eff1f99b504", "token_id": "2613", "name": "TinFun #2613", "blockchain": "ETH", "image": "https://lh3.googleusercontent.com/5DNGKHEIcWSrtHFhWSiEYyXgRi7Ql-FtXCc1hQgQOYJkD0f6PMUcxjyn-kUy5PEUWGJ-W3MAzGcX10A79s0fqRECtx-EIb82DOzq", "contract_type": "ERC721"}, "collection": {"collection_id": "65a13036c284b18008bd25b7", "name": "TinFun", "logo": "https://i.seadn.io/s/raw/files/a531bedf317b5ffe5a35d559b5c94cd9.jpg?w=500&auto=format", "slug": "tin-fun"}, "gas_fee": {"value": 0.0033, "raw_value": 3300000000000000, "usd": 12.8991, "payment_token": {"address": "0x0000000000000000000000000000000000000000", "symbol": "ETH", "decimals": 18}}, "price": null, "marketplace_path": [], "fees": [], "trait_offer_target": null}, {"blockchain": "ETH", "sender": {"address": "0x1a03a7567041828dce6a0ea7601aee8b74e40d04", "ens": null, "is_whale": false, "blockchain": "ETH", "is_contract": false, "is_blue_chip_holder": false, "is_super_blue_chip_holder": false, "is_multi_sign_wallet": false, "das": null, "alias": null}, "receiver": {"address": "0xd91dc7c83bd01b91cb25019dfc4e35bc6faab814", "ens": "valent1ne.eth", "is_whale": false, "blockchain": "ETH", "is_contract": false, "is_blue_chip_holder": false, "is_super_blue_chip_holder": false, "is_multi_sign_wallet": false, "das": null, "alias": "valent1ne.eth"}, "event": "sale", "quantity": 1, "tx_hash": "0x5cda15dc80f069ad8c336f309ca8707dfc601f53a6e8f40b6e4afbf85858d5aa", "time": 1707065363, "nft": {"contract_address": "0xc274a97f1691ef390f662067e95a6eff1f99b504", "token_id": "2613", "name": "TinFun #2613", "blockchain": "ETH", "image": "https://lh3.googleusercontent.com/5DNGKHEIcWSrtHFhWSiEYyXgRi7Ql-FtXCc1hQgQOYJkD0f6PMUcxjyn-kUy5PEUWGJ-W3MAzGcX10A79s0fqRECtx-EIb82DOzq", "contract_type": "ERC721"}, "collection": {"collection_id": "65a13036c284b18008bd25b7", "name": "TinFun", "logo": "https://i.seadn.io/s/raw/files/a531bedf317b5ffe5a35d559b5c94cd9.jpg?w=500&auto=format", "slug": "tin-fun"}, "gas_fee": {"value": 0.0105, "raw_value": 10500000000000000, "usd": 24.0846, "payment_token": {"address": "0x0000000000000000000000000000000000000000", "symbol": "ETH", "decimals": 18}}, "price": {"value": 0.6019, "raw_value": 601900000000000000, "usd": 1385.213423246773, "payment_token": {"address": "0x0000000000000000000000000000000000000000", "symbol": "ETH", "decimals": 18}}, "marketplace_path": ["blur-aggregator", "blur"], "fees": [{"fee_type": "royalty", "recipient": "0x6650dc11f439f14d4dfbea75233bd9b0099a0647", "bps": 50, "price": {"value": 0.00301, "raw_value": 3009500000000000, "usd": 6.932707, "payment_token": {"address": "0x0000000000000000000000000000000000000000", "symbol": "ETH", "decimals": 18}}}], "trait_offer_target": null}]