[{"blockchain": "ETH", "sender": {"address": "0x29b9d8b112f97b637c134579b9d10a4f4fcac7ec", "ens": null, "is_whale": false, "blockchain": "ETH", "is_contract": false, "is_blue_chip_holder": false, "is_super_blue_chip_holder": false, "is_multi_sign_wallet": false, "das": null, "alias": null}, "receiver": {"address": "0x65c40bebbe0976eb13963667c80136271519e63a", "ens": null, "is_whale": false, "blockchain": "ETH", "is_contract": false, "is_blue_chip_holder": false, "is_super_blue_chip_holder": false, "is_multi_sign_wallet": false, "das": null, "alias": null}, "event": "transfer", "quantity": 1, "tx_hash": "0x3d35317a4621354d7f6d69c846ff2d30d53aed3f96d5d211f7afb2e4655cb7b5", "time": 1708668407, "nft": {"contract_address": "0xc274a97f1691ef390f662067e95a6eff1f99b504", "token_id": "2259", "name": "TinFun #2259", "blockchain": "ETH", "image": "https://lh3.googleusercontent.com/swvwUsU9q54fSzzZyMzmCpJWUBKbO2TDCAxM4hApCW4l_hDDRzzjQAZmblvHLXCs246y61MiBMw0iJ6wPBQl54xnfrqndLtBo2k", "contract_type": "ERC721"}, "collection": {"collection_id": "65a13036c284b18008bd25b7", "name": "TinFun", "logo": "https://i.seadn.io/s/raw/files/a531bedf317b5ffe5a35d559b5c94cd9.jpg?w=500&auto=format", "slug": "tin-fun"}, "gas_fee": {"value": 0.0084, "raw_value": 8399999999999999, "usd": 24.7239, "payment_token": {"address": "0x0000000000000000000000000000000000000000", "symbol": "ETH", "decimals": 18}}, "price": null, "marketplace_path": [], "fees": [], "trait_offer_target": null}]