[{"blockchain": "ETH", "sender": {"address": "0xba3269e784c087c2c427c62499b5badca6775dcd", "ens": "washedkev.eth", "is_whale": false, "blockchain": "ETH", "is_contract": false, "is_blue_chip_holder": false, "is_super_blue_chip_holder": false, "is_multi_sign_wallet": false, "das": null, "alias": "washedkev.eth"}, "receiver": {"address": "0x0dde14a90aa50249dc9f4afa84a3be4321451341", "ens": null, "is_whale": false, "blockchain": "ETH", "is_contract": false, "is_blue_chip_holder": false, "is_super_blue_chip_holder": false, "is_multi_sign_wallet": false, "das": null, "alias": null}, "event": "sale", "quantity": 1, "tx_hash": "0xc272818e74130058e057134dd1da9651ec1ea7f69bbd6b9eda1ffd3390f876e2", "time": 1709074415, "nft": {"contract_address": "0xc274a97f1691ef390f662067e95a6eff1f99b504", "token_id": "4374", "name": "TinFun #4374", "blockchain": "ETH", "image": "https://lh3.googleusercontent.com/pocLFzs3Cx-W4Opm7M1s-OBQ5PQCMf78GAVkoP-3SYu9G5-IxznKl7YMy24RkMZXTnnffMNwkBMU7-z5SJTqd2VRtBwm8Onn_WLN", "contract_type": "ERC721"}, "collection": {"collection_id": "65a13036c284b18008bd25b7", "name": "TinFun", "logo": "https://i.seadn.io/s/raw/files/a531bedf317b5ffe5a35d559b5c94cd9.jpg?w=500&auto=format", "slug": "tin-fun"}, "gas_fee": {"value": 0.0074, "raw_value": 7400000000000000, "usd": 24.0359, "payment_token": {"address": "0x0000000000000000000000000000000000000000", "symbol": "ETH", "decimals": 18}}, "price": {"value": 0.2847, "raw_value": 284700000000000000, "usd": 925.0355090029561, "payment_token": {"address": "0x0000000000000000000000000000000000000000", "symbol": "ETH", "decimals": 18}}, "marketplace_path": ["blur-aggregator", "blur"], "fees": [{"fee_type": "royalty", "recipient": "0x6650dc11f439f14d4dfbea75233bd9b0099a0647", "bps": 50, "price": {"value": 0.001424, "raw_value": 1423500000000000, "usd": 4.628951, "payment_token": {"address": "0x0000000000000000000000000000000000000000", "symbol": "ETH", "decimals": 18}}}], "trait_offer_target": null}, {"blockchain": "ETH", "sender": {"address": "0x4a21b8ffeabb54be6b8b57121783d1e267c49de8", "ens": "eth1345.eth", "is_whale": false, "blockchain": "ETH", "is_contract": false, "is_blue_chip_holder": false, "is_super_blue_chip_holder": false, "is_multi_sign_wallet": false, "das": null, "alias": "eth1345.eth"}, "receiver": {"address": "0xba3269e784c087c2c427c62499b5badca6775dcd", "ens": "washedkev.eth", "is_whale": false, "blockchain": "ETH", "is_contract": false, "is_blue_chip_holder": false, "is_super_blue_chip_holder": false, "is_multi_sign_wallet": false, "das": null, "alias": "washedkev.eth"}, "event": "sale", "quantity": 1, "tx_hash": "0xea1c12627309ac9462024af1d42dc04e045376e2f327bca2d9d50732ceb69070", "time": 1709061371, "nft": {"contract_address": "0xc274a97f1691ef390f662067e95a6eff1f99b504", "token_id": "4374", "name": "TinFun #4374", "blockchain": "ETH", "image": "https://lh3.googleusercontent.com/pocLFzs3Cx-W4Opm7M1s-OBQ5PQCMf78GAVkoP-3SYu9G5-IxznKl7YMy24RkMZXTnnffMNwkBMU7-z5SJTqd2VRtBwm8Onn_WLN", "contract_type": "ERC721"}, "collection": {"collection_id": "65a13036c284b18008bd25b7", "name": "TinFun", "logo": "https://i.seadn.io/s/raw/files/a531bedf317b5ffe5a35d559b5c94cd9.jpg?w=500&auto=format", "slug": "tin-fun"}, "gas_fee": {"value": 0.0246, "raw_value": 24600000000000000, "usd": 79.5636, "payment_token": {"address": "0x0000000000000000000000000000000000000000", "symbol": "ETH", "decimals": 18}}, "price": {"value": 0.29, "raw_value": 290000000000000000, "usd": 938.8342724878664, "payment_token": {"address": "0x0000000000000000000000000000000000000000", "symbol": "ETH", "decimals": 18}}, "marketplace_path": ["blur"], "fees": [{"fee_type": "royalty", "recipient": "0x6650dc11f439f14d4dfbea75233bd9b0099a0647", "bps": 50, "price": {"value": 0.00145, "raw_value": 1450000000000000, "usd": 4.690607, "payment_token": {"address": "0x0000000000a39bb272e79075ade125fd351887ac", "symbol": "BETH", "decimals": 18}}}], "trait_offer_target": null}, {"blockchain": "ETH", "sender": {"address": "0x60cbc31b2126f13dfeeebd5f1d2ea816e9d904c4", "ens": null, "is_whale": false, "blockchain": "ETH", "is_contract": false, "is_blue_chip_holder": true, "is_super_blue_chip_holder": false, "is_multi_sign_wallet": false, "das": null, "alias": null}, "receiver": {"address": "0x4a21b8ffeabb54be6b8b57121783d1e267c49de8", "ens": "eth1345.eth", "is_whale": false, "blockchain": "ETH", "is_contract": false, "is_blue_chip_holder": false, "is_super_blue_chip_holder": false, "is_multi_sign_wallet": false, "das": null, "alias": "eth1345.eth"}, "event": "sale", "quantity": 1, "tx_hash": "0x7ae758c0dfbe6daea9027f614ef6cff7e26639c1f8d2133ab3090405c53c3eca", "time": 1709020403, "nft": {"contract_address": "0xc274a97f1691ef390f662067e95a6eff1f99b504", "token_id": "4374", "name": "TinFun #4374", "blockchain": "ETH", "image": "https://lh3.googleusercontent.com/pocLFzs3Cx-W4Opm7M1s-OBQ5PQCMf78GAVkoP-3SYu9G5-IxznKl7YMy24RkMZXTnnffMNwkBMU7-z5SJTqd2VRtBwm8Onn_WLN", "contract_type": "ERC721"}, "collection": {"collection_id": "65a13036c284b18008bd25b7", "name": "TinFun", "logo": "https://i.seadn.io/s/raw/files/a531bedf317b5ffe5a35d559b5c94cd9.jpg?w=500&auto=format", "slug": "tin-fun"}, "gas_fee": {"value": 0.0189, "raw_value": 18900000000000000, "usd": 61.0667, "payment_token": {"address": "0x0000000000000000000000000000000000000000", "symbol": "ETH", "decimals": 18}}, "price": {"value": 0.3, "raw_value": 300000000000000000, "usd": 969.7580786066547, "payment_token": {"address": "0x0000000000000000000000000000000000000000", "symbol": "ETH", "decimals": 18}}, "marketplace_path": ["blur"], "fees": [{"fee_type": "royalty", "recipient": "0x6650dc11f439f14d4dfbea75233bd9b0099a0647", "bps": 50, "price": {"value": 0.0015, "raw_value": 1500000000000000, "usd": 4.817792, "payment_token": {"address": "0x0000000000a39bb272e79075ade125fd351887ac", "symbol": "BETH", "decimals": 18}}}], "trait_offer_target": null}, {"blockchain": "ETH", "sender": {"address": "0xa69833b9fda816f1bfc79517e7932e64708df0dd", "ens": null, "is_whale": false, "blockchain": "ETH", "is_contract": false, "is_blue_chip_holder": true, "is_super_blue_chip_holder": false, "is_multi_sign_wallet": false, "das": null, "alias": null}, "receiver": {"address": "0x60cbc31b2126f13dfeeebd5f1d2ea816e9d904c4", "ens": null, "is_whale": false, "blockchain": "ETH", "is_contract": false, "is_blue_chip_holder": true, "is_super_blue_chip_holder": false, "is_multi_sign_wallet": false, "das": null, "alias": null}, "event": "sale", "quantity": 1, "tx_hash": "0x3a7c6440ce0496a9ff869da1b848b1e4f8e6ba462bc70f507dea09f0d714b963", "time": 1709016839, "nft": {"contract_address": "0xc274a97f1691ef390f662067e95a6eff1f99b504", "token_id": "4374", "name": "TinFun #4374", "blockchain": "ETH", "image": "https://lh3.googleusercontent.com/pocLFzs3Cx-W4Opm7M1s-OBQ5PQCMf78GAVkoP-3SYu9G5-IxznKl7YMy24RkMZXTnnffMNwkBMU7-z5SJTqd2VRtBwm8Onn_WLN", "contract_type": "ERC721"}, "collection": {"collection_id": "65a13036c284b18008bd25b7", "name": "TinFun", "logo": "https://i.seadn.io/s/raw/files/a531bedf317b5ffe5a35d559b5c94cd9.jpg?w=500&auto=format", "slug": "tin-fun"}, "gas_fee": {"value": 0.0272, "raw_value": 27200000000000000, "usd": 87.6362, "payment_token": {"address": "0x0000000000000000000000000000000000000000", "symbol": "ETH", "decimals": 18}}, "price": {"value": 0.31, "raw_value": 310000000000000000, "usd": 999.0426408525401, "payment_token": {"address": "0x0000000000000000000000000000000000000000", "symbol": "ETH", "decimals": 18}}, "marketplace_path": ["blur"], "fees": [{"fee_type": "royalty", "recipient": "0x6650dc11f439f14d4dfbea75233bd9b0099a0647", "bps": 50, "price": {"value": 0.00155, "raw_value": 1550000000000000, "usd": 4.986035, "payment_token": {"address": "0x0000000000a39bb272e79075ade125fd351887ac", "symbol": "BETH", "decimals": 18}}}], "trait_offer_target": null}, {"blockchain": "ETH", "sender": {"address": "0xa651ab767dfd8beec267abc3b4e7f29a3300fb6a", "ens": "wzwz.eth", "is_whale": false, "blockchain": "ETH", "is_contract": false, "is_blue_chip_holder": false, "is_super_blue_chip_holder": false, "is_multi_sign_wallet": false, "das": null, "alias": "wzwz.eth"}, "receiver": {"address": "0xa69833b9fda816f1bfc79517e7932e64708df0dd", "ens": null, "is_whale": false, "blockchain": "ETH", "is_contract": false, "is_blue_chip_holder": true, "is_super_blue_chip_holder": false, "is_multi_sign_wallet": false, "das": null, "alias": null}, "event": "sale", "quantity": 1, "tx_hash": "0x5cdc20d69de139edb582265dd67fc364eeed0505af316759dbd34de613b24734", "time": 1708986455, "nft": {"contract_address": "0xc274a97f1691ef390f662067e95a6eff1f99b504", "token_id": "4374", "name": "TinFun #4374", "blockchain": "ETH", "image": "https://lh3.googleusercontent.com/pocLFzs3Cx-W4Opm7M1s-OBQ5PQCMf78GAVkoP-3SYu9G5-IxznKl7YMy24RkMZXTnnffMNwkBMU7-z5SJTqd2VRtBwm8Onn_WLN", "contract_type": "ERC721"}, "collection": {"collection_id": "65a13036c284b18008bd25b7", "name": "TinFun", "logo": "https://i.seadn.io/s/raw/files/a531bedf317b5ffe5a35d559b5c94cd9.jpg?w=500&auto=format", "slug": "tin-fun"}, "gas_fee": {"value": 0.0076, "raw_value": 7600000000000000, "usd": 24.3448, "payment_token": {"address": "0x0000000000000000000000000000000000000000", "symbol": "ETH", "decimals": 18}}, "price": {"value": 0.3, "raw_value": 300000000000000000, "usd": 955.9522274035854, "payment_token": {"address": "0x0000000000000000000000000000000000000000", "symbol": "ETH", "decimals": 18}}, "marketplace_path": ["blur"], "fees": [{"fee_type": "royalty", "recipient": "0x6650dc11f439f14d4dfbea75233bd9b0099a0647", "bps": 50, "price": {"value": 0.0015, "raw_value": 1500000000000000, "usd": 4.77116, "payment_token": {"address": "0x0000000000a39bb272e79075ade125fd351887ac", "symbol": "BETH", "decimals": 18}}}], "trait_offer_target": null}, {"blockchain": "ETH", "sender": {"address": "0xeafde8789c1e2a46afb4e0dddf435aa555d13d8a", "ens": null, "is_whale": false, "blockchain": "ETH", "is_contract": false, "is_blue_chip_holder": false, "is_super_blue_chip_holder": false, "is_multi_sign_wallet": false, "das": null, "alias": null}, "receiver": {"address": "0xa651ab767dfd8beec267abc3b4e7f29a3300fb6a", "ens": "wzwz.eth", "is_whale": false, "blockchain": "ETH", "is_contract": false, "is_blue_chip_holder": false, "is_super_blue_chip_holder": false, "is_multi_sign_wallet": false, "das": null, "alias": "wzwz.eth"}, "event": "sale", "quantity": 1, "tx_hash": "0xa328242ee847465148f297f6bfd89377d2eec4a46edb03cf32fa02afd1e2acbd", "time": 1708832627, "nft": {"contract_address": "0xc274a97f1691ef390f662067e95a6eff1f99b504", "token_id": "4374", "name": "TinFun #4374", "blockchain": "ETH", "image": "https://lh3.googleusercontent.com/pocLFzs3Cx-W4Opm7M1s-OBQ5PQCMf78GAVkoP-3SYu9G5-IxznKl7YMy24RkMZXTnnffMNwkBMU7-z5SJTqd2VRtBwm8Onn_WLN", "contract_type": "ERC721"}, "collection": {"collection_id": "65a13036c284b18008bd25b7", "name": "TinFun", "logo": "https://i.seadn.io/s/raw/files/a531bedf317b5ffe5a35d559b5c94cd9.jpg?w=500&auto=format", "slug": "tin-fun"}, "gas_fee": {"value": 0.0036, "raw_value": 3600000000000000, "usd": 10.9755, "payment_token": {"address": "0x0000000000000000000000000000000000000000", "symbol": "ETH", "decimals": 18}}, "price": {"value": 0.34, "raw_value": 340000000000000000, "usd": 1030.34895922454, "payment_token": {"address": "0x0000000000000000000000000000000000000000", "symbol": "ETH", "decimals": 18}}, "marketplace_path": ["opensea"], "fees": [{"fee_type": "royalty", "recipient": "0x6650dc11f439f14d4dfbea75233bd9b0099a0647", "bps": 500, "price": {"value": 0.017, "raw_value": 17000000000000000, "usd": 50.909247, "payment_token": {"address": "0x0000000000000000000000000000000000000000", "symbol": "ETH", "decimals": 18}}}], "trait_offer_target": null}, {"blockchain": "ETH", "sender": {"address": "0x146f0ef9c1a9c44dc40a7de2ea900ab3e8c8b0ff", "ens": "klmv22.eth", "is_whale": false, "blockchain": "ETH", "is_contract": false, "is_blue_chip_holder": false, "is_super_blue_chip_holder": false, "is_multi_sign_wallet": false, "das": null, "alias": "klmv22.eth"}, "receiver": {"address": "0xeafde8789c1e2a46afb4e0dddf435aa555d13d8a", "ens": null, "is_whale": false, "blockchain": "ETH", "is_contract": false, "is_blue_chip_holder": false, "is_super_blue_chip_holder": false, "is_multi_sign_wallet": false, "das": null, "alias": null}, "event": "sale", "quantity": 1, "tx_hash": "0x909788ea5dca4781cd17a11f480fe0035ea61d934611149cd00b883b640fd172", "time": 1705064111, "nft": {"contract_address": "0xc274a97f1691ef390f662067e95a6eff1f99b504", "token_id": "4374", "name": "TinFun #4374", "blockchain": "ETH", "image": "https://lh3.googleusercontent.com/pocLFzs3Cx-W4Opm7M1s-OBQ5PQCMf78GAVkoP-3SYu9G5-IxznKl7YMy24RkMZXTnnffMNwkBMU7-z5SJTqd2VRtBwm8Onn_WLN", "contract_type": "ERC721"}, "collection": {"collection_id": "65a13036c284b18008bd25b7", "name": "TinFun", "logo": "https://i.seadn.io/s/raw/files/a531bedf317b5ffe5a35d559b5c94cd9.jpg?w=500&auto=format", "slug": "tin-fun"}, "gas_fee": {"value": 0.004, "raw_value": 4000000000000000, "usd": 10.6779, "payment_token": {"address": "0x0000000000000000000000000000000000000000", "symbol": "ETH", "decimals": 18}}, "price": {"value": 0.8489, "raw_value": 848900000000000000, "usd": 2247.630429616181, "payment_token": {"address": "0x0000000000000000000000000000000000000000", "symbol": "ETH", "decimals": 18}}, "marketplace_path": ["opensea"], "fees": [{"fee_type": "marketplace", "recipient": "0x0000a26b00c1f0df003000390027140000faa719", "bps": 250, "price": {"value": 0.021222, "raw_value": 21222500000000000, "usd": 55.485504, "payment_token": {"address": "0x0000000000000000000000000000000000000000", "symbol": "ETH", "decimals": 18}}}], "trait_offer_target": null}]