[{"blockchain": "ETH", "sender": {"address": "0x61e07007f6500decc32d0adad8ba726f4c25aa1d", "ens": "yohanft.eth", "is_whale": false, "blockchain": "ETH", "is_contract": false, "is_blue_chip_holder": true, "is_super_blue_chip_holder": false, "is_multi_sign_wallet": false, "das": null, "alias": "yohanft.eth"}, "receiver": {"address": "0x9a171e40e43a66ba7a5180e6452fa66fc56dc86a", "ens": null, "is_whale": false, "blockchain": "ETH", "is_contract": false, "is_blue_chip_holder": false, "is_super_blue_chip_holder": false, "is_multi_sign_wallet": false, "das": null, "alias": null}, "event": "sale", "quantity": 1, "tx_hash": "0xdb93e3f2c172134c0ae0602c0532c82c50f9ecd486f0fba7baaf4321c045e737", "time": 1708792259, "nft": {"contract_address": "0xc274a97f1691ef390f662067e95a6eff1f99b504", "token_id": "5343", "name": "TinFun #5343", "blockchain": "ETH", "image": "https://lh3.googleusercontent.com/ir2p3zM-BPYdpw5lKg8MV8XI1omEy4BflqX_-Uo5VC8VRequi8vM_-TIMZgHeB3moK9x52ONrJrMiRmsPK0CbJ_j-URc-AYqBOI", "contract_type": "ERC721"}, "collection": {"collection_id": "65a13036c284b18008bd25b7", "name": "TinFun", "logo": "https://i.seadn.io/s/raw/files/a531bedf317b5ffe5a35d559b5c94cd9.jpg?w=500&auto=format", "slug": "tin-fun"}, "gas_fee": {"value": 0.0313, "raw_value": 31300000000000000, "usd": 92.5339, "payment_token": {"address": "0x0000000000000000000000000000000000000000", "symbol": "ETH", "decimals": 18}}, "price": {"value": 0.397, "raw_value": 397000000000000000, "usd": 1173.3050124653594, "payment_token": {"address": "0x0000000000000000000000000000000000000000", "symbol": "ETH", "decimals": 18}}, "marketplace_path": ["blur"], "fees": [{"fee_type": "royalty", "recipient": "0x6650dc11f439f14d4dfbea75233bd9b0099a0647", "bps": 50, "price": {"value": 0.001985, "raw_value": 1985000000000000, "usd": 5.886837, "payment_token": {"address": "0x0000000000000000000000000000000000000000", "symbol": "ETH", "decimals": 18}}}], "trait_offer_target": null}, {"blockchain": "ETH", "sender": {"address": "0x7c7c9ce081becb5f44ef9eed3a90d99057d2eb53", "ens": "blockmemory.eth", "is_whale": false, "blockchain": "ETH", "is_contract": false, "is_blue_chip_holder": false, "is_super_blue_chip_holder": false, "is_multi_sign_wallet": false, "das": null, "alias": "blockmemory.eth"}, "receiver": {"address": "0x61e07007f6500decc32d0adad8ba726f4c25aa1d", "ens": "yohanft.eth", "is_whale": false, "blockchain": "ETH", "is_contract": false, "is_blue_chip_holder": true, "is_super_blue_chip_holder": false, "is_multi_sign_wallet": false, "das": null, "alias": "yohanft.eth"}, "event": "sale", "quantity": 1, "tx_hash": "0x01bc16af57708fc716c98854deac568eb30914a81898675e892db45589e2a467", "time": 1708786139, "nft": {"contract_address": "0xc274a97f1691ef390f662067e95a6eff1f99b504", "token_id": "5343", "name": "TinFun #5343", "blockchain": "ETH", "image": "https://lh3.googleusercontent.com/ir2p3zM-BPYdpw5lKg8MV8XI1omEy4BflqX_-Uo5VC8VRequi8vM_-TIMZgHeB3moK9x52ONrJrMiRmsPK0CbJ_j-URc-AYqBOI", "contract_type": "ERC721"}, "collection": {"collection_id": "65a13036c284b18008bd25b7", "name": "TinFun", "logo": "https://i.seadn.io/s/raw/files/a531bedf317b5ffe5a35d559b5c94cd9.jpg?w=500&auto=format", "slug": "tin-fun"}, "gas_fee": {"value": 0.008, "raw_value": 8000000000000000, "usd": 23.6575, "payment_token": {"address": "0x0000000000000000000000000000000000000000", "symbol": "ETH", "decimals": 18}}, "price": {"value": 0.4069, "raw_value": 406900000000000000, "usd": 1206.7274932651633, "payment_token": {"address": "0x0000000000000000000000000000000000000000", "symbol": "ETH", "decimals": 18}}, "marketplace_path": ["blur-aggregator", "blur"], "fees": [{"fee_type": "royalty", "recipient": "0x6650dc11f439f14d4dfbea75233bd9b0099a0647", "bps": 50, "price": {"value": 0.002034, "raw_value": 2034500000000000, "usd": 6.024494, "payment_token": {"address": "0x0000000000000000000000000000000000000000", "symbol": "ETH", "decimals": 18}}}], "trait_offer_target": null}, {"blockchain": "ETH", "sender": {"address": "0x85e4d679e544c023a40520d4ecfde0383bcfba07", "ens": null, "is_whale": false, "blockchain": "ETH", "is_contract": false, "is_blue_chip_holder": false, "is_super_blue_chip_holder": false, "is_multi_sign_wallet": false, "das": null, "alias": null}, "receiver": {"address": "0x7c7c9ce081becb5f44ef9eed3a90d99057d2eb53", "ens": "blockmemory.eth", "is_whale": false, "blockchain": "ETH", "is_contract": false, "is_blue_chip_holder": false, "is_super_blue_chip_holder": false, "is_multi_sign_wallet": false, "das": null, "alias": "blockmemory.eth"}, "event": "sale", "quantity": 1, "tx_hash": "0x16d9726a4c0b4da2cca224c4cb6a7b02d0b419404ee941e86edf6185866776bf", "time": 1708785467, "nft": {"contract_address": "0xc274a97f1691ef390f662067e95a6eff1f99b504", "token_id": "5343", "name": "TinFun #5343", "blockchain": "ETH", "image": "https://lh3.googleusercontent.com/ir2p3zM-BPYdpw5lKg8MV8XI1omEy4BflqX_-Uo5VC8VRequi8vM_-TIMZgHeB3moK9x52ONrJrMiRmsPK0CbJ_j-URc-AYqBOI", "contract_type": "ERC721"}, "collection": {"collection_id": "65a13036c284b18008bd25b7", "name": "TinFun", "logo": "https://i.seadn.io/s/raw/files/a531bedf317b5ffe5a35d559b5c94cd9.jpg?w=500&auto=format", "slug": "tin-fun"}, "gas_fee": {"value": 0.0188, "raw_value": 18800000000000000, "usd": 55.7728, "payment_token": {"address": "0x0000000000000000000000000000000000000000", "symbol": "ETH", "decimals": 18}}, "price": {"value": 0.37, "raw_value": 370000000000000000, "usd": 1097.2945994301067, "payment_token": {"address": "0x0000000000000000000000000000000000000000", "symbol": "ETH", "decimals": 18}}, "marketplace_path": ["blur"], "fees": [{"fee_type": "royalty", "recipient": "0x6650dc11f439f14d4dfbea75233bd9b0099a0647", "bps": 50, "price": {"value": 0.00185, "raw_value": 1850000000000000, "usd": 5.478159, "payment_token": {"address": "0x0000000000a39bb272e79075ade125fd351887ac", "symbol": "BETH", "decimals": 18}}}], "trait_offer_target": null}, {"blockchain": "ETH", "sender": {"address": "0x74cdbf8944249a410f4a5200be0de81dccacd99b", "ens": "testnetwork.eth", "is_whale": false, "blockchain": "ETH", "is_contract": false, "is_blue_chip_holder": false, "is_super_blue_chip_holder": false, "is_multi_sign_wallet": false, "das": null, "alias": "testnetwork.eth"}, "receiver": {"address": "0x85e4d679e544c023a40520d4ecfde0383bcfba07", "ens": null, "is_whale": false, "blockchain": "ETH", "is_contract": false, "is_blue_chip_holder": false, "is_super_blue_chip_holder": false, "is_multi_sign_wallet": false, "das": null, "alias": null}, "event": "sale", "quantity": 1, "tx_hash": "0xa51a9a7773efbdd031e202aab3dfb569b1106f4abd91472b67c837707a2f97b1", "time": 1708582043, "nft": {"contract_address": "0xc274a97f1691ef390f662067e95a6eff1f99b504", "token_id": "5343", "name": "TinFun #5343", "blockchain": "ETH", "image": "https://lh3.googleusercontent.com/ir2p3zM-BPYdpw5lKg8MV8XI1omEy4BflqX_-Uo5VC8VRequi8vM_-TIMZgHeB3moK9x52ONrJrMiRmsPK0CbJ_j-URc-AYqBOI", "contract_type": "ERC721"}, "collection": {"collection_id": "65a13036c284b18008bd25b7", "name": "TinFun", "logo": "https://i.seadn.io/s/raw/files/a531bedf317b5ffe5a35d559b5c94cd9.jpg?w=500&auto=format", "slug": "tin-fun"}, "gas_fee": {"value": 0.0438, "raw_value": 43800000000000000, "usd": 128.3042, "payment_token": {"address": "0x0000000000000000000000000000000000000000", "symbol": "ETH", "decimals": 18}}, "price": {"value": 0.5619, "raw_value": 561900000000000000, "usd": 1647.4344339862648, "payment_token": {"address": "0x0000000000000000000000000000000000000000", "symbol": "ETH", "decimals": 18}}, "marketplace_path": ["blur-aggregator", "blur"], "fees": [{"fee_type": "royalty", "recipient": "0x6650dc11f439f14d4dfbea75233bd9b0099a0647", "bps": 50, "price": {"value": 0.002809, "raw_value": 2809500000000000, "usd": 8.245047, "payment_token": {"address": "0x0000000000000000000000000000000000000000", "symbol": "ETH", "decimals": 18}}}], "trait_offer_target": null}, {"blockchain": "ETH", "sender": {"address": "0x3eb879cc9a0ef4c6f1d870a40ae187768c278da2", "ens": "floorprotocol.eth", "is_whale": false, "blockchain": "ETH", "is_contract": true, "is_blue_chip_holder": true, "is_super_blue_chip_holder": true, "is_multi_sign_wallet": false, "das": null, "alias": "floorprotocol.eth"}, "receiver": {"address": "0x74cdbf8944249a410f4a5200be0de81dccacd99b", "ens": "testnetwork.eth", "is_whale": false, "blockchain": "ETH", "is_contract": false, "is_blue_chip_holder": false, "is_super_blue_chip_holder": true, "is_multi_sign_wallet": false, "das": null, "alias": "testnetwork.eth"}, "event": "transfer", "quantity": 1, "tx_hash": "0x5ffcd9537651451f2eb854a1a4eb0f173cfcded1cfe8da4d2d364700b78c4b7e", "time": 1708208279, "nft": {"contract_address": "0xc274a97f1691ef390f662067e95a6eff1f99b504", "token_id": "5343", "name": "TinFun #5343", "blockchain": "ETH", "image": "https://lh3.googleusercontent.com/ir2p3zM-BPYdpw5lKg8MV8XI1omEy4BflqX_-Uo5VC8VRequi8vM_-TIMZgHeB3moK9x52ONrJrMiRmsPK0CbJ_j-URc-AYqBOI", "contract_type": "ERC721"}, "collection": {"collection_id": "65a13036c284b18008bd25b7", "name": "TinFun", "logo": "https://i.seadn.io/s/raw/files/a531bedf317b5ffe5a35d559b5c94cd9.jpg?w=500&auto=format", "slug": "tin-fun"}, "gas_fee": {"value": 0.0038, "raw_value": 3800000000000000, "usd": 10.6249, "payment_token": {"address": "0x0000000000000000000000000000000000000000", "symbol": "ETH", "decimals": 18}}, "price": null, "marketplace_path": ["floor"], "fees": [], "trait_offer_target": null}, {"blockchain": "ETH", "sender": {"address": "0x6cb63e39805e028bda53f7756bc1bc888c6962a6", "ens": null, "is_whale": false, "blockchain": "ETH", "is_contract": false, "is_blue_chip_holder": true, "is_super_blue_chip_holder": false, "is_multi_sign_wallet": false, "das": null, "alias": null}, "receiver": {"address": "0x3eb879cc9a0ef4c6f1d870a40ae187768c278da2", "ens": "floorprotocol.eth", "is_whale": false, "blockchain": "ETH", "is_contract": true, "is_blue_chip_holder": true, "is_super_blue_chip_holder": false, "is_multi_sign_wallet": false, "das": null, "alias": "floorprotocol.eth"}, "event": "sale", "quantity": 1, "tx_hash": "0x1ec03261c2acdfd23183484c029520641ba6457902de08885e2e08884c9c40d9", "time": 1705535243, "nft": {"contract_address": "0xc274a97f1691ef390f662067e95a6eff1f99b504", "token_id": "5343", "name": "TinFun #5343", "blockchain": "ETH", "image": "https://lh3.googleusercontent.com/ir2p3zM-BPYdpw5lKg8MV8XI1omEy4BflqX_-Uo5VC8VRequi8vM_-TIMZgHeB3moK9x52ONrJrMiRmsPK0CbJ_j-URc-AYqBOI", "contract_type": "ERC721"}, "collection": {"collection_id": "65a13036c284b18008bd25b7", "name": "TinFun", "logo": "https://i.seadn.io/s/raw/files/a531bedf317b5ffe5a35d559b5c94cd9.jpg?w=500&auto=format", "slug": "tin-fun"}, "gas_fee": {"value": 0.0249, "raw_value": 24900000000000000, "usd": 62.7589, "payment_token": {"address": "0x0000000000000000000000000000000000000000", "symbol": "ETH", "decimals": 18}}, "price": {"value": 0.7540508427956788, "raw_value": 754050842795678824, "usd": 1904.198894846995, "payment_token": {"address": "0xc02aaa39b223fe8d0a0e5c4f27ead9083c756cc2", "symbol": "WETH", "decimals": 18}}, "marketplace_path": ["floor"], "fees": [], "trait_offer_target": null}, {"blockchain": "ETH", "sender": {"address": "0x5af52b96375bbb9dbc9d6f5c40a4c76d07e81ace", "ens": null, "is_whale": false, "blockchain": "ETH", "is_contract": false, "is_blue_chip_holder": false, "is_super_blue_chip_holder": false, "is_multi_sign_wallet": false, "das": null, "alias": null}, "receiver": {"address": "0x6cb63e39805e028bda53f7756bc1bc888c6962a6", "ens": null, "is_whale": false, "blockchain": "ETH", "is_contract": false, "is_blue_chip_holder": true, "is_super_blue_chip_holder": false, "is_multi_sign_wallet": false, "das": null, "alias": null}, "event": "sale", "quantity": 1, "tx_hash": "0xb02aef7d6ea0f290363fac39d1338fbd16caf7fd6aece92838f6fd974976e69a", "time": 1705535159, "nft": {"contract_address": "0xc274a97f1691ef390f662067e95a6eff1f99b504", "token_id": "5343", "name": "TinFun #5343", "blockchain": "ETH", "image": "https://lh3.googleusercontent.com/ir2p3zM-BPYdpw5lKg8MV8XI1omEy4BflqX_-Uo5VC8VRequi8vM_-TIMZgHeB3moK9x52ONrJrMiRmsPK0CbJ_j-URc-AYqBOI", "contract_type": "ERC721"}, "collection": {"collection_id": "65a13036c284b18008bd25b7", "name": "TinFun", "logo": "https://i.seadn.io/s/raw/files/a531bedf317b5ffe5a35d559b5c94cd9.jpg?w=500&auto=format", "slug": "tin-fun"}, "gas_fee": {"value": 0.0118, "raw_value": 11800000000000000, "usd": 29.7844, "payment_token": {"address": "0x0000000000000000000000000000000000000000", "symbol": "ETH", "decimals": 18}}, "price": {"value": 0.74, "raw_value": 740000000000000000, "usd": 1868.8411016021128, "payment_token": {"address": "0x0000000000000000000000000000000000000000", "symbol": "ETH", "decimals": 18}}, "marketplace_path": ["blur-aggregator", "blur"], "fees": [{"fee_type": "royalty", "recipient": "0x6650dc11f439f14d4dfbea75233bd9b0099a0647", "bps": 50, "price": {"value": 0.0037, "raw_value": 3700000000000000, "usd": 9.392514, "payment_token": {"address": "0x0000000000000000000000000000000000000000", "symbol": "ETH", "decimals": 18}}}], "trait_offer_target": null}]